{"logs":[{"id":"67400094-fcfb-45e7-873a-87fa9edaa564","email":"sophia.baker@dropbox.net","message":"successfully handled skipped operation."},{"id":"6517e46a-c851-4475-8e39-40dd3e1b4e32","email":"ella.anderson@dropbox.net","message":"successfully handled skipped operation."},{"id":"c2e491e3-aac9-425e-8264-8d71d39ae5dc","email":"nathan.young@microsoft.com","message":"successfully handled skipped operation."},{"id":"458afb8a-8984-402f-826d-8f28385f5409","email":"grace.moore@gmail.com","message":"failed to process due to datastore timeout of 30 seconds.  operation took 39 seconds."},{"id":"6badb82b-376d-4af3-a56e-b7d531a3311e","email":"madison.lewis@gmail.com","message":"successfully handled skipped operation."},{"id":"c4a8fd63-b31d-40b6-9458-ac1c04891988","email":"michael.hall@dropbox.net","message":"failed to process due to datastore timeout of 30 seconds.  operation took 121 seconds."},{"id":"e8968a47-794a-4f5f-9926-3e68b6bb1148","email":"nathan.young@microsoft.com","message":"successfully handled skipped operation."},{"id":"f10ddec8-84aa-4bf3-b168-0376bac14e1a","email":"samantha.scott@me.com","message":"successfully processed after 9637 milliseconds."},{"id":"42176c33-c2df-4c3c-acea-20d9b9a4f9ed","email":"dylan.wilson@gmail.com","message":"failed to process due to network exception."},{"id":"0cafc5cd-1a50-447c-a43c-4d975787ec74","email":"olivia.wright@gmail.com","message":"successfully handled skipped operation."},{"id":"4923d92f-1b12-422f-a95e-e5b909fc514b","email":"matthew.walker@amerisave.com","message":"successfully handled skipped operation."},{"id":"86b7bb52-a8e7-4903-9f82-faf57f51f5de","email":"abigail.smith@amerisave.com","message":"successfully parsed message, but message temporarily enqueued while system restarts."},{"id":"18125da0-4ce3-4840-8938-3cd59994850a","email":"alexis.brown@microsoft.com","message":"failed to process due to datastore timeout of 30 seconds.  operation took 85 seconds."},{"id":"c19bb3ac-0eec-431c-9fe9-ea14d37f7803","email":"jackson.white@gmail.com","message":"successfully parsed message, but message temporarily enqueued while system restarts."},{"id":"0c069617-618b-43d9-89b1-8417414ba48b","email":"lily.harris@gmail.com","message":"failed to process due to network exception."},{"id":"e6f1296b-ee18-404d-b5de-62fcf625c425","email":"matthew.walker@amerisave.com","message":"failed to process due to datastore timeout of 30 seconds.  operation took 100 seconds."},{"id":"f55bc3ed-0602-4766-a2a0-47c11353a3a7","email":"andrew.miller@gmail.com","message":"failed to process due to network exception."},{"id":"fc595041-dcd2-434d-91c3-d767f16c2333","email":"joshua.lee@gmail.com","message":"successfully parsed message, but message temporarily enqueued while system restarts."},{"id":"8e14888e-f50d-4d90-a69d-078466b54341","email":"daniel.rodriguez@amerisave.com","message":"successfully processed after 7201 milliseconds."},{"id":"1aa676d2-ab87-4959-bfca-d32b8e3b9183","email":"matthew.walker@amerisave.com","message":"failed to process due to network exception."},{"id":"a0053f1d-4411-470f-8fe1-f387333e3107","email":"alexis.brown@microsoft.com","message":"failed to process due to network exception."},{"id":"a406cc5f-8257-41f1-a59d-9017b6abfae9","email":"jack.thompson@me.com","message":"failed to process due to datastore timeout of 30 seconds.  operation took 68 seconds."},{"id":"eb5841a7-45ac-48ae-bd5a-be8a32727cdf","email":"daniel.rodriguez@amerisave.com","message":"successfully handled skipped operation."},{"id":"91b3382e-7a74-4e1c-b6e7-86e92a1a1492","email":"tyler.nelson@microsoft.com","message":"successfully parsed message, but message temporarily enqueued while system restarts."},{"id":"2fb061b3-d9a2-4088-acab-b657aacfef22","email":"ethan.hernandez@microsoft.com","message":"successfully handled skipped operation."},{"id":"2ab2a877-9d8e-4793-8c03-f4a84c801823","email":"isabella.jackson@amerisave.com","message":"failed to process due to network exception."},{"id":"b6d3fb92-1de8-448c-b5b8-afc9eab73cd7","email":"emma.thomas@me.com","message":"successfully parsed message, but message temporarily enqueued while system restarts."},{"id":"6beb1e50-2902-47bc-bed4-5e0dcb33fc00","email":"emily.taylor@gmail.com","message":"failed to process due to datastore timeout of 30 seconds.  operation took 90 seconds."},{"id":"f422373a-75da-4d48-8b36-2c39efc1c62a","email":"isabella.jackson@amerisave.com","message":"successfully handled skipped operation."},{"id":"0f7e22b1-b7ad-4dee-b593-7ed6bb8c8f3b","email":"alexander.williams@gmail.com","message":"successfully handled skipped operation."},{"id":"26b5c20d-31c3-4df4-8502-46a7245d2267","email":"sarah.green@amerisave.com","message":"failed to process due to network exception."},{"id":"e54d34cc-3de4-496e-b70c-a3fdbf31c079","email":"mia.perez@me.com","message":"successfully processed after 7507 milliseconds."},{"id":"70320ea5-6c33-4e07-a912-f99baff3b5f1","email":"ella.anderson@dropbox.net","message":"failed to process due to datastore timeout of 30 seconds.  operation took 56 seconds."},{"id":"1e92c05e-713f-45c8-bfcc-8e2e06a8a9d3","email":"alyssa.jones@amerisave.com","message":"successfully handled skipped operation."},{"id":"0ffdc321-c833-4c23-ab54-3d93facc9f72","email":"grace.moore@gmail.com","message":"successfully processed after 9074 milliseconds."},{"id":"358cad68-7325-4d41-8d2b-a2f36dc0b80e","email":"michael.hall@dropbox.net","message":"successfully handled skipped operation."},{"id":"237faf63-9c9c-4069-b474-236e4e4c5a68","email":"nathan.young@microsoft.com","message":"failed to process due to datastore timeout of 30 seconds.  operation took 45 seconds."},{"id":"d15044df-d33f-4df3-868c-6bc97c5712d0","email":"chloe.garcia@dropbox.net","message":"failed to process due to datastore timeout of 30 seconds.  operation took 110 seconds."},{"id":"6c4cb18c-0e0a-4e5c-bd3d-c5fc02cc995c","email":"tyler.nelson@microsoft.com","message":"failed to process due to network exception."},{"id":"217ff34e-a073-4a00-bc61-e6f2c0add906","email":"liam.gonzalez@me.com","message":"failed to process due to network exception."},{"id":"46d2536f-d9e7-449d-9e33-59d20ed92362","email":"daniel.rodriguez@amerisave.com","message":"failed to process due to datastore timeout of 30 seconds.  operation took 119 seconds."},{"id":"28f87eec-f26d-46d5-93a7-88da8f0418d2","email":"logan.clark@dropbox.net","message":"failed to process due to network exception."},{"id":"752fdd75-72b3-4781-bb6e-375564c3a45c","email":"mia.perez@me.com","message":"failed to process due to datastore timeout of 30 seconds.  operation took 93 seconds."},{"id":"4a4f3e9a-32b7-4b33-8247-e89cc1ec0e47","email":"michael.hall@dropbox.net","message":"failed to process due to network exception."},{"id":"309b5e14-b7f8-44ab-a7b2-fc37ed9553ae","email":"dylan.wilson@gmail.com","message":"failed to process due to datastore timeout of 30 seconds.  operation took 121 seconds."},{"id":"b0c1545a-9b48-4d66-83ef-571d6503c135","email":"mason.robinson@amerisave.com","message":"successfully processed after 6907 milliseconds."},{"id":"38652f3e-79d8-4b53-bb6c-4e017d6a9621","email":"andrew.miller@gmail.com","message":"successfully handled skipped operation."},{"id":"ab368270-a671-4342-923b-62e409909cdb","email":"liam.gonzalez@me.com","message":"successfully parsed message, but message temporarily enqueued while system restarts."},{"id":"daaed691-116c-4714-9a96-3658f1a2e45f","email":"mason.robinson@amerisave.com","message":"successfully processed after 8035 milliseconds."},{"id":"7a31fb68-ccb6-435e-b64d-8be8f7a25faf","email":"michael.hall@dropbox.net","message":"successfully parsed message, but message temporarily enqueued while system restarts."},{"id":"1b9cebb0-af51-46d8-8dd1-9606cadd1b54","email":"samantha.scott@me.com","message":"failed to process due to network exception."},{"id":"95cec3b2-67e3-4357-9560-a0e86f7a3f7e","email":"chloe.garcia@dropbox.net","message":"successfully parsed message, but message temporarily enqueued while system restarts."},{"id":"47f91f74-638e-4ae1-aa9b-e400aadf9f53","email":"emily.taylor@gmail.com","message":"failed to process due to datastore timeout of 30 seconds.  operation took 104 seconds."},{"id":"b287d505-bf5a-4a71-82d7-a980adbdc591","email":"ryan.king@dropbox.net","message":"successfully parsed message, but message temporarily enqueued while system restarts."},{"id":"86096615-c308-4de2-9284-2636b25927e6","email":"mia.perez@me.com","message":"successfully parsed message, but message temporarily enqueued while system restarts."},{"id":"1c7abafb-20f2-4370-99fe-5e8d216c3508","email":"mia.perez@me.com","message":"successfully handled skipped operation."},{"id":"7bd05f91-b2e6-4e62-949e-c1e6268c554d","email":"lily.harris@gmail.com","message":"failed to process due to datastore timeout of 30 seconds.  operation took 100 seconds."},{"id":"68629211-ed3e-40c2-8ab3-c82be3e9e925","email":"tyler.nelson@microsoft.com","message":"successfully processed after 3024 milliseconds."},{"id":"51300e3e-1fe4-4c6f-aaa6-0b59446a76cc","email":"andrew.miller@gmail.com","message":"successfully processed after 9735 milliseconds."},{"id":"4507667e-68e6-4d54-b534-d5a029009325","email":"jacob.lopez@dropbox.net","message":"successfully parsed message, but message temporarily enqueued while system restarts."},{"id":"29cb6431-b09f-481b-85a3-690f3bdc6d05","email":"alexis.brown@microsoft.com","message":"successfully processed after 4071 milliseconds."},{"id":"b3a51791-6fd8-4f17-9450-6727e4f6f052","email":"joshua.lee@gmail.com","message":"successfully processed after 1425 milliseconds."},{"id":"078e35a4-6e06-4cb2-8b6d-75fc9ad6a879","email":"alexander.williams@gmail.com","message":"successfully handled skipped operation."},{"id":"b5c989f0-fcc4-4352-9d14-c6ee14cd24a4","email":"jack.thompson@me.com","message":"successfully parsed message, but message temporarily enqueued while system restarts."},{"id":"3d8fec0f-5f0d-42cf-835a-3eff4d85e8ec","email":"samantha.scott@me.com","message":"successfully handled skipped operation."},{"id":"3b7419e2-29ea-4b35-bbb5-8e0247855588","email":"isabella.jackson@amerisave.com","message":"successfully processed after 2486 milliseconds."},{"id":"25a644f9-4f13-4899-94e3-702be52d2dcd","email":"nicholas.allen@microsoft.com","message":"failed to process due to datastore timeout of 30 seconds.  operation took 115 seconds."},{"id":"b7d7302f-a793-4cb4-97e2-0934992d9285","email":"ethan.hernandez@microsoft.com","message":"successfully handled skipped operation."},{"id":"49424778-ae6d-46e6-b96d-f5cdf8b3dfd8","email":"elizabeth.martinez@dropbox.net","message":"failed to process due to datastore timeout of 30 seconds.  operation took 87 seconds."},{"id":"90749232-a50b-4620-a555-31831fd557a7","email":"isabella.jackson@amerisave.com","message":"failed to process due to datastore timeout of 30 seconds.  operation took 70 seconds."},{"id":"c5bcbf09-89d2-4c7a-aef2-995803110e91","email":"alexis.brown@microsoft.com","message":"failed to process due to network exception."},{"id":"09514648-59d8-4c03-abbd-151d61030bfd","email":"dylan.wilson@gmail.com","message":"failed to process due to network exception."},{"id":"551436c9-2663-4af5-8f96-c8f8c03a62c3","email":"samantha.scott@me.com","message":"successfully processed after 1711 milliseconds."},{"id":"2d298871-f008-4ba6-a0a8-ce8ee3354ce7","email":"chloe.garcia@dropbox.net","message":"failed to process due to network exception."},{"id":"40241cbd-0166-4d92-a9cc-1e115e9e12e5","email":"daniel.rodriguez@amerisave.com","message":"failed to process due to datastore timeout of 30 seconds.  operation took 130 seconds."},{"id":"53a654bf-9860-451b-9d06-96c1de623e4e","email":"alexis.brown@microsoft.com","message":"failed to process due to network exception."},{"id":"fa59d98c-296d-4b0d-97af-12812cb7a892","email":"hannah.martin@dropbox.net","message":"successfully parsed message, but message temporarily enqueued while system restarts."},{"id":"61859c85-884f-41be-a987-31a9402bc74d","email":"ella.anderson@dropbox.net","message":"failed to process due to network exception."},{"id":"2f606de9-e9e2-4fb6-8a5d-327976527a52","email":"daniel.rodriguez@amerisave.com","message":"successfully processed after 9801 milliseconds."},{"id":"a954d2e9-3a1d-40b8-8ae4-da9aad0c9e46","email":"alexander.williams@gmail.com","message":"successfully parsed message, but message temporarily enqueued while system restarts."},{"id":"9a5f1a9a-f466-4d8e-b8e9-cbf100bf6428","email":"nicholas.allen@microsoft.com","message":"successfully handled skipped operation."},{"id":"eaf0f911-cbce-457e-bce9-004098958e06","email":"matthew.walker@amerisave.com","message":"failed to process due to network exception."},{"id":"32bc10ac-4f94-477c-854e-8660d3fdd010","email":"grace.moore@gmail.com","message":"successfully processed after 1645 milliseconds."},{"id":"81024c38-0b70-4c21-b626-b8849e7ef8f8","email":"alexander.williams@gmail.com","message":"successfully handled skipped operation."},{"id":"af1347f4-a115-4475-a830-f7bf4248e88c","email":"daniel.rodriguez@amerisave.com","message":"successfully handled skipped operation."},{"id":"d3d141aa-f9ee-4630-849a-1d0fe98fcfea","email":"andrew.miller@gmail.com","message":"successfully processed after 7179 milliseconds."},{"id":"b36d9435-9ebb-4fd6-9104-66e55aa11b15","email":"nicholas.allen@microsoft.com","message":"successfully processed after 8775 milliseconds."},{"id":"18cebf72-62e7-407b-8920-0c2fe57391af","email":"alyssa.jones@amerisave.com","message":"successfully handled skipped operation."},{"id":"b9c93dcf-24c8-4023-88bf-db783ca6f8a1","email":"daniel.rodriguez@amerisave.com","message":"failed to process due to datastore timeout of 30 seconds.  operation took 114 seconds."},{"id":"19ea8907-feb8-4f51-b008-bbdf5f601c29","email":"daniel.rodriguez@amerisave.com","message":"successfully parsed message, but message temporarily enqueued while system restarts."},{"id":"0988ae5a-874c-4959-a938-4bce0d666358","email":"grace.moore@gmail.com","message":"successfully handled skipped operation."},{"id":"3d9b35f2-41f8-4eb8-ba9e-9c6b5960a9f8","email":"samantha.scott@me.com","message":"failed to process due to network exception."},{"id":"ec8c9931-0195-459d-af16-5d4103f12f5a","email":"daniel.rodriguez@amerisave.com","message":"successfully parsed message, but message temporarily enqueued while system restarts."},{"id":"4c9e73e3-bfb4-4604-b210-b7b5e5ff3bf9","email":"nicholas.allen@microsoft.com","message":"successfully parsed message, but message temporarily enqueued while system restarts."},{"id":"588af90b-85b6-452e-b1ad-d8659a9bd099","email":"ryan.king@dropbox.net","message":"failed to process due to datastore timeout of 30 seconds.  operation took 117 seconds."},{"id":"1d003567-1466-4085-bab3-d3e36ce4f09e","email":"sophia.baker@dropbox.net","message":"failed to process due to datastore timeout of 30 seconds.  operation took 42 seconds."},{"id":"44b66f2b-81d7-497f-8f42-17f3c4a4837e","email":"elizabeth.martinez@dropbox.net","message":"successfully parsed message, but message temporarily enqueued while system restarts."},{"id":"89562b15-e026-4fed-bea8-627f94287c71","email":"hannah.martin@dropbox.net","message":"failed to process due to network exception."},{"id":"57a4f66b-080a-46da-890f-c0fd4b6e693b","email":"logan.clark@dropbox.net","message":"successfully handled skipped operation."},{"id":"c3bf99d6-87df-47a2-9b23-c31d999e4f6f","email":"dylan.wilson@gmail.com","message":"successfully parsed message, but message temporarily enqueued while system restarts."},{"id":"47e2a9d6-7f6a-4062-a68b-fe2a940bfe51","email":"jack.thompson@me.com","message":"successfully handled skipped operation."},{"id":"82273d44-8fcb-45f4-b456-5f513fe7f290","email":"nathan.young@microsoft.com","message":"successfully parsed message, but message temporarily enqueued while system restarts."},{"id":"d2818a52-1407-4b57-9193-1992f6738c27","email":"abigail.smith@amerisave.com","message":"failed to process due to network exception."},{"id":"ba78ebff-8816-4437-bb37-b01bf3de4330","email":"isabella.jackson@amerisave.com","message":"successfully processed after 4454 milliseconds."},{"id":"a40e6f47-d5bb-4117-9882-873d3ccf6918","email":"mia.perez@me.com","message":"failed to process due to datastore timeout of 30 seconds.  operation took 78 seconds."},{"id":"2b9dae78-8fac-4aa1-aeea-3349a54dcb20","email":"alexis.brown@microsoft.com","message":"failed to process due to network exception."},{"id":"57a6b036-a0b8-42dd-a6df-dffc008943b0","email":"hannah.martin@dropbox.net","message":"failed to process due to datastore timeout of 30 seconds.  operation took 109 seconds."},{"id":"7093c306-65f4-4622-9615-65cc858d9c15","email":"samantha.scott@me.com","message":"successfully processed after 248 milliseconds."},{"id":"e2ab8901-7f18-4189-8f7c-5b8def97c3b2","email":"joshua.lee@gmail.com","message":"successfully processed after 6093 milliseconds."},{"id":"0e951bd6-9f57-42d2-ad63-f2e4f7963d07","email":"taylor.adams@gmail.com","message":"successfully processed after 7423 milliseconds."},{"id":"7fac163e-d885-4d77-b84a-2004162ad0a5","email":"joshua.lee@gmail.com","message":"successfully parsed message, but message temporarily enqueued while system restarts."},{"id":"5c4de19d-9475-4bf0-969f-f9c931e9285d","email":"taylor.adams@gmail.com","message":"successfully processed after 3109 milliseconds."},{"id":"112d1990-9047-4d00-ab4c-63e26ce57b75","email":"isabella.jackson@amerisave.com","message":"successfully handled skipped operation."},{"id":"c915bfdb-109b-474b-a583-d2d30c564c8c","email":"elizabeth.martinez@dropbox.net","message":"successfully processed after 5221 milliseconds."},{"id":"06ac8a35-536c-4d7a-acfe-9e1d1395c9d6","email":"ethan.hernandez@microsoft.com","message":"successfully handled skipped operation."},{"id":"6d08b891-a4f6-4a67-84e4-8009780c8e22","email":"grace.moore@gmail.com","message":"successfully parsed message, but message temporarily enqueued while system restarts."},{"id":"5620fd7e-fa0c-4684-a934-f47adc82b380","email":"alyssa.jones@amerisave.com","message":"successfully parsed message, but message temporarily enqueued while system restarts."},{"id":"7ea9464a-c63d-4a4c-b7b5-df54284af71a","email":"alexander.williams@gmail.com","message":"successfully processed after 9461 milliseconds."},{"id":"daa0ea6b-277d-46bd-8420-688bd2644c93","email":"jackson.white@gmail.com","message":"successfully processed after 2614 milliseconds."},{"id":"873a58dc-e909-435b-95eb-6ad4640973f8","email":"daniel.rodriguez@amerisave.com","message":"successfully parsed message, but message temporarily enqueued while system restarts."},{"id":"4f6094f0-ed58-414e-a847-69102f82e316","email":"chloe.garcia@dropbox.net","message":"successfully processed after 463 milliseconds."},{"id":"4d1f5603-b044-4deb-bc78-df20f3280033","email":"emma.thomas@me.com","message":"failed to process due to network exception."},{"id":"30ae2105-f8e2-4f62-be91-d029a2e4b16e","email":"emily.taylor@gmail.com","message":"failed to process due to network exception."},{"id":"068e1d4e-e96c-4491-8712-8708d9e60e94","email":"madison.lewis@gmail.com","message":"successfully handled skipped operation."},{"id":"aa29fa5a-541f-4538-a895-2d7e65e8250b","email":"mia.perez@me.com","message":"successfully processed after 6654 milliseconds."},{"id":"59de36c7-8cf2-4080-b391-2bfbd8d45bd9","email":"logan.clark@dropbox.net","message":"failed to process due to network exception."},{"id":"aa845405-33f2-464e-8459-a59b67f0c473","email":"nicholas.allen@microsoft.com","message":"successfully processed after 3800 milliseconds."},{"id":"3afcefbe-b61a-4f9e-afe5-bbe534bd49cb","email":"tyler.nelson@microsoft.com","message":"failed to process due to datastore timeout of 30 seconds.  operation took 103 seconds."},{"id":"9592d856-2a23-495f-99f0-382533ea05b1","email":"grace.moore@gmail.com","message":"successfully parsed message, but message temporarily enqueued while system restarts."},{"id":"a20fcab1-e4fa-4d8b-be13-9fcceea1cfc3","email":"sarah.green@amerisave.com","message":"successfully processed after 9774 milliseconds."},{"id":"dfee11af-8dd9-445f-ab0d-3f7d802d76ed","email":"mason.robinson@amerisave.com","message":"successfully processed after 6320 milliseconds."},{"id":"013047a1-809e-4244-ab61-8ecc36f53e6e","email":"madison.lewis@gmail.com","message":"successfully processed after 3577 milliseconds."},{"id":"56557eeb-ed02-493e-b58e-af00220996aa","email":"sophia.baker@dropbox.net","message":"failed to process due to network exception."},{"id":"26d18840-55cc-434f-bff7-2d50da1228c7","email":"joshua.lee@gmail.com","message":"failed to process due to datastore timeout of 30 seconds.  operation took 80 seconds."},{"id":"7d3d5ba5-50a8-4ff8-bf9d-6f60fda744f7","email":"isabella.jackson@amerisave.com","message":"successfully parsed message, but message temporarily enqueued while system restarts."},{"id":"08cc1bc2-f4f2-457f-8f57-af2ed51e9c16","email":"sophia.baker@dropbox.net","message":"failed to process due to network exception."},{"id":"6f6220fb-40de-45c0-b74f-d6e64b25a583","email":"alyssa.jones@amerisave.com","message":"failed to process due to network exception."},{"id":"8c9b7e47-88e9-4409-aa7c-261b1436a095","email":"sophia.baker@dropbox.net","message":"successfully handled skipped operation."},{"id":"a1f04156-95f8-462c-a895-f40857f5304d","email":"andrew.miller@gmail.com","message":"successfully handled skipped operation."},{"id":"675b7ee7-af0f-49b2-861a-94ae2e7e7fd5","email":"abigail.smith@amerisave.com","message":"successfully processed after 1624 milliseconds."},{"id":"ea1846d2-8dca-46b2-bac8-85a0d9d1acac","email":"olivia.wright@gmail.com","message":"successfully parsed message, but message temporarily enqueued while system restarts."},{"id":"04b91e86-eab1-430f-98e2-e07b88f06c41","email":"daniel.rodriguez@amerisave.com","message":"successfully parsed message, but message temporarily enqueued while system restarts."},{"id":"5d6a16f8-2fd7-4ca4-a810-a31690f2b85c","email":"elizabeth.martinez@dropbox.net","message":"successfully handled skipped operation."},{"id":"f9797c98-38ef-48ea-b019-01d2aee56cec","email":"noah.sanchez@me.com","message":"failed to process due to datastore timeout of 30 seconds.  operation took 37 seconds."},{"id":"98d28864-767b-4326-88bf-7e95585fbece","email":"sarah.green@amerisave.com","message":"successfully handled skipped operation."},{"id":"b31f3773-98bf-4c58-963f-dcdcaf3a5f8f","email":"alexander.williams@gmail.com","message":"successfully handled skipped operation."},{"id":"73cb45a3-a3bb-461f-8c08-371a793fc664","email":"ryan.king@dropbox.net","message":"successfully parsed message, but message temporarily enqueued while system restarts."},{"id":"f44bb81c-b613-4781-8610-e9bb3cc37540","email":"madison.lewis@gmail.com","message":"successfully handled skipped operation."},{"id":"dc49ee8a-0392-4e30-884f-ac60e527ded1","email":"madison.lewis@gmail.com","message":"failed to process due to datastore timeout of 30 seconds.  operation took 114 seconds."},{"id":"ca1ee2fd-3609-4bd3-ba64-92f6f55fe682","email":"matthew.walker@amerisave.com","message":"successfully parsed message, but message temporarily enqueued while system restarts."},{"id":"4e93c51a-64f7-4058-9f25-49607a8b7f8b","email":"daniel.rodriguez@amerisave.com","message":"failed to process due to network exception."},{"id":"8807d305-2b07-4d2f-80d0-46407cea54c8","email":"hannah.martin@dropbox.net","message":"successfully handled skipped operation."},{"id":"0d3a3a70-e395-4c3e-99b9-a4c4ad866292","email":"ryan.king@dropbox.net","message":"failed to process due to network exception."},{"id":"1f8709bb-2448-49ad-8545-9212e1b1febf","email":"jackson.white@gmail.com","message":"failed to process due to datastore timeout of 30 seconds.  operation took 124 seconds."},{"id":"65a08905-0514-4e49-a40e-cdfdc62869ad","email":"liam.gonzalez@me.com","message":"successfully parsed message, but message temporarily enqueued while system restarts."},{"id":"313e4314-5647-49cd-b8fd-f81a0982f316","email":"mason.robinson@amerisave.com","message":"successfully handled skipped operation."},{"id":"619a0332-ece4-46b5-bf97-a9a40e446d6d","email":"andrew.miller@gmail.com","message":"successfully parsed message, but message temporarily enqueued while system restarts."},{"id":"e0a8d54a-e7bb-4723-aa8f-79ee1ae7b323","email":"emily.taylor@gmail.com","message":"failed to process due to datastore timeout of 30 seconds.  operation took 102 seconds."},{"id":"59a3930d-a815-4658-8682-ee491fe6984e","email":"emma.thomas@me.com","message":"failed to process due to datastore timeout of 30 seconds.  operation took 80 seconds."},{"id":"5a278853-5574-4b17-b546-0b2d72066908","email":"nathan.young@microsoft.com","message":"failed to process due to datastore timeout of 30 seconds.  operation took 70 seconds."},{"id":"e4471f1e-9d52-4fca-91eb-1b0a1b77b86e","email":"aiden.johnson@microsoft.com","message":"failed to process due to datastore timeout of 30 seconds.  operation took 106 seconds."},{"id":"4c8de5ff-93fa-4363-85a4-b225a03ba7a2","email":"samantha.scott@me.com","message":"successfully parsed message, but message temporarily enqueued while system restarts."},{"id":"9fe33954-cdf3-445f-b1b1-5a0ea17dd4a7","email":"alexander.williams@gmail.com","message":"successfully handled skipped operation."},{"id":"59ef4ed0-0b78-4ddb-8fd7-f2206bd8158d","email":"jackson.white@gmail.com","message":"successfully handled skipped operation."},{"id":"f851ff62-5f5f-4075-8077-731a2974ea20","email":"ethan.hernandez@microsoft.com","message":"failed to process due to network exception."},{"id":"ad3e392d-58ae-4488-b52a-7824b0703926","email":"jackson.white@gmail.com","message":"failed to process due to datastore timeout of 30 seconds.  operation took 41 seconds."},{"id":"c5ad14ab-cc90-40df-9c28-58781648fcff","email":"andrew.miller@gmail.com","message":"successfully handled skipped operation."},{"id":"c41c0336-b6d8-4bbf-877f-2135d5b72589","email":"alexis.brown@microsoft.com","message":"successfully parsed message, but message temporarily enqueued while system restarts."},{"id":"cd834421-f100-4ecb-89a5-d22ccda09158","email":"michael.hall@dropbox.net","message":"successfully processed after 5327 milliseconds."},{"id":"a51c46a1-97ff-4f29-a954-7a907a7e23a5","email":"jackson.white@gmail.com","message":"successfully parsed message, but message temporarily enqueued while system restarts."},{"id":"6d3e6731-461b-47ac-9c2c-64e285e7db14","email":"jacob.lopez@dropbox.net","message":"failed to process due to datastore timeout of 30 seconds.  operation took 49 seconds."},{"id":"7a2747d1-cbf8-4373-8a14-7715aba55375","email":"olivia.wright@gmail.com","message":"failed to process due to datastore timeout of 30 seconds.  operation took 34 seconds."},{"id":"9ee6b995-a682-4d35-90ab-243adc301e61","email":"madison.lewis@gmail.com","message":"successfully processed after 683 milliseconds."},{"id":"1650aaeb-28c4-466e-b65c-66f6ca342742","email":"ava.davis@gmail.com","message":"failed to process due to network exception."},{"id":"3e534e0d-f1b7-4d32-b862-ed839d7e5d04","email":"abigail.smith@amerisave.com","message":"successfully parsed message, but message temporarily enqueued while system restarts."},{"id":"4e132adb-9fe1-4571-aeaf-06ca66029bc1","email":"elizabeth.martinez@dropbox.net","message":"successfully processed after 6709 milliseconds."},{"id":"55388438-4d3a-4663-ae6a-ef02bd4cece4","email":"andrew.miller@gmail.com","message":"successfully handled skipped operation."},{"id":"91910219-ab11-4e6b-943a-cbd8cdcc7c6a","email":"andrew.miller@gmail.com","message":"successfully parsed message, but message temporarily enqueued while system restarts."},{"id":"18b5f5bd-213c-4c51-8413-381c4e246ffc","email":"nicholas.allen@microsoft.com","message":"failed to process due to network exception."},{"id":"b3bacda1-09b7-4485-ac5a-c81ed488e4f3","email":"alexander.williams@gmail.com","message":"successfully handled skipped operation."},{"id":"c17762d8-2754-48e8-a346-85b4c20a3708","email":"jackson.white@gmail.com","message":"successfully parsed message, but message temporarily enqueued while system restarts."},{"id":"c8b9d1f3-e68b-4a82-8a91-7ff78d3c468a","email":"lily.harris@gmail.com","message":"failed to process due to network exception."},{"id":"10df1ea7-d528-4412-b12b-aa224b526583","email":"alyssa.jones@amerisave.com","message":"failed to process due to datastore timeout of 30 seconds.  operation took 102 seconds."},{"id":"810c8c66-168a-4183-afd3-77dc72fb1be7","email":"sophia.baker@dropbox.net","message":"successfully handled skipped operation."},{"id":"e669f309-2177-443c-9117-f7316ef9e418","email":"olivia.wright@gmail.com","message":"successfully handled skipped operation."},{"id":"c6d1a19f-2e87-4374-9c01-5b24709d6edc","email":"logan.clark@dropbox.net","message":"failed to process due to network exception."},{"id":"1f8a356d-8eee-41e9-9000-829508224206","email":"hannah.martin@dropbox.net","message":"failed to process due to network exception."},{"id":"d2359df5-39e6-4b00-8e25-4a061060463e","email":"sophia.baker@dropbox.net","message":"successfully processed after 3701 milliseconds."},{"id":"e3801220-f9ea-432b-8930-9ccea0451ac4","email":"isabella.jackson@amerisave.com","message":"failed to process due to network exception."},{"id":"6cce2b97-71ab-4d8b-87f8-47cd9b921ff3","email":"nathan.young@microsoft.com","message":"failed to process due to network exception."},{"id":"be78e2c5-9338-4a77-bf45-462aa456f830","email":"alexis.brown@microsoft.com","message":"successfully processed after 7308 milliseconds."},{"id":"414aa706-69ab-456e-859f-34143b6afcb0","email":"emma.thomas@me.com","message":"successfully handled skipped operation."},{"id":"85464c08-865f-46f6-b7e1-9a2c33238ae3","email":"noah.sanchez@me.com","message":"failed to process due to datastore timeout of 30 seconds.  operation took 84 seconds."},{"id":"68a29552-c017-455f-aacf-d3233bdc2bbc","email":"mia.perez@me.com","message":"failed to process due to datastore timeout of 30 seconds.  operation took 76 seconds."},{"id":"103f3284-b3b7-4972-bcf5-9dc65b8c5934","email":"emily.taylor@gmail.com","message":"successfully handled skipped operation."},{"id":"5d6586ec-08f0-4848-9ff5-24e68b7b67fb","email":"sarah.green@amerisave.com","message":"successfully processed after 1958 milliseconds."},{"id":"f3def4bc-bcb9-4656-8641-01b99d6888ed","email":"dylan.wilson@gmail.com","message":"successfully parsed message, but message temporarily enqueued while system restarts."},{"id":"73197799-76bf-4f9e-a220-2e344b522bf4","email":"nicholas.allen@microsoft.com","message":"successfully processed after 8732 milliseconds."},{"id":"28a188bd-cc77-4dba-a6b1-47e2b4beed50","email":"grace.moore@gmail.com","message":"failed to process due to network exception."},{"id":"01beadba-f24d-4735-8e35-b62dead35f20","email":"taylor.adams@gmail.com","message":"successfully parsed message, but message temporarily enqueued while system restarts."},{"id":"f8aa2f97-25e3-4c6c-a618-c6354a28e181","email":"aiden.johnson@microsoft.com","message":"successfully parsed message, but message temporarily enqueued while system restarts."},{"id":"9032b125-4226-4475-9873-38c59d89a40b","email":"jackson.white@gmail.com","message":"successfully handled skipped operation."},{"id":"f7297905-7305-4328-a753-fe25068e79d4","email":"nicholas.allen@microsoft.com","message":"failed to process due to datastore timeout of 30 seconds.  operation took 66 seconds."},{"id":"f94e55fe-0077-44f3-9ed5-2b3e2fa8e04f","email":"aiden.johnson@microsoft.com","message":"successfully parsed message, but message temporarily enqueued while system restarts."},{"id":"f7ec72c1-a972-4257-b0d0-dbc24e01afcc","email":"samantha.scott@me.com","message":"successfully handled skipped operation."},{"id":"1a0e2fa5-e630-4c99-badb-d48d4cfbc87a","email":"ethan.hernandez@microsoft.com","message":"successfully handled skipped operation."},{"id":"b9cffb83-22a4-4de6-b42e-79fa691c083c","email":"daniel.rodriguez@amerisave.com","message":"successfully parsed message, but message temporarily enqueued while system restarts."},{"id":"ce1bc0ee-9d2c-4206-b04a-6c19d2692307","email":"ava.davis@gmail.com","message":"failed to process due to datastore timeout of 30 seconds.  operation took 90 seconds."},{"id":"b70079eb-a122-49e8-8081-838ffbfe6016","email":"alexis.brown@microsoft.com","message":"successfully processed after 9918 milliseconds."},{"id":"7479bc0d-7718-44cb-a482-bd31cbc6910c","email":"dylan.wilson@gmail.com","message":"successfully parsed message, but message temporarily enqueued while system restarts."},{"id":"4f71a8db-4120-4fe8-b1a7-cccc274b6823","email":"dylan.wilson@gmail.com","message":"successfully parsed message, but message temporarily enqueued while system restarts."},{"id":"df8d395e-ab25-4f17-aa53-ed59ca85ca3a","email":"matthew.walker@amerisave.com","message":"successfully processed after 5047 milliseconds."},{"id":"8186409b-d02f-405e-a3fe-a26a4be07056","email":"jack.thompson@me.com","message":"failed to process due to datastore timeout of 30 seconds.  operation took 122 seconds."},{"id":"ebf720a0-79b6-43f2-96bb-08160becb938","email":"emma.thomas@me.com","message":"failed to process due to datastore timeout of 30 seconds.  operation took 71 seconds."},{"id":"0618ef60-2c1f-4dd4-a34e-a502ab0f9f40","email":"mason.robinson@amerisave.com","message":"failed to process due to network exception."},{"id":"f014ee6f-aeb7-4c0e-ab0e-9e096bc3a8ef","email":"alexis.brown@microsoft.com","message":"successfully processed after 3348 milliseconds."},{"id":"bd1a67c3-88eb-4ff9-aafe-dd213f5e40c1","email":"emily.taylor@gmail.com","message":"failed to process due to network exception."},{"id":"10798104-a540-412e-aef7-c8241519f29c","email":"tyler.nelson@microsoft.com","message":"successfully processed after 3188 milliseconds."},{"id":"40bb2bb6-92ea-41a5-a6ca-783d0d34c40a","email":"jackson.white@gmail.com","message":"failed to process due to network exception."},{"id":"87169c59-174a-401b-9165-15a1645c1a13","email":"nicholas.allen@microsoft.com","message":"successfully parsed message, but message temporarily enqueued while system restarts."},{"id":"a5883af3-7d97-41b5-b5ae-c924be24fe10","email":"nicholas.allen@microsoft.com","message":"successfully processed after 3557 milliseconds."},{"id":"5326f494-ff08-46e3-b7bb-a04df9097949","email":"emily.taylor@gmail.com","message":"failed to process due to datastore timeout of 30 seconds.  operation took 88 seconds."},{"id":"fd9f2dc3-4354-46c3-b2bb-eb104aad81fa","email":"michael.hall@dropbox.net","message":"successfully processed after 2810 milliseconds."},{"id":"c1faa76a-0233-40e2-806b-177670eab48a","email":"logan.clark@dropbox.net","message":"successfully handled skipped operation."},{"id":"243347bc-be5b-4640-ab7f-e40ff72a5e48","email":"alexis.brown@microsoft.com","message":"successfully handled skipped operation."},{"id":"6d38246b-c590-4b5b-bd71-5c5b20bad5cc","email":"mason.robinson@amerisave.com","message":"failed to process due to datastore timeout of 30 seconds.  operation took 95 seconds."},{"id":"7e48b66a-8de8-4f79-a05c-2c790cb3095a","email":"emma.thomas@me.com","message":"failed to process due to datastore timeout of 30 seconds.  operation took 105 seconds."},{"id":"5141bc4b-f6ff-4741-8e90-3377867950e9","email":"emma.thomas@me.com","message":"successfully handled skipped operation."},{"id":"458868e6-1279-482d-8673-e54cdfbad1c7","email":"dylan.wilson@gmail.com","message":"successfully parsed message, but message temporarily enqueued while system restarts."},{"id":"71e6fc78-8a54-40c8-9fba-e923f2988358","email":"chloe.garcia@dropbox.net","message":"successfully handled skipped operation."},{"id":"23f5c470-ce4f-419b-b330-b8a3653bedaf","email":"nathan.young@microsoft.com","message":"successfully handled skipped operation."},{"id":"b8d9ff4a-3e1a-4cf4-9315-49bcdd1da7e1","email":"aiden.johnson@microsoft.com","message":"successfully processed after 4077 milliseconds."},{"id":"792b2bcc-2e7b-4c94-8942-375fa75ae5c1","email":"olivia.wright@gmail.com","message":"failed to process due to network exception."},{"id":"da0892d3-db22-411c-864d-3ae07bfc1e83","email":"jackson.white@gmail.com","message":"failed to process due to network exception."},{"id":"a2b5d9ce-d66b-44d9-bd26-59fb65969477","email":"lily.harris@gmail.com","message":"successfully handled skipped operation."},{"id":"c1f2499e-76b9-4d82-ad5d-d861d8222273","email":"nathan.young@microsoft.com","message":"failed to process due to network exception."},{"id":"09d91e2a-e8f5-4083-8ffa-d47188ad9fa1","email":"olivia.wright@gmail.com","message":"failed to process due to datastore timeout of 30 seconds.  operation took 75 seconds."},{"id":"451fbc24-cdc1-478c-9f45-2a1077ce82c8","email":"jackson.white@gmail.com","message":"failed to process due to network exception."},{"id":"4e8ca3b6-296c-4a43-a42d-7d3284800119","email":"nathan.young@microsoft.com","message":"successfully parsed message, but message temporarily enqueued while system restarts."},{"id":"9ee8fd45-bd93-4692-98ff-0744c4fb51ff","email":"chloe.garcia@dropbox.net","message":"successfully processed after 1459 milliseconds."},{"id":"60f2b19b-be4d-46c1-b880-f636359e51da","email":"alyssa.jones@amerisave.com","message":"successfully parsed message, but message temporarily enqueued while system restarts."},{"id":"062d8096-ca12-4653-ad66-0d7f9a9dbc43","email":"ava.davis@gmail.com","message":"successfully parsed message, but message temporarily enqueued while system restarts."},{"id":"a242b176-5589-4473-8cc8-7cc905526a24","email":"emily.taylor@gmail.com","message":"successfully parsed message, but message temporarily enqueued while system restarts."},{"id":"5379592e-9c0c-4b9d-b0dc-bb2f2a531d25","email":"matthew.walker@amerisave.com","message":"failed to process due to network exception."},{"id":"8139c9cc-3885-4a77-aa4f-54b97adfe286","email":"jackson.white@gmail.com","message":"successfully processed after 8087 milliseconds."},{"id":"b3704539-e793-49b0-bb53-53dc99a8c8d4","email":"grace.moore@gmail.com","message":"failed to process due to network exception."},{"id":"95e7b182-cf32-40f8-a750-7570e9d5c1ad","email":"logan.clark@dropbox.net","message":"successfully handled skipped operation."},{"id":"b811c02c-1e7a-4dd7-9248-e855e9107384","email":"matthew.walker@amerisave.com","message":"successfully processed after 3708 milliseconds."},{"id":"c74fbd3b-7df9-47ee-bef5-181520baeef7","email":"ava.davis@gmail.com","message":"successfully parsed message, but message temporarily enqueued while system restarts."},{"id":"9310b681-deca-4e72-9368-7363f31ff913","email":"lily.harris@gmail.com","message":"successfully processed after 7107 milliseconds."},{"id":"80058f08-09b2-4a2e-8606-837c929fd272","email":"nathan.young@microsoft.com","message":"successfully processed after 3411 milliseconds."},{"id":"d377090d-a2eb-4a38-a1dd-375e0dece217","email":"samantha.scott@me.com","message":"successfully parsed message, but message temporarily enqueued while system restarts."},{"id":"5996402e-378e-4b22-a2e7-4443f76e4432","email":"samantha.scott@me.com","message":"failed to process due to datastore timeout of 30 seconds.  operation took 45 seconds."},{"id":"d890572b-7f19-4dfb-ba7f-6645ced1e765","email":"abigail.smith@amerisave.com","message":"successfully parsed message, but message temporarily enqueued while system restarts."},{"id":"dad255a3-f005-4fba-83e3-2565441a7d53","email":"lily.harris@gmail.com","message":"successfully handled skipped operation."},{"id":"8ef4c846-fddb-41c1-a4ad-d7d16e361dfc","email":"hannah.martin@dropbox.net","message":"successfully parsed message, but message temporarily enqueued while system restarts."},{"id":"f1bb14df-f1a4-41c3-8159-bcfbc6261dba","email":"emily.taylor@gmail.com","message":"successfully parsed message, but message temporarily enqueued while system restarts."},{"id":"af5c561f-a7a4-4ed6-952d-bbf8f2fb437d","email":"emily.taylor@gmail.com","message":"successfully parsed message, but message temporarily enqueued while system restarts."},{"id":"054b91c4-d169-4ffd-af11-f0d4ff81055c","email":"chloe.garcia@dropbox.net","message":"failed to process due to network exception."},{"id":"05e2bce5-808c-40e6-a076-8c367d4195b4","email":"ethan.hernandez@microsoft.com","message":"failed to process due to datastore timeout of 30 seconds.  operation took 118 seconds."},{"id":"ce9b7db2-87a0-4857-8cab-4d1da7338c40","email":"emily.taylor@gmail.com","message":"successfully parsed message, but message temporarily enqueued while system restarts."},{"id":"fae4ff97-74ff-4ab0-9675-66aefbae38a5","email":"samantha.scott@me.com","message":"successfully parsed message, but message temporarily enqueued while system restarts."},{"id":"db4ce2d6-13f1-451a-9345-6a90c149831e","email":"tyler.nelson@microsoft.com","message":"successfully processed after 4259 milliseconds."},{"id":"49de2452-c0c8-4119-b69c-455dd9659b89","email":"emma.thomas@me.com","message":"successfully parsed message, but message temporarily enqueued while system restarts."},{"id":"2576d7d8-ee59-4fda-b0df-e17cd5830724","email":"nathan.young@microsoft.com","message":"failed to process due to datastore timeout of 30 seconds.  operation took 66 seconds."}],"id":"a3bdbd5d-5cd4-48f1-b086-a5ddd58180ee"}