{"logs":[{"id":"8ce373d8-90bf-4027-a447-47b1f3eb05cc","email":"joshua.lee@gmail.com","message":"successfully parsed message, but message temporarily enqueued while system restarts."},{"id":"f2efb94f-4ac8-4cf6-8831-6a094f577b40","email":"sarah.green@amerisave.com","message":"successfully processed after 4387 milliseconds."},{"id":"f347b7dc-725c-4383-bf71-f55259bb75f2","email":"jack.thompson@me.com","message":"successfully handled skipped operation."},{"id":"1dc49a94-2419-464f-9029-43fc9b3c5128","email":"matthew.walker@amerisave.com","message":"failed to process due to network exception."},{"id":"6b25e64f-e9f7-466e-8685-8be71bf6f436","email":"grace.moore@gmail.com","message":"successfully processed after 8144 milliseconds."},{"id":"d1ea01b9-526f-47cb-9392-7b814d18806f","email":"logan.clark@dropbox.net","message":"successfully parsed message, but message temporarily enqueued while system restarts."},{"id":"e4e366fe-f31e-42b5-943c-003813df7419","email":"ryan.king@dropbox.net","message":"failed to process due to datastore timeout of 30 seconds.  operation took 53 seconds."},{"id":"4e56da1f-0b5c-4ec7-8625-6e37557fbc7c","email":"ethan.hernandez@microsoft.com","message":"successfully processed after 9747 milliseconds."},{"id":"cee864b8-3619-4d8b-9a90-c483fb9dfe64","email":"logan.clark@dropbox.net","message":"failed to process due to datastore timeout of 30 seconds.  operation took 48 seconds."},{"id":"7569da81-82c3-4281-9eab-cffe87de2f2d","email":"chloe.garcia@dropbox.net","message":"successfully handled skipped operation."},{"id":"889f324a-60d9-4f69-a45b-fec4ec5ecb2c","email":"emma.thomas@me.com","message":"successfully parsed message, but message temporarily enqueued while system restarts."},{"id":"dac366d2-5a4f-4df8-bcd6-0528840ed8ac","email":"madison.lewis@gmail.com","message":"failed to process due to datastore timeout of 30 seconds.  operation took 51 seconds."},{"id":"d3ad790a-f87a-4f7a-be7d-c8d60f6cb09b","email":"grace.moore@gmail.com","message":"successfully handled skipped operation."},{"id":"3c90b987-83cb-44ef-bac8-a7990ad2c043","email":"ethan.hernandez@microsoft.com","message":"successfully parsed message, but message temporarily enqueued while system restarts."},{"id":"601cee9b-98f3-4b73-89f1-b065c54326d3","email":"madison.lewis@gmail.com","message":"failed to process due to datastore timeout of 30 seconds.  operation took 98 seconds."},{"id":"4e018038-b0c1-437e-a1d0-e024e2876127","email":"tyler.nelson@microsoft.com","message":"successfully handled skipped operation."},{"id":"d615f06f-cf99-45a7-9f81-261b7ddbc26b","email":"ethan.hernandez@microsoft.com","message":"successfully parsed message, but message temporarily enqueued while system restarts."},{"id":"11b6f88f-5134-4958-a88d-a6ca43a7ead8","email":"jack.thompson@me.com","message":"successfully processed after 4655 milliseconds."},{"id":"344d381e-c963-46c3-97c1-c5bc06e4e404","email":"alyssa.jones@amerisave.com","message":"successfully parsed message, but message temporarily enqueued while system restarts."},{"id":"1514e12a-6976-49fd-b1db-bffb09bbd0a1","email":"nathan.young@microsoft.com","message":"failed to process due to network exception."},{"id":"e578a534-b4a8-482b-90fc-37b8c2c125ef","email":"tyler.nelson@microsoft.com","message":"successfully processed after 2686 milliseconds."},{"id":"3bbf948f-cb81-46e9-a606-f5ed0ff9dd3d","email":"olivia.wright@gmail.com","message":"successfully parsed message, but message temporarily enqueued while system restarts."},{"id":"300899eb-0175-4e6b-a280-e0b2c4f36c8e","email":"grace.moore@gmail.com","message":"successfully processed after 5298 milliseconds."},{"id":"66cbe1dc-f345-4376-b401-905e3ddb171d","email":"noah.sanchez@me.com","message":"failed to process due to datastore timeout of 30 seconds.  operation took 55 seconds."},{"id":"bda113a9-e72a-419e-aebb-9130d84052db","email":"sarah.green@amerisave.com","message":"successfully handled skipped operation."},{"id":"7d8b4c83-2ea4-4c72-8d47-ce0a49a64776","email":"alexis.brown@microsoft.com","message":"failed to process due to datastore timeout of 30 seconds.  operation took 91 seconds."},{"id":"196ae19b-8f24-4f00-b214-5f508af5dbc4","email":"lily.harris@gmail.com","message":"successfully processed after 8986 milliseconds."},{"id":"7f3d69c2-57ed-42a2-a599-2410c189deeb","email":"alyssa.jones@amerisave.com","message":"successfully parsed message, but message temporarily enqueued while system restarts."},{"id":"c685ef1d-ad0b-437b-9889-7ebe342375aa","email":"matthew.walker@amerisave.com","message":"failed to process due to datastore timeout of 30 seconds.  operation took 63 seconds."},{"id":"e1e20c1b-2719-4f40-8bff-b13135936faf","email":"jack.thompson@me.com","message":"failed to process due to datastore timeout of 30 seconds.  operation took 52 seconds."},{"id":"8ea82bdd-c93e-4cd8-875c-e9c68fc6848b","email":"sophia.baker@dropbox.net","message":"successfully handled skipped operation."},{"id":"927f89cd-86c8-4d01-ba30-95fb1886b878","email":"mason.robinson@amerisave.com","message":"successfully processed after 6264 milliseconds."},{"id":"8124f049-c0d3-495e-a1ba-e1b3b3be3125","email":"alexander.williams@gmail.com","message":"failed to process due to datastore timeout of 30 seconds.  operation took 102 seconds."},{"id":"b75c7718-3b4f-4da3-9d31-cb7329b6cbb2","email":"nathan.young@microsoft.com","message":"successfully parsed message, but message temporarily enqueued while system restarts."},{"id":"8f22dd5c-aad1-4547-91a7-ad9839be1d55","email":"grace.moore@gmail.com","message":"successfully processed after 1461 milliseconds."},{"id":"9e96a85b-c7a6-4353-9ebe-a19eb679b321","email":"isabella.jackson@amerisave.com","message":"successfully processed after 2568 milliseconds."},{"id":"2980ac4a-51e3-4596-8d91-90e1bc614116","email":"ava.davis@gmail.com","message":"failed to process due to datastore timeout of 30 seconds.  operation took 108 seconds."},{"id":"bc9e971e-85e3-4954-8336-5d5c3b4607a5","email":"elizabeth.martinez@dropbox.net","message":"successfully parsed message, but message temporarily enqueued while system restarts."},{"id":"a068a261-713c-4c11-9ca8-cf3ed57fb6fa","email":"joshua.lee@gmail.com","message":"failed to process due to datastore timeout of 30 seconds.  operation took 64 seconds."},{"id":"7a7a45f6-dcba-4906-aecb-559693374583","email":"ethan.hernandez@microsoft.com","message":"successfully processed after 858 milliseconds."},{"id":"5e88a0c3-74ad-40a4-97d2-711c8823c414","email":"daniel.rodriguez@amerisave.com","message":"successfully parsed message, but message temporarily enqueued while system restarts."},{"id":"f1884950-7f3c-441e-8a36-33babf0c53e1","email":"jackson.white@gmail.com","message":"failed to process due to datastore timeout of 30 seconds.  operation took 102 seconds."},{"id":"2db9e661-ee69-4250-b5fe-031e8e9122b9","email":"jack.thompson@me.com","message":"successfully handled skipped operation."},{"id":"4ad36e5e-ef2e-4713-8609-2546c00fd32b","email":"samantha.scott@me.com","message":"successfully parsed message, but message temporarily enqueued while system restarts."},{"id":"a48a437a-83b0-4730-ba8d-9a9dd927f1cd","email":"alexis.brown@microsoft.com","message":"failed to process due to datastore timeout of 30 seconds.  operation took 63 seconds."},{"id":"ac9ed2e7-3095-4a7d-8638-d5ded090072e","email":"mason.robinson@amerisave.com","message":"successfully parsed message, but message temporarily enqueued while system restarts."},{"id":"750be547-4d7c-469f-85d4-fa100cd8959f","email":"daniel.rodriguez@amerisave.com","message":"failed to process due to datastore timeout of 30 seconds.  operation took 118 seconds."},{"id":"cc18fab5-4ba6-475a-b4a3-13fb54e1caa7","email":"samantha.scott@me.com","message":"successfully handled skipped operation."},{"id":"578831a1-dccc-43bf-b063-bc821868961c","email":"joshua.lee@gmail.com","message":"failed to process due to network exception."},{"id":"a62fc714-bfd3-4494-b69a-db65854fdc54","email":"jackson.white@gmail.com","message":"successfully handled skipped operation."},{"id":"9637df20-da44-40b2-91ea-7f895078028e","email":"elizabeth.martinez@dropbox.net","message":"successfully processed after 7682 milliseconds."},{"id":"1006bcea-be5c-4b61-82b6-6e521cefb2d5","email":"samantha.scott@me.com","message":"successfully parsed message, but message temporarily enqueued while system restarts."},{"id":"37ff64a9-f6b7-4bdd-baa8-bf341cf7398b","email":"nathan.young@microsoft.com","message":"successfully parsed message, but message temporarily enqueued while system restarts."},{"id":"2ce0a24f-e739-4a59-bd02-442b1cc5864d","email":"noah.sanchez@me.com","message":"successfully processed after 3111 milliseconds."},{"id":"7678b410-849b-469e-b168-6873bc7149ae","email":"tyler.nelson@microsoft.com","message":"failed to process due to network exception."},{"id":"7d2b7160-59ef-4777-9c1f-fbca8b0b6aff","email":"elizabeth.martinez@dropbox.net","message":"failed to process due to network exception."},{"id":"3ff284a8-ccd7-48b3-b99a-3e3049592a0d","email":"emily.taylor@gmail.com","message":"failed to process due to datastore timeout of 30 seconds.  operation took 125 seconds."},{"id":"08826a0a-fdcc-4f81-ae52-ec3a0a0bda42","email":"abigail.smith@amerisave.com","message":"successfully handled skipped operation."},{"id":"e9602e36-c754-4682-92d2-400198dd2db0","email":"daniel.rodriguez@amerisave.com","message":"successfully handled skipped operation."},{"id":"b364410c-5b76-4f41-be04-97450dbf5880","email":"daniel.rodriguez@amerisave.com","message":"successfully parsed message, but message temporarily enqueued while system restarts."},{"id":"2d127d96-64b0-41ef-88d5-c27720eadda4","email":"liam.gonzalez@me.com","message":"failed to process due to datastore timeout of 30 seconds.  operation took 100 seconds."},{"id":"54f20ef8-70ab-44d6-82a7-fb0d1ca25019","email":"matthew.walker@amerisave.com","message":"successfully processed after 6068 milliseconds."},{"id":"c097dbbc-5380-4937-bc9d-4e207466f351","email":"madison.lewis@gmail.com","message":"successfully parsed message, but message temporarily enqueued while system restarts."},{"id":"7e0e45bd-3431-405f-83f9-68661ba18207","email":"mason.robinson@amerisave.com","message":"failed to process due to datastore timeout of 30 seconds.  operation took 117 seconds."},{"id":"71c5772c-0fec-410d-b614-4c26d7957e16","email":"sarah.green@amerisave.com","message":"failed to process due to datastore timeout of 30 seconds.  operation took 98 seconds."},{"id":"b5098c7a-730a-487d-a16f-82c087e12262","email":"olivia.wright@gmail.com","message":"successfully parsed message, but message temporarily enqueued while system restarts."},{"id":"ad3beb08-ded2-428c-ae21-be8fdcc22ba0","email":"emma.thomas@me.com","message":"successfully parsed message, but message temporarily enqueued while system restarts."},{"id":"d833c77d-8340-4a31-928e-dff6a9bb9f51","email":"mia.perez@me.com","message":"failed to process due to network exception."},{"id":"e6a0230c-bd54-434a-828d-46433284dcc7","email":"emily.taylor@gmail.com","message":"successfully parsed message, but message temporarily enqueued while system restarts."},{"id":"fa5d0b5a-fe0d-4e58-b983-e27b285213e3","email":"dylan.wilson@gmail.com","message":"successfully parsed message, but message temporarily enqueued while system restarts."},{"id":"5753df10-912a-4f1d-a405-77d5b65edde8","email":"noah.sanchez@me.com","message":"successfully handled skipped operation."},{"id":"dadacd76-ea15-47ec-aa02-91f7d56c7f4d","email":"aiden.johnson@microsoft.com","message":"successfully parsed message, but message temporarily enqueued while system restarts."},{"id":"acc8f7fc-41a6-4c40-8946-58f65d29a98a","email":"ryan.king@dropbox.net","message":"failed to process due to network exception."},{"id":"4aa56ed2-0a9e-45d9-86f1-e4bfb7cd1954","email":"jackson.white@gmail.com","message":"failed to process due to datastore timeout of 30 seconds.  operation took 86 seconds."},{"id":"cae852e5-a942-4cfe-bc33-2408d536c2ce","email":"grace.moore@gmail.com","message":"successfully processed after 865 milliseconds."},{"id":"e39f886c-85c1-4275-9aa3-94378295825e","email":"ella.anderson@dropbox.net","message":"failed to process due to datastore timeout of 30 seconds.  operation took 128 seconds."},{"id":"906fa287-87d2-402b-a251-d7696e2d3db1","email":"liam.gonzalez@me.com","message":"successfully parsed message, but message temporarily enqueued while system restarts."},{"id":"6579d86a-8055-4abd-92b9-4adb0d4bd0a9","email":"nicholas.allen@microsoft.com","message":"successfully parsed message, but message temporarily enqueued while system restarts."},{"id":"fd32dc39-5c9a-492f-8364-0e08e4d1f8d0","email":"madison.lewis@gmail.com","message":"failed to process due to network exception."},{"id":"9342703d-2732-4c42-8c0c-8d8fde265d04","email":"jacob.lopez@dropbox.net","message":"failed to process due to network exception."},{"id":"a0996548-5775-4c91-a9b9-8765367202f7","email":"mia.perez@me.com","message":"successfully processed after 191 milliseconds."},{"id":"d2fa9a74-3e02-4f47-86da-d13b20c2b083","email":"samantha.scott@me.com","message":"successfully handled skipped operation."},{"id":"24d1f6d3-0df6-4666-a6a6-ad6a3a88ad60","email":"ava.davis@gmail.com","message":"successfully handled skipped operation."},{"id":"134fc54a-7775-4cdd-b22c-5c31446f7e09","email":"andrew.miller@gmail.com","message":"failed to process due to datastore timeout of 30 seconds.  operation took 125 seconds."},{"id":"c7cf4da0-dd8b-4920-a922-913ff6740913","email":"tyler.nelson@microsoft.com","message":"failed to process due to network exception."},{"id":"c76df8ff-3e92-428c-82ce-36609163e488","email":"jack.thompson@me.com","message":"successfully parsed message, but message temporarily enqueued while system restarts."},{"id":"d8ff8cf8-fb46-447a-a7ab-384e0787a8b0","email":"michael.hall@dropbox.net","message":"failed to process due to datastore timeout of 30 seconds.  operation took 87 seconds."},{"id":"e80f2133-20bc-4bad-b154-88a57cd93f0b","email":"ella.anderson@dropbox.net","message":"successfully handled skipped operation."},{"id":"a7c633e3-6e87-4f55-80b6-408d7cfb6991","email":"grace.moore@gmail.com","message":"failed to process due to network exception."},{"id":"c875a469-49cc-4f5f-b29c-fda1c387df72","email":"mason.robinson@amerisave.com","message":"successfully handled skipped operation."},{"id":"c26b2e28-3ad2-4577-a2e0-6e60f090f6a2","email":"matthew.walker@amerisave.com","message":"successfully processed after 692 milliseconds."},{"id":"80be8c85-447a-47ed-bb83-084821950a59","email":"alexis.brown@microsoft.com","message":"failed to process due to datastore timeout of 30 seconds.  operation took 67 seconds."},{"id":"aa192760-1c32-4744-83df-073bc8e8a9b2","email":"madison.lewis@gmail.com","message":"successfully parsed message, but message temporarily enqueued while system restarts."},{"id":"4f9633b6-16fb-4e81-9b3e-9776eebb887f","email":"emily.taylor@gmail.com","message":"successfully processed after 8699 milliseconds."},{"id":"4f3324c7-5e35-439e-badb-f7f5619c6d23","email":"michael.hall@dropbox.net","message":"failed to process due to network exception."},{"id":"ece66c6c-71df-4217-9410-98c07695f323","email":"sophia.baker@dropbox.net","message":"failed to process due to network exception."},{"id":"d3b5d797-62d7-4d72-8fde-97abe0812a51","email":"emily.taylor@gmail.com","message":"failed to process due to datastore timeout of 30 seconds.  operation took 61 seconds."},{"id":"6dd8b6fe-31c9-4b46-aeb2-2dbfa050969b","email":"jack.thompson@me.com","message":"failed to process due to network exception."},{"id":"99d66eb6-c12f-4e15-a337-1b7c82b30342","email":"ethan.hernandez@microsoft.com","message":"successfully processed after 5544 milliseconds."},{"id":"e714e145-83f6-438c-a7ef-5c1a7b5f845f","email":"jackson.white@gmail.com","message":"successfully handled skipped operation."},{"id":"a087011b-b65b-4c32-a4ec-352faa588980","email":"sarah.green@amerisave.com","message":"failed to process due to network exception."},{"id":"3b17a1a4-fea2-4aeb-b415-4c34d335c917","email":"olivia.wright@gmail.com","message":"successfully processed after 5004 milliseconds."},{"id":"45a7a88d-c59e-4d21-bbf1-6530d6d065ea","email":"madison.lewis@gmail.com","message":"failed to process due to network exception."},{"id":"10086838-9ae9-4911-b3f7-0ed944bb542c","email":"logan.clark@dropbox.net","message":"failed to process due to datastore timeout of 30 seconds.  operation took 106 seconds."},{"id":"c0eac430-1ab6-42e5-a195-c6e906f808f5","email":"ryan.king@dropbox.net","message":"successfully handled skipped operation."},{"id":"bcd2d080-ee0a-4b0f-8b6c-0709f2514b18","email":"mia.perez@me.com","message":"failed to process due to network exception."},{"id":"d27c4627-a837-47dd-b8a0-c4d76508d373","email":"jacob.lopez@dropbox.net","message":"failed to process due to datastore timeout of 30 seconds.  operation took 56 seconds."},{"id":"cf3b6cdf-ec77-40f9-b1ea-9482ca035b99","email":"alexander.williams@gmail.com","message":"successfully handled skipped operation."},{"id":"33eafb9f-7d7c-42bb-8c2a-d53b690e54b4","email":"jacob.lopez@dropbox.net","message":"successfully parsed message, but message temporarily enqueued while system restarts."},{"id":"4bde0a2f-c5c1-4eef-88c4-b8bc91bf60dc","email":"joshua.lee@gmail.com","message":"successfully processed after 3125 milliseconds."},{"id":"381a0dc7-d63b-4dfc-8cef-9e780ca3773a","email":"daniel.rodriguez@amerisave.com","message":"successfully parsed message, but message temporarily enqueued while system restarts."},{"id":"72035d9a-1f84-4c7e-9740-09b2848cf224","email":"mason.robinson@amerisave.com","message":"successfully handled skipped operation."},{"id":"f8e97090-14d3-40c3-995a-3c9cb3a43df2","email":"grace.moore@gmail.com","message":"successfully processed after 4009 milliseconds."},{"id":"346a1a02-b1fb-4545-bc09-ccdb66f6cf40","email":"nicholas.allen@microsoft.com","message":"successfully parsed message, but message temporarily enqueued while system restarts."},{"id":"c63c49fa-17f3-4e79-a628-2137bdf38ea6","email":"emily.taylor@gmail.com","message":"successfully parsed message, but message temporarily enqueued while system restarts."},{"id":"1099e100-62e5-4caa-9f2c-19976cba51a5","email":"sophia.baker@dropbox.net","message":"successfully processed after 6329 milliseconds."},{"id":"2f096779-5402-4f86-9d06-52ec9ab4302c","email":"abigail.smith@amerisave.com","message":"failed to process due to network exception."},{"id":"c3fa9c9a-dc43-4d8d-b484-053cc1cfcd87","email":"grace.moore@gmail.com","message":"successfully parsed message, but message temporarily enqueued while system restarts."},{"id":"330b9d53-f27e-4964-8a6f-e34d2e01ddcf","email":"isabella.jackson@amerisave.com","message":"successfully handled skipped operation."},{"id":"aa3cb72b-71c6-471d-a275-5fa2657ae563","email":"alexander.williams@gmail.com","message":"successfully parsed message, but message temporarily enqueued while system restarts."},{"id":"ed4bcc60-7660-4efc-b13c-e6e82e07a67c","email":"lily.harris@gmail.com","message":"failed to process due to network exception."},{"id":"7a888844-c0af-4c13-893a-97ad144cb424","email":"noah.sanchez@me.com","message":"failed to process due to datastore timeout of 30 seconds.  operation took 87 seconds."},{"id":"e3668db7-b049-41a9-9cba-794c2ef48048","email":"grace.moore@gmail.com","message":"successfully processed after 3559 milliseconds."},{"id":"6c5ae3b2-f612-4848-9a8e-2a2861023c8b","email":"mia.perez@me.com","message":"successfully handled skipped operation."},{"id":"e517d17e-5c13-4be1-ba42-49c39bbae17b","email":"logan.clark@dropbox.net","message":"failed to process due to network exception."},{"id":"68deedf7-2a72-469b-b9e0-df43f5483890","email":"daniel.rodriguez@amerisave.com","message":"successfully parsed message, but message temporarily enqueued while system restarts."},{"id":"e1e08cd9-7b0f-49ba-8df8-05265e2bea11","email":"elizabeth.martinez@dropbox.net","message":"failed to process due to network exception."},{"id":"a91f2e1f-34b9-4087-b036-81562b966502","email":"joshua.lee@gmail.com","message":"failed to process due to network exception."},{"id":"e8dafdcf-e1fd-4aac-ab94-cd5357035e92","email":"grace.moore@gmail.com","message":"successfully processed after 1114 milliseconds."},{"id":"ac522d05-b128-4fae-993e-803666840df7","email":"elizabeth.martinez@dropbox.net","message":"failed to process due to network exception."},{"id":"78f613e3-ee6e-4f40-b057-6ea4fd30af92","email":"liam.gonzalez@me.com","message":"failed to process due to network exception."},{"id":"2deb4734-7d49-4483-a84e-5f9d6a100e4d","email":"liam.gonzalez@me.com","message":"failed to process due to network exception."},{"id":"5e49dd97-4b89-4be9-9553-d148a00d6670","email":"sarah.green@amerisave.com","message":"failed to process due to datastore timeout of 30 seconds.  operation took 77 seconds."},{"id":"16df53a2-a83f-4305-a0c8-8093dec1bd07","email":"joshua.lee@gmail.com","message":"successfully processed after 8024 milliseconds."},{"id":"1255a0f9-2471-47ab-b190-13aeb009dd83","email":"dylan.wilson@gmail.com","message":"failed to process due to network exception."},{"id":"95f2045a-bfa9-47cc-848b-c71a548dedc2","email":"ava.davis@gmail.com","message":"failed to process due to network exception."},{"id":"40f4e8fe-46b9-4c9e-9894-91cbd60543fb","email":"chloe.garcia@dropbox.net","message":"failed to process due to datastore timeout of 30 seconds.  operation took 45 seconds."},{"id":"aba45bae-0373-4013-b292-667da209018b","email":"jacob.lopez@dropbox.net","message":"successfully handled skipped operation."},{"id":"8f478615-8dca-4b3c-ba55-fc698f9c8518","email":"emma.thomas@me.com","message":"successfully processed after 1728 milliseconds."},{"id":"16760f84-1fc1-4a65-ae13-baa806004094","email":"mia.perez@me.com","message":"successfully handled skipped operation."},{"id":"14ebbba7-1f7d-4661-b17b-663cdf60c51f","email":"nathan.young@microsoft.com","message":"failed to process due to network exception."},{"id":"e5adb23c-00ee-4928-b1d3-dff23085ba46","email":"ava.davis@gmail.com","message":"successfully parsed message, but message temporarily enqueued while system restarts."},{"id":"eeb9b7fe-5534-4af9-9633-6a8f1a655836","email":"dylan.wilson@gmail.com","message":"failed to process due to network exception."},{"id":"72bc6d9f-b61b-4315-b35e-c83b8177640b","email":"andrew.miller@gmail.com","message":"successfully processed after 4432 milliseconds."},{"id":"d0ba1e72-af3b-448b-82da-b349900b1930","email":"emma.thomas@me.com","message":"failed to process due to network exception."},{"id":"78033366-12eb-4ad4-823d-32a3003e39a0","email":"taylor.adams@gmail.com","message":"successfully handled skipped operation."},{"id":"1b760541-4bd9-4f6a-9a86-fd65710dd7f0","email":"sarah.green@amerisave.com","message":"failed to process due to network exception."},{"id":"d7fc2d5a-fbbd-4529-bdfa-bcce5bd82c54","email":"ryan.king@dropbox.net","message":"successfully handled skipped operation."},{"id":"f86675a2-6ce3-4336-aaf0-30c7cd4b03cf","email":"taylor.adams@gmail.com","message":"successfully processed after 6183 milliseconds."},{"id":"f660f4cb-5962-436e-a427-bceea150840a","email":"emma.thomas@me.com","message":"successfully parsed message, but message temporarily enqueued while system restarts."},{"id":"2c199566-e48e-456c-ab2b-f0fb4467e659","email":"lily.harris@gmail.com","message":"successfully processed after 7468 milliseconds."},{"id":"ed68946a-8935-422a-9bab-1e61372a4bec","email":"daniel.rodriguez@amerisave.com","message":"successfully handled skipped operation."},{"id":"c44c7d7f-d3a9-4172-a103-00f3405c1369","email":"alyssa.jones@amerisave.com","message":"successfully handled skipped operation."},{"id":"2928fa49-2b77-4e33-b74c-bc36f9cef5a5","email":"abigail.smith@amerisave.com","message":"failed to process due to datastore timeout of 30 seconds.  operation took 36 seconds."},{"id":"a3588d4e-1b41-4125-9dfd-a50be6fc5799","email":"sarah.green@amerisave.com","message":"successfully handled skipped operation."},{"id":"710f03ce-6c0b-491f-b047-490a3cfcb18a","email":"daniel.rodriguez@amerisave.com","message":"successfully handled skipped operation."},{"id":"b71abead-8c75-4adf-8504-36ccfbc96449","email":"andrew.miller@gmail.com","message":"successfully processed after 5736 milliseconds."},{"id":"9c824289-93d2-4b51-81ad-f5566668d7d7","email":"michael.hall@dropbox.net","message":"successfully parsed message, but message temporarily enqueued while system restarts."},{"id":"1a50e9a2-191d-44fa-a2d2-5cb6d9906e4a","email":"liam.gonzalez@me.com","message":"successfully processed after 8713 milliseconds."},{"id":"cab71fe6-357d-40b8-8e38-52b822c568ef","email":"andrew.miller@gmail.com","message":"successfully parsed message, but message temporarily enqueued while system restarts."},{"id":"85859cc6-8a09-44bb-a032-9d6a8a7c786d","email":"emily.taylor@gmail.com","message":"failed to process due to network exception."},{"id":"b391c0d5-e25d-4156-8d39-fa035759857a","email":"madison.lewis@gmail.com","message":"successfully processed after 1467 milliseconds."},{"id":"dd0bc06d-5984-4ba3-98f2-965aac077daa","email":"emma.thomas@me.com","message":"successfully processed after 5510 milliseconds."},{"id":"9a002515-9b2b-49f2-b547-7aba4e521571","email":"ella.anderson@dropbox.net","message":"successfully handled skipped operation."},{"id":"682be88d-87bb-422b-92a8-5eca9fb89f19","email":"emma.thomas@me.com","message":"failed to process due to network exception."},{"id":"809863dc-4fd6-452b-b494-8fa7ef2d9562","email":"tyler.nelson@microsoft.com","message":"successfully handled skipped operation."},{"id":"c065cf78-c815-4d65-85d1-bd945d5f4736","email":"mia.perez@me.com","message":"successfully parsed message, but message temporarily enqueued while system restarts."},{"id":"4ee2f85a-a7e8-4e5d-bc65-991d360d759a","email":"jack.thompson@me.com","message":"successfully parsed message, but message temporarily enqueued while system restarts."},{"id":"f5169729-23f8-4593-9e73-b71b71f0136f","email":"alyssa.jones@amerisave.com","message":"successfully handled skipped operation."},{"id":"26506c3a-a491-47e8-b406-42d13248c32f","email":"matthew.walker@amerisave.com","message":"successfully handled skipped operation."},{"id":"aa333c31-507c-408b-a8e5-029e5346e0c4","email":"jackson.white@gmail.com","message":"successfully handled skipped operation."},{"id":"b31e174a-ecc6-4ffe-b5cf-df6a38d9aaa1","email":"tyler.nelson@microsoft.com","message":"successfully processed after 3494 milliseconds."},{"id":"6cbbd401-1a1c-4a17-b9c0-6c18592912ee","email":"lily.harris@gmail.com","message":"failed to process due to datastore timeout of 30 seconds.  operation took 93 seconds."},{"id":"31cb9067-37dd-493e-943b-f57c4f2eb204","email":"liam.gonzalez@me.com","message":"successfully processed after 3170 milliseconds."},{"id":"5fe624b0-616f-4125-8384-f011dc93a108","email":"alexander.williams@gmail.com","message":"failed to process due to network exception."},{"id":"5070abb3-26f5-478b-8ad9-869d44d3393e","email":"michael.hall@dropbox.net","message":"successfully handled skipped operation."},{"id":"137b085c-1760-4ab2-9812-5b48c5d63b78","email":"mia.perez@me.com","message":"successfully processed after 751 milliseconds."},{"id":"9954b09d-1974-4f53-aac6-bcfc095928f9","email":"chloe.garcia@dropbox.net","message":"failed to process due to datastore timeout of 30 seconds.  operation took 128 seconds."},{"id":"7258719f-f3a2-4e26-80b8-0c109eb06f2d","email":"grace.moore@gmail.com","message":"failed to process due to datastore timeout of 30 seconds.  operation took 106 seconds."},{"id":"ca0496e6-4543-430d-83bb-0426f63aa2ae","email":"abigail.smith@amerisave.com","message":"successfully handled skipped operation."},{"id":"4752a414-807b-4da7-87b2-f1bbecd53d6c","email":"joshua.lee@gmail.com","message":"failed to process due to network exception."},{"id":"6b4c0533-1730-47a4-bd63-659dd955e48c","email":"jackson.white@gmail.com","message":"failed to process due to datastore timeout of 30 seconds.  operation took 68 seconds."},{"id":"c03895de-70f5-496e-b56e-7101eac17c0f","email":"taylor.adams@gmail.com","message":"successfully parsed message, but message temporarily enqueued while system restarts."},{"id":"1a9b17f5-13ac-4995-9cbd-55941fe11d3a","email":"mason.robinson@amerisave.com","message":"failed to process due to datastore timeout of 30 seconds.  operation took 31 seconds."},{"id":"c4f15f68-f465-4d6f-bdea-1a8bbaadb1a5","email":"olivia.wright@gmail.com","message":"successfully handled skipped operation."},{"id":"7df7b4e4-93e3-47d1-bfcb-d706f878fd14","email":"ella.anderson@dropbox.net","message":"successfully parsed message, but message temporarily enqueued while system restarts."},{"id":"bca1f250-8609-4269-be13-51ed80e5c6b0","email":"grace.moore@gmail.com","message":"successfully parsed message, but message temporarily enqueued while system restarts."},{"id":"1b07bda6-7555-471a-a2d6-c7cba91aca6c","email":"ella.anderson@dropbox.net","message":"successfully processed after 9293 milliseconds."},{"id":"9d99ddf8-6907-4718-8c68-f977769c1b3a","email":"elizabeth.martinez@dropbox.net","message":"failed to process due to network exception."},{"id":"8e2d29b0-8e7a-467f-b14b-54946294c7d1","email":"sarah.green@amerisave.com","message":"failed to process due to network exception."},{"id":"c5840e75-0eb5-4835-9752-79cb15d90bfd","email":"matthew.walker@amerisave.com","message":"successfully handled skipped operation."},{"id":"b96ec7e0-292d-47b0-94ad-3df23c94b41c","email":"isabella.jackson@amerisave.com","message":"failed to process due to datastore timeout of 30 seconds.  operation took 46 seconds."},{"id":"dbb4f3da-58fe-4ece-aab3-e0b449405412","email":"matthew.walker@amerisave.com","message":"successfully handled skipped operation."},{"id":"608b20ea-06f5-4c95-a15c-9a94ce3fdb9d","email":"nathan.young@microsoft.com","message":"failed to process due to datastore timeout of 30 seconds.  operation took 121 seconds."},{"id":"f30cfe28-9c11-4c4d-a9e1-a8dec8a02268","email":"tyler.nelson@microsoft.com","message":"successfully parsed message, but message temporarily enqueued while system restarts."},{"id":"6417aa86-f9f7-477f-86e9-51c32021a154","email":"grace.moore@gmail.com","message":"failed to process due to datastore timeout of 30 seconds.  operation took 32 seconds."},{"id":"d3f7b92a-9571-4fbe-88d8-4f39822deda2","email":"noah.sanchez@me.com","message":"failed to process due to network exception."},{"id":"d9caaf80-f7f9-46ff-9025-93723183c278","email":"dylan.wilson@gmail.com","message":"failed to process due to network exception."},{"id":"db206b5f-1eca-4520-8eeb-41bb98f45658","email":"emma.thomas@me.com","message":"successfully handled skipped operation."},{"id":"1caaa05e-fbe9-48e7-b4f1-00c5744f14e3","email":"tyler.nelson@microsoft.com","message":"failed to process due to network exception."},{"id":"0ad91463-a8e8-452d-9713-c1168d254907","email":"ella.anderson@dropbox.net","message":"successfully handled skipped operation."},{"id":"12e4377f-dd7d-4369-90a2-17da9f110feb","email":"grace.moore@gmail.com","message":"successfully processed after 145 milliseconds."},{"id":"31290d44-ce9e-4f05-acb3-4683370d2da1","email":"alyssa.jones@amerisave.com","message":"failed to process due to datastore timeout of 30 seconds.  operation took 114 seconds."},{"id":"028d6c36-fdfd-4554-9c12-3764e7934280","email":"jacob.lopez@dropbox.net","message":"failed to process due to datastore timeout of 30 seconds.  operation took 40 seconds."},{"id":"816f1d3e-f616-41cf-8734-ff3c1b76dce5","email":"michael.hall@dropbox.net","message":"failed to process due to network exception."},{"id":"63a90d21-1383-4103-96a4-bef51b963dd5","email":"mason.robinson@amerisave.com","message":"failed to process due to network exception."},{"id":"c743d7d5-3cee-4377-bfba-0af0e4254602","email":"daniel.rodriguez@amerisave.com","message":"failed to process due to network exception."},{"id":"27774515-0876-4333-b7c1-244446901edc","email":"hannah.martin@dropbox.net","message":"failed to process due to datastore timeout of 30 seconds.  operation took 50 seconds."},{"id":"14a66264-32c6-4b94-bf67-9f0e17afe774","email":"jacob.lopez@dropbox.net","message":"successfully processed after 5198 milliseconds."},{"id":"d66d94d8-ee9a-4c26-97bc-709d0ea43b74","email":"jack.thompson@me.com","message":"successfully processed after 8144 milliseconds."},{"id":"5f17e95c-ce9e-4e61-86fb-f707c286a3c7","email":"grace.moore@gmail.com","message":"failed to process due to datastore timeout of 30 seconds.  operation took 43 seconds."},{"id":"ce98e201-c51d-41c5-bc98-9d7669004cc2","email":"logan.clark@dropbox.net","message":"failed to process due to datastore timeout of 30 seconds.  operation took 80 seconds."},{"id":"95b46bc8-f47b-495d-83e6-a2694c982210","email":"logan.clark@dropbox.net","message":"failed to process due to datastore timeout of 30 seconds.  operation took 90 seconds."},{"id":"61835068-047f-4ffc-b24e-af79993210cb","email":"aiden.johnson@microsoft.com","message":"successfully parsed message, but message temporarily enqueued while system restarts."},{"id":"7bf2f9cc-5894-4ed2-a663-232ab7e96721","email":"abigail.smith@amerisave.com","message":"successfully handled skipped operation."},{"id":"76492167-9968-43cf-bfd4-12aa57259a2b","email":"samantha.scott@me.com","message":"failed to process due to network exception."},{"id":"37fb00b4-30da-48f3-9f39-94641e15e98e","email":"daniel.rodriguez@amerisave.com","message":"successfully handled skipped operation."},{"id":"051e9d10-4019-4168-87b3-40ed2c8a7ec5","email":"mia.perez@me.com","message":"failed to process due to network exception."},{"id":"3123ad19-c20a-4a83-9829-d144c0f422ae","email":"daniel.rodriguez@amerisave.com","message":"successfully parsed message, but message temporarily enqueued while system restarts."},{"id":"f13e7ccf-a938-49d9-9b5e-c3f1b8eaa73a","email":"daniel.rodriguez@amerisave.com","message":"successfully parsed message, but message temporarily enqueued while system restarts."},{"id":"8736101f-b888-463b-af5b-d448f3e86b0f","email":"abigail.smith@amerisave.com","message":"successfully parsed message, but message temporarily enqueued while system restarts."},{"id":"6252b850-2fa1-4285-a95f-4d1f1367345d","email":"chloe.garcia@dropbox.net","message":"failed to process due to datastore timeout of 30 seconds.  operation took 87 seconds."},{"id":"b61a2aae-9033-4bd0-97bf-28bb451638a8","email":"emily.taylor@gmail.com","message":"successfully handled skipped operation."},{"id":"694e58f1-bb88-4e99-890d-a4caa7778b9d","email":"mason.robinson@amerisave.com","message":"failed to process due to network exception."},{"id":"2901d6cb-f719-4d05-b555-92e862f98b56","email":"sarah.green@amerisave.com","message":"successfully processed after 7564 milliseconds."},{"id":"4374e551-7f17-422c-9eff-f183abc8bb80","email":"emily.taylor@gmail.com","message":"failed to process due to datastore timeout of 30 seconds.  operation took 46 seconds."},{"id":"c486e797-4729-49fd-8775-7860fc2dc514","email":"dylan.wilson@gmail.com","message":"successfully handled skipped operation."},{"id":"c2c098d5-7619-4418-b2a7-f1d7ca38b4d3","email":"liam.gonzalez@me.com","message":"successfully parsed message, but message temporarily enqueued while system restarts."},{"id":"ced277d8-03d1-4330-9dd1-1fea722b20a3","email":"alexander.williams@gmail.com","message":"successfully parsed message, but message temporarily enqueued while system restarts."},{"id":"db158b04-c9f7-43d4-a8aa-59317d0eed99","email":"ava.davis@gmail.com","message":"successfully parsed message, but message temporarily enqueued while system restarts."},{"id":"d6ed723f-8fa0-49aa-b0b9-f35205f906bb","email":"mason.robinson@amerisave.com","message":"failed to process due to network exception."},{"id":"352d74c3-ef69-4aee-b852-902cb6013f08","email":"ella.anderson@dropbox.net","message":"failed to process due to network exception."},{"id":"251ceb29-4fdb-4329-95b7-ee86b172d22b","email":"hannah.martin@dropbox.net","message":"failed to process due to datastore timeout of 30 seconds.  operation took 110 seconds."},{"id":"2bca6d02-b83a-4a14-8e87-48e993b09cd9","email":"madison.lewis@gmail.com","message":"failed to process due to network exception."},{"id":"6cef6d1c-4647-4948-9811-2c4c2221409d","email":"aiden.johnson@microsoft.com","message":"successfully processed after 2868 milliseconds."},{"id":"e0034863-30ee-4063-92e9-b4833526a3e8","email":"abigail.smith@amerisave.com","message":"successfully parsed message, but message temporarily enqueued while system restarts."},{"id":"5c5fb853-c38b-4fa3-bd32-68c548a47195","email":"michael.hall@dropbox.net","message":"failed to process due to network exception."},{"id":"df5afa33-beef-45f9-b61c-b4dd3da3ba57","email":"emily.taylor@gmail.com","message":"successfully handled skipped operation."},{"id":"db8d0174-5c55-4d16-8fdf-938b07ecfcaa","email":"ella.anderson@dropbox.net","message":"failed to process due to network exception."},{"id":"75d0d317-94e0-4848-b7d9-9b96d54cf96b","email":"joshua.lee@gmail.com","message":"successfully handled skipped operation."},{"id":"5a34e799-09bb-43ae-be10-7d1d336bd0a0","email":"andrew.miller@gmail.com","message":"successfully parsed message, but message temporarily enqueued while system restarts."},{"id":"529bc05a-afbe-4b8a-9390-7f06a3e85a6d","email":"isabella.jackson@amerisave.com","message":"failed to process due to datastore timeout of 30 seconds.  operation took 59 seconds."},{"id":"fcbe79ab-fbaf-4393-9dae-84bf31cdf6f5","email":"sophia.baker@dropbox.net","message":"successfully handled skipped operation."},{"id":"62885f3d-7c42-41b7-a7a0-ffa816f43c7a","email":"liam.gonzalez@me.com","message":"successfully processed after 7752 milliseconds."},{"id":"86fe5947-7645-4d56-88ef-46606af94314","email":"emily.taylor@gmail.com","message":"failed to process due to network exception."},{"id":"72b5f46f-083c-4299-b461-d93428e3e881","email":"sophia.baker@dropbox.net","message":"successfully handled skipped operation."},{"id":"2b52840d-ac3e-4ad5-b322-40fd5c90b573","email":"sarah.green@amerisave.com","message":"successfully processed after 5353 milliseconds."},{"id":"73cc0f41-3607-46bc-8f8d-a851da71afc6","email":"chloe.garcia@dropbox.net","message":"successfully parsed message, but message temporarily enqueued while system restarts."},{"id":"d0b5d249-9f43-4624-a66d-18ad164c107f","email":"tyler.nelson@microsoft.com","message":"successfully processed after 131 milliseconds."},{"id":"10f9e50f-55f9-4547-8a35-db5942d3dccb","email":"mia.perez@me.com","message":"successfully parsed message, but message temporarily enqueued while system restarts."},{"id":"b40c4173-5d13-4f9b-b508-03748f400f99","email":"tyler.nelson@microsoft.com","message":"successfully processed after 3413 milliseconds."},{"id":"5ba8670c-03a8-4fa2-9d90-7fb37403d61a","email":"jacob.lopez@dropbox.net","message":"successfully processed after 8088 milliseconds."},{"id":"4a7c0e3c-83fe-434e-b68e-5c1879e8cccb","email":"lily.harris@gmail.com","message":"successfully processed after 1522 milliseconds."},{"id":"4c91738d-9aec-4f46-bf4b-c524d829aeb3","email":"madison.lewis@gmail.com","message":"successfully handled skipped operation."},{"id":"74f115e8-80a2-432a-8210-7f1caa934718","email":"ryan.king@dropbox.net","message":"failed to process due to network exception."},{"id":"7ff62cc9-cb16-4c60-ae9e-a458f0b35d14","email":"grace.moore@gmail.com","message":"failed to process due to network exception."},{"id":"a8654e47-a4f7-46e3-af40-9c157f8aee89","email":"hannah.martin@dropbox.net","message":"failed to process due to datastore timeout of 30 seconds.  operation took 86 seconds."},{"id":"503457cf-51aa-416e-b61d-91502972f44e","email":"sarah.green@amerisave.com","message":"successfully handled skipped operation."},{"id":"727e7789-25b3-4fa5-98b9-c0c277d7622e","email":"chloe.garcia@dropbox.net","message":"successfully parsed message, but message temporarily enqueued while system restarts."},{"id":"2b72ee74-4b9c-4bea-b0e2-31beb2cb8efa","email":"andrew.miller@gmail.com","message":"successfully processed after 6580 milliseconds."},{"id":"c9761abe-685c-482a-8243-1e803a91d77f","email":"tyler.nelson@microsoft.com","message":"successfully handled skipped operation."},{"id":"6e966362-3843-4e44-beed-86d37d92936e","email":"chloe.garcia@dropbox.net","message":"failed to process due to network exception."},{"id":"37af5162-44ab-45c6-bf09-c5f8bb4d432e","email":"madison.lewis@gmail.com","message":"failed to process due to datastore timeout of 30 seconds.  operation took 69 seconds."},{"id":"21ef8213-73c7-4904-bea7-9551a4eb84e6","email":"lily.harris@gmail.com","message":"successfully processed after 2472 milliseconds."},{"id":"4ec80ee5-fb0b-4827-8e64-0de78930b8ba","email":"jack.thompson@me.com","message":"successfully parsed message, but message temporarily enqueued while system restarts."},{"id":"fa6c791f-6224-4404-87cd-3205ff6662d6","email":"madison.lewis@gmail.com","message":"successfully processed after 3493 milliseconds."},{"id":"01b856f3-0582-4c81-bd1a-1900ebba0e9b","email":"samantha.scott@me.com","message":"successfully handled skipped operation."},{"id":"3a287e69-e767-4781-8805-5811daa92bd7","email":"jackson.white@gmail.com","message":"successfully handled skipped operation."},{"id":"1f38c161-a4d3-4718-8389-55bc2afaa7ef","email":"chloe.garcia@dropbox.net","message":"successfully processed after 767 milliseconds."},{"id":"de857297-fe97-45d8-9194-162de009276f","email":"alyssa.jones@amerisave.com","message":"successfully processed after 9361 milliseconds."},{"id":"6b0e0142-55b7-45ed-a8f8-f9aed0d124c1","email":"sarah.green@amerisave.com","message":"successfully parsed message, but message temporarily enqueued while system restarts."},{"id":"877a4af6-c098-48e8-a6cc-6f854b0635d5","email":"andrew.miller@gmail.com","message":"successfully handled skipped operation."},{"id":"fc73da61-11d7-4b43-a3d0-a61f87182d5a","email":"grace.moore@gmail.com","message":"successfully parsed message, but message temporarily enqueued while system restarts."},{"id":"b914751b-97f6-4587-a72b-9d6abbb5954c","email":"mason.robinson@amerisave.com","message":"successfully processed after 4371 milliseconds."},{"id":"4add7fcb-1e9f-4322-abe6-273dc4fcab11","email":"jacob.lopez@dropbox.net","message":"successfully processed after 9888 milliseconds."},{"id":"be0dc2a9-be46-4055-a0b3-a34431daab7f","email":"mason.robinson@amerisave.com","message":"successfully processed after 6334 milliseconds."},{"id":"78fa1682-1edb-40cd-8243-db5b285f57e3","email":"jacob.lopez@dropbox.net","message":"failed to process due to network exception."},{"id":"7b68ead2-aa4d-4537-b777-e977dee9c3d1","email":"madison.lewis@gmail.com","message":"successfully processed after 2649 milliseconds."},{"id":"f082af50-026a-4675-a1cb-c6aa7f2ae0e9","email":"emma.thomas@me.com","message":"failed to process due to datastore timeout of 30 seconds.  operation took 59 seconds."},{"id":"302c7075-ab1c-47b8-bae2-49cbda0bd9de","email":"tyler.nelson@microsoft.com","message":"successfully handled skipped operation."},{"id":"9a37d69a-d388-4ed8-979e-422ac1f18b7c","email":"aiden.johnson@microsoft.com","message":"successfully processed after 6366 milliseconds."},{"id":"c6d1c25e-311f-41ab-aa4d-b2860b1217c2","email":"emma.thomas@me.com","message":"failed to process due to network exception."},{"id":"67f9f553-a44b-40b3-9505-7938462ee0f5","email":"isabella.jackson@amerisave.com","message":"successfully parsed message, but message temporarily enqueued while system restarts."},{"id":"2af433bd-4b29-461e-8f98-3fffeee935bf","email":"mason.robinson@amerisave.com","message":"successfully handled skipped operation."},{"id":"f9bb9e57-b367-4902-ba35-2bb7cc7d6f4f","email":"jacob.lopez@dropbox.net","message":"successfully processed after 7052 milliseconds."},{"id":"5e521637-97f9-4398-a67e-6732382d89d2","email":"noah.sanchez@me.com","message":"successfully handled skipped operation."},{"id":"c8d76286-9502-4b2e-9a0c-5545d9798dbd","email":"madison.lewis@gmail.com","message":"successfully parsed message, but message temporarily enqueued while system restarts."},{"id":"49a2b2a1-93dd-4ec1-808c-71405cc1b1b7","email":"ella.anderson@dropbox.net","message":"successfully processed after 7686 milliseconds."},{"id":"c5d47c9a-f95b-49fe-a62f-e5eaafaf3749","email":"nathan.young@microsoft.com","message":"successfully parsed message, but message temporarily enqueued while system restarts."},{"id":"f16435b2-262f-4661-b438-084e9109ea6d","email":"isabella.jackson@amerisave.com","message":"failed to process due to datastore timeout of 30 seconds.  operation took 99 seconds."},{"id":"39f70fcf-cbd0-428e-8719-c2b9ff8aef6e","email":"noah.sanchez@me.com","message":"failed to process due to network exception."},{"id":"a1b587bf-9959-41d3-ac94-0ab442d4b6b3","email":"nicholas.allen@microsoft.com","message":"failed to process due to network exception."},{"id":"0d7dd8de-4004-485a-9eb2-ba68cb321c97","email":"nathan.young@microsoft.com","message":"successfully processed after 8486 milliseconds."},{"id":"507c9fa3-4518-4a2a-841d-7ab25b2c97b7","email":"emma.thomas@me.com","message":"failed to process due to network exception."},{"id":"b1037432-1ce3-421c-b001-5d195df87c96","email":"elizabeth.martinez@dropbox.net","message":"failed to process due to datastore timeout of 30 seconds.  operation took 72 seconds."},{"id":"2eb44449-680e-4d6f-81bb-b2aedf246025","email":"dylan.wilson@gmail.com","message":"failed to process due to network exception."},{"id":"a77312c3-0f04-4f02-816f-7a2e96419c2f","email":"andrew.miller@gmail.com","message":"failed to process due to network exception."},{"id":"21bf467b-6b39-4e84-a754-2291fb9d65ae","email":"nathan.young@microsoft.com","message":"successfully handled skipped operation."},{"id":"eff2e9d2-2b8f-4487-92d3-bce993a9c225","email":"ethan.hernandez@microsoft.com","message":"failed to process due to datastore timeout of 30 seconds.  operation took 127 seconds."},{"id":"ec0f3d49-b3dc-4583-87ff-74d115ee1a4a","email":"mason.robinson@amerisave.com","message":"failed to process due to network exception."},{"id":"cbeed2ac-7dba-40e9-be2b-7e984896b657","email":"madison.lewis@gmail.com","message":"successfully parsed message, but message temporarily enqueued while system restarts."},{"id":"1b7df04b-fc3c-4c04-b978-6ae2743addc7","email":"taylor.adams@gmail.com","message":"successfully processed after 9984 milliseconds."},{"id":"0b8748dc-4a7a-4ff5-84a5-0cebedb4e731","email":"alexander.williams@gmail.com","message":"successfully handled skipped operation."},{"id":"4dd4ec17-5b85-4149-8ae9-9bcb6458b2ab","email":"ella.anderson@dropbox.net","message":"successfully handled skipped operation."},{"id":"ff5f6bc4-e194-4d37-af28-8d23c79f3a4e","email":"logan.clark@dropbox.net","message":"failed to process due to datastore timeout of 30 seconds.  operation took 53 seconds."},{"id":"04f283e1-1633-4898-8345-9a38447e3d39","email":"alexander.williams@gmail.com","message":"failed to process due to network exception."},{"id":"269737c2-f503-4fb4-ba79-9f80642d9497","email":"liam.gonzalez@me.com","message":"successfully parsed message, but message temporarily enqueued while system restarts."},{"id":"ac1350b0-51a3-4454-a0b8-035c14cdb01c","email":"mason.robinson@amerisave.com","message":"failed to process due to datastore timeout of 30 seconds.  operation took 76 seconds."},{"id":"7392d1ef-249d-47bf-8927-57e3963649bd","email":"ryan.king@dropbox.net","message":"successfully parsed message, but message temporarily enqueued while system restarts."},{"id":"305cca86-c816-4573-b7bb-c89198e13b8e","email":"ella.anderson@dropbox.net","message":"successfully parsed message, but message temporarily enqueued while system restarts."},{"id":"3bea4a9e-54ab-47b5-89a7-f436fcf3e46c","email":"mason.robinson@amerisave.com","message":"successfully processed after 60 milliseconds."},{"id":"3f6f2c3b-aa0a-4bf2-b638-c52ca96e2f5f","email":"alexander.williams@gmail.com","message":"successfully parsed message, but message temporarily enqueued while system restarts."},{"id":"40475ab5-4fd4-4406-869d-60f3d6977cb2","email":"daniel.rodriguez@amerisave.com","message":"successfully parsed message, but message temporarily enqueued while system restarts."},{"id":"b9ec9abe-17bf-4644-aef4-53bd6a97e4bd","email":"hannah.martin@dropbox.net","message":"successfully processed after 690 milliseconds."},{"id":"67fa1afb-1293-4c1d-a4ee-459e45790321","email":"alyssa.jones@amerisave.com","message":"successfully processed after 8805 milliseconds."},{"id":"79a7094b-19b1-4684-a1b5-87898d17ccb3","email":"daniel.rodriguez@amerisave.com","message":"successfully handled skipped operation."},{"id":"01a7c8e8-db9f-41ce-b564-0aaccefc42b9","email":"jack.thompson@me.com","message":"successfully parsed message, but message temporarily enqueued while system restarts."},{"id":"7fa47bb5-1dd2-420f-b2c6-7e8b062d61c2","email":"hannah.martin@dropbox.net","message":"successfully handled skipped operation."},{"id":"55aebbf8-831f-4861-b04f-e77d69bdc170","email":"liam.gonzalez@me.com","message":"failed to process due to datastore timeout of 30 seconds.  operation took 84 seconds."},{"id":"b1bd68ed-0bc6-4849-be7d-53979cef3bd5","email":"tyler.nelson@microsoft.com","message":"successfully handled skipped operation."},{"id":"2ec4839b-0d38-4fb7-951b-6767645e3d45","email":"ethan.hernandez@microsoft.com","message":"successfully parsed message, but message temporarily enqueued while system restarts."},{"id":"2243d66c-62e3-4724-9400-af4491544a94","email":"mia.perez@me.com","message":"successfully processed after 3525 milliseconds."},{"id":"c1706f87-0386-42d4-8761-49ec58875eff","email":"elizabeth.martinez@dropbox.net","message":"failed to process due to datastore timeout of 30 seconds.  operation took 88 seconds."},{"id":"e3bfb861-aa8b-479f-8cd1-2e24aa503bed","email":"tyler.nelson@microsoft.com","message":"failed to process due to datastore timeout of 30 seconds.  operation took 84 seconds."},{"id":"c4aea6de-0508-4049-a118-495b6e933278","email":"dylan.wilson@gmail.com","message":"failed to process due to datastore timeout of 30 seconds.  operation took 104 seconds."},{"id":"1f3a8f77-6a9b-42d6-919c-698c7ea728e5","email":"nicholas.allen@microsoft.com","message":"failed to process due to datastore timeout of 30 seconds.  operation took 84 seconds."},{"id":"bc2e50ca-0789-418a-9a49-fc73f35cf7f5","email":"sarah.green@amerisave.com","message":"failed to process due to datastore timeout of 30 seconds.  operation took 50 seconds."},{"id":"8001cb82-858e-4caa-b2a8-baae0f55beba","email":"isabella.jackson@amerisave.com","message":"failed to process due to network exception."},{"id":"fcae742b-efa7-43d1-9a86-6d406b0ba048","email":"liam.gonzalez@me.com","message":"failed to process due to network exception."},{"id":"6cb3a99d-4f0d-4efc-9255-25bfd9fe15b1","email":"jack.thompson@me.com","message":"successfully parsed message, but message temporarily enqueued while system restarts."},{"id":"5e96d099-0496-4120-9a3e-d2a0bcdfabab","email":"abigail.smith@amerisave.com","message":"successfully processed after 6753 milliseconds."},{"id":"d617a1c9-99ae-429d-8ae4-401f8f6952b1","email":"mia.perez@me.com","message":"failed to process due to network exception."},{"id":"c7b644a2-430a-4797-8c5f-f70975fae1e4","email":"alyssa.jones@amerisave.com","message":"successfully processed after 7717 milliseconds."},{"id":"324e11ca-38ef-4aee-b304-864dae16a540","email":"isabella.jackson@amerisave.com","message":"successfully parsed message, but message temporarily enqueued while system restarts."},{"id":"8e13725f-c7f6-4104-9f4d-9a4c08e0a15e","email":"dylan.wilson@gmail.com","message":"failed to process due to datastore timeout of 30 seconds.  operation took 31 seconds."},{"id":"a6d956c0-63cb-4bc6-a306-e8c48d6dadc1","email":"abigail.smith@amerisave.com","message":"successfully parsed message, but message temporarily enqueued while system restarts."},{"id":"750b0d80-d2e3-49fd-8da3-d17d2fdef03c","email":"jack.thompson@me.com","message":"successfully processed after 9870 milliseconds."},{"id":"81bd689f-09ef-4c85-b6e3-5e0b319f89f1","email":"liam.gonzalez@me.com","message":"failed to process due to datastore timeout of 30 seconds.  operation took 70 seconds."},{"id":"6d72b544-81eb-44ae-956c-0d8fed51a33a","email":"isabella.jackson@amerisave.com","message":"failed to process due to datastore timeout of 30 seconds.  operation took 103 seconds."},{"id":"2d99fee6-c84e-4ba1-9ad7-1e6b505f2d6f","email":"matthew.walker@amerisave.com","message":"successfully parsed message, but message temporarily enqueued while system restarts."},{"id":"45f0c203-7647-4460-a590-75529a61c9c1","email":"taylor.adams@gmail.com","message":"failed to process due to network exception."},{"id":"01480893-9769-4d9c-b12f-37f6792242cb","email":"liam.gonzalez@me.com","message":"failed to process due to network exception."},{"id":"f1a4cd86-1072-4a8d-8af8-fbea9dde78a1","email":"dylan.wilson@gmail.com","message":"failed to process due to datastore timeout of 30 seconds.  operation took 111 seconds."},{"id":"f4c67058-f8b1-4279-831c-903f1d512d19","email":"ethan.hernandez@microsoft.com","message":"successfully parsed message, but message temporarily enqueued while system restarts."},{"id":"fa15b87c-f292-45ae-afc4-872339c42a4f","email":"chloe.garcia@dropbox.net","message":"successfully parsed message, but message temporarily enqueued while system restarts."},{"id":"707c1d12-c1cd-4db0-9b16-ddc072f902b3","email":"nicholas.allen@microsoft.com","message":"successfully processed after 5694 milliseconds."},{"id":"70a5b31c-0f7c-4676-9fe3-08c0da281dc7","email":"aiden.johnson@microsoft.com","message":"failed to process due to network exception."},{"id":"7818e624-5cd2-4c25-ac7e-fdda6210d1d8","email":"tyler.nelson@microsoft.com","message":"successfully processed after 1096 milliseconds."},{"id":"ee243687-a3e0-45c8-b9ec-b4e285e28bd4","email":"nicholas.allen@microsoft.com","message":"successfully handled skipped operation."},{"id":"c8449c6f-8519-4753-bda7-736b0ed9b154","email":"joshua.lee@gmail.com","message":"successfully processed after 4402 milliseconds."},{"id":"a87e9c27-3938-4d81-b982-c40b3c5ab278","email":"alyssa.jones@amerisave.com","message":"successfully processed after 5931 milliseconds."},{"id":"9d39a1c8-f967-4f40-acdf-1d67a97d80c1","email":"andrew.miller@gmail.com","message":"successfully handled skipped operation."},{"id":"328337fb-3ff4-4fe8-bac5-5f16c15127f2","email":"chloe.garcia@dropbox.net","message":"failed to process due to datastore timeout of 30 seconds.  operation took 88 seconds."},{"id":"98511724-771f-43c1-890c-a8b113734e7a","email":"ryan.king@dropbox.net","message":"successfully processed after 5727 milliseconds."},{"id":"c1df4f3d-40db-4c4b-9c31-d074071c681d","email":"mason.robinson@amerisave.com","message":"failed to process due to datastore timeout of 30 seconds.  operation took 52 seconds."},{"id":"5bacf801-f00b-4030-9ace-e6244bf5f7f2","email":"mason.robinson@amerisave.com","message":"successfully processed after 6489 milliseconds."},{"id":"95d79ab7-c4c1-4a28-ad23-19838e65014a","email":"emma.thomas@me.com","message":"failed to process due to network exception."},{"id":"637e900a-046c-4897-a6c0-a8e02a8f2ca6","email":"emily.taylor@gmail.com","message":"failed to process due to datastore timeout of 30 seconds.  operation took 105 seconds."},{"id":"1e2516d1-bf84-464d-9e2b-33098e3a9ed2","email":"isabella.jackson@amerisave.com","message":"failed to process due to datastore timeout of 30 seconds.  operation took 49 seconds."},{"id":"a6b79762-43fc-4c1d-9d4e-e247be7afaaa","email":"aiden.johnson@microsoft.com","message":"successfully parsed message, but message temporarily enqueued while system restarts."},{"id":"c63b0d01-23f2-4898-8e25-a1b6867335a0","email":"jack.thompson@me.com","message":"successfully processed after 6025 milliseconds."},{"id":"ddc83843-ac05-4770-9490-11dc5b6dd0d3","email":"hannah.martin@dropbox.net","message":"failed to process due to network exception."},{"id":"356ccfd6-1c4f-4202-a176-29787acb8805","email":"hannah.martin@dropbox.net","message":"successfully processed after 7981 milliseconds."},{"id":"47c465a1-f8ad-4bd5-b0e6-f8ca55014af2","email":"sophia.baker@dropbox.net","message":"successfully parsed message, but message temporarily enqueued while system restarts."},{"id":"6f39594d-20ab-4186-889c-b882eeeab32f","email":"jackson.white@gmail.com","message":"successfully parsed message, but message temporarily enqueued while system restarts."},{"id":"6ff46a40-3622-4478-93f1-a40214253135","email":"nathan.young@microsoft.com","message":"failed to process due to network exception."},{"id":"e8fad985-b749-4e16-87af-912623848727","email":"mason.robinson@amerisave.com","message":"successfully parsed message, but message temporarily enqueued while system restarts."},{"id":"7f66a0a5-632d-4dbb-8fef-ffa638410ff4","email":"olivia.wright@gmail.com","message":"failed to process due to network exception."},{"id":"9bd37412-4272-4c3d-8335-ded663700995","email":"alyssa.jones@amerisave.com","message":"failed to process due to datastore timeout of 30 seconds.  operation took 55 seconds."},{"id":"957c3482-93b1-4646-b667-7d49f5b372a8","email":"grace.moore@gmail.com","message":"failed to process due to network exception."},{"id":"3550c493-de52-4bfb-abb4-97b1f73e4d36","email":"sophia.baker@dropbox.net","message":"successfully parsed message, but message temporarily enqueued while system restarts."},{"id":"27741d2d-8d2d-4113-9369-466a935c0ac4","email":"ava.davis@gmail.com","message":"successfully parsed message, but message temporarily enqueued while system restarts."},{"id":"a4fe4f1d-51e7-4b0a-8518-a1cf4c40a02b","email":"emily.taylor@gmail.com","message":"successfully parsed message, but message temporarily enqueued while system restarts."},{"id":"4165ff48-94ee-4c63-a3c4-cb5f6d73f9a8","email":"sarah.green@amerisave.com","message":"successfully processed after 4948 milliseconds."},{"id":"ef6116fe-8fa2-4db8-a1e1-1009688aaa31","email":"emma.thomas@me.com","message":"successfully processed after 4930 milliseconds."},{"id":"c5cc90fd-3892-4a4d-b512-49e81ea1b400","email":"sarah.green@amerisave.com","message":"successfully processed after 2772 milliseconds."},{"id":"0126d011-f82b-4e9c-ab53-aacd2472078c","email":"alyssa.jones@amerisave.com","message":"failed to process due to datastore timeout of 30 seconds.  operation took 94 seconds."},{"id":"7b44e5ac-bfd5-4d2e-bec2-6266bc5bd8b9","email":"ryan.king@dropbox.net","message":"failed to process due to datastore timeout of 30 seconds.  operation took 75 seconds."},{"id":"6c48f818-21df-43dd-9921-26abcd213758","email":"michael.hall@dropbox.net","message":"failed to process due to datastore timeout of 30 seconds.  operation took 130 seconds."},{"id":"628962aa-7d23-4130-a30d-e53001df2817","email":"andrew.miller@gmail.com","message":"successfully parsed message, but message temporarily enqueued while system restarts."},{"id":"a50ead40-cfcd-4a55-a63c-952fcd6541f6","email":"alexander.williams@gmail.com","message":"successfully parsed message, but message temporarily enqueued while system restarts."},{"id":"afb349e3-ad99-42fd-9139-2e0b174efe4c","email":"nathan.young@microsoft.com","message":"successfully parsed message, but message temporarily enqueued while system restarts."},{"id":"25d22214-db97-4fc2-95c2-1f5051309e6f","email":"grace.moore@gmail.com","message":"failed to process due to network exception."},{"id":"c10851eb-c44d-43bf-b40d-e7e5b8f52913","email":"emily.taylor@gmail.com","message":"failed to process due to datastore timeout of 30 seconds.  operation took 113 seconds."},{"id":"de398a0b-6edc-4c36-8d85-4c2baadf7da7","email":"mia.perez@me.com","message":"failed to process due to network exception."},{"id":"0e0e4a76-1d04-4caf-8763-9831708b7356","email":"mason.robinson@amerisave.com","message":"successfully parsed message, but message temporarily enqueued while system restarts."},{"id":"8528cd73-a4b8-4654-8e40-cc5c056ab6c5","email":"samantha.scott@me.com","message":"failed to process due to datastore timeout of 30 seconds.  operation took 59 seconds."},{"id":"2ff3141d-b2e1-4096-9abe-c40ffdd32c28","email":"lily.harris@gmail.com","message":"successfully handled skipped operation."}],"id":"acfdb474-92ee-45af-a64d-4f686f9bbeb5"}