{"logs":[{"id":"e93b8963-8fda-40a3-ba52-63c41481cc32","email":"emily.taylor@gmail.com","message":"successfully parsed message, but message temporarily enqueued while system restarts."},{"id":"9448b323-4ac6-47db-a86b-55bdbbb12de5","email":"nicholas.allen@microsoft.com","message":"failed to process due to datastore timeout of 30 seconds.  operation took 90 seconds."},{"id":"ad46334b-dd33-43b4-b5a4-df77b1afccc3","email":"noah.sanchez@me.com","message":"successfully processed after 6173 milliseconds."},{"id":"25234edc-e16a-4c8d-b9c3-4c463657cc50","email":"isabella.jackson@amerisave.com","message":"successfully processed after 8313 milliseconds."},{"id":"1322229e-b07a-448e-a39a-0dda19871788","email":"abigail.smith@amerisave.com","message":"failed to process due to datastore timeout of 30 seconds.  operation took 80 seconds."},{"id":"cea36661-c9f4-4c86-b0ce-43608465d0a1","email":"elizabeth.martinez@dropbox.net","message":"failed to process due to network exception."},{"id":"721582f6-a8c7-492f-98e6-e8a1819c30c5","email":"grace.moore@gmail.com","message":"failed to process due to datastore timeout of 30 seconds.  operation took 115 seconds."},{"id":"34c88317-7f88-4793-8a82-8e29a53fd21e","email":"andrew.miller@gmail.com","message":"successfully parsed message, but message temporarily enqueued while system restarts."},{"id":"be82e79c-db9a-4a77-ab47-f6575b528cb4","email":"hannah.martin@dropbox.net","message":"failed to process due to network exception."},{"id":"1f738574-17ce-405b-b3df-835d50584952","email":"hannah.martin@dropbox.net","message":"successfully processed after 6811 milliseconds."},{"id":"8bd7f3fe-a603-4af0-b1f4-1bd4b68df844","email":"sarah.green@amerisave.com","message":"successfully parsed message, but message temporarily enqueued while system restarts."},{"id":"dc2fad70-3bd9-435a-8e3c-48bb8a6a5474","email":"lily.harris@gmail.com","message":"failed to process due to network exception."},{"id":"c34b88cf-8c38-4dbd-87b6-1c1966c9ee8d","email":"emma.thomas@me.com","message":"successfully parsed message, but message temporarily enqueued while system restarts."},{"id":"f0cd379b-bea2-4bb0-8785-69442227c7c7","email":"chloe.garcia@dropbox.net","message":"failed to process due to network exception."},{"id":"3531094d-9b02-47b7-8f87-77431cfc91e1","email":"hannah.martin@dropbox.net","message":"failed to process due to network exception."},{"id":"8a2e5af8-0e32-4c56-bf4c-28433661aab8","email":"logan.clark@dropbox.net","message":"successfully parsed message, but message temporarily enqueued while system restarts."},{"id":"1438f644-05b6-46b2-add1-57700d4d5416","email":"olivia.wright@gmail.com","message":"successfully handled skipped operation."},{"id":"231d0cab-03fc-4cf9-b4c7-36118ea69267","email":"ava.davis@gmail.com","message":"successfully parsed message, but message temporarily enqueued while system restarts."},{"id":"5eccb2df-eb26-492e-b691-b5089663fbf9","email":"matthew.walker@amerisave.com","message":"successfully handled skipped operation."},{"id":"55a515b9-0e60-4c2b-bbd0-6f20662ee9b3","email":"ryan.king@dropbox.net","message":"successfully processed after 8526 milliseconds."},{"id":"02b528c2-7250-4b55-9576-f8d37ac4ede0","email":"hannah.martin@dropbox.net","message":"successfully handled skipped operation."},{"id":"c7a9b36f-9d8d-4914-8f8b-25a8f71e5094","email":"aiden.johnson@microsoft.com","message":"successfully parsed message, but message temporarily enqueued while system restarts."},{"id":"c0ebd3ab-8a4e-4a4f-bb85-d8461f1dd79c","email":"logan.clark@dropbox.net","message":"failed to process due to datastore timeout of 30 seconds.  operation took 44 seconds."},{"id":"b4c55aac-5785-4623-b454-ceec10c88c7c","email":"madison.lewis@gmail.com","message":"failed to process due to network exception."},{"id":"b530196e-937a-4540-b711-4052bba64d75","email":"mia.perez@me.com","message":"successfully parsed message, but message temporarily enqueued while system restarts."},{"id":"f7028ebc-914d-42f5-91b4-7d1cd0ef0bf4","email":"lily.harris@gmail.com","message":"successfully parsed message, but message temporarily enqueued while system restarts."},{"id":"24de1b6b-0ceb-46be-8976-778920111fb7","email":"matthew.walker@amerisave.com","message":"successfully processed after 4890 milliseconds."},{"id":"df4b7e9d-15bb-4a63-a796-8d553bf13f30","email":"taylor.adams@gmail.com","message":"successfully handled skipped operation."},{"id":"2cfbcfa3-cc4d-4332-a63e-26c779a75fa3","email":"noah.sanchez@me.com","message":"failed to process due to network exception."},{"id":"704de2e6-2c05-42f7-af33-db146462074f","email":"matthew.walker@amerisave.com","message":"failed to process due to datastore timeout of 30 seconds.  operation took 71 seconds."},{"id":"5b602a02-c02a-47d2-a7d3-54e817fa6ca1","email":"michael.hall@dropbox.net","message":"successfully parsed message, but message temporarily enqueued while system restarts."},{"id":"3a649e7c-ac41-46a1-879e-3f1029de44a6","email":"ryan.king@dropbox.net","message":"failed to process due to network exception."},{"id":"00f6a4e0-8583-4b92-ba5c-1f5076305f9a","email":"chloe.garcia@dropbox.net","message":"successfully handled skipped operation."},{"id":"38140350-9553-48d7-981a-02b54f5e1666","email":"nicholas.allen@microsoft.com","message":"failed to process due to network exception."},{"id":"490287da-a268-4c39-bfeb-be7b29e20793","email":"hannah.martin@dropbox.net","message":"successfully parsed message, but message temporarily enqueued while system restarts."},{"id":"dd49f147-2efa-48cd-96d9-465eb7bfa10e","email":"joshua.lee@gmail.com","message":"successfully handled skipped operation."},{"id":"d1e5a7cb-48cf-4bcd-83c6-28819c28d95c","email":"sarah.green@amerisave.com","message":"successfully handled skipped operation."},{"id":"3b04d8a8-7ed5-4205-806b-c94ff4526481","email":"abigail.smith@amerisave.com","message":"failed to process due to datastore timeout of 30 seconds.  operation took 89 seconds."},{"id":"e03392b9-dfb6-4c3d-a52a-0e1776cdfcc1","email":"chloe.garcia@dropbox.net","message":"failed to process due to datastore timeout of 30 seconds.  operation took 109 seconds."},{"id":"9f109ae4-f16a-4dd9-92b1-76b1b9f88f57","email":"olivia.wright@gmail.com","message":"successfully handled skipped operation."},{"id":"a5f644dc-4b7a-4323-aa85-40d73a1de51e","email":"taylor.adams@gmail.com","message":"successfully processed after 8612 milliseconds."},{"id":"a6cfa59d-20ac-48fd-a1f7-44b53a8eb4f6","email":"alexis.brown@microsoft.com","message":"failed to process due to network exception."},{"id":"62f56113-c982-47d1-93b5-af8a91f11f0e","email":"abigail.smith@amerisave.com","message":"successfully handled skipped operation."},{"id":"28397e72-c934-42fa-a210-85f46347263f","email":"jackson.white@gmail.com","message":"successfully handled skipped operation."},{"id":"a09ad61e-7ecf-4228-bf12-59fd8d11c4d2","email":"sarah.green@amerisave.com","message":"successfully processed after 1525 milliseconds."},{"id":"6eeab7dd-7c1e-40eb-a448-49cc6ac04cdf","email":"alexander.williams@gmail.com","message":"successfully handled skipped operation."},{"id":"b3981767-8bff-4b58-a6e8-13742c85e93e","email":"alyssa.jones@amerisave.com","message":"failed to process due to datastore timeout of 30 seconds.  operation took 112 seconds."},{"id":"ab72c10a-3dc4-424d-8d48-f2652f9a81a6","email":"logan.clark@dropbox.net","message":"failed to process due to network exception."},{"id":"dc98a803-b98c-4b71-8dfe-6e60eed0ee5c","email":"sarah.green@amerisave.com","message":"successfully parsed message, but message temporarily enqueued while system restarts."},{"id":"50c378e1-d0dc-41aa-b27b-12eec5800191","email":"sarah.green@amerisave.com","message":"successfully parsed message, but message temporarily enqueued while system restarts."},{"id":"787b7d04-1f1b-4bbd-a120-82c6aa119959","email":"jack.thompson@me.com","message":"successfully parsed message, but message temporarily enqueued while system restarts."},{"id":"27a6e23d-c7f0-4301-bc92-1d46017c5040","email":"nathan.young@microsoft.com","message":"failed to process due to datastore timeout of 30 seconds.  operation took 46 seconds."},{"id":"b4bd1d53-cee8-4dd2-a923-6a3bfce6487b","email":"nicholas.allen@microsoft.com","message":"failed to process due to datastore timeout of 30 seconds.  operation took 81 seconds."},{"id":"82f606b6-f4b1-4acf-8eb7-4401a9cc1b68","email":"elizabeth.martinez@dropbox.net","message":"successfully handled skipped operation."},{"id":"09ea922f-8e6f-4941-8c87-565bce91fce0","email":"lily.harris@gmail.com","message":"successfully handled skipped operation."},{"id":"acfef48f-5ffb-4367-9e26-24c62b133fb6","email":"dylan.wilson@gmail.com","message":"failed to process due to network exception."},{"id":"dca09089-15b3-44fd-aa35-1f5fbcb99ae6","email":"aiden.johnson@microsoft.com","message":"failed to process due to network exception."},{"id":"75e419cc-cfc8-47d1-b15d-30b500cc1c0e","email":"emma.thomas@me.com","message":"failed to process due to datastore timeout of 30 seconds.  operation took 127 seconds."},{"id":"36e526e0-fbea-4404-a9b7-cdeebe918bc9","email":"emily.taylor@gmail.com","message":"failed to process due to network exception."},{"id":"8c1ff15c-cef9-441b-b794-c7ae962d5bad","email":"abigail.smith@amerisave.com","message":"successfully processed after 3411 milliseconds."},{"id":"4075607a-b34a-40ce-9a1e-94d5594cca38","email":"isabella.jackson@amerisave.com","message":"successfully processed after 2643 milliseconds."},{"id":"c23d5968-ed95-457e-98aa-711e5f134c58","email":"emily.taylor@gmail.com","message":"failed to process due to datastore timeout of 30 seconds.  operation took 90 seconds."},{"id":"5f92bd06-7ac6-45e3-8dd4-c8810173444d","email":"elizabeth.martinez@dropbox.net","message":"successfully handled skipped operation."},{"id":"d9a18e82-9ecc-428d-9169-077f7d8b31c3","email":"olivia.wright@gmail.com","message":"failed to process due to datastore timeout of 30 seconds.  operation took 77 seconds."},{"id":"6c381275-0832-4d04-b890-40e5a96cff54","email":"dylan.wilson@gmail.com","message":"failed to process due to network exception."},{"id":"0a2416be-cec6-4ce2-b4b9-f433a100c6ae","email":"emily.taylor@gmail.com","message":"successfully handled skipped operation."},{"id":"b187cace-fddb-4d3f-822a-e99555869dad","email":"alexis.brown@microsoft.com","message":"failed to process due to network exception."},{"id":"3049d8d2-f35c-4fe3-9a3c-66cfc464a558","email":"ella.anderson@dropbox.net","message":"failed to process due to datastore timeout of 30 seconds.  operation took 39 seconds."},{"id":"55993947-a721-4916-994b-1e1b46b940f7","email":"alyssa.jones@amerisave.com","message":"failed to process due to datastore timeout of 30 seconds.  operation took 101 seconds."},{"id":"f7a5241c-91bd-48b0-b5a4-2b8dbacff27a","email":"logan.clark@dropbox.net","message":"successfully processed after 1975 milliseconds."},{"id":"a11146c0-d156-48d9-b656-b1688f1c0efe","email":"emma.thomas@me.com","message":"successfully parsed message, but message temporarily enqueued while system restarts."},{"id":"d52f5368-79b6-4887-aed4-eda9ecd83b9e","email":"aiden.johnson@microsoft.com","message":"successfully parsed message, but message temporarily enqueued while system restarts."},{"id":"60068d9b-3ce1-47a2-b2fd-1e6f04de2a04","email":"nathan.young@microsoft.com","message":"successfully processed after 4112 milliseconds."},{"id":"3832eb99-42f3-467c-b2a8-86e2afe311bc","email":"nathan.young@microsoft.com","message":"successfully parsed message, but message temporarily enqueued while system restarts."},{"id":"8b7adedb-2188-40b5-9e3a-eae9bb800e92","email":"mason.robinson@amerisave.com","message":"successfully parsed message, but message temporarily enqueued while system restarts."},{"id":"94811ee6-fd56-4382-bef1-2469656d3ee3","email":"sarah.green@amerisave.com","message":"successfully processed after 3026 milliseconds."},{"id":"685c781f-119f-4296-9a9f-806807e9fbb8","email":"noah.sanchez@me.com","message":"successfully handled skipped operation."},{"id":"8760ee63-90b7-4717-9982-1aa247a72c2a","email":"madison.lewis@gmail.com","message":"failed to process due to network exception."},{"id":"c62c1fcc-43f6-432d-bf8c-14aa0fa00be1","email":"jackson.white@gmail.com","message":"successfully handled skipped operation."},{"id":"227b416e-d9cf-4f82-a75c-d23e5b95f61a","email":"ryan.king@dropbox.net","message":"failed to process due to datastore timeout of 30 seconds.  operation took 37 seconds."},{"id":"60adf0df-0331-4e3b-acdc-a6a26fb1640c","email":"emma.thomas@me.com","message":"successfully handled skipped operation."},{"id":"7d15ddf8-35ee-4e48-aee1-8f3778d28d8b","email":"tyler.nelson@microsoft.com","message":"failed to process due to network exception."},{"id":"148da947-c07d-4e57-b03c-6bf0c6ac5c86","email":"ryan.king@dropbox.net","message":"failed to process due to datastore timeout of 30 seconds.  operation took 110 seconds."},{"id":"6656ae98-b17e-40f7-b843-f01d2a940c66","email":"alexis.brown@microsoft.com","message":"successfully parsed message, but message temporarily enqueued while system restarts."},{"id":"9dd7ba61-7859-4227-a431-877eb5dc4d00","email":"nathan.young@microsoft.com","message":"successfully parsed message, but message temporarily enqueued while system restarts."},{"id":"69794977-acfc-4edd-87ab-332420f24f0b","email":"nathan.young@microsoft.com","message":"successfully processed after 572 milliseconds."},{"id":"d4b6fb64-9b62-44a7-a31f-e25382819d06","email":"alexander.williams@gmail.com","message":"successfully parsed message, but message temporarily enqueued while system restarts."},{"id":"0c77c50b-8e07-42a1-bcf7-223e8c161e11","email":"olivia.wright@gmail.com","message":"failed to process due to datastore timeout of 30 seconds.  operation took 110 seconds."},{"id":"b3f04f2d-0fce-4abb-aeba-31028b67efa3","email":"grace.moore@gmail.com","message":"failed to process due to datastore timeout of 30 seconds.  operation took 78 seconds."},{"id":"f2b09ea4-132b-4d76-a519-eeba6679b22d","email":"nicholas.allen@microsoft.com","message":"failed to process due to datastore timeout of 30 seconds.  operation took 113 seconds."},{"id":"3e5b9150-1485-4c66-a6c0-8b3520cb2914","email":"emma.thomas@me.com","message":"successfully handled skipped operation."},{"id":"2f5b6dd2-c371-477b-9370-73f5c966bd2c","email":"taylor.adams@gmail.com","message":"failed to process due to network exception."},{"id":"9ac1c7ca-fc11-48f0-9634-76ae33bd35af","email":"sophia.baker@dropbox.net","message":"successfully handled skipped operation."},{"id":"6268a24c-a6a1-449a-b6e2-4b9dad442b7b","email":"logan.clark@dropbox.net","message":"successfully handled skipped operation."},{"id":"06a09f23-9460-44f4-93f8-967e20566016","email":"tyler.nelson@microsoft.com","message":"successfully parsed message, but message temporarily enqueued while system restarts."},{"id":"32dc7143-9249-4ba4-bf65-20b34f7fc905","email":"nicholas.allen@microsoft.com","message":"successfully processed after 1311 milliseconds."},{"id":"63af9c49-12bf-4b79-af49-df1039fa0777","email":"olivia.wright@gmail.com","message":"failed to process due to network exception."},{"id":"27d325b1-8e29-4913-b56c-4a9c8219ea03","email":"joshua.lee@gmail.com","message":"successfully processed after 6209 milliseconds."},{"id":"e8a14c34-5264-4f2d-92e2-ec0b79a7d1a9","email":"logan.clark@dropbox.net","message":"successfully parsed message, but message temporarily enqueued while system restarts."},{"id":"d9c1f081-de82-4018-a8a2-f0f7eb77cdf7","email":"alyssa.jones@amerisave.com","message":"successfully processed after 8669 milliseconds."},{"id":"b3f6045b-9f2c-4e6d-b281-fbbd97e7d816","email":"sophia.baker@dropbox.net","message":"successfully processed after 2669 milliseconds."},{"id":"eda9ae7f-1ce7-4d3b-ba24-72fc720e3325","email":"alexander.williams@gmail.com","message":"successfully processed after 340 milliseconds."},{"id":"8de72371-cdd3-489e-adfa-a6a1abd48be4","email":"tyler.nelson@microsoft.com","message":"successfully parsed message, but message temporarily enqueued while system restarts."},{"id":"c9cbfeba-4b54-441b-a7fa-78c70246e188","email":"noah.sanchez@me.com","message":"failed to process due to network exception."},{"id":"86acd73b-f576-41bd-9ef4-7e4312939f22","email":"chloe.garcia@dropbox.net","message":"successfully parsed message, but message temporarily enqueued while system restarts."},{"id":"91fcb4b5-6343-4b30-a9f5-8f7400c5c44d","email":"aiden.johnson@microsoft.com","message":"failed to process due to datastore timeout of 30 seconds.  operation took 121 seconds."},{"id":"bd5304ab-4dff-424d-a6b3-05d88a23ae4d","email":"alexander.williams@gmail.com","message":"successfully processed after 5616 milliseconds."},{"id":"6ba19992-a2c7-4b29-af64-ada3299efd80","email":"ava.davis@gmail.com","message":"successfully processed after 5061 milliseconds."},{"id":"00547996-ddfd-4aa7-a12b-0b5ff705e626","email":"mason.robinson@amerisave.com","message":"failed to process due to network exception."},{"id":"ce93c806-8075-49d2-94bd-277476dace58","email":"taylor.adams@gmail.com","message":"successfully parsed message, but message temporarily enqueued while system restarts."},{"id":"6803118b-078e-49a2-bdb7-fa31e85e01ca","email":"joshua.lee@gmail.com","message":"successfully handled skipped operation."},{"id":"6e48930c-55cf-431f-83de-72438bde3959","email":"jacob.lopez@dropbox.net","message":"failed to process due to datastore timeout of 30 seconds.  operation took 78 seconds."},{"id":"0dea7e9a-b36f-410a-a47f-e86c9e3feade","email":"matthew.walker@amerisave.com","message":"successfully processed after 2947 milliseconds."},{"id":"7507e9fd-d3d0-446e-b38f-0a72e3a74522","email":"matthew.walker@amerisave.com","message":"successfully handled skipped operation."},{"id":"a59f8f08-c96c-4661-98a8-6becc2eb0fc5","email":"abigail.smith@amerisave.com","message":"successfully processed after 1393 milliseconds."},{"id":"0d166c53-816a-45c5-a3e6-b1db1fb47b7c","email":"dylan.wilson@gmail.com","message":"successfully handled skipped operation."},{"id":"151ff379-895d-4c73-909f-5c4c739bf40f","email":"emily.taylor@gmail.com","message":"successfully parsed message, but message temporarily enqueued while system restarts."},{"id":"cd46047d-03ac-41f5-8388-c3b5b5a3408c","email":"logan.clark@dropbox.net","message":"successfully processed after 4399 milliseconds."},{"id":"8cfbb59c-9144-4349-95a5-2cb198e63f0f","email":"elizabeth.martinez@dropbox.net","message":"failed to process due to network exception."},{"id":"45270fc0-42b3-45ad-8706-e03c3100f238","email":"olivia.wright@gmail.com","message":"successfully parsed message, but message temporarily enqueued while system restarts."},{"id":"8f9a2481-c8f3-4b00-b661-198aa89dd2ef","email":"grace.moore@gmail.com","message":"successfully processed after 8712 milliseconds."},{"id":"15b1dc7b-967e-4742-b410-60cad80473a0","email":"alexander.williams@gmail.com","message":"successfully parsed message, but message temporarily enqueued while system restarts."},{"id":"cfb7507e-4c3c-4110-aaa0-090912ceda4c","email":"alexis.brown@microsoft.com","message":"failed to process due to datastore timeout of 30 seconds.  operation took 81 seconds."},{"id":"85616517-8339-4202-a4fa-37eea97d77be","email":"alexis.brown@microsoft.com","message":"successfully handled skipped operation."},{"id":"24a09624-9fb1-4f04-b148-faea17f2a213","email":"andrew.miller@gmail.com","message":"successfully parsed message, but message temporarily enqueued while system restarts."},{"id":"96f3182e-610d-4b5f-af8a-22c29922da50","email":"liam.gonzalez@me.com","message":"failed to process due to datastore timeout of 30 seconds.  operation took 52 seconds."},{"id":"4ab23047-45c4-4762-9372-71ffa65eea17","email":"olivia.wright@gmail.com","message":"successfully parsed message, but message temporarily enqueued while system restarts."},{"id":"d7208f28-c773-48e9-beb0-e8342cd62235","email":"andrew.miller@gmail.com","message":"failed to process due to datastore timeout of 30 seconds.  operation took 121 seconds."},{"id":"57526b9c-8664-4081-a389-6976f11337be","email":"tyler.nelson@microsoft.com","message":"successfully parsed message, but message temporarily enqueued while system restarts."},{"id":"6c312044-c5c6-41a8-9068-2490dec061f7","email":"isabella.jackson@amerisave.com","message":"failed to process due to datastore timeout of 30 seconds.  operation took 120 seconds."},{"id":"6ec20401-4a8f-4acd-a8b3-ec92737fee35","email":"aiden.johnson@microsoft.com","message":"successfully parsed message, but message temporarily enqueued while system restarts."},{"id":"422ae6c9-8db1-433c-8330-bdf05d2ff924","email":"nicholas.allen@microsoft.com","message":"successfully handled skipped operation."},{"id":"c482eaa3-604a-4620-a55c-546eb116b6bf","email":"tyler.nelson@microsoft.com","message":"failed to process due to network exception."},{"id":"fc1affde-e722-4765-a493-5e927a4c54ab","email":"alyssa.jones@amerisave.com","message":"successfully processed after 9833 milliseconds."},{"id":"82afc139-0466-425e-bac8-42f831307f64","email":"aiden.johnson@microsoft.com","message":"successfully parsed message, but message temporarily enqueued while system restarts."},{"id":"d42c0c3a-fe73-457f-b281-d0a9e82be860","email":"olivia.wright@gmail.com","message":"successfully processed after 5513 milliseconds."},{"id":"04622c61-1d26-4bf5-9231-373236aa05be","email":"jackson.white@gmail.com","message":"failed to process due to datastore timeout of 30 seconds.  operation took 107 seconds."},{"id":"29d75f26-4afa-4b02-9d76-ae81772e7310","email":"abigail.smith@amerisave.com","message":"successfully processed after 2519 milliseconds."},{"id":"dde4c5e7-fdc1-46c5-8ab1-c2436bc78b55","email":"hannah.martin@dropbox.net","message":"successfully handled skipped operation."},{"id":"ba0d1499-2d05-4a0f-aa8e-60e0af0a2e23","email":"olivia.wright@gmail.com","message":"successfully processed after 7894 milliseconds."},{"id":"6b0c5f96-7e11-42e6-b30f-5d7aa6c738ab","email":"mia.perez@me.com","message":"failed to process due to datastore timeout of 30 seconds.  operation took 50 seconds."},{"id":"b78b0aa4-a115-491c-ba01-d670f8e22108","email":"alyssa.jones@amerisave.com","message":"successfully processed after 3608 milliseconds."},{"id":"9ea5b95d-de59-4bc2-9f9f-f3f2fac17ca9","email":"chloe.garcia@dropbox.net","message":"successfully handled skipped operation."},{"id":"f5e84c85-a3bb-4789-9976-e6f69a5a6ffb","email":"andrew.miller@gmail.com","message":"successfully processed after 3464 milliseconds."},{"id":"5851972f-542f-4394-8458-b65ab5f2b642","email":"samantha.scott@me.com","message":"successfully handled skipped operation."},{"id":"bc329b8b-0fb5-41c6-98ef-95fdf5bd6c31","email":"jackson.white@gmail.com","message":"successfully processed after 5888 milliseconds."},{"id":"f77ce31a-7aff-4ebe-8cff-0f69d46c7ca7","email":"alexander.williams@gmail.com","message":"successfully handled skipped operation."},{"id":"273ef34c-1851-497e-973d-6e69e5d491bb","email":"noah.sanchez@me.com","message":"failed to process due to datastore timeout of 30 seconds.  operation took 60 seconds."},{"id":"3aadb023-b45a-40e9-afee-c2f9708e63af","email":"abigail.smith@amerisave.com","message":"successfully parsed message, but message temporarily enqueued while system restarts."},{"id":"8764ebb3-f7fd-4fe5-958e-665e885cf7ab","email":"ella.anderson@dropbox.net","message":"failed to process due to network exception."},{"id":"ecdec4b7-0dfb-4411-bee9-2718ce362395","email":"jackson.white@gmail.com","message":"failed to process due to datastore timeout of 30 seconds.  operation took 109 seconds."},{"id":"58c371e0-3ede-43ec-bec9-0712fd9396fc","email":"ella.anderson@dropbox.net","message":"successfully parsed message, but message temporarily enqueued while system restarts."},{"id":"56498be4-1888-44b7-93c9-c99b1e370d3b","email":"emily.taylor@gmail.com","message":"failed to process due to datastore timeout of 30 seconds.  operation took 128 seconds."},{"id":"635885b7-1359-41f3-b89d-6d4ed379156f","email":"tyler.nelson@microsoft.com","message":"failed to process due to network exception."},{"id":"ca596023-fc10-4e21-86e7-7fcb55ac875e","email":"andrew.miller@gmail.com","message":"successfully parsed message, but message temporarily enqueued while system restarts."},{"id":"b3c4c2c4-e0cd-420e-8011-b475644cfc73","email":"nathan.young@microsoft.com","message":"successfully handled skipped operation."},{"id":"72c28def-3fae-4583-a533-fd4045b84af2","email":"ethan.hernandez@microsoft.com","message":"successfully parsed message, but message temporarily enqueued while system restarts."},{"id":"eaf7a39e-ad32-4b20-b533-1eb99e5b4123","email":"olivia.wright@gmail.com","message":"successfully processed after 3846 milliseconds."},{"id":"a7f50858-aa15-43e3-92f8-a56c75cea662","email":"alexis.brown@microsoft.com","message":"successfully handled skipped operation."},{"id":"32318a5a-5418-4b74-b341-aa52cdb3fec6","email":"joshua.lee@gmail.com","message":"failed to process due to network exception."},{"id":"3312d9e1-b3b6-42dc-899d-02caa5143761","email":"emma.thomas@me.com","message":"failed to process due to network exception."},{"id":"8d3c870c-13ea-4cec-8544-bf1f8ee74bf1","email":"tyler.nelson@microsoft.com","message":"successfully processed after 3308 milliseconds."},{"id":"0cad9f64-69da-4019-a2c9-a1d8bc87092e","email":"taylor.adams@gmail.com","message":"failed to process due to datastore timeout of 30 seconds.  operation took 49 seconds."},{"id":"efbf92ca-02a7-4f31-98b1-527a56aec6c4","email":"alexis.brown@microsoft.com","message":"successfully handled skipped operation."},{"id":"7aaa2fcd-d362-47db-8a1a-5d01f7c13fc7","email":"emily.taylor@gmail.com","message":"successfully processed after 7652 milliseconds."},{"id":"e502bda0-4023-4fd1-bd74-9415d5099334","email":"ryan.king@dropbox.net","message":"failed to process due to datastore timeout of 30 seconds.  operation took 87 seconds."},{"id":"f38e8bbe-3120-411d-a957-649abdf3a57b","email":"madison.lewis@gmail.com","message":"successfully handled skipped operation."},{"id":"6d705b57-3bd8-46e1-be68-3619b3632ee6","email":"jack.thompson@me.com","message":"failed to process due to network exception."},{"id":"24fa68dc-df7c-46e3-9e77-be9d37d695a9","email":"ella.anderson@dropbox.net","message":"successfully handled skipped operation."},{"id":"b678e9be-b836-4410-9fb0-e1362815a886","email":"michael.hall@dropbox.net","message":"successfully parsed message, but message temporarily enqueued while system restarts."},{"id":"407e9eb4-7845-4cbd-8c32-d76f7680ca63","email":"samantha.scott@me.com","message":"failed to process due to network exception."},{"id":"660ee2db-2df9-483d-834b-f387b461865c","email":"grace.moore@gmail.com","message":"successfully parsed message, but message temporarily enqueued while system restarts."},{"id":"4f71b254-949a-4489-ac32-ec8f92f5d3e7","email":"aiden.johnson@microsoft.com","message":"successfully handled skipped operation."},{"id":"d4ba7e8a-059c-4dc4-8364-8d6f543a52cc","email":"michael.hall@dropbox.net","message":"successfully handled skipped operation."},{"id":"54f9ad82-1c0c-4c0b-8afa-eccdfaba81c8","email":"ella.anderson@dropbox.net","message":"failed to process due to network exception."},{"id":"cabb92d9-1e23-4b4c-8952-57bc5e442758","email":"olivia.wright@gmail.com","message":"failed to process due to datastore timeout of 30 seconds.  operation took 93 seconds."},{"id":"17b283d3-878a-4b1d-b021-7539bea399d8","email":"daniel.rodriguez@amerisave.com","message":"successfully parsed message, but message temporarily enqueued while system restarts."},{"id":"2bca781e-4a6e-4fb8-8b90-a9ed0501ce44","email":"tyler.nelson@microsoft.com","message":"successfully parsed message, but message temporarily enqueued while system restarts."},{"id":"630ef00b-c749-4950-9461-c1728b75b856","email":"isabella.jackson@amerisave.com","message":"successfully handled skipped operation."},{"id":"9034b0c9-54dc-4262-a2f9-d9faed6731f6","email":"ava.davis@gmail.com","message":"successfully handled skipped operation."},{"id":"5765023e-54e2-4865-b490-062f0950c401","email":"samantha.scott@me.com","message":"successfully handled skipped operation."},{"id":"836af956-70cb-433c-a954-7cdf1d8e1059","email":"alexis.brown@microsoft.com","message":"failed to process due to network exception."},{"id":"b31434e5-16c4-4492-8b07-b7edda94c39a","email":"tyler.nelson@microsoft.com","message":"successfully handled skipped operation."},{"id":"bdfd80cb-eda2-47ee-b39a-719920398929","email":"olivia.wright@gmail.com","message":"failed to process due to datastore timeout of 30 seconds.  operation took 94 seconds."},{"id":"b08ebca4-3152-4da0-9c5b-88f692c4cedd","email":"taylor.adams@gmail.com","message":"successfully parsed message, but message temporarily enqueued while system restarts."},{"id":"c1ae57e9-84a1-41dd-ac4f-0c3e0cb82e52","email":"ethan.hernandez@microsoft.com","message":"successfully handled skipped operation."},{"id":"9f118458-a2b6-4e74-a0a4-dd5d5a25ad5f","email":"michael.hall@dropbox.net","message":"failed to process due to datastore timeout of 30 seconds.  operation took 87 seconds."},{"id":"ff3929c6-d826-4118-bd1f-e68fd2acbc1a","email":"matthew.walker@amerisave.com","message":"successfully processed after 9656 milliseconds."},{"id":"0aead1f0-08de-4c2b-a811-11f6378d593d","email":"jackson.white@gmail.com","message":"successfully parsed message, but message temporarily enqueued while system restarts."},{"id":"b34eeacb-3071-47ef-b943-fcc2c99159bb","email":"emily.taylor@gmail.com","message":"successfully processed after 7891 milliseconds."},{"id":"92599e2b-e985-42b5-8674-03c6d6af6a93","email":"samantha.scott@me.com","message":"successfully handled skipped operation."},{"id":"b5d9747f-3dbb-447f-be02-8e93d2042720","email":"ella.anderson@dropbox.net","message":"successfully handled skipped operation."},{"id":"d3e40697-3a58-458a-a7ae-bc349594b134","email":"noah.sanchez@me.com","message":"failed to process due to network exception."},{"id":"6d924c9b-b520-4687-8020-f8a1a8a8f08d","email":"abigail.smith@amerisave.com","message":"successfully handled skipped operation."},{"id":"c8051caf-69d3-40ec-8d57-0eb665756cb2","email":"dylan.wilson@gmail.com","message":"successfully processed after 2595 milliseconds."},{"id":"95d7990e-96b9-4399-976d-5aa1ac9128e4","email":"aiden.johnson@microsoft.com","message":"successfully handled skipped operation."},{"id":"c733aaf9-09f7-465f-8eac-ca0a920147ab","email":"logan.clark@dropbox.net","message":"failed to process due to datastore timeout of 30 seconds.  operation took 103 seconds."},{"id":"db71aeef-d4ea-4fe9-8e7f-4af7d05333ec","email":"ava.davis@gmail.com","message":"successfully parsed message, but message temporarily enqueued while system restarts."},{"id":"db2eaf08-d1b2-4656-a24e-e4a3d722d544","email":"ava.davis@gmail.com","message":"successfully handled skipped operation."},{"id":"8c192746-7ff8-4a0c-8608-2cf9042bb404","email":"aiden.johnson@microsoft.com","message":"successfully parsed message, but message temporarily enqueued while system restarts."},{"id":"7af71a81-4d2c-46c8-8362-ec344e5afa16","email":"nicholas.allen@microsoft.com","message":"successfully handled skipped operation."},{"id":"ea041361-fedd-46b7-a273-481fd8af60f1","email":"grace.moore@gmail.com","message":"successfully parsed message, but message temporarily enqueued while system restarts."},{"id":"46eb81ad-0582-4acc-b2b3-edcb05b3af2a","email":"olivia.wright@gmail.com","message":"successfully handled skipped operation."},{"id":"2c01a1ad-f3e3-49ef-8812-d58c22bff263","email":"mason.robinson@amerisave.com","message":"failed to process due to datastore timeout of 30 seconds.  operation took 114 seconds."},{"id":"55a5961a-b55d-4605-8f52-4ee373240789","email":"matthew.walker@amerisave.com","message":"successfully processed after 9377 milliseconds."},{"id":"88eda9cb-efda-4469-9b01-1b435a9014af","email":"michael.hall@dropbox.net","message":"successfully processed after 7911 milliseconds."},{"id":"e0e5aa34-0d89-4684-a1b0-a0ec10a5b6d8","email":"emma.thomas@me.com","message":"failed to process due to datastore timeout of 30 seconds.  operation took 77 seconds."},{"id":"71a4e6d5-a086-4651-ba16-ffec0cdd4dc2","email":"daniel.rodriguez@amerisave.com","message":"successfully handled skipped operation."},{"id":"d59b49f5-516f-40ea-ad74-5ca05b3aa4e0","email":"jacob.lopez@dropbox.net","message":"failed to process due to datastore timeout of 30 seconds.  operation took 74 seconds."},{"id":"4e87f188-d517-43c1-b077-22f1140264b2","email":"mason.robinson@amerisave.com","message":"successfully parsed message, but message temporarily enqueued while system restarts."},{"id":"e988da47-9410-4149-84aa-c813350b1e56","email":"michael.hall@dropbox.net","message":"failed to process due to network exception."},{"id":"51c4a6a1-bdf9-432f-b325-3015b9856a0a","email":"taylor.adams@gmail.com","message":"successfully handled skipped operation."},{"id":"e337c0b5-761a-45e2-a710-7451dc6cb4a1","email":"emma.thomas@me.com","message":"successfully handled skipped operation."},{"id":"1c9d9526-bbdb-412f-8b88-7c89b5a75f87","email":"nathan.young@microsoft.com","message":"successfully parsed message, but message temporarily enqueued while system restarts."},{"id":"7354b271-fddf-4460-9cc4-6760ac47dbfc","email":"alyssa.jones@amerisave.com","message":"successfully handled skipped operation."},{"id":"7574bf94-130d-4213-9acc-a7606b591c1d","email":"jack.thompson@me.com","message":"failed to process due to datastore timeout of 30 seconds.  operation took 38 seconds."},{"id":"d2de7b94-f7ae-44d6-b489-e01c7fd0a800","email":"andrew.miller@gmail.com","message":"successfully processed after 6376 milliseconds."},{"id":"4225b486-98ee-4f77-b861-7ec941b1dcc7","email":"dylan.wilson@gmail.com","message":"failed to process due to datastore timeout of 30 seconds.  operation took 95 seconds."},{"id":"6be59ae9-9460-419e-939a-b7297caef072","email":"jack.thompson@me.com","message":"failed to process due to network exception."},{"id":"3277cf69-c1c4-4351-89f2-dd3367acf08c","email":"jackson.white@gmail.com","message":"successfully handled skipped operation."},{"id":"8512cbf5-2293-46c3-8c26-d97b5954086f","email":"matthew.walker@amerisave.com","message":"failed to process due to datastore timeout of 30 seconds.  operation took 104 seconds."},{"id":"4f5f88bb-3271-431c-b79e-581d61de6d30","email":"alexis.brown@microsoft.com","message":"failed to process due to datastore timeout of 30 seconds.  operation took 118 seconds."},{"id":"f8fe8c0d-ab17-41b6-a99d-cccebeb1d7b8","email":"nicholas.allen@microsoft.com","message":"successfully parsed message, but message temporarily enqueued while system restarts."},{"id":"4e12f33a-321f-401c-bc95-4d86fcd47217","email":"madison.lewis@gmail.com","message":"successfully handled skipped operation."},{"id":"42e82be4-6cb4-4590-8d35-de04398bd5c5","email":"mason.robinson@amerisave.com","message":"failed to process due to datastore timeout of 30 seconds.  operation took 32 seconds."},{"id":"3d4ce96a-cfe8-462e-932b-6e9e6265c0a9","email":"tyler.nelson@microsoft.com","message":"successfully processed after 4742 milliseconds."},{"id":"23624e46-24b6-4214-bec9-ae1b2c30d3da","email":"alyssa.jones@amerisave.com","message":"failed to process due to datastore timeout of 30 seconds.  operation took 76 seconds."},{"id":"4be624a8-4d89-48f0-9287-c23a1b81c2e8","email":"noah.sanchez@me.com","message":"successfully handled skipped operation."},{"id":"e8512451-c7f0-4829-88de-4a6c78c0f1d7","email":"sarah.green@amerisave.com","message":"failed to process due to datastore timeout of 30 seconds.  operation took 109 seconds."},{"id":"cc187c52-ddac-46cd-8d7c-892721ba7535","email":"grace.moore@gmail.com","message":"successfully processed after 4994 milliseconds."},{"id":"4546e390-ce62-4e38-becb-d4e39f6b372e","email":"alyssa.jones@amerisave.com","message":"failed to process due to network exception."},{"id":"94b10026-33dd-4c73-9598-810914faa755","email":"daniel.rodriguez@amerisave.com","message":"successfully processed after 424 milliseconds."},{"id":"106b9eeb-8037-45bb-b3a7-1755538a9cab","email":"sarah.green@amerisave.com","message":"successfully parsed message, but message temporarily enqueued while system restarts."},{"id":"d3b14fb0-edd3-4d97-a977-58b4c785d3cc","email":"matthew.walker@amerisave.com","message":"successfully handled skipped operation."},{"id":"87438a3a-533d-481f-8888-2bb9a95a9640","email":"ella.anderson@dropbox.net","message":"successfully parsed message, but message temporarily enqueued while system restarts."},{"id":"aedaa51b-10ec-48cb-b4a9-16143d0d9fa9","email":"ethan.hernandez@microsoft.com","message":"successfully processed after 8960 milliseconds."},{"id":"dda859ff-6147-4b39-af76-44302e8505f7","email":"alyssa.jones@amerisave.com","message":"failed to process due to network exception."},{"id":"99486a18-b2e7-4214-9d77-6c638968eb17","email":"tyler.nelson@microsoft.com","message":"successfully handled skipped operation."},{"id":"c5095811-2a5b-47c5-b578-3fbd1d9bd715","email":"olivia.wright@gmail.com","message":"successfully processed after 5703 milliseconds."},{"id":"e27e4d53-1864-42eb-81b5-d94e04143943","email":"ryan.king@dropbox.net","message":"successfully processed after 2477 milliseconds."},{"id":"8863dedb-a630-4e50-92a0-34e2620d6505","email":"madison.lewis@gmail.com","message":"failed to process due to datastore timeout of 30 seconds.  operation took 108 seconds."}],"id":"9c40f182-48ea-4fe8-95c3-bb11a846afeb"}