{"logs":[{"id":"8333afb4-77f9-4fc1-a311-8e258f128f7b","email":"elizabeth.martinez@dropbox.net","message":"successfully processed after 5466 milliseconds."},{"id":"9e157bfe-4d6c-4e83-b8d5-695876baf0db","email":"abigail.smith@amerisave.com","message":"successfully handled skipped operation."},{"id":"d96062ee-ad5b-4aae-95bc-ffa03c441260","email":"abigail.smith@amerisave.com","message":"successfully parsed message, but message temporarily enqueued while system restarts."},{"id":"a83173c7-5119-4edd-b33b-df6008bc28ce","email":"ryan.king@dropbox.net","message":"successfully parsed message, but message temporarily enqueued while system restarts."},{"id":"afe068ab-2071-4c34-b0fe-49e203f39c60","email":"alexander.williams@gmail.com","message":"failed to process due to network exception."},{"id":"b26b1837-5311-4bba-86ae-dba1292918e0","email":"jack.thompson@me.com","message":"successfully handled skipped operation."},{"id":"3815a69e-aa60-447e-8e25-5f3f48f0a2c4","email":"isabella.jackson@amerisave.com","message":"failed to process due to network exception."},{"id":"267e54c9-adc2-4831-9389-cf056346a785","email":"emma.thomas@me.com","message":"successfully handled skipped operation."},{"id":"b7e5005f-9741-43cb-b8b2-9e4dc94cd589","email":"emily.taylor@gmail.com","message":"failed to process due to datastore timeout of 30 seconds.  operation took 47 seconds."},{"id":"2bb0df21-7327-47b2-b97d-017453cd86fe","email":"emily.taylor@gmail.com","message":"successfully processed after 2438 milliseconds."},{"id":"eb15f5d3-b8fe-42ce-88dd-5c1f72a6bbc0","email":"andrew.miller@gmail.com","message":"successfully parsed message, but message temporarily enqueued while system restarts."},{"id":"73ab2289-ee51-4b06-9d60-4d389be8aac6","email":"ethan.hernandez@microsoft.com","message":"successfully handled skipped operation."},{"id":"541face3-4f87-476e-bc43-5472b76ea038","email":"samantha.scott@me.com","message":"successfully processed after 5974 milliseconds."},{"id":"286752a8-5317-4679-ae30-2a8798fceec5","email":"hannah.martin@dropbox.net","message":"successfully handled skipped operation."},{"id":"1b2660f5-a514-43d1-a091-1eb9d9e3b613","email":"hannah.martin@dropbox.net","message":"successfully parsed message, but message temporarily enqueued while system restarts."},{"id":"80240bfb-b267-40f5-8e55-e4a27b803de5","email":"hannah.martin@dropbox.net","message":"failed to process due to network exception."},{"id":"a59c8f59-79fb-4a4e-9423-a9f3367b1d1c","email":"samantha.scott@me.com","message":"successfully processed after 1406 milliseconds."},{"id":"1c566423-878a-4b08-bae8-e7154ee15f00","email":"noah.sanchez@me.com","message":"failed to process due to network exception."},{"id":"b8405292-21fc-4cd3-ae22-a70362c8015f","email":"grace.moore@gmail.com","message":"successfully handled skipped operation."},{"id":"ce6a63e7-0caf-49d6-b5ed-8815359f0a6c","email":"noah.sanchez@me.com","message":"successfully processed after 8208 milliseconds."},{"id":"657d28a1-07f5-47b2-ad9a-48bd2cb465ea","email":"nathan.young@microsoft.com","message":"successfully parsed message, but message temporarily enqueued while system restarts."},{"id":"7e8ebfe9-c2ec-4a89-bcbd-40e27265ce8c","email":"madison.lewis@gmail.com","message":"successfully parsed message, but message temporarily enqueued while system restarts."},{"id":"4e4197ad-375b-43b8-9e16-bc33d3d2cd4d","email":"mason.robinson@amerisave.com","message":"successfully parsed message, but message temporarily enqueued while system restarts."},{"id":"cb3ad5d0-25f5-4776-acaf-f4f2fe3bfae0","email":"elizabeth.martinez@dropbox.net","message":"successfully parsed message, but message temporarily enqueued while system restarts."},{"id":"9729b6ea-2cb6-4608-9f42-bf1bb7da4b8d","email":"mason.robinson@amerisave.com","message":"successfully processed after 1707 milliseconds."},{"id":"cd7404fe-7d44-45b8-a550-994763db6552","email":"matthew.walker@amerisave.com","message":"failed to process due to datastore timeout of 30 seconds.  operation took 119 seconds."},{"id":"5b491ae0-a84a-42d6-b98f-fdddb5721966","email":"abigail.smith@amerisave.com","message":"failed to process due to datastore timeout of 30 seconds.  operation took 106 seconds."},{"id":"66f4cdef-5c40-4594-95f9-45fe91178691","email":"isabella.jackson@amerisave.com","message":"successfully handled skipped operation."},{"id":"051f4542-372e-4f6f-886b-69f298163b45","email":"alyssa.jones@amerisave.com","message":"successfully handled skipped operation."},{"id":"f3ad5710-15ec-4fb0-8c35-1cdb917e10ed","email":"ella.anderson@dropbox.net","message":"failed to process due to network exception."},{"id":"4086311f-64cb-4bf3-8e41-906df8a9472f","email":"elizabeth.martinez@dropbox.net","message":"successfully parsed message, but message temporarily enqueued while system restarts."},{"id":"efce0e6d-bf58-4a97-911b-8c0c4685db5d","email":"ella.anderson@dropbox.net","message":"successfully processed after 3248 milliseconds."},{"id":"c62d3b13-7ffb-41a8-9e52-6b7bd5f68cb6","email":"chloe.garcia@dropbox.net","message":"successfully parsed message, but message temporarily enqueued while system restarts."},{"id":"0494d082-e7b9-423b-84d1-227bb721f313","email":"hannah.martin@dropbox.net","message":"successfully handled skipped operation."},{"id":"de6d610a-c351-4862-89c2-95b4274501a6","email":"jacob.lopez@dropbox.net","message":"successfully handled skipped operation."},{"id":"201d4fbb-4092-46f4-b983-e0b3c0f7a3bd","email":"nicholas.allen@microsoft.com","message":"successfully handled skipped operation."},{"id":"98f338b4-193f-46d1-933a-a2295c5da8c6","email":"sophia.baker@dropbox.net","message":"successfully handled skipped operation."},{"id":"557b0e7a-f9cc-4119-9719-17fff6cdb073","email":"mason.robinson@amerisave.com","message":"failed to process due to datastore timeout of 30 seconds.  operation took 31 seconds."},{"id":"4f683dfe-1566-4b5d-969c-0fcbc1ef0de5","email":"abigail.smith@amerisave.com","message":"successfully handled skipped operation."},{"id":"a15f8c50-afa2-4577-a0cd-9949571a0b2c","email":"matthew.walker@amerisave.com","message":"failed to process due to network exception."},{"id":"ba0e7dbe-684e-47c3-8b00-b981d034bcb9","email":"matthew.walker@amerisave.com","message":"successfully handled skipped operation."},{"id":"b1e65b85-fa4f-435f-88c2-921db02c683f","email":"nicholas.allen@microsoft.com","message":"failed to process due to datastore timeout of 30 seconds.  operation took 76 seconds."},{"id":"a99c28f3-bc96-4719-b763-c398eeb5a412","email":"taylor.adams@gmail.com","message":"successfully processed after 9892 milliseconds."},{"id":"fd01d458-82af-4cf6-b463-8660b77cfff8","email":"jack.thompson@me.com","message":"successfully parsed message, but message temporarily enqueued while system restarts."},{"id":"0b11179a-7a3d-44f7-9612-b59a753e7823","email":"taylor.adams@gmail.com","message":"successfully processed after 61 milliseconds."},{"id":"05a7f2ac-2987-4e59-8512-fe2a229866c3","email":"alexander.williams@gmail.com","message":"successfully parsed message, but message temporarily enqueued while system restarts."},{"id":"6db0837a-04b1-4079-a4c1-c3b46256921c","email":"elizabeth.martinez@dropbox.net","message":"successfully processed after 3799 milliseconds."},{"id":"d89cadbe-c9dc-4fd1-b356-c13424ed1fe6","email":"alexis.brown@microsoft.com","message":"successfully processed after 5817 milliseconds."},{"id":"67ed6fc7-c2bb-4094-beb6-7596ad6e346a","email":"daniel.rodriguez@amerisave.com","message":"successfully handled skipped operation."},{"id":"a96cd948-8155-47d7-800c-4351bf85232b","email":"lily.harris@gmail.com","message":"failed to process due to datastore timeout of 30 seconds.  operation took 44 seconds."},{"id":"9b6cef12-504c-4308-8ec9-aa5e7bd83205","email":"liam.gonzalez@me.com","message":"successfully handled skipped operation."},{"id":"58a0e8a0-5446-461e-acd6-5788f7d52cfe","email":"emma.thomas@me.com","message":"failed to process due to network exception."},{"id":"e3ecb739-34b0-4965-b8a7-d9520d9cc095","email":"daniel.rodriguez@amerisave.com","message":"successfully processed after 1336 milliseconds."},{"id":"9b0602b8-03ff-460f-9ff7-648db9707b89","email":"jacob.lopez@dropbox.net","message":"successfully processed after 218 milliseconds."},{"id":"2f69e683-7ea8-417c-9a6b-7ba25c57ddbf","email":"alexander.williams@gmail.com","message":"failed to process due to network exception."},{"id":"08be13c1-dc36-4073-9228-251c064553e8","email":"liam.gonzalez@me.com","message":"successfully processed after 8774 milliseconds."},{"id":"1fc37a6f-45ac-432f-8742-e7887db50580","email":"dylan.wilson@gmail.com","message":"failed to process due to network exception."},{"id":"b017e3ba-e73c-4e0d-a641-57ce24a1cddd","email":"sophia.baker@dropbox.net","message":"failed to process due to network exception."},{"id":"03b452c7-02e7-4216-9fb0-4fae097aa598","email":"grace.moore@gmail.com","message":"successfully parsed message, but message temporarily enqueued while system restarts."},{"id":"da1a5c66-bdcb-43dd-9065-ea93d64134c4","email":"hannah.martin@dropbox.net","message":"failed to process due to network exception."},{"id":"e307ad09-f3be-47c5-bea6-a07299d68e30","email":"mia.perez@me.com","message":"successfully handled skipped operation."},{"id":"a3b82b13-32a4-4201-9a10-46e5792a8ff0","email":"noah.sanchez@me.com","message":"successfully handled skipped operation."},{"id":"e5ab9c12-a181-41bf-84ce-958e3cc6423c","email":"nicholas.allen@microsoft.com","message":"failed to process due to datastore timeout of 30 seconds.  operation took 76 seconds."},{"id":"95cb5f7e-ce51-4769-822c-2ea71a0dc3ae","email":"daniel.rodriguez@amerisave.com","message":"successfully handled skipped operation."},{"id":"d8a85f01-57eb-4fe4-9120-f644f272bc77","email":"jack.thompson@me.com","message":"successfully handled skipped operation."},{"id":"4b6559d5-cd01-45fc-b98a-4fa7366c6163","email":"jack.thompson@me.com","message":"successfully parsed message, but message temporarily enqueued while system restarts."},{"id":"510084ca-99a7-4641-9422-b4389f8933e6","email":"tyler.nelson@microsoft.com","message":"failed to process due to datastore timeout of 30 seconds.  operation took 77 seconds."},{"id":"2f0be6e5-88f6-4380-9c5a-02e6a5109327","email":"emma.thomas@me.com","message":"successfully handled skipped operation."},{"id":"11718e56-c124-4f9b-8d6a-88917c118362","email":"sarah.green@amerisave.com","message":"successfully processed after 3162 milliseconds."},{"id":"814fd63e-ce22-4c2d-a875-56471327b181","email":"alexis.brown@microsoft.com","message":"failed to process due to datastore timeout of 30 seconds.  operation took 113 seconds."},{"id":"b5e76b97-b118-4278-9991-304987217fb9","email":"ryan.king@dropbox.net","message":"failed to process due to network exception."},{"id":"10e76da3-1196-41c6-96fe-63bd277ae993","email":"alexis.brown@microsoft.com","message":"failed to process due to network exception."},{"id":"1023e971-fd62-43ca-acc7-783292378eed","email":"michael.hall@dropbox.net","message":"successfully processed after 6601 milliseconds."},{"id":"3ef855cb-2db3-40c5-a162-9c0ff6a8b651","email":"andrew.miller@gmail.com","message":"successfully parsed message, but message temporarily enqueued while system restarts."},{"id":"1cd05294-fb5a-495f-ad74-1da832336054","email":"samantha.scott@me.com","message":"successfully parsed message, but message temporarily enqueued while system restarts."},{"id":"192049f1-aa60-4b0e-970c-1ed021539873","email":"sarah.green@amerisave.com","message":"successfully handled skipped operation."},{"id":"c3b16dc1-489a-48f5-bb4a-370b24f36369","email":"taylor.adams@gmail.com","message":"successfully parsed message, but message temporarily enqueued while system restarts."},{"id":"ac31e5cc-f1ab-4cfb-8e80-8ed856faa154","email":"jack.thompson@me.com","message":"failed to process due to network exception."},{"id":"ebf6c961-fcdd-47d1-a83c-28c522894909","email":"noah.sanchez@me.com","message":"successfully handled skipped operation."},{"id":"1fa37fb5-9726-4ca4-b9b8-b56f91a81197","email":"ryan.king@dropbox.net","message":"successfully handled skipped operation."},{"id":"35283256-b27f-4926-9a9b-1336665e5c23","email":"ella.anderson@dropbox.net","message":"successfully processed after 5560 milliseconds."},{"id":"0cc8de31-02e0-4772-9355-bf0b1a72e0fd","email":"nathan.young@microsoft.com","message":"successfully processed after 9152 milliseconds."},{"id":"4056facf-64c5-410b-b348-4a6d6c6f3817","email":"andrew.miller@gmail.com","message":"successfully parsed message, but message temporarily enqueued while system restarts."},{"id":"03c75961-750a-4197-9fff-98feb77605f8","email":"samantha.scott@me.com","message":"failed to process due to datastore timeout of 30 seconds.  operation took 117 seconds."},{"id":"847f6cc4-811a-4719-ace0-9af3573ac549","email":"jackson.white@gmail.com","message":"successfully parsed message, but message temporarily enqueued while system restarts."},{"id":"230aaa1b-ff04-4030-a4dd-1013591631c3","email":"alexander.williams@gmail.com","message":"successfully handled skipped operation."},{"id":"43267297-9e78-41a7-83d3-bf7ec214a520","email":"isabella.jackson@amerisave.com","message":"successfully handled skipped operation."},{"id":"5512eb72-3fd0-4aef-8c9c-460079e75025","email":"ella.anderson@dropbox.net","message":"successfully handled skipped operation."},{"id":"09449d7d-8c9d-4d6c-9381-d8654f6ee220","email":"hannah.martin@dropbox.net","message":"successfully handled skipped operation."},{"id":"c98a0892-c6ae-4356-a3fc-ab4dbb2d6d46","email":"hannah.martin@dropbox.net","message":"failed to process due to network exception."},{"id":"e8b77a73-04a5-41bd-9a57-f7dfec124518","email":"hannah.martin@dropbox.net","message":"successfully parsed message, but message temporarily enqueued while system restarts."},{"id":"61c0d455-0ca7-43be-923f-a81f76ee7e1b","email":"alyssa.jones@amerisave.com","message":"failed to process due to datastore timeout of 30 seconds.  operation took 67 seconds."},{"id":"e41fa3e6-0bf0-4242-b58b-662000b6e0dd","email":"taylor.adams@gmail.com","message":"failed to process due to network exception."},{"id":"bf47ab2d-1a29-49ae-8474-013b445bbe9f","email":"aiden.johnson@microsoft.com","message":"successfully parsed message, but message temporarily enqueued while system restarts."},{"id":"a765091e-b799-49cb-9ccd-4749656c4ae7","email":"dylan.wilson@gmail.com","message":"failed to process due to network exception."},{"id":"5d89e681-a1fa-4383-8cb0-2f7746fb9a29","email":"dylan.wilson@gmail.com","message":"successfully parsed message, but message temporarily enqueued while system restarts."},{"id":"2d03efd5-550c-4f38-9223-7b00cdc495d0","email":"ava.davis@gmail.com","message":"failed to process due to network exception."},{"id":"5454cd57-9c6f-433b-8098-0f2763d9cbe4","email":"sarah.green@amerisave.com","message":"successfully handled skipped operation."},{"id":"d20c0951-be0b-427e-a309-c51cf3a5ce5f","email":"alexander.williams@gmail.com","message":"successfully processed after 8835 milliseconds."},{"id":"23c0e27f-71a6-491a-972e-03992abe2767","email":"jack.thompson@me.com","message":"successfully parsed message, but message temporarily enqueued while system restarts."},{"id":"4a5296f7-2fdf-4c2a-bc75-7dca14475a3b","email":"daniel.rodriguez@amerisave.com","message":"successfully handled skipped operation."},{"id":"bbbdd8ae-5ab4-40b7-9e12-22a0a26731a7","email":"andrew.miller@gmail.com","message":"successfully handled skipped operation."},{"id":"2197c6b9-e150-460d-b653-7cbbaa4067db","email":"hannah.martin@dropbox.net","message":"failed to process due to datastore timeout of 30 seconds.  operation took 95 seconds."},{"id":"1fb650ac-2125-47a2-97ea-9123c19f34e7","email":"emily.taylor@gmail.com","message":"successfully handled skipped operation."},{"id":"0403609d-f350-4036-806d-dc0115d99316","email":"taylor.adams@gmail.com","message":"successfully parsed message, but message temporarily enqueued while system restarts."},{"id":"01158ca6-391b-4ea2-838a-4ec3259d246d","email":"noah.sanchez@me.com","message":"failed to process due to network exception."},{"id":"6a45a50b-52f6-4809-8548-c4b2afc5beaf","email":"andrew.miller@gmail.com","message":"failed to process due to network exception."},{"id":"c0d7e56f-a3d9-4adb-923b-f8453fc9e954","email":"hannah.martin@dropbox.net","message":"successfully parsed message, but message temporarily enqueued while system restarts."},{"id":"55580658-7dc4-4f86-9a21-8823a81eb317","email":"mia.perez@me.com","message":"successfully handled skipped operation."},{"id":"2fb813ba-1042-4ef4-b53d-ec01a9b7a414","email":"andrew.miller@gmail.com","message":"successfully handled skipped operation."},{"id":"4dde76f8-0322-4097-bf51-a03ea3b50859","email":"jack.thompson@me.com","message":"failed to process due to datastore timeout of 30 seconds.  operation took 39 seconds."},{"id":"6afe1168-4adf-4e9d-b946-c400fa637883","email":"ava.davis@gmail.com","message":"failed to process due to datastore timeout of 30 seconds.  operation took 56 seconds."},{"id":"bdd8b525-44e5-4f66-96cf-288b942564f0","email":"matthew.walker@amerisave.com","message":"failed to process due to network exception."},{"id":"472ec3e7-9aa4-4797-90d8-f953246f39fc","email":"hannah.martin@dropbox.net","message":"successfully handled skipped operation."},{"id":"2e875a41-0481-4272-9cbe-6fdb515b4cb4","email":"ryan.king@dropbox.net","message":"successfully handled skipped operation."},{"id":"b9318ffc-fc0d-4cff-8f2f-73ffb89956bf","email":"olivia.wright@gmail.com","message":"successfully handled skipped operation."},{"id":"709be3e0-554f-4bec-a434-3fad46007516","email":"emily.taylor@gmail.com","message":"failed to process due to network exception."},{"id":"9c5d6d9a-1188-44c6-9b35-b90c10d6f489","email":"emily.taylor@gmail.com","message":"failed to process due to network exception."},{"id":"d4794ba9-ed33-48d7-8e5c-fa68b2cce42e","email":"mason.robinson@amerisave.com","message":"failed to process due to datastore timeout of 30 seconds.  operation took 51 seconds."},{"id":"204f02f1-f0b3-4013-9e4c-ecef95b215ad","email":"isabella.jackson@amerisave.com","message":"failed to process due to datastore timeout of 30 seconds.  operation took 115 seconds."},{"id":"1697695d-d192-41a2-bd3a-e1070468a180","email":"tyler.nelson@microsoft.com","message":"failed to process due to datastore timeout of 30 seconds.  operation took 99 seconds."},{"id":"3f40728e-d00e-493f-9dec-ad710169d899","email":"hannah.martin@dropbox.net","message":"failed to process due to datastore timeout of 30 seconds.  operation took 32 seconds."},{"id":"720331fe-de34-4244-b92f-22317b77e616","email":"ryan.king@dropbox.net","message":"successfully processed after 7317 milliseconds."},{"id":"3baeb2c1-d458-4580-ae0a-96d1c58cdcbc","email":"abigail.smith@amerisave.com","message":"successfully parsed message, but message temporarily enqueued while system restarts."},{"id":"1aaaeed7-3865-4b11-b8b2-4cf4a1ca742b","email":"hannah.martin@dropbox.net","message":"successfully handled skipped operation."},{"id":"e08347e2-6c46-4b7d-b228-89508d6c81bd","email":"nathan.young@microsoft.com","message":"successfully parsed message, but message temporarily enqueued while system restarts."},{"id":"665e14d9-8a63-4dce-b065-b6fb6718898a","email":"noah.sanchez@me.com","message":"successfully processed after 1026 milliseconds."},{"id":"5f4503da-28b0-4df1-b656-3bd1be3383c3","email":"olivia.wright@gmail.com","message":"failed to process due to datastore timeout of 30 seconds.  operation took 86 seconds."},{"id":"634bfc9e-002e-4bd3-a660-37c9157bf5f7","email":"samantha.scott@me.com","message":"failed to process due to network exception."},{"id":"55303b1a-563d-4b0a-8053-0d0fc5434afe","email":"ava.davis@gmail.com","message":"successfully handled skipped operation."},{"id":"014bc8d3-e05b-4bb2-bc2d-f158b13afc2f","email":"jack.thompson@me.com","message":"successfully parsed message, but message temporarily enqueued while system restarts."},{"id":"5dab56b8-3609-4efe-b05c-71b1cb3c29d6","email":"chloe.garcia@dropbox.net","message":"successfully processed after 4033 milliseconds."},{"id":"49ea96f4-ed67-4127-ac3a-025e29064ee3","email":"emma.thomas@me.com","message":"failed to process due to network exception."},{"id":"5ed21a97-bdfe-4b3a-bee1-eb7b954c2228","email":"sarah.green@amerisave.com","message":"successfully processed after 3072 milliseconds."},{"id":"a546669a-b62c-4ce1-bc76-19816c4034e4","email":"mason.robinson@amerisave.com","message":"successfully handled skipped operation."},{"id":"d19bc0f8-b5a7-4313-bdac-f2fee866b411","email":"liam.gonzalez@me.com","message":"successfully processed after 3274 milliseconds."},{"id":"aa2ed79a-f798-4077-a331-96c20b47a547","email":"olivia.wright@gmail.com","message":"successfully processed after 770 milliseconds."},{"id":"ebd51117-1723-44d6-9a99-6d5b36da7575","email":"alyssa.jones@amerisave.com","message":"successfully parsed message, but message temporarily enqueued while system restarts."},{"id":"8f17212d-6afe-4af7-ae50-e0e30054a72c","email":"ella.anderson@dropbox.net","message":"failed to process due to network exception."},{"id":"05c83084-ecf9-4b48-b7e3-4e51e396ba59","email":"madison.lewis@gmail.com","message":"failed to process due to datastore timeout of 30 seconds.  operation took 89 seconds."},{"id":"9304c272-c75e-4186-9981-79ce41e8252d","email":"nathan.young@microsoft.com","message":"successfully processed after 6510 milliseconds."},{"id":"d33525f8-b819-4f5c-889c-d5aeabf1f3d4","email":"emily.taylor@gmail.com","message":"successfully parsed message, but message temporarily enqueued while system restarts."},{"id":"2861f340-321e-4462-ac52-fe207af5ec34","email":"lily.harris@gmail.com","message":"failed to process due to network exception."},{"id":"0de0058b-dfa5-4d9f-bf4c-406d2a595556","email":"jacob.lopez@dropbox.net","message":"failed to process due to datastore timeout of 30 seconds.  operation took 71 seconds."},{"id":"b0c699d2-9692-46b7-926e-64cf123ffaf8","email":"abigail.smith@amerisave.com","message":"failed to process due to network exception."},{"id":"a9b0f86e-84e7-448f-a396-f04a763302d1","email":"mia.perez@me.com","message":"successfully handled skipped operation."},{"id":"6d65880f-ddba-486b-a79c-62cbd55f6de1","email":"jackson.white@gmail.com","message":"failed to process due to network exception."},{"id":"dfc1d159-6e9f-43b9-8523-84711ebaf012","email":"nathan.young@microsoft.com","message":"successfully parsed message, but message temporarily enqueued while system restarts."},{"id":"f8bd043f-7846-4590-8e0e-1940dfd0b51e","email":"daniel.rodriguez@amerisave.com","message":"failed to process due to datastore timeout of 30 seconds.  operation took 125 seconds."},{"id":"58d5b707-91b4-46c7-a743-5e62ccd5426f","email":"madison.lewis@gmail.com","message":"successfully handled skipped operation."},{"id":"cfd942b4-fd6d-480a-9347-6a4e25f33ed5","email":"emily.taylor@gmail.com","message":"successfully handled skipped operation."},{"id":"19f78207-2d66-476f-a13b-e159607fb661","email":"michael.hall@dropbox.net","message":"failed to process due to network exception."},{"id":"fc674b34-a639-4e83-8f8c-8103abdcc023","email":"abigail.smith@amerisave.com","message":"successfully parsed message, but message temporarily enqueued while system restarts."},{"id":"cb026e28-01bb-442a-b1a8-c34b5f8dd3e2","email":"nicholas.allen@microsoft.com","message":"successfully processed after 6641 milliseconds."},{"id":"4ecee7a3-9bf9-4b75-819b-b29a84b46653","email":"ella.anderson@dropbox.net","message":"successfully parsed message, but message temporarily enqueued while system restarts."},{"id":"3947bcd9-1ad7-4e6a-8396-b59038dbfd70","email":"madison.lewis@gmail.com","message":"failed to process due to datastore timeout of 30 seconds.  operation took 67 seconds."},{"id":"d0ab9728-9ec7-4d71-bb09-97ca24296fc4","email":"liam.gonzalez@me.com","message":"failed to process due to network exception."},{"id":"8e1a716e-cfcd-479d-8d3c-dd4ec4639b40","email":"samantha.scott@me.com","message":"successfully handled skipped operation."},{"id":"ea6522a4-3a44-4f7d-8eae-70be2f579819","email":"olivia.wright@gmail.com","message":"failed to process due to network exception."},{"id":"0ae7b28b-f137-407d-9b95-bbda1d15fd22","email":"chloe.garcia@dropbox.net","message":"failed to process due to network exception."},{"id":"9095794f-5c6e-4a2c-8d8f-bc25b5c9f657","email":"ryan.king@dropbox.net","message":"failed to process due to network exception."},{"id":"66c70f57-d864-41a9-8447-dc47693aa0cc","email":"lily.harris@gmail.com","message":"successfully parsed message, but message temporarily enqueued while system restarts."},{"id":"da3c6721-a295-4039-9d3f-4185c38a8e9a","email":"liam.gonzalez@me.com","message":"successfully processed after 3920 milliseconds."},{"id":"9623502b-5dc7-4b7c-97af-51c44b08d837","email":"emily.taylor@gmail.com","message":"failed to process due to datastore timeout of 30 seconds.  operation took 110 seconds."},{"id":"a3707e68-ebf8-46b6-9f9f-9eb56c64ce91","email":"logan.clark@dropbox.net","message":"failed to process due to network exception."},{"id":"c4c819a4-faa2-475f-8257-479410748650","email":"liam.gonzalez@me.com","message":"successfully parsed message, but message temporarily enqueued while system restarts."},{"id":"9df524f7-b700-4e38-8f49-c8ee49930151","email":"elizabeth.martinez@dropbox.net","message":"failed to process due to network exception."},{"id":"fc8b0511-672f-4c74-8b83-7130ca806c66","email":"tyler.nelson@microsoft.com","message":"failed to process due to network exception."},{"id":"c7e0dd3e-0a54-4638-8537-2e0926966108","email":"nathan.young@microsoft.com","message":"failed to process due to network exception."},{"id":"7f700b08-c5cf-4b2b-b01b-20517c4e99ae","email":"dylan.wilson@gmail.com","message":"successfully processed after 9674 milliseconds."},{"id":"a084cf78-7497-428f-a24d-83b961e2d0e1","email":"isabella.jackson@amerisave.com","message":"failed to process due to datastore timeout of 30 seconds.  operation took 58 seconds."},{"id":"a9943bf3-1d66-46fc-858e-c6a5e34f4d7d","email":"jacob.lopez@dropbox.net","message":"successfully processed after 8014 milliseconds."},{"id":"60378ebe-f45e-420a-adf7-a7f38d888815","email":"emma.thomas@me.com","message":"successfully parsed message, but message temporarily enqueued while system restarts."},{"id":"7b23539f-2d4e-4064-ac50-0cd26cab406f","email":"dylan.wilson@gmail.com","message":"successfully handled skipped operation."},{"id":"29f2d74c-7806-4831-8b5b-081eb5965f7d","email":"alyssa.jones@amerisave.com","message":"failed to process due to network exception."},{"id":"97a16dbd-6814-4dd5-9f3b-9b98392466e4","email":"isabella.jackson@amerisave.com","message":"successfully handled skipped operation."},{"id":"293adc6e-4d74-453c-9c83-03b0bb84cc6c","email":"noah.sanchez@me.com","message":"successfully handled skipped operation."},{"id":"88af2f0e-9f9e-40df-8457-bb554cb5188d","email":"noah.sanchez@me.com","message":"successfully parsed message, but message temporarily enqueued while system restarts."},{"id":"fd599f84-ad47-429a-b948-37ee7c5c37b1","email":"sophia.baker@dropbox.net","message":"failed to process due to datastore timeout of 30 seconds.  operation took 40 seconds."},{"id":"1a0cf5e7-9679-4adf-a840-3cdfb0f9e3c0","email":"sophia.baker@dropbox.net","message":"failed to process due to datastore timeout of 30 seconds.  operation took 91 seconds."},{"id":"b17d3771-f6d6-45f9-af4b-b5b0a08a384b","email":"joshua.lee@gmail.com","message":"failed to process due to network exception."},{"id":"dfc47add-986b-4ea6-a1f4-faf22cbca7dd","email":"nathan.young@microsoft.com","message":"successfully handled skipped operation."},{"id":"918198c5-769d-4e1a-84b9-c3b1d412eb6a","email":"alexander.williams@gmail.com","message":"failed to process due to network exception."},{"id":"f8c17a36-f495-4029-9dbf-e810c8ba8868","email":"taylor.adams@gmail.com","message":"successfully parsed message, but message temporarily enqueued while system restarts."},{"id":"6744a5bd-a0b6-42f3-8ddf-8b42cf3a0048","email":"dylan.wilson@gmail.com","message":"successfully parsed message, but message temporarily enqueued while system restarts."},{"id":"551a8e11-8c26-4d19-8a83-5c5c58187031","email":"matthew.walker@amerisave.com","message":"successfully parsed message, but message temporarily enqueued while system restarts."},{"id":"be3fbe37-b6f1-41c6-96e2-78fe2825c555","email":"elizabeth.martinez@dropbox.net","message":"successfully parsed message, but message temporarily enqueued while system restarts."},{"id":"9fbc6efe-b23d-47dd-b5fc-e014698e40c7","email":"jackson.white@gmail.com","message":"successfully parsed message, but message temporarily enqueued while system restarts."},{"id":"06126b6f-364e-4a7a-88c4-5cba1ec3ae9c","email":"nathan.young@microsoft.com","message":"successfully handled skipped operation."},{"id":"626877ad-69a6-467c-b384-69d4645e1fc1","email":"joshua.lee@gmail.com","message":"successfully parsed message, but message temporarily enqueued while system restarts."},{"id":"5c70448a-169d-40f8-8a65-c6a0ec0abfae","email":"olivia.wright@gmail.com","message":"failed to process due to datastore timeout of 30 seconds.  operation took 102 seconds."},{"id":"4b0202b6-5f19-416a-b2d5-5afcb7561809","email":"sophia.baker@dropbox.net","message":"successfully handled skipped operation."},{"id":"d8449d07-5cb2-4225-8b12-2412fb791240","email":"lily.harris@gmail.com","message":"failed to process due to datastore timeout of 30 seconds.  operation took 62 seconds."},{"id":"8c50309a-6536-4eb3-be51-51e04b08b07d","email":"abigail.smith@amerisave.com","message":"successfully handled skipped operation."},{"id":"7b955f50-37bd-4734-bec6-e4df35c9c11c","email":"ryan.king@dropbox.net","message":"successfully handled skipped operation."},{"id":"510dfc51-aa34-476f-ab4f-e29f828401bd","email":"mason.robinson@amerisave.com","message":"successfully handled skipped operation."},{"id":"1be74dba-65fd-47a5-896d-00ecd831313c","email":"sophia.baker@dropbox.net","message":"failed to process due to network exception."},{"id":"5e0c4cad-8184-47c7-9014-6f875dd08dca","email":"samantha.scott@me.com","message":"successfully parsed message, but message temporarily enqueued while system restarts."},{"id":"0895796a-62de-43a0-bb69-3bb3f860d91b","email":"mason.robinson@amerisave.com","message":"successfully handled skipped operation."},{"id":"6f76f464-ebc4-42e7-9d1e-e8c58c0b0981","email":"isabella.jackson@amerisave.com","message":"failed to process due to datastore timeout of 30 seconds.  operation took 79 seconds."},{"id":"648a915e-26d6-42fd-a691-12a275b50100","email":"alyssa.jones@amerisave.com","message":"successfully parsed message, but message temporarily enqueued while system restarts."},{"id":"2c904bec-9a7b-425e-9dab-f8d1f9d8fa5c","email":"aiden.johnson@microsoft.com","message":"successfully processed after 2515 milliseconds."},{"id":"7b8fd84e-9301-4cf2-946a-c211fa496f5f","email":"logan.clark@dropbox.net","message":"failed to process due to network exception."},{"id":"b29a353d-744e-4e10-accf-04145484cafe","email":"daniel.rodriguez@amerisave.com","message":"failed to process due to network exception."},{"id":"cdf19aca-256d-45e6-8e4a-890e592d82f4","email":"abigail.smith@amerisave.com","message":"successfully handled skipped operation."},{"id":"ea7e1623-dab4-4a11-8a80-015a02309b5c","email":"joshua.lee@gmail.com","message":"failed to process due to datastore timeout of 30 seconds.  operation took 108 seconds."},{"id":"f5facf89-7ea7-4892-99d2-0eff2015aa1b","email":"mia.perez@me.com","message":"failed to process due to datastore timeout of 30 seconds.  operation took 69 seconds."},{"id":"ec5f411c-8801-41b7-9690-f9488f2deb9f","email":"matthew.walker@amerisave.com","message":"successfully handled skipped operation."},{"id":"b26dc9e7-3432-4bc0-baed-5efc6ce130a0","email":"emily.taylor@gmail.com","message":"successfully handled skipped operation."},{"id":"a9398425-62a3-4eeb-80e5-9ad1e9c0e1db","email":"liam.gonzalez@me.com","message":"failed to process due to datastore timeout of 30 seconds.  operation took 130 seconds."},{"id":"95a90e31-2806-4378-ae56-f2aee1f47dc5","email":"alexander.williams@gmail.com","message":"failed to process due to datastore timeout of 30 seconds.  operation took 95 seconds."},{"id":"9b710195-c383-4a7c-9e37-cfc66d40a9cf","email":"abigail.smith@amerisave.com","message":"successfully processed after 186 milliseconds."},{"id":"f0e12e60-dc9b-4b5f-adf3-62cf696061ee","email":"joshua.lee@gmail.com","message":"failed to process due to datastore timeout of 30 seconds.  operation took 97 seconds."},{"id":"9a4bb09a-3de7-41a8-9991-dce99bdf7bb0","email":"andrew.miller@gmail.com","message":"failed to process due to datastore timeout of 30 seconds.  operation took 38 seconds."},{"id":"27b827ad-741c-4a13-8482-81e38291a6e5","email":"elizabeth.martinez@dropbox.net","message":"failed to process due to datastore timeout of 30 seconds.  operation took 34 seconds."},{"id":"c6f88f33-e1df-4e5d-98da-55263d19ffa0","email":"chloe.garcia@dropbox.net","message":"failed to process due to network exception."},{"id":"dc5246ac-3ec3-4c15-a349-7501442e6036","email":"jack.thompson@me.com","message":"successfully handled skipped operation."},{"id":"144ef96c-98b9-495c-95fc-485abdc8960d","email":"matthew.walker@amerisave.com","message":"successfully handled skipped operation."},{"id":"c6b8aa32-76ef-4f0e-8f16-09065cfdaad6","email":"ethan.hernandez@microsoft.com","message":"successfully processed after 4775 milliseconds."},{"id":"325a35e0-7cd0-4efc-9a23-27d7f6172455","email":"michael.hall@dropbox.net","message":"failed to process due to network exception."},{"id":"6ed92783-0c34-4e5f-bb6b-a301e984596d","email":"logan.clark@dropbox.net","message":"successfully parsed message, but message temporarily enqueued while system restarts."}],"id":"463583bd-e1af-45db-a3fc-2453f5a9f733"}