{"logs":[{"id":"b6462267-5a3d-48c7-b478-072e98abd615","email":"logan.clark@dropbox.net","message":"failed to process due to datastore timeout of 30 seconds.  operation took 59 seconds."},{"id":"05d7c002-283a-48b4-b6a3-93296ab13df3","email":"emily.taylor@gmail.com","message":"failed to process due to network exception."},{"id":"4b89b7c6-afa4-4d70-8b76-096815bd0ffa","email":"elizabeth.martinez@dropbox.net","message":"successfully processed after 4423 milliseconds."},{"id":"ba5d773b-3547-41da-ad96-67787d26d61c","email":"michael.hall@dropbox.net","message":"failed to process due to datastore timeout of 30 seconds.  operation took 51 seconds."},{"id":"17671869-f380-4548-96b8-4651db2d40ad","email":"daniel.rodriguez@amerisave.com","message":"successfully processed after 6432 milliseconds."},{"id":"91b4d66e-f740-4d25-9318-d40c89ec6725","email":"michael.hall@dropbox.net","message":"failed to process due to datastore timeout of 30 seconds.  operation took 114 seconds."},{"id":"bffcf80e-9325-4e41-a220-cd4138b5e034","email":"emma.thomas@me.com","message":"failed to process due to datastore timeout of 30 seconds.  operation took 102 seconds."},{"id":"b4bc1435-b08b-4f1b-bb8d-6111521e62ce","email":"dylan.wilson@gmail.com","message":"successfully parsed message, but message temporarily enqueued while system restarts."},{"id":"8d9b73ae-675f-43a1-8134-3af7bedd0bfe","email":"mason.robinson@amerisave.com","message":"successfully parsed message, but message temporarily enqueued while system restarts."},{"id":"6de8aaf8-af9d-43f7-88cc-ee8ea2616c11","email":"lily.harris@gmail.com","message":"successfully parsed message, but message temporarily enqueued while system restarts."},{"id":"6f161a2c-04ba-43b9-b047-a3843a387ba8","email":"dylan.wilson@gmail.com","message":"successfully handled skipped operation."},{"id":"15dc6cad-202a-4000-869b-f4b392dcfdeb","email":"daniel.rodriguez@amerisave.com","message":"successfully parsed message, but message temporarily enqueued while system restarts."},{"id":"31e635f3-f92f-41d0-b2fd-dd3e14976993","email":"ella.anderson@dropbox.net","message":"successfully handled skipped operation."},{"id":"03fd6881-fc48-467f-9508-2a65d5e00bc7","email":"abigail.smith@amerisave.com","message":"successfully parsed message, but message temporarily enqueued while system restarts."},{"id":"19478bff-f3eb-40bf-9e74-d6e0f8ff243c","email":"nathan.young@microsoft.com","message":"failed to process due to network exception."},{"id":"4249cb01-4394-496b-aa18-5cc063ff77cb","email":"ava.davis@gmail.com","message":"successfully processed after 2922 milliseconds."},{"id":"14402d7d-9e48-4f2d-ac0b-4d02b8add59f","email":"jack.thompson@me.com","message":"failed to process due to network exception."},{"id":"da2eb451-180a-4a7f-a92d-fc1bb28f2a80","email":"logan.clark@dropbox.net","message":"failed to process due to network exception."},{"id":"77c3ea5f-7ed7-4fc1-9d7a-134a0aaa8580","email":"jackson.white@gmail.com","message":"failed to process due to network exception."},{"id":"7849f0de-59a0-4ed8-9679-b1307ef630c3","email":"olivia.wright@gmail.com","message":"successfully parsed message, but message temporarily enqueued while system restarts."},{"id":"d7808043-9bbb-4224-8786-071489131233","email":"noah.sanchez@me.com","message":"failed to process due to network exception."},{"id":"ecad42cc-e744-4fb9-97c1-e1a0dfd75e86","email":"dylan.wilson@gmail.com","message":"successfully parsed message, but message temporarily enqueued while system restarts."},{"id":"a14e188c-88bf-4491-9178-67c92be0e03f","email":"alexander.williams@gmail.com","message":"failed to process due to network exception."},{"id":"c7757b09-7816-4dae-805a-9761b20e7fb5","email":"matthew.walker@amerisave.com","message":"successfully parsed message, but message temporarily enqueued while system restarts."},{"id":"ed45efc5-c555-405e-a3aa-f14c6e22b3b7","email":"michael.hall@dropbox.net","message":"failed to process due to network exception."},{"id":"8010669e-2b19-41e6-8f34-24c2eea865c1","email":"ella.anderson@dropbox.net","message":"successfully parsed message, but message temporarily enqueued while system restarts."},{"id":"22ce5a28-1e2b-4151-af51-73f8bd79cb1a","email":"dylan.wilson@gmail.com","message":"failed to process due to datastore timeout of 30 seconds.  operation took 84 seconds."},{"id":"983aae1d-4966-46c7-8df2-ac903bb00feb","email":"sophia.baker@dropbox.net","message":"successfully processed after 4798 milliseconds."},{"id":"fdef4c22-c675-4d09-835b-c9255636a17a","email":"mason.robinson@amerisave.com","message":"failed to process due to datastore timeout of 30 seconds.  operation took 113 seconds."},{"id":"e5e458c4-2485-498f-9f82-00e5e6f59365","email":"aiden.johnson@microsoft.com","message":"failed to process due to datastore timeout of 30 seconds.  operation took 113 seconds."},{"id":"6f87309a-43b4-451f-942e-fa39c0e6d4ed","email":"alexander.williams@gmail.com","message":"successfully parsed message, but message temporarily enqueued while system restarts."},{"id":"839a751c-6a79-4b53-815e-39bc774cfadd","email":"emily.taylor@gmail.com","message":"successfully processed after 349 milliseconds."},{"id":"c717ab75-1251-4f87-8224-86c9758cab56","email":"alexander.williams@gmail.com","message":"failed to process due to network exception."},{"id":"3eeae693-0d73-43c7-b2f0-dd0178df130d","email":"alexander.williams@gmail.com","message":"failed to process due to network exception."},{"id":"5e561c1f-64ab-4e62-acd9-5666bb540a9d","email":"mason.robinson@amerisave.com","message":"failed to process due to datastore timeout of 30 seconds.  operation took 107 seconds."},{"id":"1e25d330-2f3d-478b-87f2-dc7ea658fd67","email":"hannah.martin@dropbox.net","message":"successfully handled skipped operation."},{"id":"4735cfc9-8bcb-4f75-aaa7-811431fdcc8f","email":"daniel.rodriguez@amerisave.com","message":"failed to process due to datastore timeout of 30 seconds.  operation took 60 seconds."},{"id":"1e5543a9-1b61-43e0-9464-cf826a199c37","email":"olivia.wright@gmail.com","message":"failed to process due to datastore timeout of 30 seconds.  operation took 82 seconds."},{"id":"630b02d9-4664-4331-91f3-fc49bfae0b10","email":"noah.sanchez@me.com","message":"failed to process due to network exception."},{"id":"5842a9d9-cbad-4bbb-a583-cdccd3c1859c","email":"madison.lewis@gmail.com","message":"failed to process due to network exception."},{"id":"de830dcc-416d-4f7b-afa2-bb0b08e30072","email":"alexander.williams@gmail.com","message":"failed to process due to network exception."},{"id":"f54b73c0-f86a-49a6-9f45-b66261d05b26","email":"michael.hall@dropbox.net","message":"failed to process due to datastore timeout of 30 seconds.  operation took 95 seconds."},{"id":"8b23cd21-4938-4df3-ae5a-05523e3a4c28","email":"dylan.wilson@gmail.com","message":"successfully parsed message, but message temporarily enqueued while system restarts."},{"id":"d2ba0086-d990-418e-af86-0eedaef33ac5","email":"elizabeth.martinez@dropbox.net","message":"failed to process due to datastore timeout of 30 seconds.  operation took 62 seconds."},{"id":"d3391870-1b1c-49a2-ac76-459e572446ec","email":"michael.hall@dropbox.net","message":"successfully parsed message, but message temporarily enqueued while system restarts."},{"id":"f750a1fd-8ad8-47bf-8079-9202b0b4717e","email":"michael.hall@dropbox.net","message":"successfully processed after 7076 milliseconds."},{"id":"4361bf0f-e618-4af6-871f-4cab108963c8","email":"liam.gonzalez@me.com","message":"failed to process due to network exception."},{"id":"751da8b9-e13f-47ea-861d-b6577295e652","email":"alexander.williams@gmail.com","message":"successfully handled skipped operation."},{"id":"73f50b1b-ae5d-47cb-842a-8e0e2c23fab5","email":"nathan.young@microsoft.com","message":"successfully processed after 10004 milliseconds."},{"id":"6b4f9d31-68fb-40fc-9d2d-ebe50844f1ae","email":"alyssa.jones@amerisave.com","message":"failed to process due to datastore timeout of 30 seconds.  operation took 98 seconds."},{"id":"592565d6-9eeb-4b9b-b1e6-2d6bcdbd6e15","email":"alexis.brown@microsoft.com","message":"failed to process due to network exception."},{"id":"0d713ef5-e4fd-4d0d-b4bc-565fee521261","email":"ella.anderson@dropbox.net","message":"failed to process due to network exception."},{"id":"6ce8557d-158f-4a06-8f2c-a89ed333599c","email":"ethan.hernandez@microsoft.com","message":"failed to process due to network exception."},{"id":"cc737f35-efc1-494a-8266-a9e8cde2c83c","email":"taylor.adams@gmail.com","message":"successfully parsed message, but message temporarily enqueued while system restarts."},{"id":"a7fd999d-35c9-49f0-96d4-ebed2bf15123","email":"matthew.walker@amerisave.com","message":"successfully processed after 7871 milliseconds."},{"id":"9f507a8e-8342-4f1a-95ce-8876890f20fe","email":"daniel.rodriguez@amerisave.com","message":"failed to process due to network exception."},{"id":"92136181-72db-46cf-a00f-e1475e4e2630","email":"andrew.miller@gmail.com","message":"successfully processed after 4681 milliseconds."},{"id":"0700c78d-0e7f-414a-a034-4831a50fa157","email":"aiden.johnson@microsoft.com","message":"successfully parsed message, but message temporarily enqueued while system restarts."},{"id":"bf2ec320-ca90-41e3-8ba1-36c35dabff53","email":"elizabeth.martinez@dropbox.net","message":"successfully handled skipped operation."},{"id":"ed0a6f88-e9ae-45ec-8191-5af10ab0d0ae","email":"jacob.lopez@dropbox.net","message":"failed to process due to network exception."},{"id":"48842365-a94b-4dfd-8f12-f794f320258f","email":"alexis.brown@microsoft.com","message":"successfully parsed message, but message temporarily enqueued while system restarts."},{"id":"4e86daad-7115-423b-a4df-a6e2638e578f","email":"emma.thomas@me.com","message":"failed to process due to datastore timeout of 30 seconds.  operation took 55 seconds."},{"id":"92e21c8c-ad45-4f87-8a07-796cc5f4b960","email":"jacob.lopez@dropbox.net","message":"failed to process due to network exception."},{"id":"53a6cc60-b1af-41f8-b108-0dd1958eb57c","email":"emily.taylor@gmail.com","message":"successfully parsed message, but message temporarily enqueued while system restarts."},{"id":"07171372-8fb8-4b67-9cac-a5d940e9a424","email":"lily.harris@gmail.com","message":"successfully handled skipped operation."},{"id":"3b643865-353a-47ed-93d9-cbdd131552c5","email":"andrew.miller@gmail.com","message":"successfully handled skipped operation."},{"id":"d4be9e83-b5df-4f45-9c82-05637fe091a2","email":"alexander.williams@gmail.com","message":"failed to process due to network exception."},{"id":"e1f3209e-99db-46be-bddc-7618ad16cdf6","email":"andrew.miller@gmail.com","message":"successfully processed after 7434 milliseconds."},{"id":"e15a89a8-1d61-4d9b-bfb0-2787e3d1dbb4","email":"emily.taylor@gmail.com","message":"successfully handled skipped operation."},{"id":"4b59014c-5401-44c9-a6ae-cc7e79fd0dcf","email":"sophia.baker@dropbox.net","message":"failed to process due to network exception."},{"id":"43340ebf-abf2-40fc-8afc-40f9e73cdc03","email":"sophia.baker@dropbox.net","message":"successfully processed after 8195 milliseconds."},{"id":"7bc35548-0840-4710-961a-5739d44cb01a","email":"emma.thomas@me.com","message":"failed to process due to network exception."},{"id":"989dd9b0-6b09-4a70-a290-ef00ef1d0cf1","email":"ella.anderson@dropbox.net","message":"failed to process due to datastore timeout of 30 seconds.  operation took 68 seconds."},{"id":"4845d406-b966-45fb-91c1-c9c02da3e9b4","email":"lily.harris@gmail.com","message":"failed to process due to datastore timeout of 30 seconds.  operation took 83 seconds."},{"id":"2a492813-4883-4a3d-9714-23f4d3164ade","email":"alexander.williams@gmail.com","message":"failed to process due to network exception."},{"id":"7c2bf7df-cf74-4a8d-b69e-e4fa04c9c91b","email":"nathan.young@microsoft.com","message":"failed to process due to datastore timeout of 30 seconds.  operation took 104 seconds."},{"id":"4a24189e-a0bb-4051-ab01-81d562db90b0","email":"aiden.johnson@microsoft.com","message":"failed to process due to datastore timeout of 30 seconds.  operation took 64 seconds."},{"id":"e6477fdc-850a-430b-a66a-b8d08c64cd24","email":"elizabeth.martinez@dropbox.net","message":"successfully handled skipped operation."},{"id":"67fe6bbd-a14d-48ef-a006-1267af565a00","email":"daniel.rodriguez@amerisave.com","message":"successfully parsed message, but message temporarily enqueued while system restarts."},{"id":"6524db7d-8953-414d-b6cf-0fd8952a0f84","email":"nicholas.allen@microsoft.com","message":"failed to process due to datastore timeout of 30 seconds.  operation took 67 seconds."},{"id":"03ff8fed-0ac8-436d-bd46-708f4a7d172f","email":"ryan.king@dropbox.net","message":"successfully parsed message, but message temporarily enqueued while system restarts."},{"id":"0d6dba9c-944a-48fe-8cd7-4913052d7cf9","email":"joshua.lee@gmail.com","message":"failed to process due to datastore timeout of 30 seconds.  operation took 42 seconds."},{"id":"bf102fe2-8973-4250-bd60-e9b18c6ec362","email":"lily.harris@gmail.com","message":"successfully handled skipped operation."},{"id":"199b79d3-72d4-4045-b195-036561ca02d2","email":"ryan.king@dropbox.net","message":"successfully processed after 3243 milliseconds."},{"id":"daa71c1a-e811-4a7e-99fe-42043fbc6ff1","email":"madison.lewis@gmail.com","message":"failed to process due to network exception."},{"id":"09061192-8ceb-4a88-818c-1d451738317e","email":"jacob.lopez@dropbox.net","message":"failed to process due to network exception."},{"id":"83aba3c2-e5cf-412d-9bb0-4d81ee2cc714","email":"emily.taylor@gmail.com","message":"failed to process due to network exception."},{"id":"ba96f2f4-d624-43ff-bc51-e22e5a5b8b4e","email":"ava.davis@gmail.com","message":"successfully processed after 9213 milliseconds."},{"id":"3b729090-a203-4916-bfaa-b241cbc2defd","email":"joshua.lee@gmail.com","message":"failed to process due to network exception."},{"id":"c67f141e-5343-44d5-913f-513c02bcb061","email":"ava.davis@gmail.com","message":"failed to process due to network exception."},{"id":"c9bd78e1-2102-4e52-a9d7-68de75aec523","email":"hannah.martin@dropbox.net","message":"failed to process due to network exception."},{"id":"75dfa95a-9d25-4c60-9862-883bce070780","email":"nicholas.allen@microsoft.com","message":"failed to process due to network exception."},{"id":"13247b8f-65c4-4eee-bb94-cf937e636a9d","email":"joshua.lee@gmail.com","message":"successfully handled skipped operation."},{"id":"60c53896-9f46-4981-adcf-c4d36cb29e21","email":"hannah.martin@dropbox.net","message":"successfully processed after 4905 milliseconds."},{"id":"a80ffda8-8a47-429d-ba2e-1dd0b5cacfc2","email":"jack.thompson@me.com","message":"successfully handled skipped operation."},{"id":"087ae497-a044-4a50-9b69-0e235575c5da","email":"alexander.williams@gmail.com","message":"successfully parsed message, but message temporarily enqueued while system restarts."},{"id":"bd4a20bc-4e55-40db-b8c7-37602bf4fb80","email":"hannah.martin@dropbox.net","message":"failed to process due to datastore timeout of 30 seconds.  operation took 83 seconds."},{"id":"5e8ee116-4135-4eb4-a3ce-612ce6645afb","email":"grace.moore@gmail.com","message":"successfully processed after 7312 milliseconds."},{"id":"6b2543d3-28ef-4e71-ac1e-419b071925e0","email":"tyler.nelson@microsoft.com","message":"failed to process due to datastore timeout of 30 seconds.  operation took 75 seconds."},{"id":"34a3755d-6d1b-4fe0-9cbe-e43820387b81","email":"daniel.rodriguez@amerisave.com","message":"successfully handled skipped operation."},{"id":"362a1d55-f638-474f-bc6a-f2810657d893","email":"ava.davis@gmail.com","message":"failed to process due to datastore timeout of 30 seconds.  operation took 96 seconds."},{"id":"35c51b82-fb81-45f1-8968-c9b3b0a4d0dd","email":"hannah.martin@dropbox.net","message":"successfully processed after 988 milliseconds."},{"id":"bbc158c2-6773-4e12-8f5a-630c58df3fe8","email":"tyler.nelson@microsoft.com","message":"successfully parsed message, but message temporarily enqueued while system restarts."},{"id":"98750c90-cf10-453a-a046-cedfb9199548","email":"sarah.green@amerisave.com","message":"successfully parsed message, but message temporarily enqueued while system restarts."},{"id":"83a9b808-1f16-4b9c-b53b-6ec931400671","email":"dylan.wilson@gmail.com","message":"failed to process due to datastore timeout of 30 seconds.  operation took 64 seconds."},{"id":"a01e1a0d-dac9-476a-b05a-697fbdbe7967","email":"alexis.brown@microsoft.com","message":"failed to process due to datastore timeout of 30 seconds.  operation took 59 seconds."},{"id":"0b383d5c-cacb-466b-ac73-764841a3a59e","email":"isabella.jackson@amerisave.com","message":"successfully processed after 84 milliseconds."},{"id":"09df183d-e9c2-49c3-ac86-38965dce62dc","email":"lily.harris@gmail.com","message":"successfully handled skipped operation."},{"id":"a051384b-236b-471a-beba-4ff979b946b0","email":"abigail.smith@amerisave.com","message":"successfully parsed message, but message temporarily enqueued while system restarts."},{"id":"c03e6f38-6827-4de4-b8f2-b4542ae7cafc","email":"ava.davis@gmail.com","message":"successfully handled skipped operation."},{"id":"960e8c8b-0998-48de-a4a2-2f22fc3643f0","email":"emma.thomas@me.com","message":"failed to process due to datastore timeout of 30 seconds.  operation took 61 seconds."},{"id":"9bcebb98-815a-4dce-879d-9c483309d3a4","email":"joshua.lee@gmail.com","message":"failed to process due to network exception."},{"id":"0693a4be-2065-4397-8acf-7cc2430905e4","email":"alexander.williams@gmail.com","message":"successfully processed after 213 milliseconds."},{"id":"6502325a-3f17-4d3f-a277-eaf3ded7e663","email":"emma.thomas@me.com","message":"failed to process due to datastore timeout of 30 seconds.  operation took 66 seconds."},{"id":"aba87eee-697b-46be-9845-2b562bc96ca2","email":"samantha.scott@me.com","message":"successfully handled skipped operation."},{"id":"cf6f9c39-80b7-4b2d-877b-5753aa97f2cf","email":"chloe.garcia@dropbox.net","message":"failed to process due to network exception."},{"id":"0701a7c0-9196-403e-a557-8fcd517310e7","email":"alexis.brown@microsoft.com","message":"successfully parsed message, but message temporarily enqueued while system restarts."},{"id":"031ea288-3f58-4712-932f-cebe685c733b","email":"liam.gonzalez@me.com","message":"successfully processed after 2932 milliseconds."},{"id":"7a047da8-1f2d-41e4-8cf3-a8cf68d35a2a","email":"tyler.nelson@microsoft.com","message":"successfully handled skipped operation."},{"id":"6d85557c-b406-44ee-a5c5-e1212915c874","email":"ethan.hernandez@microsoft.com","message":"failed to process due to datastore timeout of 30 seconds.  operation took 38 seconds."},{"id":"746b8f9d-74b3-4ce7-950b-f9b8ed9e7641","email":"isabella.jackson@amerisave.com","message":"successfully handled skipped operation."},{"id":"5e5b7789-fed8-47f3-8272-6c08a2e3349c","email":"michael.hall@dropbox.net","message":"successfully handled skipped operation."},{"id":"dd0e44b7-e6ef-4773-8bb5-331e5298cfc8","email":"isabella.jackson@amerisave.com","message":"failed to process due to datastore timeout of 30 seconds.  operation took 103 seconds."},{"id":"e0bc6f24-856b-4b1f-b5b6-0310b6f39680","email":"mia.perez@me.com","message":"successfully parsed message, but message temporarily enqueued while system restarts."},{"id":"7be3e277-00ba-4695-a713-1383b6ef6fbd","email":"olivia.wright@gmail.com","message":"failed to process due to datastore timeout of 30 seconds.  operation took 83 seconds."},{"id":"30609479-ad79-4a75-8a3f-dde5cff4b2c3","email":"jack.thompson@me.com","message":"successfully handled skipped operation."},{"id":"590fa940-698b-4a99-823b-7deefcd2ead3","email":"taylor.adams@gmail.com","message":"successfully handled skipped operation."},{"id":"e67867f3-69d2-4490-819b-dd66da2c2e2a","email":"emma.thomas@me.com","message":"successfully handled skipped operation."},{"id":"3ff25101-75df-407e-b28f-c1334048354c","email":"ryan.king@dropbox.net","message":"successfully parsed message, but message temporarily enqueued while system restarts."},{"id":"09d375a9-1418-4a0f-9d8a-456356888ac7","email":"samantha.scott@me.com","message":"failed to process due to datastore timeout of 30 seconds.  operation took 110 seconds."},{"id":"2b2526c3-d9c1-40c1-ac7b-f01d5a5586bd","email":"daniel.rodriguez@amerisave.com","message":"successfully handled skipped operation."},{"id":"fb94fb47-55c7-41bf-8417-6e36deec9b95","email":"grace.moore@gmail.com","message":"successfully handled skipped operation."},{"id":"04495365-d053-4643-8a15-283ef47c4cc3","email":"sophia.baker@dropbox.net","message":"failed to process due to datastore timeout of 30 seconds.  operation took 74 seconds."},{"id":"653345b0-201b-466b-9116-7e1a9d2e5375","email":"mason.robinson@amerisave.com","message":"successfully handled skipped operation."},{"id":"1de814a5-b18b-4e3e-be4e-37452a78fb4a","email":"joshua.lee@gmail.com","message":"failed to process due to network exception."},{"id":"8658e9d9-c27e-482b-949d-70a7e3b6aef3","email":"andrew.miller@gmail.com","message":"failed to process due to datastore timeout of 30 seconds.  operation took 118 seconds."},{"id":"d1837dfa-0eee-4bd7-a370-7dafd5fb214f","email":"ella.anderson@dropbox.net","message":"failed to process due to datastore timeout of 30 seconds.  operation took 117 seconds."},{"id":"ecd90fa1-994a-4a35-87ac-cd740023285f","email":"ella.anderson@dropbox.net","message":"successfully parsed message, but message temporarily enqueued while system restarts."},{"id":"817fd392-f789-451d-979c-5ec305569223","email":"samantha.scott@me.com","message":"successfully processed after 8106 milliseconds."},{"id":"3234d86e-2ee4-4911-9880-75ca14b06c53","email":"nathan.young@microsoft.com","message":"successfully handled skipped operation."},{"id":"fe28023c-48c5-4d07-a738-c905998efc10","email":"grace.moore@gmail.com","message":"successfully processed after 747 milliseconds."},{"id":"02c4d543-c17b-45d6-a4a2-48ef896eff75","email":"chloe.garcia@dropbox.net","message":"successfully processed after 8404 milliseconds."},{"id":"ec494025-6b91-42cf-8e0c-49a7d2e07541","email":"daniel.rodriguez@amerisave.com","message":"successfully handled skipped operation."},{"id":"29a30553-d211-4208-aae9-3c689212e422","email":"sarah.green@amerisave.com","message":"successfully parsed message, but message temporarily enqueued while system restarts."},{"id":"79f466d2-a916-4509-be00-b24631fe0c40","email":"jack.thompson@me.com","message":"successfully parsed message, but message temporarily enqueued while system restarts."},{"id":"90b87ca0-b63d-40f1-beab-da0a4ab750b6","email":"olivia.wright@gmail.com","message":"successfully handled skipped operation."},{"id":"90c31749-e32b-4b31-b62a-2b71952190a4","email":"alyssa.jones@amerisave.com","message":"failed to process due to datastore timeout of 30 seconds.  operation took 121 seconds."},{"id":"8807471e-0b5a-482c-b390-3644746354f1","email":"isabella.jackson@amerisave.com","message":"failed to process due to network exception."},{"id":"4c22b18c-3f11-44d0-aadd-60b0592e64ea","email":"jackson.white@gmail.com","message":"successfully handled skipped operation."},{"id":"4df4aa5f-e7c1-48da-940c-1fa593057d94","email":"taylor.adams@gmail.com","message":"failed to process due to datastore timeout of 30 seconds.  operation took 79 seconds."},{"id":"c167021e-ccac-4480-be6a-f5d6482edab3","email":"andrew.miller@gmail.com","message":"successfully handled skipped operation."},{"id":"db3efe33-0dac-449a-bdc0-49cd5c15b72a","email":"daniel.rodriguez@amerisave.com","message":"failed to process due to datastore timeout of 30 seconds.  operation took 56 seconds."},{"id":"0046b4b0-f91a-4594-bd30-2572f40cf3ed","email":"lily.harris@gmail.com","message":"failed to process due to datastore timeout of 30 seconds.  operation took 78 seconds."},{"id":"b6405e36-486d-4819-84e4-26365b2ab58e","email":"isabella.jackson@amerisave.com","message":"successfully processed after 4516 milliseconds."},{"id":"9c8640bf-05b6-4235-87f9-6866556db3ff","email":"michael.hall@dropbox.net","message":"successfully processed after 1955 milliseconds."},{"id":"90ce381f-3876-4bf7-9e24-dcb20d413145","email":"emily.taylor@gmail.com","message":"failed to process due to datastore timeout of 30 seconds.  operation took 129 seconds."}],"id":"fe9eb6d6-1c1c-4a53-8a39-48ba61b96210"}