{"logs":[{"id":"e76320c2-2332-4cc1-9539-0845e740ec39","email":"daniel.rodriguez@amerisave.com","message":"failed to process due to network exception."},{"id":"4141bee8-719b-446e-8385-71c3acca7deb","email":"logan.clark@dropbox.net","message":"failed to process due to datastore timeout of 30 seconds.  operation took 35 seconds."},{"id":"1a5a4696-77c5-4903-b1ac-423e0db033d2","email":"ryan.king@dropbox.net","message":"failed to process due to datastore timeout of 30 seconds.  operation took 94 seconds."},{"id":"eef59633-0f65-40f1-8c68-4edff7bd5a89","email":"mia.perez@me.com","message":"successfully handled skipped operation."},{"id":"8caffb0e-d888-45c5-bc66-9931d015d0a2","email":"chloe.garcia@dropbox.net","message":"successfully handled skipped operation."},{"id":"652149e4-385d-4126-979f-b79c987f28e1","email":"mason.robinson@amerisave.com","message":"successfully handled skipped operation."},{"id":"e0e5c5b8-36e0-4e47-8624-8f5c6ebf5854","email":"ella.anderson@dropbox.net","message":"successfully processed after 5492 milliseconds."},{"id":"617e48c5-27cc-481f-b44b-c6b88c37f0bd","email":"emily.taylor@gmail.com","message":"successfully parsed message, but message temporarily enqueued while system restarts."},{"id":"8226a7c8-163e-42fa-82f8-94164af50573","email":"isabella.jackson@amerisave.com","message":"failed to process due to network exception."},{"id":"5658afae-b474-42f7-821e-e4272fbb9e4e","email":"madison.lewis@gmail.com","message":"successfully parsed message, but message temporarily enqueued while system restarts."},{"id":"38f2f44a-6b3a-4497-a4ca-7d2a3af3b6e3","email":"abigail.smith@amerisave.com","message":"failed to process due to network exception."},{"id":"e86c4d13-9b70-4885-b918-133fa5c7121b","email":"chloe.garcia@dropbox.net","message":"failed to process due to datastore timeout of 30 seconds.  operation took 85 seconds."},{"id":"d234493f-0fc5-4714-8e52-fd1742c7cca0","email":"mia.perez@me.com","message":"successfully parsed message, but message temporarily enqueued while system restarts."},{"id":"2fc6d9d4-7642-4d39-8361-96358471c1e0","email":"emma.thomas@me.com","message":"successfully handled skipped operation."},{"id":"435a4f82-2e93-4d17-b50a-7d97098b3c14","email":"ella.anderson@dropbox.net","message":"failed to process due to network exception."},{"id":"1d7862e7-55fc-43de-a265-34801a9da1a9","email":"lily.harris@gmail.com","message":"successfully processed after 8424 milliseconds."},{"id":"0b43d1ff-bcd6-41a3-be03-592e20b58143","email":"logan.clark@dropbox.net","message":"successfully parsed message, but message temporarily enqueued while system restarts."},{"id":"12b59624-2a04-403a-993d-c16f731f7e95","email":"grace.moore@gmail.com","message":"successfully parsed message, but message temporarily enqueued while system restarts."},{"id":"b87fecf7-4695-43f9-85fa-89ca971c2969","email":"grace.moore@gmail.com","message":"failed to process due to datastore timeout of 30 seconds.  operation took 72 seconds."},{"id":"8a864beb-9515-45b4-aa8f-7ab0627f19ca","email":"jacob.lopez@dropbox.net","message":"successfully handled skipped operation."},{"id":"15a1aa35-e6c8-4a43-bd2e-d59fb061037a","email":"emma.thomas@me.com","message":"failed to process due to datastore timeout of 30 seconds.  operation took 77 seconds."},{"id":"2d1fca1f-f714-4c59-95c0-7fcc0c0d1a38","email":"jackson.white@gmail.com","message":"successfully handled skipped operation."},{"id":"2dbc44f6-68b8-4500-ab77-87a029fe9f76","email":"emma.thomas@me.com","message":"successfully handled skipped operation."},{"id":"775f2116-eb81-45ce-8f87-34779863d1cf","email":"elizabeth.martinez@dropbox.net","message":"successfully handled skipped operation."},{"id":"0da2d5a4-c8f0-48f5-8731-3121fc899188","email":"taylor.adams@gmail.com","message":"failed to process due to network exception."},{"id":"98769dd8-f5b5-426a-a609-14420d826cff","email":"chloe.garcia@dropbox.net","message":"successfully parsed message, but message temporarily enqueued while system restarts."},{"id":"03bdeed1-eccf-4922-beda-cb2cda66b644","email":"ethan.hernandez@microsoft.com","message":"successfully parsed message, but message temporarily enqueued while system restarts."},{"id":"d43de1cf-6360-49d7-b53a-87fcecea9f07","email":"elizabeth.martinez@dropbox.net","message":"successfully processed after 7318 milliseconds."},{"id":"a14f2536-5930-4acc-88c2-e65ba3fcd17c","email":"grace.moore@gmail.com","message":"successfully parsed message, but message temporarily enqueued while system restarts."},{"id":"2a86441d-0654-4a38-b227-cf538182b25b","email":"madison.lewis@gmail.com","message":"successfully handled skipped operation."},{"id":"cf998dfd-ca13-4143-8279-7789a1573291","email":"ava.davis@gmail.com","message":"successfully processed after 4923 milliseconds."},{"id":"68603f70-38d4-48f4-a6c3-c661a728934e","email":"sarah.green@amerisave.com","message":"failed to process due to datastore timeout of 30 seconds.  operation took 117 seconds."},{"id":"3e9fa7a4-b62e-4e17-a228-dc51c18b1a65","email":"matthew.walker@amerisave.com","message":"failed to process due to network exception."},{"id":"14ba7e2e-b048-4d92-bef4-797a7f9e24ef","email":"grace.moore@gmail.com","message":"successfully processed after 1437 milliseconds."},{"id":"86ad32d9-fdf9-45d1-8ed5-1b46771f0185","email":"madison.lewis@gmail.com","message":"successfully processed after 5948 milliseconds."},{"id":"cef2b7e0-6032-466c-a477-d3ecf18bab5e","email":"ryan.king@dropbox.net","message":"failed to process due to network exception."},{"id":"18ffb036-ff45-4891-a221-85422d44c8ee","email":"tyler.nelson@microsoft.com","message":"successfully processed after 7303 milliseconds."},{"id":"3ea1b208-5364-45d3-aa32-94aa357872ea","email":"ethan.hernandez@microsoft.com","message":"failed to process due to network exception."},{"id":"129007f7-f872-4ad4-957b-52257f81833c","email":"alexander.williams@gmail.com","message":"successfully handled skipped operation."},{"id":"bb870e05-a16a-4610-b7ee-5012ee89b658","email":"taylor.adams@gmail.com","message":"failed to process due to network exception."},{"id":"1b5aa6b1-9909-460f-a74c-228bf6746294","email":"ella.anderson@dropbox.net","message":"failed to process due to datastore timeout of 30 seconds.  operation took 67 seconds."},{"id":"2911d49f-3a18-4d10-85f9-325e1f5d0507","email":"liam.gonzalez@me.com","message":"failed to process due to network exception."},{"id":"9f05a585-1a33-48be-a9aa-352105d35b16","email":"jackson.white@gmail.com","message":"successfully handled skipped operation."},{"id":"f8e730cf-5beb-4f0b-aeff-31c0f4d397d8","email":"taylor.adams@gmail.com","message":"successfully parsed message, but message temporarily enqueued while system restarts."},{"id":"5d7430d6-9514-4a07-b2dc-70f934d9a39f","email":"alexander.williams@gmail.com","message":"successfully parsed message, but message temporarily enqueued while system restarts."},{"id":"e1aa54ec-25e5-4106-9956-b30746bea3bb","email":"dylan.wilson@gmail.com","message":"successfully parsed message, but message temporarily enqueued while system restarts."},{"id":"7c1bc4bd-184b-4c2f-b2da-b96214d15f68","email":"jackson.white@gmail.com","message":"successfully processed after 3020 milliseconds."},{"id":"77c48895-34d4-4aca-8871-b331a6803992","email":"aiden.johnson@microsoft.com","message":"failed to process due to datastore timeout of 30 seconds.  operation took 77 seconds."},{"id":"56fb86d5-89c1-4eec-b138-82598a8f9606","email":"isabella.jackson@amerisave.com","message":"successfully parsed message, but message temporarily enqueued while system restarts."},{"id":"ddb2745c-cb05-4af0-a138-1d0f2bd4ad33","email":"mia.perez@me.com","message":"failed to process due to network exception."},{"id":"7e3380f0-3e59-477e-a0df-746903d19d5c","email":"nicholas.allen@microsoft.com","message":"successfully handled skipped operation."},{"id":"705eb845-533c-49ac-918f-b2a8d1d57392","email":"andrew.miller@gmail.com","message":"failed to process due to network exception."},{"id":"c0e3b241-1adb-4414-92a4-2ff9497679b5","email":"mason.robinson@amerisave.com","message":"successfully handled skipped operation."},{"id":"bb651ae5-e228-4be4-8b45-526c23b05879","email":"mia.perez@me.com","message":"successfully parsed message, but message temporarily enqueued while system restarts."},{"id":"c5f31179-f0e9-45d4-b83b-fdd88c18bc97","email":"abigail.smith@amerisave.com","message":"successfully handled skipped operation."},{"id":"d5110ca3-be5a-4c19-82cb-a5d4c008ced4","email":"alexis.brown@microsoft.com","message":"failed to process due to datastore timeout of 30 seconds.  operation took 100 seconds."},{"id":"d843e79f-f4d0-4f4a-b781-f610d954bb67","email":"tyler.nelson@microsoft.com","message":"successfully handled skipped operation."},{"id":"ed1c085f-6f1d-4b47-8075-e2592d6eb638","email":"logan.clark@dropbox.net","message":"successfully parsed message, but message temporarily enqueued while system restarts."},{"id":"9933dee2-6216-4b0c-959b-2be2fb9e3511","email":"logan.clark@dropbox.net","message":"successfully parsed message, but message temporarily enqueued while system restarts."},{"id":"60cfac88-168a-4b97-9765-96cc629ea201","email":"emma.thomas@me.com","message":"successfully parsed message, but message temporarily enqueued while system restarts."},{"id":"e046d5bf-3678-4456-a333-4e4b78bef8b2","email":"isabella.jackson@amerisave.com","message":"successfully processed after 3880 milliseconds."},{"id":"57591c33-863a-46ac-8d99-80f9ee036664","email":"isabella.jackson@amerisave.com","message":"successfully parsed message, but message temporarily enqueued while system restarts."},{"id":"9037de8f-86b3-49d4-8dde-6abb8ba78263","email":"grace.moore@gmail.com","message":"failed to process due to datastore timeout of 30 seconds.  operation took 49 seconds."},{"id":"a99ca906-4734-45b2-a0bb-7aebee21c128","email":"grace.moore@gmail.com","message":"successfully handled skipped operation."},{"id":"3ad4937c-ac59-480e-8132-b27549d55270","email":"madison.lewis@gmail.com","message":"failed to process due to datastore timeout of 30 seconds.  operation took 73 seconds."},{"id":"57211157-33d7-4627-a379-3ce1aa281882","email":"ryan.king@dropbox.net","message":"failed to process due to network exception."},{"id":"d7d13270-0f5c-48c3-97c8-061f80017459","email":"joshua.lee@gmail.com","message":"successfully parsed message, but message temporarily enqueued while system restarts."},{"id":"1f1491e0-b179-4f81-a170-51ffac6fd0ed","email":"mia.perez@me.com","message":"successfully parsed message, but message temporarily enqueued while system restarts."},{"id":"ba35bfe9-5471-4193-a266-46eaf49183b7","email":"noah.sanchez@me.com","message":"successfully handled skipped operation."},{"id":"1e22bcd6-fe1a-468b-8428-2c01c51ef2a6","email":"emily.taylor@gmail.com","message":"successfully handled skipped operation."},{"id":"e572139f-94d0-4d2d-9563-315bd3f0c5cf","email":"madison.lewis@gmail.com","message":"failed to process due to network exception."},{"id":"5119f82a-802a-4a5b-a129-99f9235d3d8a","email":"samantha.scott@me.com","message":"successfully handled skipped operation."},{"id":"f5ebf8bf-6737-446f-95ce-fc03c11c1774","email":"alexis.brown@microsoft.com","message":"failed to process due to network exception."},{"id":"d2157e2a-af68-4589-aa7a-ed2db02df570","email":"joshua.lee@gmail.com","message":"successfully processed after 60 milliseconds."},{"id":"1be1f93d-9754-4904-aa52-9eb3dde056b7","email":"joshua.lee@gmail.com","message":"successfully processed after 816 milliseconds."}],"id":"4fc76eda-a8c8-4b6e-9452-972c2a6e3ac1"}