{"logs":[{"id":"8ef9cfaf-2760-4755-8ccc-56e1f637dd51","email":"michael.hall@dropbox.net","message":"failed to process due to datastore timeout of 30 seconds.  operation took 42 seconds."},{"id":"2b9cb969-76ac-4c79-8385-3134583abe96","email":"noah.sanchez@me.com","message":"successfully handled skipped operation."},{"id":"1ab368ef-3345-466b-80fa-2d5fc5ef0a42","email":"ryan.king@dropbox.net","message":"successfully parsed message, but message temporarily enqueued while system restarts."},{"id":"c601f7e9-0451-4fa1-bf44-7e0ee014dced","email":"emma.thomas@me.com","message":"failed to process due to network exception."},{"id":"fa48b8d2-b8b3-4295-b585-071851689100","email":"hannah.martin@dropbox.net","message":"successfully handled skipped operation."},{"id":"2120283a-e0b4-42e6-8776-e31e0a47f5ae","email":"sarah.green@amerisave.com","message":"successfully parsed message, but message temporarily enqueued while system restarts."},{"id":"6596589b-6f2c-4ba6-8b5c-80e15899b0cf","email":"ella.anderson@dropbox.net","message":"successfully processed after 7567 milliseconds."},{"id":"0848ef3b-0707-426d-9eaf-4708b4343124","email":"aiden.johnson@microsoft.com","message":"successfully handled skipped operation."},{"id":"0595002d-6d2e-45ee-847c-673ffad4dc9f","email":"ryan.king@dropbox.net","message":"successfully processed after 7090 milliseconds."},{"id":"538e4639-a00c-4aa3-b0fd-ea4f22642922","email":"abigail.smith@amerisave.com","message":"failed to process due to network exception."},{"id":"472cb25f-d7d6-4bf5-9574-203eefb89ae7","email":"ava.davis@gmail.com","message":"successfully processed after 1174 milliseconds."},{"id":"fd67cd29-0c66-4c89-b162-673fada551ae","email":"matthew.walker@amerisave.com","message":"successfully handled skipped operation."},{"id":"bd5109a2-35cc-47e1-8612-cf2258eb1395","email":"alyssa.jones@amerisave.com","message":"successfully processed after 9750 milliseconds."},{"id":"89557bc1-e45d-4082-9a27-188c78838ae6","email":"jack.thompson@me.com","message":"failed to process due to network exception."},{"id":"396ebc08-0255-4c6f-bf3e-e7a5e2fb889f","email":"noah.sanchez@me.com","message":"successfully parsed message, but message temporarily enqueued while system restarts."},{"id":"911748f2-9eb7-4b06-be07-15d708341403","email":"grace.moore@gmail.com","message":"successfully parsed message, but message temporarily enqueued while system restarts."},{"id":"8ddf4775-d0dd-4d99-af64-7c505f664664","email":"logan.clark@dropbox.net","message":"successfully handled skipped operation."},{"id":"65610420-ed13-44cf-8af8-71e81c9c1abc","email":"daniel.rodriguez@amerisave.com","message":"failed to process due to network exception."},{"id":"cdc23f46-5a4f-441b-9631-93dad54d0349","email":"alyssa.jones@amerisave.com","message":"failed to process due to datastore timeout of 30 seconds.  operation took 46 seconds."},{"id":"1fd01ca4-dad1-4f76-a275-cb90758c97ed","email":"mason.robinson@amerisave.com","message":"failed to process due to network exception."},{"id":"f608c16e-cacd-42e9-a232-23fbd93fa82a","email":"mia.perez@me.com","message":"successfully processed after 4282 milliseconds."},{"id":"c4bea14d-00ef-4658-bec9-0183d5e9c5ec","email":"liam.gonzalez@me.com","message":"failed to process due to datastore timeout of 30 seconds.  operation took 119 seconds."},{"id":"5bc10d22-7012-45b4-b366-bed26e851669","email":"olivia.wright@gmail.com","message":"failed to process due to datastore timeout of 30 seconds.  operation took 32 seconds."},{"id":"46a66688-6ff2-4308-9170-d3380d4850a2","email":"isabella.jackson@amerisave.com","message":"successfully parsed message, but message temporarily enqueued while system restarts."},{"id":"58aa995d-d7f5-4725-9a2b-13348af66dfe","email":"alexis.brown@microsoft.com","message":"failed to process due to network exception."},{"id":"c86f345c-4644-4b48-949e-82c35d5a76bf","email":"matthew.walker@amerisave.com","message":"successfully processed after 4270 milliseconds."},{"id":"46165f37-6175-40cb-bb7a-1dc9896a47a5","email":"aiden.johnson@microsoft.com","message":"successfully processed after 9114 milliseconds."},{"id":"430ed067-d160-4b1d-b014-991447cf851a","email":"ethan.hernandez@microsoft.com","message":"successfully handled skipped operation."},{"id":"d3126e2c-8cac-4343-84e2-87cd41f405f6","email":"olivia.wright@gmail.com","message":"successfully handled skipped operation."},{"id":"159e2ba0-1640-49f0-9b16-7c5e4c1ffc9d","email":"isabella.jackson@amerisave.com","message":"successfully handled skipped operation."},{"id":"5f05aad7-6f17-4cd3-b0ea-24cff1d11f21","email":"chloe.garcia@dropbox.net","message":"failed to process due to datastore timeout of 30 seconds.  operation took 35 seconds."},{"id":"3e001a8d-59cf-448f-9d27-9a7968a4cf55","email":"alyssa.jones@amerisave.com","message":"failed to process due to network exception."},{"id":"9763d6eb-5ec7-43b5-a8a4-c329922a04a6","email":"olivia.wright@gmail.com","message":"failed to process due to datastore timeout of 30 seconds.  operation took 83 seconds."},{"id":"354259e8-8b14-4fd6-8bdb-b2c48425473b","email":"mason.robinson@amerisave.com","message":"successfully parsed message, but message temporarily enqueued while system restarts."},{"id":"b22c7386-d963-4581-8d72-97a9195019e9","email":"ryan.king@dropbox.net","message":"failed to process due to datastore timeout of 30 seconds.  operation took 70 seconds."},{"id":"68996807-b7ae-4626-8a45-7f5b6511fd9d","email":"jack.thompson@me.com","message":"failed to process due to network exception."},{"id":"6422f1b1-479c-422e-bc89-fbe9ef939567","email":"sophia.baker@dropbox.net","message":"successfully processed after 5217 milliseconds."},{"id":"efa86a0e-2037-4492-ab27-b9ba2ecf5d2c","email":"nicholas.allen@microsoft.com","message":"failed to process due to datastore timeout of 30 seconds.  operation took 52 seconds."},{"id":"9c7623da-c18e-4d1e-94d0-66000b6348cf","email":"samantha.scott@me.com","message":"failed to process due to network exception."},{"id":"af6540f3-b6b2-48ae-8d43-2c6d036efc20","email":"aiden.johnson@microsoft.com","message":"failed to process due to datastore timeout of 30 seconds.  operation took 68 seconds."},{"id":"b555eb8c-37e7-4745-b819-47285744ab92","email":"emma.thomas@me.com","message":"successfully handled skipped operation."},{"id":"2496ce50-bd0f-4061-87bd-9708823797cb","email":"isabella.jackson@amerisave.com","message":"successfully parsed message, but message temporarily enqueued while system restarts."},{"id":"5a5a1a88-efb4-4d58-916c-aa5ac322ed31","email":"hannah.martin@dropbox.net","message":"failed to process due to datastore timeout of 30 seconds.  operation took 82 seconds."},{"id":"f9209871-f04e-4d64-8999-37d989f91865","email":"madison.lewis@gmail.com","message":"successfully handled skipped operation."},{"id":"6cdc38c9-39a1-41d9-901b-78fab94ee22f","email":"jacob.lopez@dropbox.net","message":"successfully processed after 9588 milliseconds."},{"id":"f88d3aba-8a46-4d1f-b39e-d74d33d197bc","email":"jackson.white@gmail.com","message":"failed to process due to network exception."},{"id":"d83b413d-3a4d-4d03-9171-e11cfd1f2f3e","email":"emily.taylor@gmail.com","message":"successfully processed after 9053 milliseconds."},{"id":"c5983242-c5f4-4183-bd32-ba3f00498a3f","email":"alexis.brown@microsoft.com","message":"successfully handled skipped operation."},{"id":"dee5e35a-07a9-4d17-a464-6017ccd32bba","email":"andrew.miller@gmail.com","message":"successfully processed after 1619 milliseconds."},{"id":"102c522f-2080-4563-8fa8-ee8dfd3c8c1c","email":"joshua.lee@gmail.com","message":"successfully processed after 8312 milliseconds."},{"id":"d422155c-1ffc-4983-8821-6a353c270ced","email":"emily.taylor@gmail.com","message":"successfully processed after 216 milliseconds."},{"id":"a52184ad-ede8-4050-a2ae-56c3328ae815","email":"jack.thompson@me.com","message":"failed to process due to datastore timeout of 30 seconds.  operation took 55 seconds."},{"id":"85620b75-266e-462d-a926-5da41d49255a","email":"daniel.rodriguez@amerisave.com","message":"successfully parsed message, but message temporarily enqueued while system restarts."},{"id":"6774b006-b16a-4e54-8d08-604db2711647","email":"emily.taylor@gmail.com","message":"failed to process due to network exception."},{"id":"0b91162e-83ac-4c2a-9ff8-bd3db9b2dacd","email":"emily.taylor@gmail.com","message":"failed to process due to datastore timeout of 30 seconds.  operation took 67 seconds."},{"id":"b754157c-ea5a-4e10-bb5d-540618e74bcc","email":"samantha.scott@me.com","message":"failed to process due to network exception."},{"id":"c9300053-1e87-4525-9521-50e9fe2fa380","email":"emily.taylor@gmail.com","message":"successfully processed after 3745 milliseconds."},{"id":"75cbd1a8-dff1-4eda-b82f-78e59b7d911c","email":"alexander.williams@gmail.com","message":"successfully processed after 8730 milliseconds."},{"id":"571e3640-f933-47ef-978c-dba0f4c94930","email":"tyler.nelson@microsoft.com","message":"failed to process due to datastore timeout of 30 seconds.  operation took 55 seconds."},{"id":"5dffff04-28ed-44af-aecc-9a5bfa174e20","email":"sophia.baker@dropbox.net","message":"successfully processed after 4641 milliseconds."},{"id":"1b862548-4a1e-4938-bfbe-da5b866ab5aa","email":"tyler.nelson@microsoft.com","message":"failed to process due to datastore timeout of 30 seconds.  operation took 90 seconds."},{"id":"5a2fc3cf-f2e3-49d4-a403-6ce2c04d2dd3","email":"jackson.white@gmail.com","message":"failed to process due to network exception."},{"id":"0dafc5d4-ff9e-43ff-9f44-d6fcb3c2e001","email":"liam.gonzalez@me.com","message":"successfully processed after 4455 milliseconds."},{"id":"76cde24d-31b4-49f8-96a8-58dd71c361dc","email":"samantha.scott@me.com","message":"successfully processed after 8073 milliseconds."},{"id":"741fd314-058d-459b-912e-ae586d332f32","email":"andrew.miller@gmail.com","message":"failed to process due to network exception."},{"id":"019fb608-d790-4e8f-ba47-fd5de8382c4c","email":"liam.gonzalez@me.com","message":"failed to process due to network exception."},{"id":"07a3bf9b-d6a3-407a-bbe7-098f3f07b94e","email":"matthew.walker@amerisave.com","message":"successfully handled skipped operation."},{"id":"771e197e-e551-41f1-b3f0-5f3a20c38cf1","email":"alexander.williams@gmail.com","message":"successfully parsed message, but message temporarily enqueued while system restarts."},{"id":"18a62dc1-2526-4244-a13d-dc7377e9ca76","email":"ava.davis@gmail.com","message":"failed to process due to datastore timeout of 30 seconds.  operation took 116 seconds."},{"id":"75079db1-3198-4012-81bf-af1e201a6359","email":"logan.clark@dropbox.net","message":"successfully parsed message, but message temporarily enqueued while system restarts."},{"id":"7e58088d-eb05-4925-8e27-d2207f73e2d2","email":"madison.lewis@gmail.com","message":"failed to process due to datastore timeout of 30 seconds.  operation took 92 seconds."},{"id":"1ba0e753-34bf-4499-86b9-0a29754270f2","email":"olivia.wright@gmail.com","message":"successfully parsed message, but message temporarily enqueued while system restarts."},{"id":"61c21846-d9d3-4263-8a93-1cea5c511e37","email":"lily.harris@gmail.com","message":"failed to process due to datastore timeout of 30 seconds.  operation took 44 seconds."},{"id":"7ff81c0a-326f-4138-9a85-bdbb9d7ce74b","email":"liam.gonzalez@me.com","message":"successfully processed after 7305 milliseconds."},{"id":"d2adf9c2-bef1-4177-86a6-f417490c7710","email":"nathan.young@microsoft.com","message":"successfully processed after 4678 milliseconds."},{"id":"45562da4-b51b-49f0-83b5-276e817fc56d","email":"noah.sanchez@me.com","message":"successfully handled skipped operation."},{"id":"32c4efe6-014b-4c0a-8d2a-629cc85d373c","email":"aiden.johnson@microsoft.com","message":"failed to process due to datastore timeout of 30 seconds.  operation took 59 seconds."},{"id":"39179f08-1f41-4c4a-83e9-ec213c81b4e6","email":"sophia.baker@dropbox.net","message":"successfully handled skipped operation."},{"id":"b1f490ba-e05b-4ccf-832c-52296fbd256e","email":"isabella.jackson@amerisave.com","message":"successfully handled skipped operation."},{"id":"c3c5bdbe-5c74-49ce-8b3e-49356b66f638","email":"liam.gonzalez@me.com","message":"failed to process due to datastore timeout of 30 seconds.  operation took 105 seconds."},{"id":"2adbed3e-a5bd-45fd-9719-df757abcc224","email":"elizabeth.martinez@dropbox.net","message":"failed to process due to datastore timeout of 30 seconds.  operation took 99 seconds."},{"id":"be49b53d-4e96-44a3-bf92-09e303233184","email":"ethan.hernandez@microsoft.com","message":"successfully handled skipped operation."},{"id":"38bada78-7804-415e-b63b-9d5054a59ff2","email":"mia.perez@me.com","message":"failed to process due to datastore timeout of 30 seconds.  operation took 94 seconds."},{"id":"ef8d0a8b-2eaf-4bf2-8f7e-ce0a7c8744a8","email":"alyssa.jones@amerisave.com","message":"failed to process due to network exception."},{"id":"3f43cc26-93ac-405b-b858-7c02ed05c31a","email":"emma.thomas@me.com","message":"successfully handled skipped operation."},{"id":"067b868d-82f8-4d98-9a24-514cb6ebc465","email":"isabella.jackson@amerisave.com","message":"failed to process due to network exception."},{"id":"ea6183c7-7fd9-45a0-bb92-40f438a81337","email":"dylan.wilson@gmail.com","message":"successfully parsed message, but message temporarily enqueued while system restarts."},{"id":"006811bc-fa93-4e1a-ae28-61b328a41596","email":"logan.clark@dropbox.net","message":"successfully processed after 1428 milliseconds."},{"id":"311216f5-176e-4e38-82b7-c1e3e5cada0b","email":"noah.sanchez@me.com","message":"failed to process due to network exception."},{"id":"c9850588-9ca6-4845-b69f-9179a1b5d6a5","email":"logan.clark@dropbox.net","message":"failed to process due to datastore timeout of 30 seconds.  operation took 68 seconds."},{"id":"5be48df8-0f97-40ab-baa1-8d2b9f8153e9","email":"grace.moore@gmail.com","message":"successfully handled skipped operation."},{"id":"d7b90453-1259-4919-9000-190d309a6f82","email":"sophia.baker@dropbox.net","message":"successfully parsed message, but message temporarily enqueued while system restarts."},{"id":"bf95dbb4-8544-4363-8b23-e2af4f80d332","email":"taylor.adams@gmail.com","message":"failed to process due to datastore timeout of 30 seconds.  operation took 56 seconds."},{"id":"e43a44eb-7fd7-4e5b-9d1c-44ad51ae4721","email":"andrew.miller@gmail.com","message":"failed to process due to datastore timeout of 30 seconds.  operation took 76 seconds."},{"id":"de4f3aee-2311-4ae4-9e3f-7e174396841c","email":"dylan.wilson@gmail.com","message":"failed to process due to network exception."},{"id":"711d172c-d48a-41d1-910f-c2ff8772c9d4","email":"dylan.wilson@gmail.com","message":"failed to process due to network exception."},{"id":"71fb4caa-1457-4ee8-9067-8bdf1d6fd247","email":"sophia.baker@dropbox.net","message":"failed to process due to datastore timeout of 30 seconds.  operation took 55 seconds."},{"id":"8e0abcc8-6fdb-4492-b7bb-9b4bda5ce68f","email":"nicholas.allen@microsoft.com","message":"failed to process due to network exception."},{"id":"d37bbf15-c434-4281-9051-e776818fea37","email":"samantha.scott@me.com","message":"successfully processed after 7614 milliseconds."},{"id":"46de4fb9-8ea3-44c0-9a55-4fc50334b9fa","email":"alyssa.jones@amerisave.com","message":"successfully processed after 1387 milliseconds."},{"id":"0cecec4b-359e-4ee4-82f4-a84612f8fdb1","email":"mason.robinson@amerisave.com","message":"successfully handled skipped operation."},{"id":"810bae11-9deb-49ab-8869-e624ff8f469c","email":"olivia.wright@gmail.com","message":"failed to process due to datastore timeout of 30 seconds.  operation took 124 seconds."},{"id":"d85a6bab-a677-493c-8219-67bc31339fd8","email":"emma.thomas@me.com","message":"successfully processed after 6247 milliseconds."},{"id":"72a771a6-a7cc-4387-9d97-d96c5e1423f2","email":"emily.taylor@gmail.com","message":"failed to process due to datastore timeout of 30 seconds.  operation took 93 seconds."},{"id":"b33b9dc9-b5ce-40d9-9fe7-f88d3af11512","email":"hannah.martin@dropbox.net","message":"successfully handled skipped operation."},{"id":"46aa230d-539f-4170-9a5b-89b0a9705e12","email":"aiden.johnson@microsoft.com","message":"failed to process due to network exception."},{"id":"c7f792a2-9b11-40b3-a3f8-9102f138a08e","email":"samantha.scott@me.com","message":"failed to process due to datastore timeout of 30 seconds.  operation took 54 seconds."},{"id":"9c590448-19ba-4327-a8eb-45001e4d2cf5","email":"grace.moore@gmail.com","message":"failed to process due to network exception."},{"id":"01f1ddbb-5fe2-459c-b52c-b1f46b3085b1","email":"ava.davis@gmail.com","message":"successfully parsed message, but message temporarily enqueued while system restarts."},{"id":"75d2dd6a-f8d0-42ae-ac49-b0d5531682c0","email":"liam.gonzalez@me.com","message":"successfully handled skipped operation."},{"id":"ebcb955b-4cb0-4e7b-86a3-b8ecef11cf7c","email":"ethan.hernandez@microsoft.com","message":"failed to process due to network exception."},{"id":"56ff6989-7d90-4d88-9c5b-0f1c6dee783d","email":"alyssa.jones@amerisave.com","message":"failed to process due to datastore timeout of 30 seconds.  operation took 116 seconds."},{"id":"a9bfe5b3-8063-409f-91b5-e96d3fa40526","email":"jacob.lopez@dropbox.net","message":"successfully processed after 6488 milliseconds."},{"id":"904f78d7-d451-4950-ae03-6437e60c6291","email":"matthew.walker@amerisave.com","message":"successfully handled skipped operation."},{"id":"5ad3a0d3-3d36-4583-9871-dfcfead1d620","email":"ethan.hernandez@microsoft.com","message":"successfully parsed message, but message temporarily enqueued while system restarts."},{"id":"9bca42c4-089d-4c83-82bc-74b909df7030","email":"nicholas.allen@microsoft.com","message":"failed to process due to network exception."},{"id":"e6f9f314-20a4-4eec-a291-01181f105c68","email":"isabella.jackson@amerisave.com","message":"successfully handled skipped operation."},{"id":"d4dd416a-00e6-4382-a96d-3dfcea715fc9","email":"alexis.brown@microsoft.com","message":"successfully processed after 2252 milliseconds."},{"id":"b2d321f6-6707-429b-99a0-09b467df95f0","email":"madison.lewis@gmail.com","message":"successfully handled skipped operation."},{"id":"83e10533-9a77-45cf-8c80-5b07771a0305","email":"mason.robinson@amerisave.com","message":"failed to process due to network exception."},{"id":"6051a2b3-cc0b-41ca-aaee-fa17a6dcca9a","email":"ella.anderson@dropbox.net","message":"failed to process due to datastore timeout of 30 seconds.  operation took 93 seconds."},{"id":"a1801a7b-1110-4cec-9efe-f52cfbeac53d","email":"jacob.lopez@dropbox.net","message":"successfully handled skipped operation."},{"id":"7c25c2cb-c612-4a5c-87df-f67e24c526a1","email":"madison.lewis@gmail.com","message":"successfully parsed message, but message temporarily enqueued while system restarts."},{"id":"79671684-d92d-42d4-8124-47bf4f1cf3fe","email":"alyssa.jones@amerisave.com","message":"successfully processed after 1564 milliseconds."},{"id":"e1e8596d-afb6-4e06-bf73-4c49162090cf","email":"samantha.scott@me.com","message":"failed to process due to network exception."},{"id":"a14cc02b-a6c9-43d0-a9e2-24af5b15a63a","email":"chloe.garcia@dropbox.net","message":"successfully handled skipped operation."},{"id":"05ffe99e-9e50-4db8-aa6d-ca989a401a77","email":"joshua.lee@gmail.com","message":"failed to process due to network exception."},{"id":"37fa91e8-88b1-4e09-81f9-2904af43218e","email":"samantha.scott@me.com","message":"failed to process due to datastore timeout of 30 seconds.  operation took 75 seconds."},{"id":"0dcc674a-58ca-456f-89e0-a1ff8801a6b6","email":"jackson.white@gmail.com","message":"failed to process due to datastore timeout of 30 seconds.  operation took 99 seconds."},{"id":"56ac62c2-4524-4254-81a9-ed7533b98540","email":"nicholas.allen@microsoft.com","message":"successfully parsed message, but message temporarily enqueued while system restarts."},{"id":"cff9fcf3-4c2d-4689-80d6-e414aa6e15bb","email":"grace.moore@gmail.com","message":"successfully parsed message, but message temporarily enqueued while system restarts."},{"id":"f7bf7458-a4b3-4666-b45d-2bd64c27b0ed","email":"tyler.nelson@microsoft.com","message":"failed to process due to network exception."},{"id":"32a4f9b3-351b-4968-a74b-45aa2393c7a1","email":"alyssa.jones@amerisave.com","message":"failed to process due to datastore timeout of 30 seconds.  operation took 114 seconds."},{"id":"a7e9dd73-f527-4a89-9b81-afae13914baa","email":"samantha.scott@me.com","message":"successfully processed after 9992 milliseconds."},{"id":"87746570-1b61-46e1-b013-9bbdc49a24e4","email":"ava.davis@gmail.com","message":"successfully processed after 6363 milliseconds."},{"id":"89e060d7-4ba7-4f05-a56f-763e83a8a357","email":"hannah.martin@dropbox.net","message":"successfully processed after 7055 milliseconds."},{"id":"0ff41299-bdae-4477-915c-3c910c77f26a","email":"noah.sanchez@me.com","message":"failed to process due to network exception."},{"id":"0e395390-afcd-402f-b670-46573b82d598","email":"ethan.hernandez@microsoft.com","message":"failed to process due to network exception."},{"id":"825fba02-6390-42c6-a863-569f4542082e","email":"nicholas.allen@microsoft.com","message":"failed to process due to datastore timeout of 30 seconds.  operation took 37 seconds."},{"id":"d1fca818-cfc6-4472-ad63-ef8cea95eb90","email":"noah.sanchez@me.com","message":"failed to process due to datastore timeout of 30 seconds.  operation took 55 seconds."},{"id":"e38cd031-5dea-479b-b602-575d686480ab","email":"alyssa.jones@amerisave.com","message":"successfully parsed message, but message temporarily enqueued while system restarts."},{"id":"dc1e6207-e2ed-43c4-88d1-51b067e38094","email":"mason.robinson@amerisave.com","message":"successfully parsed message, but message temporarily enqueued while system restarts."},{"id":"d27669b8-d5b1-41f5-a9bf-89363df3f58f","email":"alyssa.jones@amerisave.com","message":"successfully parsed message, but message temporarily enqueued while system restarts."},{"id":"7d2214bd-5f25-4e6b-9580-63ac69a0ca57","email":"madison.lewis@gmail.com","message":"successfully parsed message, but message temporarily enqueued while system restarts."},{"id":"97fe3af0-955d-4018-b3bc-58f0e7edd7d5","email":"michael.hall@dropbox.net","message":"successfully processed after 506 milliseconds."},{"id":"890a162b-b54c-4f5b-86fb-221714b0006e","email":"mia.perez@me.com","message":"successfully parsed message, but message temporarily enqueued while system restarts."},{"id":"2c4ce001-23b9-49a2-a394-562d7753e6a4","email":"chloe.garcia@dropbox.net","message":"successfully processed after 9552 milliseconds."},{"id":"6b7684d8-00db-4c39-84b2-ffc5636fa0bb","email":"ethan.hernandez@microsoft.com","message":"successfully processed after 1470 milliseconds."},{"id":"7c9d4187-ca4f-47ff-8caa-ccb1e0b7b852","email":"chloe.garcia@dropbox.net","message":"successfully parsed message, but message temporarily enqueued while system restarts."},{"id":"06d92d6b-db98-4f8c-9989-4fea88f9a9bd","email":"ella.anderson@dropbox.net","message":"successfully processed after 7509 milliseconds."},{"id":"faf17a5f-a374-4578-bea4-c32d3632f5ea","email":"mia.perez@me.com","message":"successfully handled skipped operation."},{"id":"654ec543-99d6-4d19-9584-8b1e14aee0bb","email":"nathan.young@microsoft.com","message":"failed to process due to network exception."},{"id":"67f77399-d9ad-405d-a616-6dcacab2bfde","email":"nicholas.allen@microsoft.com","message":"successfully parsed message, but message temporarily enqueued while system restarts."},{"id":"e66b5ce0-f1f5-493d-a10f-4df29d0f1354","email":"elizabeth.martinez@dropbox.net","message":"failed to process due to network exception."},{"id":"d39615a6-2952-4b92-b754-fbcc2157ca83","email":"lily.harris@gmail.com","message":"successfully handled skipped operation."},{"id":"e0798032-66bf-43a4-ae25-f781ced90bdc","email":"alexander.williams@gmail.com","message":"failed to process due to datastore timeout of 30 seconds.  operation took 73 seconds."},{"id":"e7978199-1d36-4540-a619-938a9c7e1a05","email":"joshua.lee@gmail.com","message":"successfully handled skipped operation."},{"id":"0b4d3dfe-52a9-41dc-9865-c3d07ca8d1de","email":"logan.clark@dropbox.net","message":"successfully handled skipped operation."},{"id":"7ca668a2-3f64-42aa-93a7-0f76d3170dca","email":"mia.perez@me.com","message":"failed to process due to network exception."},{"id":"b8cbe9f0-1296-4019-a850-b034c949bb74","email":"emma.thomas@me.com","message":"failed to process due to datastore timeout of 30 seconds.  operation took 92 seconds."},{"id":"1bbd41da-2627-4f9c-bdfa-88ab121d531d","email":"ethan.hernandez@microsoft.com","message":"failed to process due to network exception."},{"id":"2f3b536a-ca97-41e4-8d37-14fcac1a2ae4","email":"hannah.martin@dropbox.net","message":"successfully handled skipped operation."},{"id":"3506ccc2-e7cd-4388-ac17-a403a2c97243","email":"jackson.white@gmail.com","message":"successfully processed after 3695 milliseconds."},{"id":"7f747633-85cd-4b31-94db-3f27ff1da343","email":"mia.perez@me.com","message":"successfully processed after 6671 milliseconds."},{"id":"dea2021b-9111-454d-be6c-2d113117aade","email":"grace.moore@gmail.com","message":"failed to process due to datastore timeout of 30 seconds.  operation took 53 seconds."},{"id":"e8c68095-4167-4e2d-b279-110100e52168","email":"taylor.adams@gmail.com","message":"successfully processed after 8010 milliseconds."},{"id":"b7417861-14d6-4acd-80a6-b53ddf6fc6d5","email":"olivia.wright@gmail.com","message":"successfully parsed message, but message temporarily enqueued while system restarts."},{"id":"65e9fcd3-85aa-4e1d-b9dd-786f548d546a","email":"andrew.miller@gmail.com","message":"successfully parsed message, but message temporarily enqueued while system restarts."},{"id":"ec62dec9-9ae1-4de9-b307-b4dc3d2738e5","email":"alexis.brown@microsoft.com","message":"failed to process due to datastore timeout of 30 seconds.  operation took 125 seconds."},{"id":"4de382ad-5c69-4b87-8b5f-15e0d62db92e","email":"chloe.garcia@dropbox.net","message":"successfully processed after 527 milliseconds."},{"id":"ec4fd30d-cba6-408e-b852-ac1d2427e77d","email":"grace.moore@gmail.com","message":"failed to process due to network exception."},{"id":"fa996021-2a30-43ee-85cc-8b25d1300be2","email":"ryan.king@dropbox.net","message":"failed to process due to network exception."},{"id":"4ebc2f59-2b51-44b7-9498-8b4ec88c1eeb","email":"olivia.wright@gmail.com","message":"successfully processed after 518 milliseconds."},{"id":"b9ac00da-f7ea-4c9f-ab10-8de952913e27","email":"madison.lewis@gmail.com","message":"successfully handled skipped operation."},{"id":"40a7e61b-346b-4d1e-bf6e-233ae57ff948","email":"jacob.lopez@dropbox.net","message":"failed to process due to network exception."},{"id":"2bd4a413-261b-4ee4-8e9f-96a097d040cf","email":"taylor.adams@gmail.com","message":"successfully parsed message, but message temporarily enqueued while system restarts."},{"id":"ae8acb54-a38f-4566-b778-5544c3ff5ad2","email":"lily.harris@gmail.com","message":"successfully handled skipped operation."},{"id":"6cac73e3-1d5c-4cc6-992b-62324fea3e95","email":"jacob.lopez@dropbox.net","message":"failed to process due to datastore timeout of 30 seconds.  operation took 31 seconds."},{"id":"17f1eb0b-f7fd-4396-b53a-e946b1c3cd49","email":"ethan.hernandez@microsoft.com","message":"successfully handled skipped operation."},{"id":"3ad0372d-f583-462a-8c0c-1a0ead99fe82","email":"matthew.walker@amerisave.com","message":"successfully parsed message, but message temporarily enqueued while system restarts."},{"id":"fe556026-2054-436d-ade3-4e9d98c864ed","email":"jackson.white@gmail.com","message":"successfully parsed message, but message temporarily enqueued while system restarts."},{"id":"8a5f548c-435c-403a-b07c-c34af07cfd58","email":"isabella.jackson@amerisave.com","message":"successfully parsed message, but message temporarily enqueued while system restarts."},{"id":"225f280f-7bd2-4afa-ba6c-9f7026e253ad","email":"isabella.jackson@amerisave.com","message":"successfully processed after 7353 milliseconds."},{"id":"98ccc33f-e49f-4651-8221-38f1670ccaee","email":"taylor.adams@gmail.com","message":"successfully handled skipped operation."},{"id":"fda87697-df97-47df-bbed-4beb988b97b6","email":"liam.gonzalez@me.com","message":"failed to process due to datastore timeout of 30 seconds.  operation took 93 seconds."},{"id":"edc9acb0-a8f0-47fe-a95e-027c74a8c7b7","email":"michael.hall@dropbox.net","message":"successfully parsed message, but message temporarily enqueued while system restarts."},{"id":"3e918841-f5a1-4f8e-a310-4560f48bc4e8","email":"chloe.garcia@dropbox.net","message":"successfully handled skipped operation."},{"id":"60814f9e-e6c7-46e6-8502-79dab0e61467","email":"abigail.smith@amerisave.com","message":"successfully parsed message, but message temporarily enqueued while system restarts."},{"id":"49ba09d8-572e-4a53-bc80-1dd9515ee63c","email":"nathan.young@microsoft.com","message":"failed to process due to datastore timeout of 30 seconds.  operation took 123 seconds."},{"id":"ff05720d-758b-4b15-8ee7-bc7cbf6a72d8","email":"emma.thomas@me.com","message":"failed to process due to network exception."},{"id":"82883c78-215a-44e5-89e8-da20b7fe92cf","email":"jack.thompson@me.com","message":"failed to process due to network exception."},{"id":"7da88865-cdfd-4ad6-bef2-c2c43140928e","email":"samantha.scott@me.com","message":"failed to process due to datastore timeout of 30 seconds.  operation took 99 seconds."},{"id":"2a4f769a-6107-430b-a623-fb8cb1e48158","email":"liam.gonzalez@me.com","message":"failed to process due to datastore timeout of 30 seconds.  operation took 96 seconds."},{"id":"a0c43e50-a4e1-4bd9-8e2f-fbe93b47245a","email":"alyssa.jones@amerisave.com","message":"successfully handled skipped operation."},{"id":"05c9de05-0c43-426c-a1fd-d245c3bfc863","email":"logan.clark@dropbox.net","message":"failed to process due to datastore timeout of 30 seconds.  operation took 63 seconds."},{"id":"bc63358a-e6e4-4b9a-a260-1a82988159b5","email":"hannah.martin@dropbox.net","message":"successfully processed after 803 milliseconds."},{"id":"2c851a26-e206-43ed-8580-b93d396b69ab","email":"taylor.adams@gmail.com","message":"successfully parsed message, but message temporarily enqueued while system restarts."},{"id":"145fd2ae-f655-4709-9701-bd1d244b9f41","email":"daniel.rodriguez@amerisave.com","message":"successfully parsed message, but message temporarily enqueued while system restarts."},{"id":"ffeb0615-f618-458c-bbe4-c8154dc97e44","email":"joshua.lee@gmail.com","message":"successfully parsed message, but message temporarily enqueued while system restarts."},{"id":"11ed39fa-5928-47dc-96c8-e6b05505c4ef","email":"aiden.johnson@microsoft.com","message":"failed to process due to network exception."},{"id":"3ddf1a1a-ccd5-4e6f-b684-f7c698ae869e","email":"liam.gonzalez@me.com","message":"failed to process due to datastore timeout of 30 seconds.  operation took 88 seconds."},{"id":"0e9a93df-c57a-4551-94db-cbc4c6bbf437","email":"matthew.walker@amerisave.com","message":"successfully processed after 1960 milliseconds."},{"id":"003e3060-0aec-447a-942a-3be87715dc69","email":"jacob.lopez@dropbox.net","message":"failed to process due to network exception."},{"id":"48e0ea11-bbd2-4e31-9537-b9d665bcbd5a","email":"aiden.johnson@microsoft.com","message":"failed to process due to datastore timeout of 30 seconds.  operation took 85 seconds."},{"id":"0e542ecc-f4a3-4266-a8c1-89c3ef6e4255","email":"samantha.scott@me.com","message":"successfully parsed message, but message temporarily enqueued while system restarts."},{"id":"1af7d2a5-968e-4b4d-b934-f0289ddd56c1","email":"grace.moore@gmail.com","message":"successfully processed after 7997 milliseconds."},{"id":"66fec270-6db4-4757-b6bd-ef0af77814b3","email":"nicholas.allen@microsoft.com","message":"successfully parsed message, but message temporarily enqueued while system restarts."},{"id":"9ff8ed03-665a-4843-9823-042661931987","email":"grace.moore@gmail.com","message":"successfully parsed message, but message temporarily enqueued while system restarts."},{"id":"8c6a378f-5aa8-45b4-befb-1488896493ae","email":"tyler.nelson@microsoft.com","message":"successfully parsed message, but message temporarily enqueued while system restarts."},{"id":"9417f3cb-17d9-4cdb-a20c-2541aa5ce564","email":"ava.davis@gmail.com","message":"successfully processed after 3664 milliseconds."},{"id":"ef4146b8-d65a-4b4d-b38b-e8824dc9ad80","email":"nathan.young@microsoft.com","message":"successfully handled skipped operation."},{"id":"45d256ca-8a20-4bcf-8a32-1605a542914f","email":"samantha.scott@me.com","message":"failed to process due to datastore timeout of 30 seconds.  operation took 126 seconds."},{"id":"8e77ec1d-0949-4ce6-b5a5-9274a677ddcb","email":"ethan.hernandez@microsoft.com","message":"successfully parsed message, but message temporarily enqueued while system restarts."},{"id":"8fcbecdf-cde2-481d-8829-a029639354a1","email":"olivia.wright@gmail.com","message":"successfully processed after 6419 milliseconds."},{"id":"a23343ef-0fd9-4dc1-a117-a97ac1dad1f1","email":"logan.clark@dropbox.net","message":"successfully handled skipped operation."},{"id":"194ef0a4-6ca2-4225-b851-fc17e91e08e1","email":"alexander.williams@gmail.com","message":"successfully handled skipped operation."},{"id":"9bb0475a-1f8e-41cb-9190-6118cb5b9199","email":"lily.harris@gmail.com","message":"successfully parsed message, but message temporarily enqueued while system restarts."},{"id":"7660b707-f652-40dc-9e4f-2a553d6e037d","email":"michael.hall@dropbox.net","message":"successfully handled skipped operation."},{"id":"8557df15-1671-4594-a362-2b1fe150d694","email":"liam.gonzalez@me.com","message":"failed to process due to datastore timeout of 30 seconds.  operation took 58 seconds."},{"id":"dd180fd5-c0ca-4a4d-9bbb-9a004f82d799","email":"lily.harris@gmail.com","message":"failed to process due to datastore timeout of 30 seconds.  operation took 38 seconds."},{"id":"c64cc99a-e2fc-4bc7-99b4-f6608188ff77","email":"alexander.williams@gmail.com","message":"failed to process due to datastore timeout of 30 seconds.  operation took 63 seconds."},{"id":"bc939381-cad3-4069-a20b-bb32dc64248f","email":"elizabeth.martinez@dropbox.net","message":"successfully processed after 3226 milliseconds."},{"id":"1c359099-2c61-4d1d-b8ad-8cec0f64b49e","email":"abigail.smith@amerisave.com","message":"successfully handled skipped operation."},{"id":"6c9166b5-789c-457c-a4f7-99010d89985e","email":"elizabeth.martinez@dropbox.net","message":"successfully parsed message, but message temporarily enqueued while system restarts."},{"id":"ef6eeec7-a738-44ea-a4cf-af5d79899fc4","email":"emily.taylor@gmail.com","message":"successfully processed after 4018 milliseconds."},{"id":"fcb2438a-7d4a-4418-adc5-2f7ebfc6d7a0","email":"alexander.williams@gmail.com","message":"failed to process due to network exception."},{"id":"87fd61bc-2731-441c-b9a0-a505b39f680c","email":"chloe.garcia@dropbox.net","message":"successfully processed after 9404 milliseconds."},{"id":"4061fc52-e437-4fd9-aabc-184c7e8a58fa","email":"jack.thompson@me.com","message":"failed to process due to network exception."},{"id":"87750e1b-21fb-4c8a-9498-1499cc9b4bea","email":"jacob.lopez@dropbox.net","message":"failed to process due to datastore timeout of 30 seconds.  operation took 103 seconds."},{"id":"49d76971-8d1a-401e-b692-65040d36c265","email":"lily.harris@gmail.com","message":"failed to process due to datastore timeout of 30 seconds.  operation took 33 seconds."},{"id":"e99d1f91-f0f1-4967-935f-75a61ffb670d","email":"alexander.williams@gmail.com","message":"successfully processed after 3429 milliseconds."},{"id":"4a2062a4-6f3f-4a4a-a2fa-82879455803b","email":"mia.perez@me.com","message":"failed to process due to network exception."},{"id":"579c587a-c997-4387-bf1f-20ad06f4550a","email":"samantha.scott@me.com","message":"successfully processed after 8079 milliseconds."},{"id":"5df4a8dd-3d22-4901-af77-a3b78373792c","email":"logan.clark@dropbox.net","message":"failed to process due to network exception."},{"id":"44fb443e-1613-4ba9-81eb-6ee65f0226fa","email":"andrew.miller@gmail.com","message":"failed to process due to datastore timeout of 30 seconds.  operation took 50 seconds."},{"id":"50fa523e-29de-43e0-aa56-8fa26b03e6ac","email":"taylor.adams@gmail.com","message":"successfully processed after 6268 milliseconds."},{"id":"90acebb8-9cfa-442f-887a-25f672ca719c","email":"olivia.wright@gmail.com","message":"successfully parsed message, but message temporarily enqueued while system restarts."},{"id":"6aea630c-7985-4a07-b552-2120ed07b65c","email":"madison.lewis@gmail.com","message":"successfully handled skipped operation."},{"id":"d6c947fc-d522-4060-a8cc-8f7b958f4486","email":"ava.davis@gmail.com","message":"failed to process due to network exception."},{"id":"755dac32-5e97-4ca9-bd31-668699de1a47","email":"ryan.king@dropbox.net","message":"failed to process due to network exception."},{"id":"590e56ac-4e56-4bea-a7e3-1e8ced28e8f8","email":"joshua.lee@gmail.com","message":"successfully handled skipped operation."},{"id":"be7fadca-e604-4b0f-8614-73b7dcda0af8","email":"michael.hall@dropbox.net","message":"successfully processed after 7966 milliseconds."},{"id":"2f391053-4ab9-4d19-94ed-5db3a8d3cc05","email":"tyler.nelson@microsoft.com","message":"successfully handled skipped operation."},{"id":"d08b06e5-013f-47c2-9877-c85c5c00ee50","email":"jackson.white@gmail.com","message":"successfully handled skipped operation."},{"id":"12cb99d8-b286-4d86-bb00-81fe2148ff32","email":"jackson.white@gmail.com","message":"successfully handled skipped operation."},{"id":"57a16f57-49db-4c2a-90ac-c276071be844","email":"nathan.young@microsoft.com","message":"successfully processed after 6545 milliseconds."},{"id":"f6d0159a-964d-4ca5-ace2-4357e66b53bf","email":"mason.robinson@amerisave.com","message":"successfully processed after 9992 milliseconds."},{"id":"dd56249d-4c6a-40c8-a0f9-112d0b0522ea","email":"tyler.nelson@microsoft.com","message":"failed to process due to network exception."},{"id":"28696cfb-3b79-4ba8-8832-8a558d2e3c52","email":"mia.perez@me.com","message":"failed to process due to datastore timeout of 30 seconds.  operation took 106 seconds."},{"id":"6258540d-1dc0-4b8a-a971-33b6fc1913da","email":"emma.thomas@me.com","message":"failed to process due to network exception."},{"id":"cb3444d3-4e1d-4b34-9a48-a47053882419","email":"nathan.young@microsoft.com","message":"successfully handled skipped operation."},{"id":"1dafa2c6-a0c9-4015-b022-88d9d226719d","email":"jacob.lopez@dropbox.net","message":"successfully parsed message, but message temporarily enqueued while system restarts."},{"id":"631607e9-7fc1-4097-b9fe-313a820bfc46","email":"sarah.green@amerisave.com","message":"successfully processed after 906 milliseconds."},{"id":"5709c087-0396-41e8-94f8-0bc77b68b690","email":"grace.moore@gmail.com","message":"failed to process due to network exception."},{"id":"51bbb3e7-4e95-4b17-8ea7-a4abb973217a","email":"alexander.williams@gmail.com","message":"successfully processed after 8390 milliseconds."},{"id":"c89d2e35-b326-489a-9397-59eef440ec20","email":"mason.robinson@amerisave.com","message":"successfully parsed message, but message temporarily enqueued while system restarts."},{"id":"ac65f9ee-7202-488f-bf84-c4554733af23","email":"taylor.adams@gmail.com","message":"successfully processed after 9518 milliseconds."},{"id":"875d5908-a14c-4b5f-8ee1-958d2b267d65","email":"nathan.young@microsoft.com","message":"failed to process due to network exception."},{"id":"719619b6-672a-41f9-a162-fc8981d2c6fb","email":"isabella.jackson@amerisave.com","message":"failed to process due to network exception."},{"id":"e2c69d68-c8cb-49e8-9ff6-5bdd46ba440b","email":"dylan.wilson@gmail.com","message":"failed to process due to network exception."},{"id":"9d207e7e-d3ad-4dd2-80f4-2e6067f87cfc","email":"alexis.brown@microsoft.com","message":"failed to process due to network exception."},{"id":"878cf840-6a27-45cc-b825-09b3e73341e4","email":"dylan.wilson@gmail.com","message":"successfully processed after 242 milliseconds."},{"id":"4f67640a-681e-43fb-b11e-65c1d27a637a","email":"sophia.baker@dropbox.net","message":"successfully processed after 9761 milliseconds."},{"id":"a5128b85-a8c3-4b96-a7cd-d569e591e13f","email":"samantha.scott@me.com","message":"failed to process due to datastore timeout of 30 seconds.  operation took 73 seconds."},{"id":"50267301-7fde-4581-88ae-fa74bf5f408f","email":"hannah.martin@dropbox.net","message":"successfully processed after 7729 milliseconds."},{"id":"b3e83feb-60bf-4bba-a4f8-f39c13ab6d3a","email":"sophia.baker@dropbox.net","message":"successfully processed after 7947 milliseconds."},{"id":"cbbc2b44-dcc3-4d4a-a696-9fca6584980c","email":"ava.davis@gmail.com","message":"successfully handled skipped operation."},{"id":"659e8969-6174-4b68-bc5d-b6e66779ff3f","email":"alyssa.jones@amerisave.com","message":"successfully parsed message, but message temporarily enqueued while system restarts."},{"id":"e0d641f5-2e8e-4880-972d-22103254869d","email":"mason.robinson@amerisave.com","message":"failed to process due to datastore timeout of 30 seconds.  operation took 87 seconds."},{"id":"4a0aad85-d704-4a37-a5dc-0cd147a8a1fc","email":"mason.robinson@amerisave.com","message":"successfully parsed message, but message temporarily enqueued while system restarts."},{"id":"45d6fa8f-29bb-4597-aaf0-7991d1e6ea72","email":"michael.hall@dropbox.net","message":"failed to process due to datastore timeout of 30 seconds.  operation took 128 seconds."},{"id":"814c9efb-0148-4ad9-adbe-777f572a97f0","email":"alyssa.jones@amerisave.com","message":"successfully handled skipped operation."},{"id":"9da8dead-c0ab-4ebe-a799-85b1dd556d30","email":"joshua.lee@gmail.com","message":"successfully handled skipped operation."},{"id":"aca0d26c-76ff-449a-ad6a-775c208589c0","email":"jack.thompson@me.com","message":"successfully processed after 9785 milliseconds."},{"id":"11048588-cdf8-444c-8401-d36d1bb92ae3","email":"mia.perez@me.com","message":"successfully handled skipped operation."},{"id":"58bf7907-1faf-4934-ae27-df9d8832ce3f","email":"isabella.jackson@amerisave.com","message":"failed to process due to network exception."},{"id":"0ed4b1a3-e3a2-414a-a043-d4844f0e1842","email":"hannah.martin@dropbox.net","message":"failed to process due to network exception."},{"id":"3ecc703b-a64e-46eb-8bb0-4f99d1f14fce","email":"sarah.green@amerisave.com","message":"successfully parsed message, but message temporarily enqueued while system restarts."},{"id":"a707faa5-a90b-486b-bad0-469ef152b0e8","email":"noah.sanchez@me.com","message":"successfully parsed message, but message temporarily enqueued while system restarts."},{"id":"a846b939-fd50-42c7-8a4a-f36540059f50","email":"sarah.green@amerisave.com","message":"successfully parsed message, but message temporarily enqueued while system restarts."},{"id":"6a8a0d39-ca09-4ec5-9f19-230ea0cb83f7","email":"michael.hall@dropbox.net","message":"successfully parsed message, but message temporarily enqueued while system restarts."},{"id":"1ce2ee0e-130a-4667-9f64-acf6dd144159","email":"abigail.smith@amerisave.com","message":"failed to process due to network exception."},{"id":"144fc91c-a290-4b95-8f18-3122cb8e4d41","email":"daniel.rodriguez@amerisave.com","message":"successfully processed after 8016 milliseconds."},{"id":"d2da1d3d-de81-41d5-bcf6-f18251a60b7e","email":"daniel.rodriguez@amerisave.com","message":"failed to process due to datastore timeout of 30 seconds.  operation took 110 seconds."},{"id":"56e3c577-1b44-418d-884a-a550887e088d","email":"ella.anderson@dropbox.net","message":"failed to process due to network exception."},{"id":"4466eb38-ca99-43eb-afff-1e05084fe166","email":"elizabeth.martinez@dropbox.net","message":"failed to process due to network exception."},{"id":"e7a72ffa-207d-4660-a482-c386b34e2dbc","email":"tyler.nelson@microsoft.com","message":"failed to process due to datastore timeout of 30 seconds.  operation took 37 seconds."},{"id":"e396e501-fb94-413a-bdf1-abd8d3856f7b","email":"ava.davis@gmail.com","message":"successfully parsed message, but message temporarily enqueued while system restarts."},{"id":"21355f9c-b7f3-4766-8426-2956de55977b","email":"sarah.green@amerisave.com","message":"successfully parsed message, but message temporarily enqueued while system restarts."},{"id":"2cccc919-72ff-4884-852d-49b9900c1326","email":"abigail.smith@amerisave.com","message":"successfully handled skipped operation."},{"id":"cc362af1-c444-421e-9f43-c34a3854f6e5","email":"hannah.martin@dropbox.net","message":"successfully handled skipped operation."},{"id":"ca70b1a1-d045-4cf9-86e5-99f5b51d3e26","email":"sarah.green@amerisave.com","message":"successfully parsed message, but message temporarily enqueued while system restarts."},{"id":"1f1adf98-8370-40ef-9eac-64d0864f4397","email":"daniel.rodriguez@amerisave.com","message":"successfully processed after 8225 milliseconds."},{"id":"4707dbc8-8a34-45af-8612-4763367542bd","email":"aiden.johnson@microsoft.com","message":"successfully handled skipped operation."},{"id":"6cb28096-aef4-4949-b3aa-2bffb7d33db4","email":"daniel.rodriguez@amerisave.com","message":"failed to process due to datastore timeout of 30 seconds.  operation took 68 seconds."},{"id":"b1faad20-2af6-4414-970b-1e4d8cccd5a9","email":"noah.sanchez@me.com","message":"failed to process due to network exception."},{"id":"2b7bd815-0f62-414f-93c5-6decc33e3f76","email":"daniel.rodriguez@amerisave.com","message":"failed to process due to network exception."},{"id":"ccbc3de1-ca14-4191-91ae-166d886a6bdb","email":"nathan.young@microsoft.com","message":"failed to process due to datastore timeout of 30 seconds.  operation took 32 seconds."},{"id":"ee63b6a8-ebef-4974-9c21-3722875dd3b4","email":"nathan.young@microsoft.com","message":"failed to process due to network exception."},{"id":"5d19110f-3149-46ec-b03b-16316a515a0c","email":"abigail.smith@amerisave.com","message":"successfully processed after 134 milliseconds."},{"id":"d05d95fd-09bb-438c-ba9d-67ae1dd50f91","email":"elizabeth.martinez@dropbox.net","message":"failed to process due to datastore timeout of 30 seconds.  operation took 83 seconds."},{"id":"97eeebfb-de3d-42cc-a255-a8602d2d5dbb","email":"mason.robinson@amerisave.com","message":"failed to process due to network exception."},{"id":"0af086a1-87ca-4119-b956-272133e2e8aa","email":"emily.taylor@gmail.com","message":"successfully parsed message, but message temporarily enqueued while system restarts."},{"id":"99f56d9b-e3a3-42cf-b896-ca58ab817e2d","email":"andrew.miller@gmail.com","message":"failed to process due to datastore timeout of 30 seconds.  operation took 90 seconds."},{"id":"72f45d68-a8a6-4d31-a0a5-548db190a8c5","email":"olivia.wright@gmail.com","message":"failed to process due to datastore timeout of 30 seconds.  operation took 102 seconds."},{"id":"e59317fb-f0d2-4f2f-b6cc-a94b6ca8123d","email":"andrew.miller@gmail.com","message":"successfully parsed message, but message temporarily enqueued while system restarts."},{"id":"5ac62c03-1926-4984-b7cd-7d0d5c19a248","email":"daniel.rodriguez@amerisave.com","message":"successfully handled skipped operation."},{"id":"ae847c61-3257-44b7-8beb-5468f11c3376","email":"elizabeth.martinez@dropbox.net","message":"successfully handled skipped operation."},{"id":"ce1662f3-be27-49b9-a3ee-02b6e73b1a2e","email":"dylan.wilson@gmail.com","message":"failed to process due to network exception."},{"id":"3338f22b-3f73-4e26-ba3d-7aca40bfe909","email":"grace.moore@gmail.com","message":"failed to process due to network exception."},{"id":"0ac3223d-8570-476e-b5cc-5588ef05737a","email":"madison.lewis@gmail.com","message":"successfully processed after 2556 milliseconds."},{"id":"9d5ddf42-4dd1-470c-882c-8cb8889262d6","email":"sophia.baker@dropbox.net","message":"successfully handled skipped operation."},{"id":"8e0ea3c1-80d1-46c3-813a-b7974a5a3d6f","email":"chloe.garcia@dropbox.net","message":"failed to process due to datastore timeout of 30 seconds.  operation took 84 seconds."},{"id":"5ab7a91b-59b9-417c-bb8f-6971ba688028","email":"chloe.garcia@dropbox.net","message":"successfully processed after 9812 milliseconds."},{"id":"1e2abe18-dbb3-419c-93ce-37f8818a2558","email":"mason.robinson@amerisave.com","message":"successfully parsed message, but message temporarily enqueued while system restarts."},{"id":"e804aabc-1ece-46ff-ad67-88f41de2ab96","email":"alexander.williams@gmail.com","message":"successfully processed after 6247 milliseconds."},{"id":"1d8f84a2-0abc-479f-8ae2-c4df6d87638e","email":"alyssa.jones@amerisave.com","message":"failed to process due to network exception."},{"id":"e639a6fb-1d19-465a-99d9-f9eeca8f81e3","email":"madison.lewis@gmail.com","message":"successfully handled skipped operation."},{"id":"10f5aee9-de05-4973-9c04-482fe1d0c152","email":"olivia.wright@gmail.com","message":"successfully parsed message, but message temporarily enqueued while system restarts."},{"id":"0558b45c-6501-4270-8a38-dc7fd9132e7b","email":"mason.robinson@amerisave.com","message":"successfully processed after 3595 milliseconds."},{"id":"4470eef5-3aca-4fbc-8e55-d632023a0bb5","email":"taylor.adams@gmail.com","message":"successfully handled skipped operation."},{"id":"42dc61ac-9b6a-47b7-9297-a98d89bcc5fd","email":"alexis.brown@microsoft.com","message":"successfully parsed message, but message temporarily enqueued while system restarts."},{"id":"3594cc9e-42c2-44e5-96d7-7248b741b855","email":"abigail.smith@amerisave.com","message":"failed to process due to datastore timeout of 30 seconds.  operation took 103 seconds."},{"id":"65464265-6db0-4f57-bfbc-79f742504648","email":"daniel.rodriguez@amerisave.com","message":"successfully processed after 5908 milliseconds."},{"id":"2ee994e4-44e8-42e4-9f31-86b20fa97881","email":"nicholas.allen@microsoft.com","message":"failed to process due to datastore timeout of 30 seconds.  operation took 123 seconds."},{"id":"1c7b4917-087a-4247-9ada-b791a8fd9c0e","email":"ella.anderson@dropbox.net","message":"successfully parsed message, but message temporarily enqueued while system restarts."},{"id":"4cdbd3da-d1ca-45c8-a06d-fed5e61334b8","email":"joshua.lee@gmail.com","message":"failed to process due to datastore timeout of 30 seconds.  operation took 123 seconds."},{"id":"7c6705fa-f705-4708-b97f-4b4762d22c7a","email":"alexander.williams@gmail.com","message":"successfully handled skipped operation."},{"id":"c932fb4b-2d83-48a3-a0dc-ad1d364eff22","email":"madison.lewis@gmail.com","message":"successfully processed after 7483 milliseconds."},{"id":"fd3cee53-0147-481f-8076-f24d0a00047c","email":"emma.thomas@me.com","message":"successfully parsed message, but message temporarily enqueued while system restarts."},{"id":"e3bcc1f3-d809-4195-9464-0a5355136363","email":"noah.sanchez@me.com","message":"successfully parsed message, but message temporarily enqueued while system restarts."},{"id":"037a42e0-a78e-41a8-932f-5257b435d2fd","email":"nathan.young@microsoft.com","message":"successfully processed after 8595 milliseconds."},{"id":"2338bbbf-3392-447c-868f-b98c160704f7","email":"joshua.lee@gmail.com","message":"successfully handled skipped operation."},{"id":"68d205a9-ffee-4d45-9602-12b693f35c84","email":"hannah.martin@dropbox.net","message":"failed to process due to datastore timeout of 30 seconds.  operation took 51 seconds."},{"id":"ed461efa-edd0-405d-bf18-ca95a43c9275","email":"joshua.lee@gmail.com","message":"successfully processed after 971 milliseconds."},{"id":"d29582b7-1768-475b-829e-b21e6db2fa07","email":"sophia.baker@dropbox.net","message":"successfully handled skipped operation."},{"id":"82601ea6-fa96-47ae-b00b-f4e65399b0c6","email":"abigail.smith@amerisave.com","message":"failed to process due to network exception."},{"id":"d68f7a07-b8b8-4f70-bf5a-3d132bf7f8fe","email":"ella.anderson@dropbox.net","message":"successfully handled skipped operation."},{"id":"42f821db-2512-48d2-8fbd-594cfd41f8f7","email":"jack.thompson@me.com","message":"successfully processed after 7720 milliseconds."},{"id":"40ca9e5b-34d6-48be-9858-ac249af7d765","email":"chloe.garcia@dropbox.net","message":"successfully processed after 919 milliseconds."},{"id":"d7a21678-efff-4f63-a64b-116c6920adff","email":"elizabeth.martinez@dropbox.net","message":"successfully parsed message, but message temporarily enqueued while system restarts."},{"id":"f654616f-ca4c-40e5-b8af-c66c0f0f99d1","email":"andrew.miller@gmail.com","message":"successfully parsed message, but message temporarily enqueued while system restarts."},{"id":"7c99faf8-75e9-4aa3-b544-626a05448ea4","email":"madison.lewis@gmail.com","message":"successfully parsed message, but message temporarily enqueued while system restarts."},{"id":"fb5d640d-6680-4422-b860-4927a96d2a61","email":"ava.davis@gmail.com","message":"successfully parsed message, but message temporarily enqueued while system restarts."},{"id":"56f032e9-41e9-4948-ac18-9fb9c00e6938","email":"nathan.young@microsoft.com","message":"failed to process due to network exception."},{"id":"9bf1f366-9de7-4271-bceb-f179fea5fe4a","email":"madison.lewis@gmail.com","message":"successfully parsed message, but message temporarily enqueued while system restarts."},{"id":"ea25a21f-746b-4f17-8d09-2cdfafdec8ab","email":"abigail.smith@amerisave.com","message":"failed to process due to datastore timeout of 30 seconds.  operation took 110 seconds."},{"id":"4043be04-ec07-47ea-b9c4-70d631cf57a0","email":"michael.hall@dropbox.net","message":"successfully processed after 9694 milliseconds."},{"id":"ef8f7c23-e57d-47a8-8065-b7bb92b30130","email":"michael.hall@dropbox.net","message":"successfully handled skipped operation."},{"id":"34d077aa-90cf-4399-8972-e480fce38760","email":"andrew.miller@gmail.com","message":"successfully parsed message, but message temporarily enqueued while system restarts."},{"id":"a5d0b770-f557-4c38-9da4-dc5a56de3eac","email":"mia.perez@me.com","message":"failed to process due to datastore timeout of 30 seconds.  operation took 120 seconds."},{"id":"d976842a-e455-41db-9f07-940d5d603aa8","email":"andrew.miller@gmail.com","message":"successfully handled skipped operation."},{"id":"be9d50df-cdc7-49dd-9af8-4e81bb3d7227","email":"alexis.brown@microsoft.com","message":"failed to process due to datastore timeout of 30 seconds.  operation took 69 seconds."},{"id":"14164e9c-4420-462a-bcac-78caed35dc3d","email":"joshua.lee@gmail.com","message":"successfully handled skipped operation."},{"id":"13bd5c7e-b868-47f0-b264-a8425be18388","email":"alyssa.jones@amerisave.com","message":"failed to process due to datastore timeout of 30 seconds.  operation took 69 seconds."},{"id":"2da74776-0afe-4aaa-9648-c392c9c90b45","email":"jacob.lopez@dropbox.net","message":"successfully handled skipped operation."},{"id":"50d2d9d1-8eca-4057-bfd2-d903ec37eebd","email":"jackson.white@gmail.com","message":"successfully parsed message, but message temporarily enqueued while system restarts."},{"id":"57f8137b-0faa-4b4a-84bc-4067eea4b2b6","email":"alyssa.jones@amerisave.com","message":"failed to process due to network exception."},{"id":"a6384bb3-cdfb-454b-b739-94affc754191","email":"ryan.king@dropbox.net","message":"successfully parsed message, but message temporarily enqueued while system restarts."},{"id":"cdef06de-386b-4ae9-919a-adb83df7671e","email":"emily.taylor@gmail.com","message":"failed to process due to network exception."},{"id":"c5a7def6-a1ee-4a3c-b47b-57a043af9cd5","email":"alyssa.jones@amerisave.com","message":"successfully handled skipped operation."},{"id":"1ab4b8a7-d059-46a9-b20e-09615e55bd9c","email":"andrew.miller@gmail.com","message":"successfully parsed message, but message temporarily enqueued while system restarts."},{"id":"a4685c91-cba3-4c94-86b9-bcdeef754793","email":"emily.taylor@gmail.com","message":"failed to process due to network exception."},{"id":"3628202f-1665-413d-bff6-b67cfa89fae9","email":"joshua.lee@gmail.com","message":"successfully handled skipped operation."},{"id":"2cb2c6a6-b757-4234-9f1b-2948c5d3b83d","email":"jackson.white@gmail.com","message":"successfully handled skipped operation."},{"id":"440586cd-d63a-4727-84c1-17acd67972f3","email":"matthew.walker@amerisave.com","message":"failed to process due to network exception."},{"id":"807155ce-1ee8-415c-ab1d-f9984598c0c3","email":"ethan.hernandez@microsoft.com","message":"failed to process due to datastore timeout of 30 seconds.  operation took 125 seconds."},{"id":"cdfcab00-29c0-430d-9c27-e8c7be83d8ff","email":"alexander.williams@gmail.com","message":"successfully parsed message, but message temporarily enqueued while system restarts."},{"id":"cb2f76a7-ba8f-412b-a197-621b708676f8","email":"olivia.wright@gmail.com","message":"successfully parsed message, but message temporarily enqueued while system restarts."},{"id":"f10524f7-54ae-4e5f-a404-0043416a44de","email":"joshua.lee@gmail.com","message":"successfully handled skipped operation."},{"id":"37980e85-ac1f-4e84-b7e0-049d108b44cd","email":"mia.perez@me.com","message":"failed to process due to datastore timeout of 30 seconds.  operation took 108 seconds."},{"id":"70325425-40f1-4efc-a6de-85c7802be509","email":"hannah.martin@dropbox.net","message":"failed to process due to network exception."},{"id":"16311c32-242c-47c6-bf00-293f41da971c","email":"grace.moore@gmail.com","message":"successfully handled skipped operation."},{"id":"72055724-35b4-4063-827d-983726b59d00","email":"isabella.jackson@amerisave.com","message":"successfully handled skipped operation."},{"id":"58313915-facd-492a-8f51-e7d4e4e07c17","email":"emma.thomas@me.com","message":"successfully processed after 2560 milliseconds."},{"id":"1330befb-56fc-4756-92ca-8d9e0fba7108","email":"samantha.scott@me.com","message":"successfully handled skipped operation."},{"id":"9f43750c-51f5-4992-84c7-11c97e5f1ea2","email":"nathan.young@microsoft.com","message":"failed to process due to datastore timeout of 30 seconds.  operation took 62 seconds."},{"id":"16e66042-6598-44aa-b377-d45a65f79a9f","email":"madison.lewis@gmail.com","message":"failed to process due to datastore timeout of 30 seconds.  operation took 59 seconds."},{"id":"18bf8fb3-2a37-4360-93cc-9e9fd8fd1a97","email":"ryan.king@dropbox.net","message":"failed to process due to network exception."},{"id":"22d6c98d-6a39-46c0-bae8-773b3db0fe88","email":"elizabeth.martinez@dropbox.net","message":"successfully processed after 8578 milliseconds."},{"id":"ab3c827e-5f78-41e0-b77d-1f53fdd0176b","email":"nathan.young@microsoft.com","message":"successfully handled skipped operation."},{"id":"ba2b981b-f4fb-4235-a421-4260278a6aaf","email":"olivia.wright@gmail.com","message":"failed to process due to datastore timeout of 30 seconds.  operation took 73 seconds."},{"id":"744b296f-9eae-4335-844d-5daf7d90f98a","email":"dylan.wilson@gmail.com","message":"failed to process due to datastore timeout of 30 seconds.  operation took 75 seconds."},{"id":"7384abb0-4734-4114-87bd-3b23509bfff6","email":"alyssa.jones@amerisave.com","message":"successfully parsed message, but message temporarily enqueued while system restarts."},{"id":"4ba1b9af-1cc3-4fd0-b425-9b5872c3aa96","email":"taylor.adams@gmail.com","message":"failed to process due to datastore timeout of 30 seconds.  operation took 80 seconds."},{"id":"8c3c1ae6-0a9a-4605-925a-e4b31a355979","email":"mason.robinson@amerisave.com","message":"failed to process due to datastore timeout of 30 seconds.  operation took 81 seconds."},{"id":"0d21d9d1-5160-4701-ab50-0a457eaf21e5","email":"sophia.baker@dropbox.net","message":"successfully handled skipped operation."},{"id":"a0d6aba0-2ed9-427a-bd41-b46760ee4331","email":"mia.perez@me.com","message":"failed to process due to datastore timeout of 30 seconds.  operation took 67 seconds."},{"id":"8bfc8ea4-e9c0-469d-861a-8936ea477dff","email":"matthew.walker@amerisave.com","message":"failed to process due to network exception."},{"id":"2c00ea13-d17a-44d0-81ed-eedd2fe5d209","email":"nathan.young@microsoft.com","message":"failed to process due to network exception."},{"id":"3e08401d-8efc-4495-9036-dbed49a51a43","email":"jack.thompson@me.com","message":"successfully handled skipped operation."},{"id":"c4cfdc8a-6bd7-4f1b-a450-bcf7dda040b1","email":"samantha.scott@me.com","message":"successfully handled skipped operation."},{"id":"d3ae0dec-0727-4465-9bfe-83771f96282d","email":"sophia.baker@dropbox.net","message":"successfully parsed message, but message temporarily enqueued while system restarts."},{"id":"eaf6c441-4579-4694-abe9-3006b658d45d","email":"jackson.white@gmail.com","message":"successfully parsed message, but message temporarily enqueued while system restarts."},{"id":"216e7891-668e-45aa-a86a-69e978c64edb","email":"matthew.walker@amerisave.com","message":"failed to process due to network exception."},{"id":"4904893a-b632-4352-bb67-a05ba88dc901","email":"grace.moore@gmail.com","message":"successfully handled skipped operation."},{"id":"679e4f5c-87eb-4d1f-be01-6481a0ce287d","email":"alyssa.jones@amerisave.com","message":"successfully parsed message, but message temporarily enqueued while system restarts."},{"id":"15e746d1-a976-46a9-aa3c-c4f02a3458a7","email":"aiden.johnson@microsoft.com","message":"failed to process due to network exception."},{"id":"eeb06c82-e4c9-4823-a033-5a8b9069e261","email":"grace.moore@gmail.com","message":"successfully handled skipped operation."},{"id":"581366d9-bc71-4e64-924e-5bb62a067f52","email":"liam.gonzalez@me.com","message":"successfully processed after 9667 milliseconds."},{"id":"3e2e0de6-9385-44c6-b47e-997ec01e2abd","email":"alyssa.jones@amerisave.com","message":"failed to process due to datastore timeout of 30 seconds.  operation took 44 seconds."},{"id":"9aea6b16-ce9a-481d-ace5-ebb4a1f5b9d8","email":"elizabeth.martinez@dropbox.net","message":"failed to process due to datastore timeout of 30 seconds.  operation took 108 seconds."},{"id":"8a38ce41-b7d8-4b4a-816e-9f2f3bf3eb33","email":"ella.anderson@dropbox.net","message":"successfully parsed message, but message temporarily enqueued while system restarts."},{"id":"94acc8ee-564e-4f3c-ad37-db1e5302db75","email":"ethan.hernandez@microsoft.com","message":"successfully parsed message, but message temporarily enqueued while system restarts."},{"id":"ca7d331d-27b2-47cd-936a-f0b89d1e9885","email":"emily.taylor@gmail.com","message":"successfully processed after 8157 milliseconds."},{"id":"b5d93a18-22b2-4d99-98c4-72bd6cff602e","email":"nathan.young@microsoft.com","message":"failed to process due to datastore timeout of 30 seconds.  operation took 37 seconds."},{"id":"0824ea38-6422-4764-93b9-158189c50ef5","email":"madison.lewis@gmail.com","message":"successfully processed after 7675 milliseconds."},{"id":"0549ab48-ede4-4bdf-8e39-ecb3e8635342","email":"logan.clark@dropbox.net","message":"failed to process due to network exception."},{"id":"667f0f0d-ae10-4a5d-9c68-2070883e2a28","email":"samantha.scott@me.com","message":"successfully processed after 4623 milliseconds."},{"id":"fa41e715-5f14-4f84-b9a5-7c4f8087be04","email":"ethan.hernandez@microsoft.com","message":"successfully handled skipped operation."},{"id":"0e29654d-ce4b-456d-bc68-de2ff4e79054","email":"michael.hall@dropbox.net","message":"failed to process due to datastore timeout of 30 seconds.  operation took 65 seconds."},{"id":"4a6c6d31-f8d4-4418-ac94-e11d4fcde216","email":"dylan.wilson@gmail.com","message":"successfully processed after 1847 milliseconds."},{"id":"2b656fb8-3391-4a6e-a0bb-598047bf7719","email":"daniel.rodriguez@amerisave.com","message":"failed to process due to network exception."},{"id":"595172d4-8d30-454f-85de-6149505f96c3","email":"ella.anderson@dropbox.net","message":"successfully processed after 8393 milliseconds."},{"id":"f1a8bb67-9d28-4e20-a1d9-a86410dd287e","email":"matthew.walker@amerisave.com","message":"failed to process due to datastore timeout of 30 seconds.  operation took 47 seconds."},{"id":"c72f7f68-125e-4dcc-9e40-c0930b9efcd2","email":"emily.taylor@gmail.com","message":"failed to process due to network exception."},{"id":"9ccf233a-4fe7-4165-a093-f9134b4308d7","email":"jacob.lopez@dropbox.net","message":"successfully processed after 2112 milliseconds."},{"id":"68d91782-8cac-4829-8732-b8f1fd885654","email":"liam.gonzalez@me.com","message":"failed to process due to network exception."},{"id":"6cecd526-f895-42ed-a01d-97eb35a573af","email":"jack.thompson@me.com","message":"successfully handled skipped operation."},{"id":"afb5fbc5-f765-4ece-950e-c34500ed6ca8","email":"madison.lewis@gmail.com","message":"successfully parsed message, but message temporarily enqueued while system restarts."},{"id":"bb7e2238-1196-4430-a8bf-87d5840d512b","email":"michael.hall@dropbox.net","message":"successfully parsed message, but message temporarily enqueued while system restarts."},{"id":"a77b2166-21d1-474f-af0b-c00062d241b6","email":"isabella.jackson@amerisave.com","message":"successfully parsed message, but message temporarily enqueued while system restarts."},{"id":"9b01f95f-3f6b-47a2-a293-b9ebdd954ec6","email":"tyler.nelson@microsoft.com","message":"failed to process due to datastore timeout of 30 seconds.  operation took 64 seconds."},{"id":"1c26fb5a-38c4-40d7-a104-c6637853b716","email":"ethan.hernandez@microsoft.com","message":"failed to process due to datastore timeout of 30 seconds.  operation took 51 seconds."},{"id":"8e4888ea-c184-4cab-9364-bf08607e8c9d","email":"sarah.green@amerisave.com","message":"failed to process due to network exception."},{"id":"1db21c08-b25b-45c2-bdb4-cee575e24330","email":"aiden.johnson@microsoft.com","message":"failed to process due to network exception."},{"id":"cfbfb113-3c67-4743-a202-8222a2a08d76","email":"tyler.nelson@microsoft.com","message":"failed to process due to network exception."},{"id":"191a1966-9339-4f49-9971-9b3d5fc16d7d","email":"elizabeth.martinez@dropbox.net","message":"successfully processed after 8719 milliseconds."},{"id":"376cc04c-2718-47a8-adf5-b63ba053340a","email":"ella.anderson@dropbox.net","message":"failed to process due to datastore timeout of 30 seconds.  operation took 88 seconds."},{"id":"298460fe-e3b2-4bf7-a4ec-91d5046ad387","email":"abigail.smith@amerisave.com","message":"successfully handled skipped operation."},{"id":"b898b2af-bbc5-45c8-adb9-49074c3edf4a","email":"alexis.brown@microsoft.com","message":"successfully processed after 9565 milliseconds."},{"id":"33a5ac4b-dda3-4e0d-a006-7be3431d81cb","email":"alexis.brown@microsoft.com","message":"failed to process due to network exception."},{"id":"3ec35486-ecc6-404c-8232-94f9cbef7bd9","email":"ava.davis@gmail.com","message":"successfully parsed message, but message temporarily enqueued while system restarts."},{"id":"f929943d-c7f6-46c7-85bf-d1beccae6026","email":"olivia.wright@gmail.com","message":"successfully processed after 5198 milliseconds."},{"id":"f2ea40fd-2368-47a6-947d-f2a2957338ef","email":"michael.hall@dropbox.net","message":"successfully processed after 8748 milliseconds."},{"id":"cbfe707b-5603-48d7-9deb-9b6967936e04","email":"madison.lewis@gmail.com","message":"successfully parsed message, but message temporarily enqueued while system restarts."},{"id":"4b63bfb9-a2bd-49ca-acd9-eff757164047","email":"joshua.lee@gmail.com","message":"failed to process due to datastore timeout of 30 seconds.  operation took 102 seconds."},{"id":"ec039ad6-b6dc-4814-bee5-2ba1a33e0ea6","email":"ryan.king@dropbox.net","message":"successfully parsed message, but message temporarily enqueued while system restarts."},{"id":"68924e26-999c-4802-b747-eebf4b1cb432","email":"madison.lewis@gmail.com","message":"successfully handled skipped operation."},{"id":"daff43c4-a224-4b13-a310-eebf4cfd2646","email":"matthew.walker@amerisave.com","message":"successfully handled skipped operation."},{"id":"a98cbe2b-3ac2-4f15-ac7d-abece4064359","email":"nathan.young@microsoft.com","message":"failed to process due to datastore timeout of 30 seconds.  operation took 32 seconds."},{"id":"1718a16c-1ea9-4fd2-8916-c3395a7c9ad7","email":"mia.perez@me.com","message":"failed to process due to network exception."},{"id":"592e0c50-e296-4b0f-9a42-f9ad28d6db43","email":"emma.thomas@me.com","message":"successfully handled skipped operation."},{"id":"3df6adc9-b954-4dff-b059-e8cc7c831e93","email":"ella.anderson@dropbox.net","message":"failed to process due to network exception."},{"id":"09dd3838-fd90-462f-8326-abeda9ec926e","email":"jack.thompson@me.com","message":"failed to process due to network exception."},{"id":"be3fae0e-557d-4f3b-87fd-c7eda750c426","email":"logan.clark@dropbox.net","message":"failed to process due to network exception."},{"id":"162c7ad1-f94e-435f-a63a-a2c80fbd749e","email":"ryan.king@dropbox.net","message":"failed to process due to network exception."},{"id":"f348a7d5-bbe1-46fc-a096-5d719a6422ef","email":"grace.moore@gmail.com","message":"successfully processed after 8027 milliseconds."},{"id":"f3e6f5db-a90f-46b0-9d99-5ee047fc5853","email":"andrew.miller@gmail.com","message":"successfully processed after 5010 milliseconds."},{"id":"ccbf214f-e1ef-4c6c-a3d8-a5a3fef40e0f","email":"isabella.jackson@amerisave.com","message":"failed to process due to network exception."},{"id":"bf71fd7b-3bba-4ea2-87f7-fcc97ff15ce0","email":"tyler.nelson@microsoft.com","message":"successfully parsed message, but message temporarily enqueued while system restarts."},{"id":"5c519f8a-fd71-4c55-8423-f8cf2ea40d67","email":"matthew.walker@amerisave.com","message":"failed to process due to datastore timeout of 30 seconds.  operation took 103 seconds."},{"id":"f4aa31d0-751f-4ec1-a325-bcc9496eaf25","email":"alyssa.jones@amerisave.com","message":"successfully handled skipped operation."},{"id":"2bfd464e-1b4e-4e1d-9659-fd2002a7082d","email":"mason.robinson@amerisave.com","message":"successfully processed after 200 milliseconds."},{"id":"c6233958-849a-4272-8031-c0ad4779e278","email":"grace.moore@gmail.com","message":"successfully handled skipped operation."},{"id":"dc8c24fc-4323-4103-8fa1-46bbfd41435a","email":"isabella.jackson@amerisave.com","message":"successfully parsed message, but message temporarily enqueued while system restarts."},{"id":"8ef5c75a-23ac-4040-b32c-60e9251a58d8","email":"grace.moore@gmail.com","message":"successfully processed after 696 milliseconds."},{"id":"0fe8d5b8-872f-4ad7-8de5-18f527c4828e","email":"alexander.williams@gmail.com","message":"failed to process due to datastore timeout of 30 seconds.  operation took 72 seconds."},{"id":"75054e4f-8c06-4313-929b-5e815b61862b","email":"dylan.wilson@gmail.com","message":"successfully parsed message, but message temporarily enqueued while system restarts."},{"id":"000abf3e-8148-4719-b689-c03e8c901bc0","email":"madison.lewis@gmail.com","message":"successfully processed after 8710 milliseconds."},{"id":"e7a852cf-e334-4c92-a442-572d0e893090","email":"noah.sanchez@me.com","message":"successfully parsed message, but message temporarily enqueued while system restarts."},{"id":"80fe7a35-acd7-4914-9c19-90163a2bc14b","email":"jackson.white@gmail.com","message":"failed to process due to datastore timeout of 30 seconds.  operation took 114 seconds."},{"id":"a09a0df3-50c7-40d6-92a8-b481275170bc","email":"lily.harris@gmail.com","message":"failed to process due to datastore timeout of 30 seconds.  operation took 113 seconds."},{"id":"81d8ae15-9264-4a02-881c-a93f28603191","email":"ella.anderson@dropbox.net","message":"successfully processed after 9623 milliseconds."},{"id":"54a14704-a7b1-4ec6-960b-e433943ec525","email":"ethan.hernandez@microsoft.com","message":"failed to process due to network exception."},{"id":"8ddbac66-9f93-4bee-8f52-82e8c578e635","email":"ryan.king@dropbox.net","message":"failed to process due to datastore timeout of 30 seconds.  operation took 86 seconds."},{"id":"ffc6b5b1-7572-4c39-9ebb-854a62e35446","email":"noah.sanchez@me.com","message":"failed to process due to network exception."},{"id":"2dd057a9-13a8-4d6a-98d0-5557d4368c8e","email":"alexander.williams@gmail.com","message":"failed to process due to datastore timeout of 30 seconds.  operation took 55 seconds."},{"id":"7254ff86-52e2-4d05-ac7f-68f7a9715783","email":"logan.clark@dropbox.net","message":"failed to process due to datastore timeout of 30 seconds.  operation took 74 seconds."},{"id":"a51666b9-4aaa-4c09-8a3f-c5f0814c5020","email":"aiden.johnson@microsoft.com","message":"failed to process due to datastore timeout of 30 seconds.  operation took 31 seconds."},{"id":"9dd0a3aa-070c-4ff7-ae42-a16f392bbef7","email":"alexis.brown@microsoft.com","message":"successfully parsed message, but message temporarily enqueued while system restarts."}],"id":"f10a6654-48fc-4dc0-b4b5-0b6244ab3ce0"}