{"logs":[{"id":"530c9d9b-9821-49a4-8235-183a074a4238","email":"michael.hall@dropbox.net","message":"successfully parsed message, but message temporarily enqueued while system restarts."},{"id":"1385fa3f-324a-4896-9a24-b34da6593d2f","email":"sarah.green@amerisave.com","message":"successfully handled skipped operation."},{"id":"4546b62d-c27c-4d82-8957-50fff937055b","email":"noah.sanchez@me.com","message":"failed to process due to datastore timeout of 30 seconds.  operation took 106 seconds."},{"id":"c285cf43-9486-4b6c-aa62-4081be0795a6","email":"daniel.rodriguez@amerisave.com","message":"successfully parsed message, but message temporarily enqueued while system restarts."},{"id":"a7a5679c-8063-4ce3-b8a3-a9e61b573ed8","email":"alexander.williams@gmail.com","message":"failed to process due to datastore timeout of 30 seconds.  operation took 65 seconds."},{"id":"2ceeb9b7-4874-4561-90cd-99cd75ca9acf","email":"ethan.hernandez@microsoft.com","message":"failed to process due to datastore timeout of 30 seconds.  operation took 34 seconds."},{"id":"a01f5d68-1388-4785-8cc3-8dfe8d17c751","email":"nicholas.allen@microsoft.com","message":"successfully parsed message, but message temporarily enqueued while system restarts."},{"id":"ecb8b663-0295-430d-b4f2-95a22ee756a6","email":"nicholas.allen@microsoft.com","message":"successfully processed after 5003 milliseconds."},{"id":"dd05da9a-87a6-47ee-8120-64565029ef3d","email":"sophia.baker@dropbox.net","message":"failed to process due to network exception."},{"id":"93faa7d8-8c7c-40cf-bea6-3e0060747324","email":"samantha.scott@me.com","message":"successfully processed after 3629 milliseconds."},{"id":"f471cff6-c51a-4d5a-b8bf-cfca89c1f5fb","email":"taylor.adams@gmail.com","message":"successfully parsed message, but message temporarily enqueued while system restarts."},{"id":"f8420f87-9b2c-4bd7-9f1d-6caf22ba63c4","email":"ella.anderson@dropbox.net","message":"failed to process due to network exception."},{"id":"7fcf7313-de68-4e3b-9bc9-c2617a32dcc8","email":"isabella.jackson@amerisave.com","message":"successfully processed after 9332 milliseconds."}],"id":"399cf1ae-aee8-4d87-9f20-4ddd1031395c"}