{"logs":[{"id":"066ccdb8-484b-46c8-932e-5bcbbb739e5f","email":"daniel.rodriguez@amerisave.com","message":"failed to process due to datastore timeout of 30 seconds.  operation took 128 seconds."},{"id":"390a568e-2751-4539-aedb-9491f1dcadab","email":"hannah.martin@dropbox.net","message":"successfully parsed message, but message temporarily enqueued while system restarts."},{"id":"748198e6-7d0a-4807-baec-07d1898f6cfe","email":"alyssa.jones@amerisave.com","message":"failed to process due to network exception."},{"id":"9cb68d96-f1c2-4203-9a86-b1ba34a843f6","email":"alyssa.jones@amerisave.com","message":"successfully processed after 2229 milliseconds."},{"id":"51d4048b-f90f-4ecf-8661-cdbc297c9756","email":"mason.robinson@amerisave.com","message":"successfully handled skipped operation."},{"id":"b33a0224-1c88-4d77-a04b-2ebacb0bd543","email":"mia.perez@me.com","message":"successfully processed after 6736 milliseconds."},{"id":"f15a4930-60b1-41fd-941c-c5439aba58b6","email":"dylan.wilson@gmail.com","message":"failed to process due to network exception."},{"id":"47d4285c-c622-43d7-93cd-2aeb595c637c","email":"liam.gonzalez@me.com","message":"failed to process due to datastore timeout of 30 seconds.  operation took 113 seconds."},{"id":"0fbf07d4-ec1c-4a88-981e-7bde36146937","email":"emma.thomas@me.com","message":"failed to process due to network exception."},{"id":"bba59c10-bf35-4572-a4fd-4e5e27818732","email":"ethan.hernandez@microsoft.com","message":"successfully processed after 8960 milliseconds."},{"id":"dfdb2740-0a25-46f5-ab10-cf291fab51a8","email":"abigail.smith@amerisave.com","message":"successfully processed after 9512 milliseconds."},{"id":"51ca06f4-6354-45e4-84e4-4d852c91b711","email":"aiden.johnson@microsoft.com","message":"successfully parsed message, but message temporarily enqueued while system restarts."},{"id":"f8d26320-8e68-4c6e-97a2-e54832d5e5ca","email":"grace.moore@gmail.com","message":"successfully processed after 1901 milliseconds."},{"id":"abe6cef4-5b5b-49f9-a863-2b12d51340a3","email":"jacob.lopez@dropbox.net","message":"successfully parsed message, but message temporarily enqueued while system restarts."},{"id":"edb871b1-a248-4ae8-9dfe-09402bb7064c","email":"sarah.green@amerisave.com","message":"failed to process due to datastore timeout of 30 seconds.  operation took 86 seconds."},{"id":"6bd9c18a-e782-4cfd-9c32-bd9196adc3ee","email":"nathan.young@microsoft.com","message":"failed to process due to network exception."},{"id":"c525fdec-b5b1-4669-aaa4-65c16d640350","email":"jack.thompson@me.com","message":"successfully processed after 2255 milliseconds."},{"id":"2a5d2e8d-03a5-42ff-ba32-79c14512ed25","email":"tyler.nelson@microsoft.com","message":"successfully processed after 2129 milliseconds."},{"id":"b36021b6-8b66-48e2-97b6-079c69b85f60","email":"samantha.scott@me.com","message":"successfully handled skipped operation."},{"id":"b09fd291-684a-441c-9b34-b2415d12b4e9","email":"matthew.walker@amerisave.com","message":"failed to process due to network exception."},{"id":"79e73a5b-6d63-4933-a45d-2cd33f0e2f1d","email":"mia.perez@me.com","message":"failed to process due to network exception."},{"id":"b472540e-aa3a-445e-baa7-2be9680137f6","email":"michael.hall@dropbox.net","message":"successfully processed after 2350 milliseconds."},{"id":"abd4f2c6-68e8-4018-9de5-ffccd3bc9ef5","email":"andrew.miller@gmail.com","message":"successfully parsed message, but message temporarily enqueued while system restarts."},{"id":"c0011b08-7a92-4646-a5dc-4dcba1df2c4b","email":"madison.lewis@gmail.com","message":"failed to process due to datastore timeout of 30 seconds.  operation took 71 seconds."},{"id":"4f6ccc3c-993f-4829-82e1-fcbf4d3a9940","email":"andrew.miller@gmail.com","message":"successfully parsed message, but message temporarily enqueued while system restarts."},{"id":"da0add1c-bca8-4790-b6ec-06bcf775716b","email":"nathan.young@microsoft.com","message":"successfully handled skipped operation."},{"id":"0108f852-3e9c-418a-a428-d486a7499e5a","email":"lily.harris@gmail.com","message":"successfully parsed message, but message temporarily enqueued while system restarts."},{"id":"f1b78e88-2dbf-4982-a8bd-56e06614b663","email":"nicholas.allen@microsoft.com","message":"failed to process due to network exception."},{"id":"05408bd4-900b-4270-8d97-3784cd808908","email":"sarah.green@amerisave.com","message":"successfully handled skipped operation."},{"id":"9c7109ee-daee-48ea-b708-7551199df413","email":"isabella.jackson@amerisave.com","message":"successfully parsed message, but message temporarily enqueued while system restarts."},{"id":"f6d95f59-80dc-4af6-b8d6-c7d2f1ac610a","email":"matthew.walker@amerisave.com","message":"successfully handled skipped operation."},{"id":"6ffbd2ee-5232-425e-ad65-93db95e39a82","email":"chloe.garcia@dropbox.net","message":"successfully processed after 788 milliseconds."},{"id":"ab313f52-dacd-4f50-b4cc-dbb8761a1214","email":"hannah.martin@dropbox.net","message":"failed to process due to network exception."},{"id":"e43d9bd1-9d79-4e1b-b705-8d0845943486","email":"ryan.king@dropbox.net","message":"failed to process due to network exception."},{"id":"54795804-a4bf-47c8-b47c-1b864a932a75","email":"ava.davis@gmail.com","message":"successfully handled skipped operation."},{"id":"96ba537c-d4f7-443c-ad40-19dc92535862","email":"ava.davis@gmail.com","message":"successfully handled skipped operation."},{"id":"86f83a5f-2b84-452d-89ff-2e2b10ed1161","email":"daniel.rodriguez@amerisave.com","message":"successfully processed after 450 milliseconds."},{"id":"043dbae9-5f99-4c78-8941-24a86d1f484f","email":"ethan.hernandez@microsoft.com","message":"successfully processed after 6584 milliseconds."},{"id":"714c2d67-02f7-4ac2-8b1e-b49b68e40315","email":"dylan.wilson@gmail.com","message":"successfully processed after 1816 milliseconds."},{"id":"03963048-48b6-4f0e-96dd-1f8a434f0813","email":"daniel.rodriguez@amerisave.com","message":"successfully parsed message, but message temporarily enqueued while system restarts."},{"id":"c3ef96ac-cb9c-4114-9005-b1e476649dc9","email":"jack.thompson@me.com","message":"successfully parsed message, but message temporarily enqueued while system restarts."},{"id":"73598bbe-96f8-48f5-bac7-b63f7b4f9f95","email":"ella.anderson@dropbox.net","message":"failed to process due to datastore timeout of 30 seconds.  operation took 88 seconds."},{"id":"10d092a2-3273-4855-8dc5-b662845f4e52","email":"ryan.king@dropbox.net","message":"failed to process due to datastore timeout of 30 seconds.  operation took 81 seconds."},{"id":"dfe128f7-f6fa-4ab9-8829-9d0fee4cd49c","email":"dylan.wilson@gmail.com","message":"successfully parsed message, but message temporarily enqueued while system restarts."},{"id":"b320b2da-f79c-48c7-82f5-9c9d2a9ed757","email":"matthew.walker@amerisave.com","message":"failed to process due to datastore timeout of 30 seconds.  operation took 122 seconds."},{"id":"a25d8923-8626-4ca4-8332-0a8096cb8716","email":"grace.moore@gmail.com","message":"successfully processed after 7727 milliseconds."},{"id":"14c69983-1bb7-443f-ac0b-836fc3e70b2a","email":"jackson.white@gmail.com","message":"successfully handled skipped operation."},{"id":"be3da8d0-e069-45f1-b698-e8be669614ac","email":"sophia.baker@dropbox.net","message":"successfully handled skipped operation."},{"id":"5c79a757-a0ff-4780-9bdd-879add3fe9ab","email":"lily.harris@gmail.com","message":"successfully processed after 6782 milliseconds."},{"id":"95d05906-9004-4e78-a6d6-0d636551fe5c","email":"matthew.walker@amerisave.com","message":"successfully parsed message, but message temporarily enqueued while system restarts."},{"id":"1cea4bda-8777-47bf-b29f-60f87ed80088","email":"ethan.hernandez@microsoft.com","message":"successfully handled skipped operation."},{"id":"73aa151a-0119-4fd7-978b-3e5b3b67437b","email":"daniel.rodriguez@amerisave.com","message":"successfully parsed message, but message temporarily enqueued while system restarts."},{"id":"1825720c-cdc9-46c4-9fe0-30fd7eff6026","email":"lily.harris@gmail.com","message":"successfully handled skipped operation."},{"id":"8c712658-7b23-49bf-9bc3-067f2eaed033","email":"nicholas.allen@microsoft.com","message":"successfully processed after 120 milliseconds."},{"id":"08dcc19c-ff29-4d1a-b45f-33284d16c69e","email":"matthew.walker@amerisave.com","message":"failed to process due to datastore timeout of 30 seconds.  operation took 113 seconds."},{"id":"9a2e5d32-0313-4e69-b2d3-38bc3a1f4a14","email":"jack.thompson@me.com","message":"failed to process due to datastore timeout of 30 seconds.  operation took 34 seconds."},{"id":"6202185b-17ac-4d6c-accb-dad0b156534a","email":"noah.sanchez@me.com","message":"failed to process due to network exception."},{"id":"e34764b9-2b06-4286-af99-0ad25e3b8469","email":"alyssa.jones@amerisave.com","message":"successfully processed after 2429 milliseconds."},{"id":"7053d0df-b06c-4f16-8b3b-7c791502d764","email":"emma.thomas@me.com","message":"successfully parsed message, but message temporarily enqueued while system restarts."},{"id":"b52a432d-ed1f-4ca7-9369-f04a03a88ae3","email":"tyler.nelson@microsoft.com","message":"failed to process due to network exception."},{"id":"9ab97ed9-805c-4b8b-bd81-ef3dcb10cd38","email":"sarah.green@amerisave.com","message":"successfully processed after 5289 milliseconds."},{"id":"79001761-9109-4194-a646-b92200c60487","email":"ryan.king@dropbox.net","message":"successfully processed after 4762 milliseconds."},{"id":"fa4d06f0-6d53-4679-8416-8806921e3e39","email":"jacob.lopez@dropbox.net","message":"failed to process due to datastore timeout of 30 seconds.  operation took 106 seconds."},{"id":"62b830d1-5c28-4c58-9fe3-af7814bc5a53","email":"taylor.adams@gmail.com","message":"failed to process due to network exception."},{"id":"6a534b86-8d94-4ba9-985a-7ee45d1a2fc0","email":"olivia.wright@gmail.com","message":"successfully handled skipped operation."},{"id":"a4037a1a-afad-4576-81a3-02caea92b353","email":"alyssa.jones@amerisave.com","message":"successfully handled skipped operation."},{"id":"5ce03d3b-83d9-46fb-93b0-9b2d72a5fbb9","email":"sophia.baker@dropbox.net","message":"failed to process due to network exception."},{"id":"8704a883-0d71-4937-9986-5dee5b1794da","email":"isabella.jackson@amerisave.com","message":"failed to process due to network exception."},{"id":"6d5fab36-b1aa-4455-8d9d-b7ddada776b3","email":"hannah.martin@dropbox.net","message":"successfully handled skipped operation."},{"id":"ee6b1d7b-d4b6-416c-9e4c-fa1131ace390","email":"mason.robinson@amerisave.com","message":"successfully handled skipped operation."},{"id":"35f38f8f-b6b8-415c-b3cc-edc89d6093a5","email":"jacob.lopez@dropbox.net","message":"successfully parsed message, but message temporarily enqueued while system restarts."},{"id":"dfdfa79b-105f-4cab-b0c7-8a7d88af119a","email":"joshua.lee@gmail.com","message":"failed to process due to network exception."},{"id":"102fc7ef-4692-4ab6-8c13-76fe0b42f884","email":"nathan.young@microsoft.com","message":"successfully processed after 4525 milliseconds."},{"id":"dcec900f-861d-4e5f-b885-65b70499e9e0","email":"michael.hall@dropbox.net","message":"successfully handled skipped operation."},{"id":"8c0fdf92-33ad-4825-bfb8-2110ef9e07b0","email":"tyler.nelson@microsoft.com","message":"successfully processed after 5919 milliseconds."},{"id":"860ed979-f62a-490f-92a4-77dc5f645515","email":"jacob.lopez@dropbox.net","message":"failed to process due to datastore timeout of 30 seconds.  operation took 74 seconds."},{"id":"a6693326-7051-4743-aefd-33fa6c8a9d88","email":"samantha.scott@me.com","message":"failed to process due to network exception."},{"id":"17fc069b-aae7-4f77-902f-6c3e2768d8d8","email":"andrew.miller@gmail.com","message":"successfully handled skipped operation."},{"id":"c25b4849-fcce-4d3e-ab28-3baa176f6195","email":"ethan.hernandez@microsoft.com","message":"successfully parsed message, but message temporarily enqueued while system restarts."},{"id":"9a600d87-dc5e-4245-90d0-23498d18ca32","email":"liam.gonzalez@me.com","message":"failed to process due to datastore timeout of 30 seconds.  operation took 84 seconds."},{"id":"d1c66938-076d-47e6-97eb-5723d1c53b3e","email":"mia.perez@me.com","message":"successfully processed after 9384 milliseconds."},{"id":"94278b60-d4cc-49cb-8e98-a8b64523661f","email":"jack.thompson@me.com","message":"successfully processed after 3533 milliseconds."},{"id":"927c2e7b-6f6d-4dc1-b2b2-64c1ea8b3b3a","email":"joshua.lee@gmail.com","message":"successfully parsed message, but message temporarily enqueued while system restarts."},{"id":"6cf87ad2-8f0e-49c5-aaa7-dd5ac1270211","email":"aiden.johnson@microsoft.com","message":"successfully handled skipped operation."},{"id":"0559c3a4-776d-4371-8943-959d5895365e","email":"alexander.williams@gmail.com","message":"successfully handled skipped operation."},{"id":"43303a77-60ba-41e8-9e4b-d486684d999b","email":"tyler.nelson@microsoft.com","message":"failed to process due to network exception."},{"id":"4e31093f-f1e5-4962-86f9-f1b62b9c0d6f","email":"ella.anderson@dropbox.net","message":"failed to process due to datastore timeout of 30 seconds.  operation took 62 seconds."},{"id":"2dae279e-203a-47a4-8ba7-30e420fcf6b1","email":"daniel.rodriguez@amerisave.com","message":"successfully processed after 3286 milliseconds."},{"id":"9e2f6b6b-0102-4a67-b5cc-bb6dc6724e3c","email":"abigail.smith@amerisave.com","message":"successfully handled skipped operation."},{"id":"5a966110-5301-44d3-9e1b-28a84c92066c","email":"jackson.white@gmail.com","message":"successfully handled skipped operation."},{"id":"be84dd33-22f0-43c4-952a-63f4a5cf886e","email":"hannah.martin@dropbox.net","message":"successfully handled skipped operation."},{"id":"dc13d6d1-a672-4bf4-9643-e1bedb7bc784","email":"ryan.king@dropbox.net","message":"successfully handled skipped operation."},{"id":"0fb96a1c-0f71-4914-bbc2-9b667fdd7604","email":"jackson.white@gmail.com","message":"successfully processed after 3025 milliseconds."},{"id":"53e5a048-4502-4835-80d0-bdf664e00f71","email":"elizabeth.martinez@dropbox.net","message":"failed to process due to datastore timeout of 30 seconds.  operation took 108 seconds."},{"id":"35dc41ca-7717-4c70-92d1-f03ff20f45b2","email":"mia.perez@me.com","message":"failed to process due to network exception."},{"id":"c6dfd850-720a-49ae-a371-3732e6baa3f5","email":"elizabeth.martinez@dropbox.net","message":"successfully parsed message, but message temporarily enqueued while system restarts."},{"id":"1e75b3b4-a7a9-4887-99b5-6bf10bf5b32a","email":"samantha.scott@me.com","message":"failed to process due to network exception."},{"id":"79d1927c-26fc-4f14-8902-741819792ef2","email":"ella.anderson@dropbox.net","message":"successfully parsed message, but message temporarily enqueued while system restarts."},{"id":"68746735-b5fe-4125-ba8c-db640a39495c","email":"hannah.martin@dropbox.net","message":"successfully processed after 5193 milliseconds."},{"id":"2f04a50a-916e-494f-814c-7de9534fb7ae","email":"daniel.rodriguez@amerisave.com","message":"failed to process due to network exception."},{"id":"ee83b5bc-46ed-4a74-99f9-77c789678c27","email":"sophia.baker@dropbox.net","message":"successfully handled skipped operation."},{"id":"2a0fa0ee-12aa-497b-9d3b-9b723a254c29","email":"jack.thompson@me.com","message":"successfully processed after 4288 milliseconds."},{"id":"d284b231-2e72-46e6-981d-63e747c74bb3","email":"samantha.scott@me.com","message":"successfully handled skipped operation."},{"id":"06833d6f-3fee-4e6a-9bb7-57f3f35bcbbe","email":"andrew.miller@gmail.com","message":"successfully handled skipped operation."},{"id":"4cbc1232-9891-486a-abea-6d90f9a2e529","email":"ethan.hernandez@microsoft.com","message":"successfully processed after 7458 milliseconds."},{"id":"9ef34753-f609-4c49-be50-9b1855d00fe9","email":"grace.moore@gmail.com","message":"successfully parsed message, but message temporarily enqueued while system restarts."},{"id":"6e194db8-8e00-4a14-8837-0b71ed27fa5f","email":"noah.sanchez@me.com","message":"failed to process due to network exception."},{"id":"c63138b2-279e-4b47-b97a-480ad5dfdcee","email":"tyler.nelson@microsoft.com","message":"successfully handled skipped operation."},{"id":"e0fb73c8-f6ef-4fdc-8163-0874f73c6d1c","email":"noah.sanchez@me.com","message":"successfully handled skipped operation."},{"id":"264ceaa8-1dd9-4ac9-b451-2797f22cc9c7","email":"ella.anderson@dropbox.net","message":"failed to process due to datastore timeout of 30 seconds.  operation took 101 seconds."},{"id":"152aa031-09ae-40a0-b06e-0cf5deb6c719","email":"isabella.jackson@amerisave.com","message":"successfully parsed message, but message temporarily enqueued while system restarts."},{"id":"b0fe3c3c-ad6b-423f-a63b-f6c17940aebc","email":"ethan.hernandez@microsoft.com","message":"successfully processed after 9015 milliseconds."},{"id":"22e568c2-0211-408b-8ecb-d372f97dcd51","email":"alyssa.jones@amerisave.com","message":"successfully parsed message, but message temporarily enqueued while system restarts."},{"id":"d2b7ec04-b214-4e7f-b1e4-bdab2ddfe76d","email":"elizabeth.martinez@dropbox.net","message":"successfully parsed message, but message temporarily enqueued while system restarts."},{"id":"b11e1e6a-8559-4023-8a25-acf65bf719fc","email":"nicholas.allen@microsoft.com","message":"successfully processed after 6822 milliseconds."},{"id":"50821fe5-ed7d-45a0-bd5c-b62490e167af","email":"mason.robinson@amerisave.com","message":"successfully processed after 4845 milliseconds."},{"id":"95f116eb-6985-4bd8-a81f-c4de7fc298f3","email":"noah.sanchez@me.com","message":"successfully handled skipped operation."},{"id":"6cec131b-11c7-4899-9de2-a1e0344a1b4b","email":"sarah.green@amerisave.com","message":"failed to process due to network exception."},{"id":"fc9866cb-35b8-40fc-bce4-1a948e1c7675","email":"jackson.white@gmail.com","message":"failed to process due to datastore timeout of 30 seconds.  operation took 44 seconds."},{"id":"28c0aa7e-619f-4e62-946e-019646c04258","email":"ryan.king@dropbox.net","message":"successfully parsed message, but message temporarily enqueued while system restarts."},{"id":"cf06c558-8532-4186-813c-2c743924037a","email":"taylor.adams@gmail.com","message":"failed to process due to network exception."},{"id":"fa5b3d5c-7ff0-4208-a439-7396323c41fc","email":"jackson.white@gmail.com","message":"successfully processed after 3530 milliseconds."},{"id":"172ab8be-444c-45bb-9ce9-98b47410df5c","email":"emily.taylor@gmail.com","message":"successfully processed after 8089 milliseconds."},{"id":"8a71ac11-9634-416f-a3fd-dd15f04be1e3","email":"jackson.white@gmail.com","message":"successfully parsed message, but message temporarily enqueued while system restarts."},{"id":"c20b2e26-6fae-4a00-ae2a-cbfb0a41baf7","email":"nicholas.allen@microsoft.com","message":"failed to process due to datastore timeout of 30 seconds.  operation took 87 seconds."},{"id":"b877a9a6-a517-4e9f-89f6-71de7160c3de","email":"daniel.rodriguez@amerisave.com","message":"failed to process due to datastore timeout of 30 seconds.  operation took 93 seconds."},{"id":"9d4b57ed-76e6-4817-8db7-581368f70b14","email":"dylan.wilson@gmail.com","message":"successfully handled skipped operation."},{"id":"231b6978-b3cd-4dd2-80b5-cbd28e6ab7a7","email":"alexander.williams@gmail.com","message":"successfully handled skipped operation."},{"id":"39a4bc0c-a1f3-4ca1-9c3a-6aad76a88d25","email":"lily.harris@gmail.com","message":"successfully handled skipped operation."},{"id":"d3a08ab2-8022-4a23-91f4-c081ed37e8aa","email":"emily.taylor@gmail.com","message":"failed to process due to datastore timeout of 30 seconds.  operation took 57 seconds."},{"id":"46289e81-53fb-403e-93b8-c2305e958146","email":"matthew.walker@amerisave.com","message":"successfully handled skipped operation."},{"id":"82108866-a560-4373-a2e1-615ebe6d3bea","email":"noah.sanchez@me.com","message":"successfully parsed message, but message temporarily enqueued while system restarts."},{"id":"cc6e3e67-ac17-4d3f-9770-f60c493e8d4d","email":"ella.anderson@dropbox.net","message":"successfully processed after 6891 milliseconds."},{"id":"a2393b8a-e059-41c3-9ce6-db7b1aed694e","email":"jacob.lopez@dropbox.net","message":"failed to process due to datastore timeout of 30 seconds.  operation took 113 seconds."},{"id":"d74b4bcd-9464-45e1-8634-fde2737d36f4","email":"taylor.adams@gmail.com","message":"failed to process due to datastore timeout of 30 seconds.  operation took 97 seconds."},{"id":"af68aa7e-96f8-49ea-b98c-4338a79221c0","email":"ryan.king@dropbox.net","message":"successfully handled skipped operation."},{"id":"b22317a1-d6e6-48dd-9b85-480f64a2c562","email":"sophia.baker@dropbox.net","message":"successfully handled skipped operation."},{"id":"50f78df2-b784-46d4-a0db-0f03575a3621","email":"daniel.rodriguez@amerisave.com","message":"successfully parsed message, but message temporarily enqueued while system restarts."},{"id":"dda79b9c-c73b-4f9f-819d-e831010db358","email":"jackson.white@gmail.com","message":"successfully processed after 9564 milliseconds."},{"id":"beb29885-a8cc-405e-a529-67e7220ad3db","email":"alexander.williams@gmail.com","message":"successfully handled skipped operation."},{"id":"414b5d4a-e871-425c-ac0c-c79f8e65e0c9","email":"alexander.williams@gmail.com","message":"failed to process due to network exception."},{"id":"1e7b800d-1600-4772-850b-0ca068b7c253","email":"hannah.martin@dropbox.net","message":"successfully handled skipped operation."},{"id":"f4dc54f8-3a9c-4b9a-a22e-df178e7e7318","email":"nathan.young@microsoft.com","message":"failed to process due to datastore timeout of 30 seconds.  operation took 112 seconds."},{"id":"93512900-c253-48e9-aab5-9d2a767a440f","email":"michael.hall@dropbox.net","message":"successfully handled skipped operation."},{"id":"7ca2a64c-c430-45a3-b024-002d209a132c","email":"matthew.walker@amerisave.com","message":"failed to process due to network exception."},{"id":"1f6e19e9-922d-4555-8bb1-8a8fb9388376","email":"emma.thomas@me.com","message":"failed to process due to datastore timeout of 30 seconds.  operation took 31 seconds."},{"id":"8d761919-c565-4497-ad1b-3d2fcc569c3b","email":"sarah.green@amerisave.com","message":"successfully parsed message, but message temporarily enqueued while system restarts."},{"id":"6891aad9-fd81-4e09-9736-3233ee3c2085","email":"hannah.martin@dropbox.net","message":"successfully handled skipped operation."},{"id":"d9f371ee-ba4d-4b99-a189-50bd1d796fe2","email":"elizabeth.martinez@dropbox.net","message":"successfully handled skipped operation."},{"id":"3f244213-fd14-49f7-891b-3fcff92ac575","email":"ella.anderson@dropbox.net","message":"successfully handled skipped operation."},{"id":"ab37acf8-6142-45b3-aa1e-643681a9458f","email":"elizabeth.martinez@dropbox.net","message":"successfully parsed message, but message temporarily enqueued while system restarts."},{"id":"61f5f4a1-49ff-4fe9-a5db-883d55b1b1f5","email":"taylor.adams@gmail.com","message":"failed to process due to datastore timeout of 30 seconds.  operation took 94 seconds."},{"id":"0ad57cdd-2bff-4c67-94a7-b3fa53923ce1","email":"aiden.johnson@microsoft.com","message":"successfully parsed message, but message temporarily enqueued while system restarts."},{"id":"28d9def2-0e4d-45a2-9a91-2c9e0ec8e689","email":"alexis.brown@microsoft.com","message":"failed to process due to network exception."},{"id":"e136714f-f150-4586-9841-fbdf643fe2bf","email":"jack.thompson@me.com","message":"failed to process due to network exception."},{"id":"aefcb722-f175-4359-a38e-395a15202374","email":"alexander.williams@gmail.com","message":"successfully parsed message, but message temporarily enqueued while system restarts."},{"id":"e53b1807-0800-4afb-aeaf-db6669bab8dd","email":"joshua.lee@gmail.com","message":"failed to process due to network exception."},{"id":"0e3fb9c2-8059-4b2f-adee-365e54abeb0e","email":"tyler.nelson@microsoft.com","message":"successfully processed after 3107 milliseconds."},{"id":"bbf305d1-f832-4336-96fc-25ed3fa7fef0","email":"emily.taylor@gmail.com","message":"successfully handled skipped operation."},{"id":"a2425c28-46c4-485c-a341-88b3f826795f","email":"alexis.brown@microsoft.com","message":"successfully handled skipped operation."},{"id":"2f4c2d30-01e0-4f5e-a74b-b7e187104a7a","email":"jack.thompson@me.com","message":"failed to process due to datastore timeout of 30 seconds.  operation took 63 seconds."},{"id":"bb1fb42b-1e41-48da-bce4-07a1694ada22","email":"ella.anderson@dropbox.net","message":"failed to process due to network exception."},{"id":"937d7af1-4548-4a7a-a1e6-d8504fdcf0d2","email":"mason.robinson@amerisave.com","message":"successfully processed after 4889 milliseconds."},{"id":"21dbf63a-2204-4da2-8cb4-368925f95d72","email":"hannah.martin@dropbox.net","message":"successfully parsed message, but message temporarily enqueued while system restarts."},{"id":"6571c43a-9e7a-4a5f-843a-ac5ab9ecd6c9","email":"isabella.jackson@amerisave.com","message":"successfully processed after 4137 milliseconds."},{"id":"ab3343c9-21f6-43cd-adb7-32fa56b78028","email":"michael.hall@dropbox.net","message":"failed to process due to network exception."},{"id":"94497772-c2b5-472c-9fc6-ede856c66e04","email":"sarah.green@amerisave.com","message":"failed to process due to datastore timeout of 30 seconds.  operation took 95 seconds."},{"id":"7257dcc5-68b1-4334-b669-319e8c60ac54","email":"sophia.baker@dropbox.net","message":"successfully parsed message, but message temporarily enqueued while system restarts."},{"id":"4dfc67a5-dd0c-4287-9965-91b87b7d64c0","email":"madison.lewis@gmail.com","message":"successfully parsed message, but message temporarily enqueued while system restarts."},{"id":"268036ac-23da-4a51-8764-6f18d13dcf52","email":"michael.hall@dropbox.net","message":"successfully parsed message, but message temporarily enqueued while system restarts."},{"id":"6bdca7fe-17e3-4a2b-b2a7-f6c38fb69fe6","email":"chloe.garcia@dropbox.net","message":"successfully processed after 8454 milliseconds."},{"id":"877428c7-c0f1-4aa9-b051-f141d5413851","email":"madison.lewis@gmail.com","message":"failed to process due to network exception."},{"id":"b5c40935-7a13-445e-bbb0-32b0af806e28","email":"alexander.williams@gmail.com","message":"successfully handled skipped operation."},{"id":"2f93b2d3-a9ce-4e32-ae9b-6d19e0449a41","email":"emily.taylor@gmail.com","message":"successfully handled skipped operation."},{"id":"4955af8f-54bb-4c55-8250-4623233c3be5","email":"samantha.scott@me.com","message":"successfully handled skipped operation."},{"id":"6add2605-3042-4b45-b188-12785a20c568","email":"joshua.lee@gmail.com","message":"successfully parsed message, but message temporarily enqueued while system restarts."},{"id":"aaeab13d-fbc8-4a2c-8989-50b5f5465f9c","email":"isabella.jackson@amerisave.com","message":"successfully parsed message, but message temporarily enqueued while system restarts."},{"id":"80adbdeb-bf31-4909-8ba6-b0096e804d2d","email":"mia.perez@me.com","message":"failed to process due to datastore timeout of 30 seconds.  operation took 74 seconds."},{"id":"24181d02-99b1-4fd8-8931-a27cde4c6891","email":"nicholas.allen@microsoft.com","message":"successfully parsed message, but message temporarily enqueued while system restarts."},{"id":"9af91354-6c39-4ea5-9c53-22e0d7d1d77a","email":"chloe.garcia@dropbox.net","message":"successfully parsed message, but message temporarily enqueued while system restarts."},{"id":"14e8fd9e-5ad6-43f4-bc97-ab932232e0d3","email":"lily.harris@gmail.com","message":"failed to process due to network exception."},{"id":"8ee54cb7-fa37-42ed-b7c7-57be6b520a42","email":"abigail.smith@amerisave.com","message":"successfully handled skipped operation."},{"id":"ad7d3e2a-1a1c-4637-b39e-767802f871ca","email":"sophia.baker@dropbox.net","message":"successfully parsed message, but message temporarily enqueued while system restarts."},{"id":"80f3efb3-d16f-4fb4-9759-4a9e2b1d41e6","email":"olivia.wright@gmail.com","message":"failed to process due to datastore timeout of 30 seconds.  operation took 50 seconds."},{"id":"07b093ca-f7bd-46cb-89b8-3cbb25bb00a9","email":"logan.clark@dropbox.net","message":"successfully processed after 2474 milliseconds."},{"id":"6029f6ee-561e-474c-91de-cd649402aea4","email":"joshua.lee@gmail.com","message":"successfully processed after 5211 milliseconds."}],"id":"acad1949-82ba-422e-beca-2e3bfc735c4e"}