{"logs":[{"id":"e8d3007c-32fe-4622-8e5b-20ae260eea1c","email":"logan.clark@dropbox.net","message":"failed to process due to datastore timeout of 30 seconds.  operation took 53 seconds."},{"id":"6de13814-9937-4c5e-8551-a4bba7871984","email":"daniel.rodriguez@amerisave.com","message":"successfully handled skipped operation."},{"id":"9f13207f-d07b-462b-a160-e1996d5c81a6","email":"alexis.brown@microsoft.com","message":"failed to process due to network exception."},{"id":"e6f8d3a4-4ea8-41a5-8102-d2eb8430287a","email":"hannah.martin@dropbox.net","message":"successfully parsed message, but message temporarily enqueued while system restarts."},{"id":"f166e4a0-84e1-4d5b-a48c-d642af7d3127","email":"lily.harris@gmail.com","message":"successfully handled skipped operation."},{"id":"4abc28b6-e5d5-4ccc-970b-f8a690b68c42","email":"liam.gonzalez@me.com","message":"failed to process due to datastore timeout of 30 seconds.  operation took 72 seconds."},{"id":"12ea09ac-28fd-4bb1-aeae-e325144ff772","email":"nicholas.allen@microsoft.com","message":"failed to process due to network exception."},{"id":"888ee49a-3a2f-4cf8-8fc9-6b11bad883cc","email":"jackson.white@gmail.com","message":"successfully parsed message, but message temporarily enqueued while system restarts."},{"id":"94db84dc-d11c-426a-98b2-48322cf1d67e","email":"grace.moore@gmail.com","message":"successfully processed after 3825 milliseconds."},{"id":"7e4e4a31-4a4d-4423-a999-25dddb1a728e","email":"nicholas.allen@microsoft.com","message":"failed to process due to datastore timeout of 30 seconds.  operation took 54 seconds."},{"id":"e6badd79-25c1-437b-ab7b-9e23ae42956c","email":"jackson.white@gmail.com","message":"failed to process due to network exception."},{"id":"730c8099-8b31-4adf-8ff1-d155f9f0cab9","email":"daniel.rodriguez@amerisave.com","message":"failed to process due to datastore timeout of 30 seconds.  operation took 54 seconds."},{"id":"61ca8f3d-179e-43c6-a7f2-ea07700817c1","email":"andrew.miller@gmail.com","message":"failed to process due to network exception."},{"id":"ea568bfa-9f2c-47ed-baa5-bb012015d4fb","email":"samantha.scott@me.com","message":"successfully processed after 4824 milliseconds."},{"id":"89b0d156-698e-4679-bc91-3500e389e321","email":"daniel.rodriguez@amerisave.com","message":"failed to process due to datastore timeout of 30 seconds.  operation took 113 seconds."},{"id":"442eed9c-1d52-46ee-af6a-56b7757f2eac","email":"hannah.martin@dropbox.net","message":"failed to process due to network exception."},{"id":"45f5119e-55c3-4808-9166-bdf8045ee55c","email":"mia.perez@me.com","message":"successfully parsed message, but message temporarily enqueued while system restarts."},{"id":"91c044a2-44f7-4984-a1c3-5c7c847be0a2","email":"nicholas.allen@microsoft.com","message":"failed to process due to datastore timeout of 30 seconds.  operation took 67 seconds."},{"id":"9c1c4c37-7b7c-4f41-aaf4-3748756c22cf","email":"ella.anderson@dropbox.net","message":"successfully handled skipped operation."},{"id":"e2fe5cdf-6bf9-4a58-9ea4-c2d04c353e62","email":"mia.perez@me.com","message":"failed to process due to network exception."},{"id":"f87c6130-1abc-45b0-9e8c-7f743492d0f7","email":"abigail.smith@amerisave.com","message":"successfully handled skipped operation."},{"id":"f75e99e4-ba76-40a9-bce0-281cc0eb36ea","email":"madison.lewis@gmail.com","message":"successfully processed after 6135 milliseconds."},{"id":"f03406a7-4c36-4e3e-b165-1d55d6a6225e","email":"andrew.miller@gmail.com","message":"failed to process due to network exception."},{"id":"4f51abe6-bfe9-4f53-8c52-86fb430a5912","email":"tyler.nelson@microsoft.com","message":"successfully parsed message, but message temporarily enqueued while system restarts."},{"id":"fd3f0e6c-28af-483b-9d85-9f47e71529d6","email":"nicholas.allen@microsoft.com","message":"failed to process due to datastore timeout of 30 seconds.  operation took 107 seconds."},{"id":"c7bf6f42-3310-4a35-8ea7-bbad601ef362","email":"mason.robinson@amerisave.com","message":"failed to process due to datastore timeout of 30 seconds.  operation took 45 seconds."},{"id":"639bd965-b607-4b56-8c6c-13c828974369","email":"isabella.jackson@amerisave.com","message":"successfully processed after 3353 milliseconds."},{"id":"afbaa98a-1e3d-46f9-a566-b0fee17875fe","email":"ethan.hernandez@microsoft.com","message":"successfully handled skipped operation."},{"id":"51f4e315-2ca4-467f-a0c2-0642c6b343b8","email":"sophia.baker@dropbox.net","message":"failed to process due to network exception."},{"id":"0c8f8d0e-acb7-4da7-a726-ca1c91543899","email":"elizabeth.martinez@dropbox.net","message":"successfully processed after 4699 milliseconds."},{"id":"a0e95079-152d-4372-a116-34c11c44ca03","email":"elizabeth.martinez@dropbox.net","message":"failed to process due to datastore timeout of 30 seconds.  operation took 44 seconds."},{"id":"9efe01fd-e35a-43ba-a968-4bca3dc3e90e","email":"alyssa.jones@amerisave.com","message":"successfully handled skipped operation."},{"id":"c7e8aceb-674e-4e97-a489-13aade625649","email":"aiden.johnson@microsoft.com","message":"failed to process due to network exception."},{"id":"372b277b-b7d0-486c-9a6e-dc2cf3446903","email":"sophia.baker@dropbox.net","message":"successfully processed after 2817 milliseconds."},{"id":"ea2f6724-92ae-4f3c-a1a5-768ce40866d9","email":"madison.lewis@gmail.com","message":"failed to process due to network exception."},{"id":"8fe690d1-8b1e-4773-a698-f261f5f6639d","email":"liam.gonzalez@me.com","message":"successfully processed after 6263 milliseconds."},{"id":"4ada28bc-ec73-4ebb-8f7f-de832d53dbe7","email":"dylan.wilson@gmail.com","message":"successfully parsed message, but message temporarily enqueued while system restarts."},{"id":"d6276d15-6d79-488f-a0e6-e0ad8e8b0474","email":"nicholas.allen@microsoft.com","message":"failed to process due to datastore timeout of 30 seconds.  operation took 125 seconds."},{"id":"a32425f2-4581-4010-937f-a90c6565aac5","email":"isabella.jackson@amerisave.com","message":"successfully processed after 6376 milliseconds."},{"id":"78c8378b-56f4-4c5b-887c-cfa6433e9888","email":"michael.hall@dropbox.net","message":"successfully processed after 940 milliseconds."},{"id":"1ec2b59c-20ec-43fd-a259-9922623b9c4f","email":"alyssa.jones@amerisave.com","message":"successfully handled skipped operation."},{"id":"33468ec7-8f8d-4d7e-b761-20a244098c8a","email":"nathan.young@microsoft.com","message":"successfully processed after 8260 milliseconds."},{"id":"0d7a77bb-711f-4e57-8cad-0a96d446a840","email":"nicholas.allen@microsoft.com","message":"failed to process due to network exception."},{"id":"c54f6c04-1619-4c1a-90a4-b4d33306f28b","email":"taylor.adams@gmail.com","message":"failed to process due to network exception."},{"id":"8e57ccf9-08ec-4178-a01a-1308981886e0","email":"alyssa.jones@amerisave.com","message":"failed to process due to datastore timeout of 30 seconds.  operation took 110 seconds."},{"id":"d0cb9544-9b38-4a1b-bbe8-3ff4d80a433d","email":"tyler.nelson@microsoft.com","message":"successfully processed after 874 milliseconds."},{"id":"3f1aabe2-fda9-4a35-a950-5a1b6a86295f","email":"matthew.walker@amerisave.com","message":"failed to process due to datastore timeout of 30 seconds.  operation took 82 seconds."},{"id":"e806534d-1a19-4ffe-94cc-8a8ce0e47c06","email":"sophia.baker@dropbox.net","message":"successfully processed after 2012 milliseconds."},{"id":"59584f69-e8f4-4755-ac84-68915dd01379","email":"madison.lewis@gmail.com","message":"successfully parsed message, but message temporarily enqueued while system restarts."},{"id":"72d16e73-91c2-4217-aeda-4f2948abf8f2","email":"ethan.hernandez@microsoft.com","message":"successfully handled skipped operation."},{"id":"d8aed6d3-09ba-4254-9ec4-42ea732743bb","email":"jackson.white@gmail.com","message":"successfully parsed message, but message temporarily enqueued while system restarts."},{"id":"b66fdb18-9a26-4c86-bc59-140256f32661","email":"tyler.nelson@microsoft.com","message":"successfully parsed message, but message temporarily enqueued while system restarts."},{"id":"3ec6b792-5c06-4c7e-8a77-fe1bb3e77a4f","email":"andrew.miller@gmail.com","message":"successfully handled skipped operation."},{"id":"cb8518b3-19fa-4bb8-a332-22c91c1b2640","email":"liam.gonzalez@me.com","message":"successfully parsed message, but message temporarily enqueued while system restarts."},{"id":"9b4fe517-58f8-4e90-a1a8-15771ef3bf19","email":"alyssa.jones@amerisave.com","message":"failed to process due to network exception."},{"id":"afd89df6-071f-4eb9-b3ab-b91126b96f68","email":"nicholas.allen@microsoft.com","message":"failed to process due to datastore timeout of 30 seconds.  operation took 34 seconds."},{"id":"8f7ad1d7-dca2-4720-ba18-4b2404850f14","email":"aiden.johnson@microsoft.com","message":"failed to process due to datastore timeout of 30 seconds.  operation took 45 seconds."},{"id":"6f962e32-8d73-439d-8515-c5b0d290ec3c","email":"abigail.smith@amerisave.com","message":"failed to process due to datastore timeout of 30 seconds.  operation took 84 seconds."},{"id":"876a3ca2-dbc7-4792-9c14-d5cfe96858ed","email":"jacob.lopez@dropbox.net","message":"failed to process due to network exception."},{"id":"69d89d8a-5a3a-4b22-8681-d51a04315c57","email":"olivia.wright@gmail.com","message":"failed to process due to datastore timeout of 30 seconds.  operation took 115 seconds."},{"id":"7617335c-1af0-42c9-bce5-125b95e860b4","email":"taylor.adams@gmail.com","message":"failed to process due to network exception."},{"id":"dcf8a734-3647-42e2-97a8-81506a0d526b","email":"nathan.young@microsoft.com","message":"failed to process due to datastore timeout of 30 seconds.  operation took 61 seconds."},{"id":"756789c1-9965-4d6c-b31f-f44c3809f676","email":"nathan.young@microsoft.com","message":"successfully handled skipped operation."},{"id":"7ce9b8cc-aeda-4e3c-b8cb-d76e04e97784","email":"nicholas.allen@microsoft.com","message":"successfully processed after 9680 milliseconds."},{"id":"08112c23-dd99-4181-9a8b-47328833f226","email":"alexander.williams@gmail.com","message":"successfully handled skipped operation."},{"id":"112756b8-6411-427d-8c34-53f6bc887aea","email":"chloe.garcia@dropbox.net","message":"successfully parsed message, but message temporarily enqueued while system restarts."},{"id":"31513e20-80d6-4d8f-a600-2ebef05d3b55","email":"dylan.wilson@gmail.com","message":"successfully processed after 1524 milliseconds."},{"id":"88380c14-f7a0-4499-b0d8-6ad88059ce43","email":"logan.clark@dropbox.net","message":"successfully handled skipped operation."},{"id":"bdbdbee1-50e2-4e98-8fb6-443faafa5763","email":"joshua.lee@gmail.com","message":"failed to process due to network exception."},{"id":"6959b893-f5df-4ef1-9d3b-2a4efce78375","email":"joshua.lee@gmail.com","message":"failed to process due to datastore timeout of 30 seconds.  operation took 32 seconds."},{"id":"eb695e63-5b75-4de4-9921-a0443ddd92a7","email":"ella.anderson@dropbox.net","message":"successfully handled skipped operation."},{"id":"57851212-6e63-4f25-933e-b61a65623c91","email":"mia.perez@me.com","message":"failed to process due to network exception."},{"id":"b4efeb31-4c9a-4321-a2a3-d9b52f01e6cc","email":"jack.thompson@me.com","message":"successfully handled skipped operation."},{"id":"d063fb46-9a7c-4adb-8214-bf294b089a00","email":"mason.robinson@amerisave.com","message":"successfully handled skipped operation."},{"id":"c51ffb8b-903b-4fbd-ae21-6c4a143be93b","email":"ethan.hernandez@microsoft.com","message":"failed to process due to datastore timeout of 30 seconds.  operation took 126 seconds."},{"id":"24a76937-37ea-4f42-a303-7b25d5ca379e","email":"jackson.white@gmail.com","message":"successfully parsed message, but message temporarily enqueued while system restarts."},{"id":"4ece59dc-bad9-44fa-9dc7-132073649707","email":"sophia.baker@dropbox.net","message":"successfully handled skipped operation."},{"id":"18365ab4-b359-4ad7-a7b2-ba9510867f55","email":"jack.thompson@me.com","message":"successfully parsed message, but message temporarily enqueued while system restarts."},{"id":"80d03c88-04b3-41e5-96c8-0de89dd66b6e","email":"jacob.lopez@dropbox.net","message":"failed to process due to datastore timeout of 30 seconds.  operation took 126 seconds."},{"id":"1623d02b-bea4-4617-aeef-d680888885ae","email":"ethan.hernandez@microsoft.com","message":"failed to process due to datastore timeout of 30 seconds.  operation took 102 seconds."},{"id":"a626bf75-6804-4f86-b27b-b1564308ff02","email":"dylan.wilson@gmail.com","message":"successfully processed after 4564 milliseconds."},{"id":"157937f0-4040-4505-9967-74dbbe8b8475","email":"ella.anderson@dropbox.net","message":"successfully parsed message, but message temporarily enqueued while system restarts."},{"id":"16535c66-7752-4448-8570-d53db19e47a8","email":"alexis.brown@microsoft.com","message":"successfully processed after 6701 milliseconds."},{"id":"960dd429-675a-463a-8eb4-ca81a48ea27b","email":"mia.perez@me.com","message":"failed to process due to datastore timeout of 30 seconds.  operation took 111 seconds."},{"id":"04d52f5f-484c-46de-8bcf-5ebee97ec4fe","email":"alexis.brown@microsoft.com","message":"failed to process due to network exception."},{"id":"acbdf864-06b5-4f80-8aba-76fe884e282a","email":"ava.davis@gmail.com","message":"successfully processed after 1590 milliseconds."},{"id":"301caa9d-64b1-4e98-b81c-293132c7998f","email":"ryan.king@dropbox.net","message":"failed to process due to network exception."},{"id":"039a92ba-a8ff-414e-8c90-df998d1a1a97","email":"emily.taylor@gmail.com","message":"failed to process due to datastore timeout of 30 seconds.  operation took 32 seconds."},{"id":"794ef6d0-a15b-446d-abc0-97e4b8dd2f1b","email":"liam.gonzalez@me.com","message":"successfully handled skipped operation."},{"id":"fd58d19f-0f96-4df6-a441-dd04c120a9b1","email":"ethan.hernandez@microsoft.com","message":"successfully processed after 3877 milliseconds."},{"id":"c0756caa-e019-4ab7-8303-1a0062643329","email":"jacob.lopez@dropbox.net","message":"successfully parsed message, but message temporarily enqueued while system restarts."},{"id":"d02d8511-6175-4ba5-8c09-cfa1156b2ee7","email":"hannah.martin@dropbox.net","message":"successfully processed after 7991 milliseconds."},{"id":"010f2ec7-5767-45cb-acee-7b3dac2521d7","email":"logan.clark@dropbox.net","message":"failed to process due to datastore timeout of 30 seconds.  operation took 106 seconds."},{"id":"5df49bbd-00ea-49e0-9ba9-d33b6d2415af","email":"alyssa.jones@amerisave.com","message":"successfully parsed message, but message temporarily enqueued while system restarts."},{"id":"ca6a3bfa-1905-4942-8f6b-ea3a25cb4aee","email":"taylor.adams@gmail.com","message":"failed to process due to network exception."},{"id":"466a051f-1aff-434a-a331-49396edf6f79","email":"alexis.brown@microsoft.com","message":"failed to process due to network exception."},{"id":"392f8ae6-7c4d-4f11-858a-c5491fa1ad70","email":"ava.davis@gmail.com","message":"failed to process due to network exception."},{"id":"abbef96b-f844-426e-835b-a43262f678c0","email":"chloe.garcia@dropbox.net","message":"failed to process due to datastore timeout of 30 seconds.  operation took 89 seconds."},{"id":"7677f4ba-3670-4bf3-b6fc-51e526f1b35c","email":"emma.thomas@me.com","message":"successfully processed after 6362 milliseconds."},{"id":"ffeae9d0-d687-49f3-9ff7-ee64e6db4284","email":"emma.thomas@me.com","message":"failed to process due to datastore timeout of 30 seconds.  operation took 105 seconds."},{"id":"46cfb080-c8fc-49aa-ba8e-118373db3c26","email":"lily.harris@gmail.com","message":"successfully processed after 6246 milliseconds."},{"id":"996022b1-fdbe-4f80-90fa-0e6d19dfd53b","email":"chloe.garcia@dropbox.net","message":"successfully handled skipped operation."},{"id":"6e2d1b2f-eadd-43b7-98f4-dbb322c40750","email":"alexis.brown@microsoft.com","message":"successfully parsed message, but message temporarily enqueued while system restarts."},{"id":"3936144a-ac0b-47e7-b564-297e3eee8290","email":"noah.sanchez@me.com","message":"failed to process due to datastore timeout of 30 seconds.  operation took 84 seconds."},{"id":"3221b5bc-c36e-4078-81fe-d0fd8592d3cf","email":"lily.harris@gmail.com","message":"failed to process due to network exception."},{"id":"dc0507c8-ebe0-49e6-8204-de42ed1f51f0","email":"jacob.lopez@dropbox.net","message":"failed to process due to datastore timeout of 30 seconds.  operation took 116 seconds."},{"id":"a17782e4-1c70-4c81-9306-9738ca3193dd","email":"dylan.wilson@gmail.com","message":"failed to process due to datastore timeout of 30 seconds.  operation took 124 seconds."},{"id":"73b66edf-9e40-43b6-a45e-68c787be9023","email":"ella.anderson@dropbox.net","message":"successfully handled skipped operation."},{"id":"6595c92e-9528-460f-9cdd-1a9e28f0018e","email":"taylor.adams@gmail.com","message":"successfully parsed message, but message temporarily enqueued while system restarts."},{"id":"7105b17e-4d2c-443c-a51c-395c3c853651","email":"lily.harris@gmail.com","message":"successfully processed after 9952 milliseconds."},{"id":"dfce4291-f2a1-4014-96c2-ae0240b060d7","email":"ella.anderson@dropbox.net","message":"successfully handled skipped operation."},{"id":"2f277e9c-805d-4f5c-941f-c78b204c6d75","email":"matthew.walker@amerisave.com","message":"successfully processed after 4077 milliseconds."},{"id":"9370854d-e0f6-444c-834d-f4ae16aeebea","email":"nathan.young@microsoft.com","message":"successfully parsed message, but message temporarily enqueued while system restarts."},{"id":"99aea742-32c4-4b11-bd33-26c8017bc8d8","email":"sophia.baker@dropbox.net","message":"failed to process due to network exception."},{"id":"59752b25-c63b-4c22-b381-ce640feb500d","email":"emma.thomas@me.com","message":"successfully handled skipped operation."},{"id":"ef161b1b-cfe9-4c95-a66a-e8f58030f775","email":"andrew.miller@gmail.com","message":"failed to process due to datastore timeout of 30 seconds.  operation took 41 seconds."},{"id":"768b22d9-e708-4a64-b645-29772e51bf0d","email":"mia.perez@me.com","message":"successfully parsed message, but message temporarily enqueued while system restarts."},{"id":"3e96fa02-11fc-45c7-b0e0-6afc445fd6da","email":"taylor.adams@gmail.com","message":"successfully parsed message, but message temporarily enqueued while system restarts."},{"id":"dc9adb92-da68-4c95-920e-8df02118e16a","email":"hannah.martin@dropbox.net","message":"successfully parsed message, but message temporarily enqueued while system restarts."},{"id":"db0e9a31-90ed-481b-88ff-a33a388bf559","email":"sarah.green@amerisave.com","message":"failed to process due to datastore timeout of 30 seconds.  operation took 105 seconds."},{"id":"2e4f1ac0-5e24-4fc1-9060-d2a295ed89a6","email":"jack.thompson@me.com","message":"successfully handled skipped operation."},{"id":"0cea8fb3-33e0-484d-ba4a-9d61240dd74f","email":"dylan.wilson@gmail.com","message":"failed to process due to network exception."},{"id":"ed3d8278-1c60-43b2-a639-586fe50e1a57","email":"taylor.adams@gmail.com","message":"failed to process due to network exception."},{"id":"070381f6-0422-4ac6-af45-838bd5f91efa","email":"lily.harris@gmail.com","message":"successfully processed after 929 milliseconds."},{"id":"617af240-9dff-4c85-a628-19107f9e4334","email":"andrew.miller@gmail.com","message":"successfully handled skipped operation."},{"id":"e4714ba6-1cdf-4aad-805b-41b94b326efe","email":"sarah.green@amerisave.com","message":"failed to process due to network exception."},{"id":"68909bb6-1bfe-4fb2-b617-6472f0454e4b","email":"aiden.johnson@microsoft.com","message":"failed to process due to datastore timeout of 30 seconds.  operation took 53 seconds."},{"id":"0436735d-ce9c-4590-abb3-85c56a76fdee","email":"aiden.johnson@microsoft.com","message":"failed to process due to datastore timeout of 30 seconds.  operation took 45 seconds."},{"id":"cd54bd0a-4f3e-4b1e-8319-934a5e393dbf","email":"taylor.adams@gmail.com","message":"successfully processed after 2664 milliseconds."},{"id":"0ce9dc9d-0c45-4239-877d-8b27c1ef695d","email":"grace.moore@gmail.com","message":"failed to process due to datastore timeout of 30 seconds.  operation took 31 seconds."},{"id":"3743c2cf-aaed-4f94-8cca-fb95029041c6","email":"jackson.white@gmail.com","message":"failed to process due to datastore timeout of 30 seconds.  operation took 118 seconds."},{"id":"6fbf6540-d5a0-4d52-a470-afb84f5f5222","email":"isabella.jackson@amerisave.com","message":"successfully processed after 420 milliseconds."},{"id":"8df444c4-b02e-4e48-a9e3-d2db34e9a9d6","email":"emma.thomas@me.com","message":"successfully processed after 7817 milliseconds."},{"id":"b3428fce-956e-4853-a056-5e6c4c7a6ae7","email":"taylor.adams@gmail.com","message":"failed to process due to datastore timeout of 30 seconds.  operation took 36 seconds."},{"id":"fceaccf9-ccf7-455c-93b7-da03932d057f","email":"alexander.williams@gmail.com","message":"successfully handled skipped operation."},{"id":"ed26af07-e3c3-4388-8032-a189d2475342","email":"abigail.smith@amerisave.com","message":"successfully parsed message, but message temporarily enqueued while system restarts."},{"id":"94d45a53-6372-457e-807e-003d94fc4d37","email":"dylan.wilson@gmail.com","message":"failed to process due to datastore timeout of 30 seconds.  operation took 48 seconds."},{"id":"2da9f001-0a70-43d2-9ba5-846ef5656bfc","email":"lily.harris@gmail.com","message":"successfully handled skipped operation."},{"id":"d4ec4301-853b-4256-99c0-eb8e4a0902ee","email":"matthew.walker@amerisave.com","message":"failed to process due to network exception."},{"id":"6135d85a-10cf-49fe-bd22-f6fad4a34927","email":"liam.gonzalez@me.com","message":"successfully handled skipped operation."},{"id":"7bfd815b-8d57-4f00-be84-2b731fcd7033","email":"abigail.smith@amerisave.com","message":"failed to process due to network exception."},{"id":"00a450e0-f142-4ee3-ba95-a28822a335c5","email":"emma.thomas@me.com","message":"successfully parsed message, but message temporarily enqueued while system restarts."},{"id":"40172533-06d8-487a-929e-a1b9cffbde8a","email":"alexander.williams@gmail.com","message":"successfully processed after 4332 milliseconds."},{"id":"4a53c23e-a11d-46d3-98b7-87595d45405b","email":"sarah.green@amerisave.com","message":"successfully parsed message, but message temporarily enqueued while system restarts."},{"id":"b790e1a8-0b8f-45a6-b709-abc7b8988db5","email":"lily.harris@gmail.com","message":"successfully processed after 3607 milliseconds."},{"id":"6331f16e-0d96-42a4-ab5f-42631f61db7f","email":"ella.anderson@dropbox.net","message":"failed to process due to datastore timeout of 30 seconds.  operation took 112 seconds."},{"id":"b01bb3a2-c741-4b01-b1de-8c9f98e02e37","email":"emily.taylor@gmail.com","message":"failed to process due to datastore timeout of 30 seconds.  operation took 68 seconds."},{"id":"21780f8f-92d0-4295-b5f1-035679800b70","email":"abigail.smith@amerisave.com","message":"failed to process due to datastore timeout of 30 seconds.  operation took 104 seconds."},{"id":"b411160f-f45d-4063-9de3-4b2e3324cc7d","email":"nathan.young@microsoft.com","message":"failed to process due to datastore timeout of 30 seconds.  operation took 39 seconds."},{"id":"d69d9b5a-9121-45e2-9f0f-3ba526673e62","email":"mason.robinson@amerisave.com","message":"failed to process due to network exception."},{"id":"ee4da196-2c83-489a-9f7e-84f7654decd5","email":"lily.harris@gmail.com","message":"successfully parsed message, but message temporarily enqueued while system restarts."},{"id":"59dd0b4b-cecb-4a3f-b943-701b4156acfe","email":"logan.clark@dropbox.net","message":"successfully processed after 285 milliseconds."},{"id":"1ef9153e-92c9-4841-ad44-5e010ace8405","email":"emma.thomas@me.com","message":"failed to process due to datastore timeout of 30 seconds.  operation took 84 seconds."},{"id":"98376f39-c2fb-4d1d-bb3c-bdab7e5051e1","email":"alyssa.jones@amerisave.com","message":"successfully handled skipped operation."},{"id":"c0c59b6c-b860-4818-9ca7-eea2c11e158f","email":"taylor.adams@gmail.com","message":"failed to process due to network exception."},{"id":"669919b1-181f-4ec0-b4c7-d8cf266ccd55","email":"michael.hall@dropbox.net","message":"failed to process due to datastore timeout of 30 seconds.  operation took 72 seconds."},{"id":"15501517-8efb-40b2-9932-bdc46862a79c","email":"mason.robinson@amerisave.com","message":"failed to process due to datastore timeout of 30 seconds.  operation took 75 seconds."},{"id":"1b4815ae-637f-4053-8b5b-0a0fc4f82bc7","email":"alexander.williams@gmail.com","message":"failed to process due to network exception."},{"id":"16484b0d-6fab-41cc-8da3-517cfb2b3d0d","email":"emily.taylor@gmail.com","message":"successfully handled skipped operation."},{"id":"65786c27-a5d4-4740-9d53-45c7619961db","email":"alexis.brown@microsoft.com","message":"successfully processed after 9409 milliseconds."},{"id":"2756b61c-83d0-43d5-b8d2-dfce297d9f7c","email":"joshua.lee@gmail.com","message":"failed to process due to datastore timeout of 30 seconds.  operation took 113 seconds."},{"id":"54f2a75f-bd40-43f1-9b34-5ef4fa821346","email":"mason.robinson@amerisave.com","message":"failed to process due to datastore timeout of 30 seconds.  operation took 96 seconds."},{"id":"db2d5a45-354f-407f-aef3-e00a0b331b64","email":"lily.harris@gmail.com","message":"failed to process due to network exception."},{"id":"7cf361b7-4bde-4e00-8c66-72a6f3aff8b8","email":"samantha.scott@me.com","message":"failed to process due to datastore timeout of 30 seconds.  operation took 35 seconds."},{"id":"4b3b33ef-adf0-4578-89db-72254b9c683f","email":"emma.thomas@me.com","message":"successfully handled skipped operation."},{"id":"27cab4de-d361-40ec-996b-26bfd847f0a3","email":"sophia.baker@dropbox.net","message":"failed to process due to datastore timeout of 30 seconds.  operation took 44 seconds."},{"id":"5722faac-7e07-46b9-8780-88360deaed75","email":"jacob.lopez@dropbox.net","message":"failed to process due to datastore timeout of 30 seconds.  operation took 106 seconds."},{"id":"ad6988f4-1031-4b36-8d11-b79a43e214f3","email":"andrew.miller@gmail.com","message":"successfully parsed message, but message temporarily enqueued while system restarts."},{"id":"b86ea19b-b63b-47f4-9abf-2544624005d3","email":"emma.thomas@me.com","message":"failed to process due to network exception."},{"id":"fee78357-a999-4412-8df9-38850051c298","email":"michael.hall@dropbox.net","message":"successfully handled skipped operation."},{"id":"f42e4f27-2017-4caa-9c33-860986eb69f3","email":"tyler.nelson@microsoft.com","message":"successfully handled skipped operation."},{"id":"ac15f8c2-1229-44db-9cb8-4b4b80353ca0","email":"ethan.hernandez@microsoft.com","message":"successfully handled skipped operation."},{"id":"ff0a664e-5eb0-4a7c-bcd8-b1befb71e001","email":"michael.hall@dropbox.net","message":"failed to process due to network exception."},{"id":"b516ce99-a372-44d1-a00e-600d28ae5698","email":"ella.anderson@dropbox.net","message":"successfully handled skipped operation."},{"id":"8519e4a1-3ad1-4bdf-93c2-9982bd4cdb25","email":"abigail.smith@amerisave.com","message":"failed to process due to datastore timeout of 30 seconds.  operation took 76 seconds."},{"id":"a2f3e852-63c7-4025-995c-6f32589c9405","email":"elizabeth.martinez@dropbox.net","message":"successfully processed after 2773 milliseconds."},{"id":"cfae637c-6c00-4793-ba21-a9128806e5cb","email":"ava.davis@gmail.com","message":"failed to process due to datastore timeout of 30 seconds.  operation took 106 seconds."},{"id":"4a7ba973-872b-4f60-852f-acf6c9050326","email":"ethan.hernandez@microsoft.com","message":"successfully processed after 5220 milliseconds."},{"id":"e6898c27-3dbe-44b1-a558-8a9bf1f94d8e","email":"aiden.johnson@microsoft.com","message":"successfully parsed message, but message temporarily enqueued while system restarts."},{"id":"79d5eea5-42c3-47a6-a35d-b5e0dea36c63","email":"alyssa.jones@amerisave.com","message":"failed to process due to network exception."},{"id":"69db8fcf-47ff-4281-92dc-7d574f23012c","email":"aiden.johnson@microsoft.com","message":"successfully parsed message, but message temporarily enqueued while system restarts."},{"id":"1a53c753-294b-4f72-bc0b-efd585fba4e8","email":"mia.perez@me.com","message":"successfully processed after 9696 milliseconds."},{"id":"a931d780-6f22-4e26-baf2-d39197b8231b","email":"jack.thompson@me.com","message":"successfully processed after 7942 milliseconds."},{"id":"0532dae3-6027-43cc-83e3-f3d2ad5e7a3d","email":"nathan.young@microsoft.com","message":"failed to process due to network exception."},{"id":"c4213756-3d59-43e9-ba59-af42555fc9fa","email":"logan.clark@dropbox.net","message":"successfully handled skipped operation."},{"id":"ea28d559-0ec2-4741-813f-78573d140a4d","email":"alyssa.jones@amerisave.com","message":"successfully handled skipped operation."},{"id":"47c64768-c24e-4357-b704-4c991dcde84a","email":"ella.anderson@dropbox.net","message":"successfully processed after 662 milliseconds."},{"id":"eea9072a-50d7-4568-aa9e-215fc290c6b1","email":"alexis.brown@microsoft.com","message":"successfully handled skipped operation."},{"id":"d82cfb45-0890-4089-9597-81ca7f8e6bda","email":"ava.davis@gmail.com","message":"failed to process due to network exception."},{"id":"791012cb-52d3-4103-9702-b0d85a660e47","email":"elizabeth.martinez@dropbox.net","message":"successfully processed after 8164 milliseconds."},{"id":"42b39689-51df-457b-917a-2c59b69ebdc2","email":"isabella.jackson@amerisave.com","message":"successfully processed after 1487 milliseconds."},{"id":"ebb86e20-15c9-4a09-b5e5-9633d8ce7164","email":"sophia.baker@dropbox.net","message":"failed to process due to network exception."},{"id":"c11b18f7-6189-42b4-98bc-f2c3d465a7e1","email":"grace.moore@gmail.com","message":"successfully handled skipped operation."},{"id":"e49fd0d5-650c-40c9-a9d7-9ad321a4c0df","email":"michael.hall@dropbox.net","message":"successfully handled skipped operation."},{"id":"34984d95-47d0-44a2-ac39-b476035e797f","email":"mason.robinson@amerisave.com","message":"successfully parsed message, but message temporarily enqueued while system restarts."},{"id":"6aad48a9-6989-436b-9f4e-262ee8047655","email":"liam.gonzalez@me.com","message":"successfully parsed message, but message temporarily enqueued while system restarts."},{"id":"ff2e876e-b7bf-47cf-adba-89e603f6623e","email":"nicholas.allen@microsoft.com","message":"successfully processed after 9456 milliseconds."},{"id":"04c570aa-9157-4524-a4c1-e886f7f0646a","email":"mia.perez@me.com","message":"successfully handled skipped operation."},{"id":"d5082953-efcc-4b5e-a4d4-8e76ba441398","email":"liam.gonzalez@me.com","message":"successfully processed after 5020 milliseconds."},{"id":"d0ab9306-d1e1-4b96-a755-be08f86f2802","email":"olivia.wright@gmail.com","message":"failed to process due to network exception."},{"id":"0d869c02-45a6-4fe9-8da2-ba84cdc47518","email":"matthew.walker@amerisave.com","message":"successfully processed after 5285 milliseconds."},{"id":"c2dc2afd-a2c3-4b9a-960b-489863e329f5","email":"hannah.martin@dropbox.net","message":"failed to process due to datastore timeout of 30 seconds.  operation took 38 seconds."},{"id":"6167f45e-64b3-4c77-b65d-17da8993bf8e","email":"hannah.martin@dropbox.net","message":"successfully parsed message, but message temporarily enqueued while system restarts."},{"id":"551f85d9-66dc-4e3b-937c-51f6948bc3b7","email":"ethan.hernandez@microsoft.com","message":"successfully handled skipped operation."},{"id":"6277b808-0692-46b6-84e3-6334d4a4c911","email":"chloe.garcia@dropbox.net","message":"successfully processed after 6050 milliseconds."},{"id":"bb660ed0-1527-45aa-89e7-5baa80075924","email":"noah.sanchez@me.com","message":"successfully parsed message, but message temporarily enqueued while system restarts."},{"id":"70ca800e-c8c6-4d76-ab80-ad706705123f","email":"alyssa.jones@amerisave.com","message":"failed to process due to network exception."},{"id":"89f62603-41c4-4725-917c-8e3660b63794","email":"jack.thompson@me.com","message":"successfully handled skipped operation."},{"id":"1e921983-a35b-4f3f-ba24-0090176b0b1f","email":"sophia.baker@dropbox.net","message":"failed to process due to network exception."},{"id":"b58866cc-3056-4545-aaf9-02f10cac49ac","email":"daniel.rodriguez@amerisave.com","message":"failed to process due to datastore timeout of 30 seconds.  operation took 59 seconds."},{"id":"57b31a6b-7e88-4fee-9058-5bf0a98a5a3c","email":"alexis.brown@microsoft.com","message":"successfully parsed message, but message temporarily enqueued while system restarts."},{"id":"80cf5708-2a68-4765-a68c-a96d2ce158b4","email":"hannah.martin@dropbox.net","message":"successfully handled skipped operation."},{"id":"f34f4aba-ddc1-4459-86a4-d1b623786959","email":"jackson.white@gmail.com","message":"failed to process due to datastore timeout of 30 seconds.  operation took 55 seconds."},{"id":"98a7c2f0-4b39-4723-945a-ee71a8e248a0","email":"mason.robinson@amerisave.com","message":"failed to process due to network exception."},{"id":"87c0069c-8d0c-4b0b-9c93-abfecdf3a228","email":"alyssa.jones@amerisave.com","message":"failed to process due to network exception."},{"id":"b5be4f78-05fa-406d-8f34-c679cf797d34","email":"aiden.johnson@microsoft.com","message":"successfully parsed message, but message temporarily enqueued while system restarts."},{"id":"1bff990f-8a49-48d3-a80f-a662acd52e24","email":"isabella.jackson@amerisave.com","message":"failed to process due to datastore timeout of 30 seconds.  operation took 105 seconds."},{"id":"1491b707-7c90-4a47-a797-a16ea7ead8b2","email":"mia.perez@me.com","message":"failed to process due to network exception."},{"id":"928e6696-866a-48ab-919f-731cc95f135b","email":"dylan.wilson@gmail.com","message":"successfully handled skipped operation."},{"id":"e86ffa9d-3e0e-41db-9bab-1e31363f2314","email":"jacob.lopez@dropbox.net","message":"successfully parsed message, but message temporarily enqueued while system restarts."},{"id":"9f0ae05f-0523-4502-8a1f-571861fa90df","email":"jack.thompson@me.com","message":"successfully processed after 1569 milliseconds."},{"id":"7326a36c-f90d-4441-83a7-4c55c98a3e6f","email":"abigail.smith@amerisave.com","message":"failed to process due to network exception."},{"id":"b4e9e8e5-c7fe-4b33-849f-7367a2b5052e","email":"lily.harris@gmail.com","message":"failed to process due to datastore timeout of 30 seconds.  operation took 110 seconds."},{"id":"676dd19b-42be-4b20-af45-47a20df673e9","email":"noah.sanchez@me.com","message":"successfully parsed message, but message temporarily enqueued while system restarts."},{"id":"b49f887e-fd80-4094-b2b7-5cc8cc40353b","email":"emma.thomas@me.com","message":"successfully processed after 212 milliseconds."},{"id":"442c2383-d44e-4aa2-956c-6c9e5767bf65","email":"alyssa.jones@amerisave.com","message":"successfully handled skipped operation."},{"id":"85e9fdb4-2ca0-4855-a0aa-6544fc8aff59","email":"andrew.miller@gmail.com","message":"failed to process due to datastore timeout of 30 seconds.  operation took 92 seconds."},{"id":"5d09d663-d64e-47dd-a06f-72edee67e7a0","email":"jacob.lopez@dropbox.net","message":"successfully processed after 9107 milliseconds."},{"id":"391c9bd5-baa3-4b83-bcd6-9261d52d6691","email":"liam.gonzalez@me.com","message":"successfully handled skipped operation."},{"id":"c282f74d-8916-4f19-bfd0-2e11d9b077b7","email":"ryan.king@dropbox.net","message":"successfully handled skipped operation."},{"id":"1cf91e96-7ef8-4c0f-be44-2358b450e1d7","email":"logan.clark@dropbox.net","message":"failed to process due to network exception."},{"id":"6484394e-2b60-4400-8718-d2a3efff831c","email":"joshua.lee@gmail.com","message":"failed to process due to datastore timeout of 30 seconds.  operation took 128 seconds."},{"id":"688acacc-f2ff-43b5-9ea9-0584ae4533e7","email":"chloe.garcia@dropbox.net","message":"failed to process due to network exception."},{"id":"1609d133-2964-4dda-8c05-21fcf4dd6e9d","email":"nicholas.allen@microsoft.com","message":"successfully parsed message, but message temporarily enqueued while system restarts."},{"id":"3d9ce7f7-9bec-4394-a012-1fe7fc6db111","email":"abigail.smith@amerisave.com","message":"successfully parsed message, but message temporarily enqueued while system restarts."},{"id":"92182a26-5b1d-42bb-8f1b-def568599a2b","email":"hannah.martin@dropbox.net","message":"failed to process due to network exception."},{"id":"90e4fd1d-7142-455f-a9bd-20d431e9ef65","email":"tyler.nelson@microsoft.com","message":"failed to process due to datastore timeout of 30 seconds.  operation took 86 seconds."},{"id":"b729eabd-d6d4-4413-8b96-7f3948850685","email":"ava.davis@gmail.com","message":"successfully processed after 2999 milliseconds."},{"id":"7525bd1d-1cf4-42bd-8463-4cc6171ee2c4","email":"taylor.adams@gmail.com","message":"successfully handled skipped operation."},{"id":"e08a109a-6c92-4b68-a09a-a136aae9a1b1","email":"sarah.green@amerisave.com","message":"failed to process due to network exception."},{"id":"2f54fcd4-fe20-4ea1-bf30-9285b6035fb4","email":"matthew.walker@amerisave.com","message":"successfully handled skipped operation."},{"id":"0f0b1771-ba6f-490a-8491-b4b82df91f9a","email":"abigail.smith@amerisave.com","message":"successfully processed after 541 milliseconds."},{"id":"8902763d-79c1-4fd3-ae5e-e8a6206809e0","email":"jackson.white@gmail.com","message":"successfully processed after 8913 milliseconds."},{"id":"c3d49726-c8ff-4c2c-b1e5-6d9a33a4f697","email":"jack.thompson@me.com","message":"successfully parsed message, but message temporarily enqueued while system restarts."},{"id":"75b3abcb-68c2-4959-b02c-a21fda3cf304","email":"jacob.lopez@dropbox.net","message":"failed to process due to network exception."},{"id":"323cfe29-ced9-442e-a2b9-474e931d1d86","email":"emma.thomas@me.com","message":"successfully handled skipped operation."},{"id":"09bf4f99-9220-4cd3-9805-8f5da3781d68","email":"hannah.martin@dropbox.net","message":"successfully processed after 9751 milliseconds."},{"id":"cc5f887f-cae4-461e-b363-d85fdcf27f88","email":"emma.thomas@me.com","message":"successfully handled skipped operation."},{"id":"06d0605d-ca2c-4084-ac57-5c1c5e0531be","email":"mia.perez@me.com","message":"failed to process due to network exception."},{"id":"af6c9840-d9b1-4c11-97c3-de348a4dbba2","email":"alyssa.jones@amerisave.com","message":"successfully handled skipped operation."},{"id":"13666b40-7bc7-4470-84bd-3b48787aeea6","email":"jack.thompson@me.com","message":"failed to process due to network exception."},{"id":"f78f6fe5-b88d-4ac0-b124-abae733f5b71","email":"lily.harris@gmail.com","message":"successfully processed after 9278 milliseconds."},{"id":"f6ad57b2-900a-473d-b357-641335ef54fb","email":"ella.anderson@dropbox.net","message":"failed to process due to datastore timeout of 30 seconds.  operation took 47 seconds."},{"id":"e4061c98-fd87-4dcc-b60c-afe63108f500","email":"andrew.miller@gmail.com","message":"failed to process due to datastore timeout of 30 seconds.  operation took 100 seconds."},{"id":"615d3450-c50a-4e59-b390-d6f199eb4783","email":"jackson.white@gmail.com","message":"failed to process due to datastore timeout of 30 seconds.  operation took 43 seconds."},{"id":"5da3bffb-c6a6-4ba9-b7f5-2b8cbe89b48b","email":"ethan.hernandez@microsoft.com","message":"failed to process due to datastore timeout of 30 seconds.  operation took 104 seconds."},{"id":"bbe946e4-0913-4cd4-bd1a-2d0f9b56e76b","email":"hannah.martin@dropbox.net","message":"failed to process due to datastore timeout of 30 seconds.  operation took 103 seconds."},{"id":"9da1421c-5b44-4f9f-b1c1-3071a8aba2b4","email":"samantha.scott@me.com","message":"successfully parsed message, but message temporarily enqueued while system restarts."},{"id":"7b234f92-5f34-49d2-81b4-9706aac60acc","email":"michael.hall@dropbox.net","message":"successfully parsed message, but message temporarily enqueued while system restarts."},{"id":"db958947-552f-44ed-9365-81191db5fc34","email":"nathan.young@microsoft.com","message":"successfully handled skipped operation."},{"id":"a8f10128-5d89-4cc9-b219-4206464c812f","email":"mia.perez@me.com","message":"successfully parsed message, but message temporarily enqueued while system restarts."},{"id":"fb538c19-b0ce-430c-a73a-0c8065372adb","email":"mason.robinson@amerisave.com","message":"successfully processed after 9243 milliseconds."},{"id":"ca1c89bf-e44b-4e4a-a30a-70af55f4617d","email":"chloe.garcia@dropbox.net","message":"failed to process due to datastore timeout of 30 seconds.  operation took 112 seconds."},{"id":"f468de2d-ef63-4c3a-924f-d72b97f647a9","email":"tyler.nelson@microsoft.com","message":"successfully handled skipped operation."},{"id":"c9d3e26f-0ed6-4fc4-9e53-56bf1382e679","email":"jack.thompson@me.com","message":"successfully processed after 1208 milliseconds."},{"id":"f3bdbe8e-9d69-4a03-8125-bff75fd01249","email":"dylan.wilson@gmail.com","message":"successfully parsed message, but message temporarily enqueued while system restarts."},{"id":"f717d2c9-090a-441d-a241-47a097a22e1a","email":"nicholas.allen@microsoft.com","message":"failed to process due to network exception."},{"id":"38cb6729-8a4f-4079-87f6-aa793d50fad6","email":"alexander.williams@gmail.com","message":"failed to process due to network exception."},{"id":"35cdf84a-98f7-4384-8f2f-cceee4273a4f","email":"michael.hall@dropbox.net","message":"successfully processed after 7139 milliseconds."},{"id":"5482db4c-7cd8-4117-9a18-9a0c5bf7ddab","email":"nathan.young@microsoft.com","message":"successfully handled skipped operation."},{"id":"0a1d77df-a23b-483a-abd9-cb6e34c6e4bd","email":"michael.hall@dropbox.net","message":"successfully processed after 7436 milliseconds."},{"id":"34440cd5-10b2-41c8-81a9-1f7e386f8a09","email":"alexis.brown@microsoft.com","message":"successfully processed after 7980 milliseconds."},{"id":"567f0445-fd52-425a-97cd-38dded445336","email":"samantha.scott@me.com","message":"successfully parsed message, but message temporarily enqueued while system restarts."},{"id":"e3a3a522-3a45-4f60-8561-350b2d238721","email":"emma.thomas@me.com","message":"failed to process due to network exception."},{"id":"2989ec4e-0daf-406a-ac86-4aec69fdf024","email":"michael.hall@dropbox.net","message":"failed to process due to network exception."},{"id":"ebc00daa-010c-48f9-8343-12a14f165d67","email":"jack.thompson@me.com","message":"failed to process due to datastore timeout of 30 seconds.  operation took 32 seconds."},{"id":"8f1bac41-cc4f-42b5-bd2a-11897b73c7c5","email":"matthew.walker@amerisave.com","message":"failed to process due to datastore timeout of 30 seconds.  operation took 99 seconds."},{"id":"8de8fc48-8d63-48e2-9253-c985b4ebac64","email":"olivia.wright@gmail.com","message":"successfully handled skipped operation."},{"id":"10a2548c-f973-4b2e-bccf-4deae3c3d323","email":"olivia.wright@gmail.com","message":"successfully parsed message, but message temporarily enqueued while system restarts."},{"id":"16a9c26a-b081-4ebf-b16d-3a38d8e9ad27","email":"aiden.johnson@microsoft.com","message":"successfully processed after 3229 milliseconds."},{"id":"5c2f0cc7-a12c-4574-ac94-d58598c44cd2","email":"daniel.rodriguez@amerisave.com","message":"successfully parsed message, but message temporarily enqueued while system restarts."},{"id":"2341fa30-7bef-415f-982e-c5c00941896a","email":"daniel.rodriguez@amerisave.com","message":"successfully handled skipped operation."},{"id":"e1afbce6-d691-4c5d-a889-f20e6e75ff37","email":"tyler.nelson@microsoft.com","message":"failed to process due to datastore timeout of 30 seconds.  operation took 92 seconds."},{"id":"20189724-7923-4a93-b191-c7fb14c60141","email":"mia.perez@me.com","message":"successfully parsed message, but message temporarily enqueued while system restarts."},{"id":"d561c442-7f0b-4075-bf25-13e7d37eb838","email":"ryan.king@dropbox.net","message":"failed to process due to network exception."},{"id":"4a3a62b5-f44b-49f0-937b-356531af7521","email":"matthew.walker@amerisave.com","message":"successfully handled skipped operation."},{"id":"31e40369-1f55-484f-b297-1e13da8cd91a","email":"joshua.lee@gmail.com","message":"failed to process due to network exception."},{"id":"9060e3a9-958f-4064-905e-65ea5ac66ce9","email":"andrew.miller@gmail.com","message":"successfully parsed message, but message temporarily enqueued while system restarts."},{"id":"172fd23e-fc03-440d-be9e-33dc6e70e045","email":"mason.robinson@amerisave.com","message":"successfully processed after 578 milliseconds."},{"id":"ef2cfd67-0686-4895-a848-eab7079a8a89","email":"taylor.adams@gmail.com","message":"failed to process due to network exception."},{"id":"464a8651-ca2b-4563-89a7-05aaf7a970bf","email":"nicholas.allen@microsoft.com","message":"failed to process due to datastore timeout of 30 seconds.  operation took 98 seconds."},{"id":"8709232c-3d51-4430-976c-6001b96f8e9d","email":"ella.anderson@dropbox.net","message":"failed to process due to datastore timeout of 30 seconds.  operation took 123 seconds."},{"id":"33ca5475-c4b6-4d66-ba4d-374d383fa1d8","email":"alexander.williams@gmail.com","message":"failed to process due to datastore timeout of 30 seconds.  operation took 63 seconds."},{"id":"8344e3be-8ba5-4670-8290-2716e904d721","email":"abigail.smith@amerisave.com","message":"failed to process due to datastore timeout of 30 seconds.  operation took 94 seconds."},{"id":"dd601de2-7ea2-49e2-a7f7-e91f34fa07dd","email":"logan.clark@dropbox.net","message":"successfully handled skipped operation."},{"id":"a5e00ecc-c2fc-4bd2-bdbe-656a35b2652d","email":"mason.robinson@amerisave.com","message":"failed to process due to datastore timeout of 30 seconds.  operation took 99 seconds."},{"id":"b2cec230-52e2-4980-b2e5-97c58e11e515","email":"samantha.scott@me.com","message":"failed to process due to datastore timeout of 30 seconds.  operation took 110 seconds."},{"id":"7cdf04a4-249f-4536-b320-f38cc9964bc4","email":"sophia.baker@dropbox.net","message":"failed to process due to datastore timeout of 30 seconds.  operation took 113 seconds."},{"id":"d3dc5586-d0f1-463d-bb08-f2acb08ff971","email":"logan.clark@dropbox.net","message":"failed to process due to datastore timeout of 30 seconds.  operation took 49 seconds."},{"id":"65f73779-17cb-48d7-9221-f00e8cbfd94b","email":"alexis.brown@microsoft.com","message":"failed to process due to datastore timeout of 30 seconds.  operation took 77 seconds."},{"id":"bc11a468-b0d0-4535-8830-ab1f3a432988","email":"alexis.brown@microsoft.com","message":"successfully parsed message, but message temporarily enqueued while system restarts."},{"id":"dc44dc72-2ce2-4986-97b7-4c7eca5c6dd3","email":"lily.harris@gmail.com","message":"successfully handled skipped operation."},{"id":"b8278217-1732-40a5-a2ba-cd67a219d6d4","email":"mason.robinson@amerisave.com","message":"successfully processed after 9336 milliseconds."},{"id":"aae4d327-21e0-4baf-9b24-a4fc890c8bac","email":"mason.robinson@amerisave.com","message":"successfully parsed message, but message temporarily enqueued while system restarts."},{"id":"29bcb3a3-0748-4dcf-ab88-059b7e421811","email":"taylor.adams@gmail.com","message":"successfully processed after 6230 milliseconds."},{"id":"82fb2edc-17fe-45ea-973d-5b1732a304ef","email":"samantha.scott@me.com","message":"failed to process due to network exception."},{"id":"1b256e17-9fbf-447e-a7c9-aa5b5e74f13c","email":"michael.hall@dropbox.net","message":"successfully parsed message, but message temporarily enqueued while system restarts."},{"id":"a263c9fc-82cc-411d-8eae-fdbf5b6c9381","email":"emily.taylor@gmail.com","message":"failed to process due to network exception."},{"id":"d480d57c-6971-4092-ac1b-5cc0265104a8","email":"alexis.brown@microsoft.com","message":"successfully processed after 2948 milliseconds."},{"id":"b99a8429-7083-450d-a655-10834090ba25","email":"daniel.rodriguez@amerisave.com","message":"successfully processed after 1494 milliseconds."},{"id":"586a1b2e-0adc-4b5b-947f-78ea34de6009","email":"noah.sanchez@me.com","message":"successfully parsed message, but message temporarily enqueued while system restarts."},{"id":"4af1fb02-9c37-4678-ad89-605f51bc5b5d","email":"daniel.rodriguez@amerisave.com","message":"failed to process due to network exception."},{"id":"187372b9-bd1d-490d-94e2-5c9702887eb8","email":"joshua.lee@gmail.com","message":"successfully parsed message, but message temporarily enqueued while system restarts."},{"id":"f2da31f1-3707-46e0-a03a-ecdd7cf87072","email":"grace.moore@gmail.com","message":"failed to process due to datastore timeout of 30 seconds.  operation took 118 seconds."},{"id":"b2de6d11-9dfb-4e20-aabf-09fe55cea05b","email":"andrew.miller@gmail.com","message":"successfully parsed message, but message temporarily enqueued while system restarts."},{"id":"f7344b35-3ba5-4720-b250-2476d5a5a612","email":"alexander.williams@gmail.com","message":"successfully handled skipped operation."},{"id":"2a35b5dd-1053-4898-8fd4-0842f3d73fb0","email":"samantha.scott@me.com","message":"failed to process due to datastore timeout of 30 seconds.  operation took 80 seconds."},{"id":"9a43b403-62be-4a84-a600-98f4fc85c3fc","email":"ella.anderson@dropbox.net","message":"failed to process due to network exception."},{"id":"872b9bb0-26e0-4184-ae8c-1a0771091728","email":"logan.clark@dropbox.net","message":"successfully parsed message, but message temporarily enqueued while system restarts."},{"id":"89cc0c78-4d94-4763-9788-338f3c1e0f87","email":"grace.moore@gmail.com","message":"successfully parsed message, but message temporarily enqueued while system restarts."},{"id":"024eeec2-5983-49b4-bcbb-fabd5f62bac4","email":"jack.thompson@me.com","message":"successfully parsed message, but message temporarily enqueued while system restarts."},{"id":"4ef4940d-fb34-4e35-b207-6f4d4136a673","email":"noah.sanchez@me.com","message":"failed to process due to datastore timeout of 30 seconds.  operation took 62 seconds."},{"id":"7e03b824-d7d2-4078-b4f7-45fc1c309854","email":"mason.robinson@amerisave.com","message":"failed to process due to datastore timeout of 30 seconds.  operation took 113 seconds."},{"id":"f69d3ad4-5ba3-4898-a9d2-bee7432d71e8","email":"noah.sanchez@me.com","message":"failed to process due to datastore timeout of 30 seconds.  operation took 117 seconds."},{"id":"e122b2b3-1bbf-4fd4-bdb1-7c4774303cdb","email":"daniel.rodriguez@amerisave.com","message":"successfully processed after 2585 milliseconds."},{"id":"c763ed05-8571-4e49-bdfd-91f07b848780","email":"ethan.hernandez@microsoft.com","message":"successfully parsed message, but message temporarily enqueued while system restarts."},{"id":"b5541639-1c09-4a01-b235-80ab428c06f0","email":"tyler.nelson@microsoft.com","message":"successfully handled skipped operation."},{"id":"88445edf-700c-4631-af96-ba890f9df16f","email":"emma.thomas@me.com","message":"successfully parsed message, but message temporarily enqueued while system restarts."},{"id":"17b2e234-654f-418c-a80f-057f65fa944d","email":"hannah.martin@dropbox.net","message":"successfully parsed message, but message temporarily enqueued while system restarts."},{"id":"99e77976-b508-4947-b0ba-39b6cf4bd597","email":"ava.davis@gmail.com","message":"successfully parsed message, but message temporarily enqueued while system restarts."},{"id":"d79dd802-438d-4159-95c8-e02c658b5ca0","email":"joshua.lee@gmail.com","message":"failed to process due to network exception."},{"id":"691da21e-5a3c-4ad3-b809-f9ded4c04785","email":"hannah.martin@dropbox.net","message":"successfully handled skipped operation."},{"id":"3218b5d9-38dd-4056-a893-50d96264e821","email":"mason.robinson@amerisave.com","message":"successfully processed after 4100 milliseconds."},{"id":"55168197-67fc-4b50-9e94-cbc0df15ef10","email":"mason.robinson@amerisave.com","message":"successfully parsed message, but message temporarily enqueued while system restarts."},{"id":"ef701fae-68b5-42a5-8bea-9802aad7d089","email":"jackson.white@gmail.com","message":"failed to process due to datastore timeout of 30 seconds.  operation took 130 seconds."},{"id":"cc6e304c-8cec-4a2f-9d41-7d6ee3adf03d","email":"nicholas.allen@microsoft.com","message":"failed to process due to network exception."},{"id":"a12c664b-bcaa-4155-a2f5-5a3d9be0aae1","email":"lily.harris@gmail.com","message":"failed to process due to network exception."},{"id":"09f4b366-c004-4904-9d9a-9d87e07543ed","email":"joshua.lee@gmail.com","message":"successfully handled skipped operation."},{"id":"d631e37a-0ebf-4d23-85dd-ed87ba2179c7","email":"alexis.brown@microsoft.com","message":"successfully parsed message, but message temporarily enqueued while system restarts."},{"id":"54e4cfee-b325-4b08-ab6c-ab75a33da01a","email":"liam.gonzalez@me.com","message":"failed to process due to datastore timeout of 30 seconds.  operation took 73 seconds."},{"id":"d2cb67a4-83c6-438d-82f9-81597d875814","email":"chloe.garcia@dropbox.net","message":"failed to process due to datastore timeout of 30 seconds.  operation took 59 seconds."},{"id":"63586c6f-939e-4599-ae02-032d851dc12c","email":"mason.robinson@amerisave.com","message":"successfully handled skipped operation."},{"id":"ea24793e-5524-4963-a571-42bf01d05dc8","email":"alexis.brown@microsoft.com","message":"successfully parsed message, but message temporarily enqueued while system restarts."},{"id":"da99da4d-7883-4d56-969f-ca9927aea470","email":"emily.taylor@gmail.com","message":"successfully handled skipped operation."},{"id":"92494bb8-d386-4c55-89e3-cc9e847124f2","email":"hannah.martin@dropbox.net","message":"failed to process due to network exception."},{"id":"3f0e445a-651b-4968-8668-f422b08924ba","email":"alyssa.jones@amerisave.com","message":"failed to process due to network exception."},{"id":"29c4e9e0-a610-451a-b046-be23fd08c6aa","email":"alyssa.jones@amerisave.com","message":"successfully processed after 5108 milliseconds."},{"id":"c94026f2-84cd-4ac1-b65e-307fae4210de","email":"dylan.wilson@gmail.com","message":"successfully parsed message, but message temporarily enqueued while system restarts."},{"id":"7d803a5a-d14b-4ac0-930a-dc8b78d40ec6","email":"samantha.scott@me.com","message":"successfully handled skipped operation."},{"id":"a328da1a-077a-4892-8f44-0df3bc0b993d","email":"jack.thompson@me.com","message":"successfully processed after 9198 milliseconds."},{"id":"bee56495-c9d0-4391-8b5f-6ec77f44bd9c","email":"ella.anderson@dropbox.net","message":"successfully handled skipped operation."},{"id":"974adeca-fb12-4d99-9d0b-74fef060830e","email":"ava.davis@gmail.com","message":"successfully processed after 6589 milliseconds."},{"id":"04812970-2bd2-4d96-a9f2-91dbbc43fb8f","email":"ryan.king@dropbox.net","message":"failed to process due to network exception."},{"id":"bfcc654d-4611-4581-b20d-ae0922641dbf","email":"ava.davis@gmail.com","message":"successfully processed after 4248 milliseconds."},{"id":"530b978c-7ec6-46cf-8b43-af164e1ebc14","email":"daniel.rodriguez@amerisave.com","message":"successfully processed after 9895 milliseconds."},{"id":"b22212e7-5f01-4b4d-9ff4-5b7018438279","email":"sarah.green@amerisave.com","message":"successfully processed after 1114 milliseconds."},{"id":"07854bca-cb67-45da-9c35-d41856104f66","email":"taylor.adams@gmail.com","message":"successfully processed after 7926 milliseconds."},{"id":"f5fd2595-5994-4802-8f4e-e1d1f1c21e09","email":"mia.perez@me.com","message":"successfully parsed message, but message temporarily enqueued while system restarts."},{"id":"b764d1bb-4458-45bc-8c58-eccaf217545c","email":"ethan.hernandez@microsoft.com","message":"failed to process due to network exception."},{"id":"979d1dfc-fc69-4e2e-905a-0cb1e1af0cce","email":"sophia.baker@dropbox.net","message":"failed to process due to network exception."},{"id":"e6d5a19d-56a3-4172-a5bf-c24d86342053","email":"nicholas.allen@microsoft.com","message":"failed to process due to datastore timeout of 30 seconds.  operation took 118 seconds."},{"id":"ebe91729-cbaa-4a69-a712-c5955058b031","email":"jack.thompson@me.com","message":"failed to process due to network exception."},{"id":"bca44c9b-076c-4f95-a1bd-e11765f574aa","email":"jack.thompson@me.com","message":"successfully parsed message, but message temporarily enqueued while system restarts."},{"id":"24c9ced9-bbfa-4b8e-aa74-dc68251d6318","email":"ella.anderson@dropbox.net","message":"successfully parsed message, but message temporarily enqueued while system restarts."},{"id":"ac5e7f24-fb98-4c92-b81f-7e470f9cd44f","email":"abigail.smith@amerisave.com","message":"successfully handled skipped operation."},{"id":"a90faaf4-3761-4463-8c32-0431fce8c51e","email":"matthew.walker@amerisave.com","message":"successfully parsed message, but message temporarily enqueued while system restarts."},{"id":"9c598c01-acfb-4272-8e11-84fa86ef3735","email":"grace.moore@gmail.com","message":"successfully handled skipped operation."},{"id":"31efca1e-e195-46d4-a875-161eb0c5d5ea","email":"lily.harris@gmail.com","message":"successfully parsed message, but message temporarily enqueued while system restarts."},{"id":"a67d05dc-6a91-4692-ba4c-2d281ea012a0","email":"hannah.martin@dropbox.net","message":"successfully handled skipped operation."},{"id":"0d716ca5-d946-449c-9c4c-4d1c83565333","email":"hannah.martin@dropbox.net","message":"failed to process due to network exception."},{"id":"0b5907dd-99a5-4387-9665-5b1774081ec2","email":"jackson.white@gmail.com","message":"failed to process due to datastore timeout of 30 seconds.  operation took 78 seconds."},{"id":"9182e40a-3091-4dd4-96c5-ce53372d99f3","email":"madison.lewis@gmail.com","message":"failed to process due to network exception."},{"id":"16d42f7f-f8b1-4d7b-9e2d-1d09972ebe50","email":"taylor.adams@gmail.com","message":"failed to process due to datastore timeout of 30 seconds.  operation took 109 seconds."},{"id":"318e10c2-f876-486c-9c96-83d262a6e35b","email":"jack.thompson@me.com","message":"successfully parsed message, but message temporarily enqueued while system restarts."},{"id":"3f934e16-0398-497b-b462-b9c0bac0e724","email":"lily.harris@gmail.com","message":"successfully handled skipped operation."},{"id":"fefb0ff6-d2a9-4138-b67e-de09bb43cc5b","email":"noah.sanchez@me.com","message":"successfully handled skipped operation."},{"id":"800e31cd-c6a4-4dd4-8484-bc51c3ec408a","email":"olivia.wright@gmail.com","message":"failed to process due to datastore timeout of 30 seconds.  operation took 116 seconds."},{"id":"aa161323-e7e6-408b-926a-40ca00ac88aa","email":"logan.clark@dropbox.net","message":"successfully handled skipped operation."},{"id":"91ad940c-f463-4fde-8158-378d61b89aad","email":"grace.moore@gmail.com","message":"successfully processed after 389 milliseconds."},{"id":"7ae5f022-9b6c-424b-809e-1bee047872aa","email":"noah.sanchez@me.com","message":"failed to process due to datastore timeout of 30 seconds.  operation took 66 seconds."},{"id":"f9118a51-5ce2-4eb2-b182-064a4659bceb","email":"emma.thomas@me.com","message":"failed to process due to network exception."},{"id":"50dbae6a-f1a2-450d-9b8e-f82b32000020","email":"mia.perez@me.com","message":"successfully processed after 7344 milliseconds."},{"id":"5b3745c4-16be-4e42-864f-5643f8ffebea","email":"dylan.wilson@gmail.com","message":"failed to process due to datastore timeout of 30 seconds.  operation took 102 seconds."},{"id":"cc145f3c-0d18-4339-8958-3898a74e0a78","email":"aiden.johnson@microsoft.com","message":"successfully handled skipped operation."},{"id":"1baf9659-f7c8-4101-a740-35a6e1cb541a","email":"madison.lewis@gmail.com","message":"failed to process due to datastore timeout of 30 seconds.  operation took 96 seconds."},{"id":"e6e88025-d91a-4fb3-8615-cfa9085d0b07","email":"taylor.adams@gmail.com","message":"successfully handled skipped operation."},{"id":"236d6a5b-bb33-4872-9da9-80dae5b5029d","email":"abigail.smith@amerisave.com","message":"failed to process due to network exception."},{"id":"c40556de-f511-405b-a160-11096d0da1c5","email":"nicholas.allen@microsoft.com","message":"successfully handled skipped operation."},{"id":"13b8a917-147f-4614-95b9-ac1cc16693e1","email":"jack.thompson@me.com","message":"successfully handled skipped operation."},{"id":"db8af0d6-9ef8-43ed-a08e-ec622479a91c","email":"michael.hall@dropbox.net","message":"successfully parsed message, but message temporarily enqueued while system restarts."},{"id":"96703234-f4e8-4fa5-a1fe-4c3f3e176781","email":"jacob.lopez@dropbox.net","message":"successfully parsed message, but message temporarily enqueued while system restarts."},{"id":"fc09e32e-fa38-4fa2-b184-d66faca83e8d","email":"matthew.walker@amerisave.com","message":"successfully parsed message, but message temporarily enqueued while system restarts."},{"id":"c6bc2fe0-950a-4d0b-afa3-4df2da87aeff","email":"alyssa.jones@amerisave.com","message":"successfully handled skipped operation."},{"id":"8359b377-2efd-4698-9417-53707ae4f7cd","email":"alexander.williams@gmail.com","message":"successfully parsed message, but message temporarily enqueued while system restarts."},{"id":"0d0b04a0-4303-443e-8bd4-7fd7cb893da2","email":"samantha.scott@me.com","message":"failed to process due to network exception."},{"id":"7926064e-5b56-4c74-b12a-9ce5a7163581","email":"nicholas.allen@microsoft.com","message":"failed to process due to network exception."},{"id":"ed89da8e-bcf8-4714-8ee4-6bb19bc07811","email":"michael.hall@dropbox.net","message":"successfully handled skipped operation."},{"id":"6e7ba810-357e-48e8-85c7-4ddf05c5c3ba","email":"noah.sanchez@me.com","message":"failed to process due to datastore timeout of 30 seconds.  operation took 105 seconds."},{"id":"bf4370a6-7d29-4b2f-bc2f-61fea0df2e42","email":"lily.harris@gmail.com","message":"failed to process due to network exception."},{"id":"1c626575-1533-49be-9b70-03f3354e118b","email":"ethan.hernandez@microsoft.com","message":"failed to process due to datastore timeout of 30 seconds.  operation took 95 seconds."},{"id":"b29019db-5a1f-4372-b6c5-cab93691b97a","email":"olivia.wright@gmail.com","message":"failed to process due to datastore timeout of 30 seconds.  operation took 87 seconds."},{"id":"0a465666-de9a-499f-adf6-21f140247688","email":"madison.lewis@gmail.com","message":"successfully handled skipped operation."},{"id":"a4fe5078-beb9-4851-b942-6e73e7744c5f","email":"tyler.nelson@microsoft.com","message":"failed to process due to network exception."},{"id":"ff567405-0611-41d7-817c-ec390adbbe28","email":"lily.harris@gmail.com","message":"failed to process due to datastore timeout of 30 seconds.  operation took 84 seconds."},{"id":"019034e3-5718-45e5-b87b-fea575f35944","email":"elizabeth.martinez@dropbox.net","message":"failed to process due to datastore timeout of 30 seconds.  operation took 114 seconds."},{"id":"a9c7044e-8816-4ede-9451-233e1ce1d0ad","email":"daniel.rodriguez@amerisave.com","message":"failed to process due to network exception."},{"id":"38f8e28f-090c-4c51-aee2-02aff38ede9d","email":"jacob.lopez@dropbox.net","message":"successfully processed after 5622 milliseconds."},{"id":"e49c78f3-e6b2-4d0a-855b-49e57113ab1a","email":"alyssa.jones@amerisave.com","message":"successfully parsed message, but message temporarily enqueued while system restarts."},{"id":"28c8bd7d-e5c1-4443-be1b-67f629f15773","email":"aiden.johnson@microsoft.com","message":"successfully parsed message, but message temporarily enqueued while system restarts."},{"id":"3c8a0725-98b5-411b-8e50-1b7af9a163d6","email":"isabella.jackson@amerisave.com","message":"failed to process due to network exception."},{"id":"f84df415-d947-4a47-a809-506194e6044d","email":"alexander.williams@gmail.com","message":"successfully handled skipped operation."},{"id":"b890cc8b-72ee-46ba-9680-38fe6b4f6d03","email":"nathan.young@microsoft.com","message":"successfully processed after 4239 milliseconds."},{"id":"2b85e857-5016-47c8-95cd-4906e31a4029","email":"tyler.nelson@microsoft.com","message":"failed to process due to network exception."},{"id":"0eb96da1-5f66-4300-8b32-8155b42ada2a","email":"logan.clark@dropbox.net","message":"failed to process due to datastore timeout of 30 seconds.  operation took 40 seconds."},{"id":"d0d790cf-2d80-473d-95ab-5046045e3cef","email":"ella.anderson@dropbox.net","message":"successfully handled skipped operation."},{"id":"1167b46a-0fb4-4c44-a77a-7f58f048d58c","email":"matthew.walker@amerisave.com","message":"successfully parsed message, but message temporarily enqueued while system restarts."},{"id":"0c94ca8a-3fe3-4457-8f6c-b9c26644030f","email":"jackson.white@gmail.com","message":"successfully parsed message, but message temporarily enqueued while system restarts."},{"id":"28685ccf-a1cf-4c87-92cd-18c4015a3965","email":"dylan.wilson@gmail.com","message":"successfully handled skipped operation."},{"id":"61bd2c5a-f50b-4e6b-a64a-405817c19bf0","email":"sophia.baker@dropbox.net","message":"failed to process due to datastore timeout of 30 seconds.  operation took 118 seconds."},{"id":"6903faa7-20c3-457b-9d7b-dc4148ea3f07","email":"andrew.miller@gmail.com","message":"successfully parsed message, but message temporarily enqueued while system restarts."},{"id":"bf1ba1b2-a12f-4b64-9c64-2939593b3bf7","email":"ava.davis@gmail.com","message":"successfully parsed message, but message temporarily enqueued while system restarts."},{"id":"de126cbd-829d-4074-9197-222748e3f5de","email":"noah.sanchez@me.com","message":"successfully handled skipped operation."},{"id":"128e96f1-563b-46e8-8a9d-df9a2434e46e","email":"olivia.wright@gmail.com","message":"failed to process due to datastore timeout of 30 seconds.  operation took 128 seconds."},{"id":"5fcce423-05b0-4629-8432-ae7421defc1e","email":"ethan.hernandez@microsoft.com","message":"successfully parsed message, but message temporarily enqueued while system restarts."},{"id":"0581ddf4-b8f2-4b68-8b6f-c48f11b743e7","email":"elizabeth.martinez@dropbox.net","message":"successfully processed after 2949 milliseconds."},{"id":"3025821a-7932-47b6-a9c2-dd99ea157004","email":"sarah.green@amerisave.com","message":"successfully parsed message, but message temporarily enqueued while system restarts."}],"id":"715ef989-28ff-4d3f-b147-05482d10ac14"}