{"logs":[{"id":"f0f04f4b-ae72-4db1-ba86-ae8bd20fea9d","email":"samantha.scott@me.com","message":"failed to process due to datastore timeout of 30 seconds.  operation took 103 seconds."},{"id":"00bffdd5-3576-4b3a-8328-b69a7295e66b","email":"abigail.smith@amerisave.com","message":"successfully processed after 5439 milliseconds."},{"id":"bb2a5f10-ade0-4d7d-b02b-55d452c29d06","email":"ella.anderson@dropbox.net","message":"successfully parsed message, but message temporarily enqueued while system restarts."},{"id":"c2990f9c-0a62-48d8-be23-db32b0152e86","email":"grace.moore@gmail.com","message":"failed to process due to datastore timeout of 30 seconds.  operation took 90 seconds."},{"id":"3a92828a-623c-4c7b-b114-1f861b912f49","email":"ava.davis@gmail.com","message":"successfully processed after 9137 milliseconds."},{"id":"1744c0f6-6021-4e63-a07f-ea3ea3577cf6","email":"chloe.garcia@dropbox.net","message":"failed to process due to network exception."},{"id":"e0473be0-debd-4340-a4ad-e25522bd2233","email":"tyler.nelson@microsoft.com","message":"successfully handled skipped operation."},{"id":"fb190542-3fb7-4878-a7be-d2508ced65a7","email":"jacob.lopez@dropbox.net","message":"failed to process due to datastore timeout of 30 seconds.  operation took 52 seconds."},{"id":"f3798f71-df9d-40f6-b4cb-be82c34c10e6","email":"ryan.king@dropbox.net","message":"successfully processed after 4346 milliseconds."},{"id":"c8b24fa9-3792-43a1-8dcc-e2f155b9fc4c","email":"michael.hall@dropbox.net","message":"failed to process due to network exception."},{"id":"b7cb5f79-87ee-4460-b679-ebc0b60c77b3","email":"samantha.scott@me.com","message":"successfully handled skipped operation."},{"id":"5d113a65-3853-4522-9568-b3f9b81c49e0","email":"ethan.hernandez@microsoft.com","message":"successfully handled skipped operation."},{"id":"59b469af-653e-439d-8157-24a145f4d238","email":"hannah.martin@dropbox.net","message":"failed to process due to datastore timeout of 30 seconds.  operation took 94 seconds."},{"id":"a892d028-bb17-4911-aaba-efe4622f1208","email":"daniel.rodriguez@amerisave.com","message":"failed to process due to network exception."},{"id":"8ef845bb-742e-49c8-a9f3-0c74650c561f","email":"tyler.nelson@microsoft.com","message":"successfully processed after 3493 milliseconds."},{"id":"915c248e-fa37-4491-8cd0-66158ff70a4c","email":"sarah.green@amerisave.com","message":"successfully parsed message, but message temporarily enqueued while system restarts."},{"id":"7c18ebab-b8b2-4f45-b828-ae6da85dc749","email":"alyssa.jones@amerisave.com","message":"failed to process due to network exception."},{"id":"0d30d335-e1cf-4e98-b3ec-7f17a449822c","email":"logan.clark@dropbox.net","message":"successfully processed after 5940 milliseconds."},{"id":"8361aa04-e583-47cb-987f-0705db66caf4","email":"alexis.brown@microsoft.com","message":"failed to process due to network exception."},{"id":"f2294ba5-48f3-4b85-a867-b76f43ca489d","email":"ella.anderson@dropbox.net","message":"successfully parsed message, but message temporarily enqueued while system restarts."},{"id":"454c4415-a11b-4670-9c52-9c3435d9fe47","email":"dylan.wilson@gmail.com","message":"successfully parsed message, but message temporarily enqueued while system restarts."},{"id":"88907f65-4f53-442a-a8e3-fe436544953e","email":"sarah.green@amerisave.com","message":"successfully parsed message, but message temporarily enqueued while system restarts."},{"id":"2f1e39b7-d74f-46fc-9c3b-12475d811fcd","email":"olivia.wright@gmail.com","message":"successfully processed after 5027 milliseconds."},{"id":"939a3420-6392-4268-82e0-c20cddf8cc16","email":"andrew.miller@gmail.com","message":"successfully handled skipped operation."},{"id":"0566e8fd-4abe-49ed-9156-67895779fbfd","email":"emily.taylor@gmail.com","message":"successfully processed after 1772 milliseconds."},{"id":"7cc891ac-040f-472d-bee2-9a008f888ac1","email":"emma.thomas@me.com","message":"failed to process due to datastore timeout of 30 seconds.  operation took 114 seconds."}],"id":"93705b23-7a63-4639-a4cd-6fe61204b01c"}