{"logs":[{"id":"6c7d5c3e-40f3-4ae2-9971-ae8065b19dbf","email":"mason.robinson@amerisave.com","message":"successfully processed after 8044 milliseconds."},{"id":"3cea0258-5dd7-44d8-9b4f-e0d8776cac05","email":"aiden.johnson@microsoft.com","message":"successfully processed after 4374 milliseconds."},{"id":"c6764c63-37e5-4475-baf9-d93e80cba468","email":"jacob.lopez@dropbox.net","message":"failed to process due to datastore timeout of 30 seconds.  operation took 36 seconds."},{"id":"a602b867-2b66-4bcb-a328-3d01197c8792","email":"ethan.hernandez@microsoft.com","message":"successfully processed after 8746 milliseconds."},{"id":"410475eb-9e89-455f-85e2-f24f99444113","email":"alexis.brown@microsoft.com","message":"successfully parsed message, but message temporarily enqueued while system restarts."},{"id":"ef269693-a68a-4231-b1a8-4251aff2b132","email":"sophia.baker@dropbox.net","message":"failed to process due to datastore timeout of 30 seconds.  operation took 66 seconds."},{"id":"83e4abad-01ba-49ed-93a6-a9a02defee4a","email":"alyssa.jones@amerisave.com","message":"successfully parsed message, but message temporarily enqueued while system restarts."},{"id":"4092e8cc-695c-408e-98b4-11e25a34c566","email":"emma.thomas@me.com","message":"successfully processed after 6574 milliseconds."},{"id":"33823533-18e6-47ad-b08e-3a13ad3aad28","email":"alyssa.jones@amerisave.com","message":"successfully processed after 7636 milliseconds."},{"id":"4212bd01-c40a-42a0-b2d9-0fef04b7deb1","email":"ryan.king@dropbox.net","message":"successfully processed after 344 milliseconds."},{"id":"dd07fb1b-7081-48f9-b79f-b1f9cc34472a","email":"jackson.white@gmail.com","message":"successfully processed after 6560 milliseconds."},{"id":"e7610c9f-1c1f-47c6-ab25-73737d3197f2","email":"ryan.king@dropbox.net","message":"failed to process due to network exception."},{"id":"126ec676-cb56-423f-98f2-d49081f03aab","email":"emma.thomas@me.com","message":"failed to process due to network exception."},{"id":"43284424-59ff-40fb-93d4-b8eb61e8ec3f","email":"emma.thomas@me.com","message":"successfully parsed message, but message temporarily enqueued while system restarts."},{"id":"1a82d00c-523c-430b-a77c-8d8de995d7b3","email":"mia.perez@me.com","message":"successfully handled skipped operation."},{"id":"cc220c16-1a3a-4712-84bb-975ddb7f0993","email":"jack.thompson@me.com","message":"successfully handled skipped operation."},{"id":"ba2c91d5-278b-4ed3-ae80-98ac3a6bb6a4","email":"michael.hall@dropbox.net","message":"successfully handled skipped operation."},{"id":"193108c4-8412-4b48-aa3f-1941338e2e3a","email":"isabella.jackson@amerisave.com","message":"failed to process due to datastore timeout of 30 seconds.  operation took 108 seconds."},{"id":"a9a3a4be-4ff1-4bcf-a1c8-4be6a714a802","email":"chloe.garcia@dropbox.net","message":"successfully handled skipped operation."},{"id":"006a71bb-7022-465d-afd6-5289236433d8","email":"logan.clark@dropbox.net","message":"successfully handled skipped operation."},{"id":"356d0600-432b-477a-bc87-4285cb2de34f","email":"michael.hall@dropbox.net","message":"successfully processed after 825 milliseconds."},{"id":"f74a22d1-ac5b-4693-8c48-bd998dbe482a","email":"alexander.williams@gmail.com","message":"failed to process due to network exception."},{"id":"8e632f2b-4f0b-405c-8513-9f9b049d295a","email":"nathan.young@microsoft.com","message":"failed to process due to datastore timeout of 30 seconds.  operation took 87 seconds."},{"id":"8dabca69-cc54-431e-804d-ca6ff8c5493c","email":"emily.taylor@gmail.com","message":"successfully processed after 7281 milliseconds."},{"id":"d3645cd5-279b-4e2b-b3a1-e3020d527808","email":"alexis.brown@microsoft.com","message":"successfully handled skipped operation."},{"id":"4cce1ca2-2191-44d0-9748-c68f5c3d0163","email":"ethan.hernandez@microsoft.com","message":"successfully processed after 4219 milliseconds."},{"id":"6786981e-cab8-4eba-b25d-4d5f19bff6a1","email":"madison.lewis@gmail.com","message":"failed to process due to datastore timeout of 30 seconds.  operation took 127 seconds."},{"id":"3f078946-9d2c-4ed6-9bd7-5e90597fedbc","email":"alexis.brown@microsoft.com","message":"successfully parsed message, but message temporarily enqueued while system restarts."},{"id":"8f3941a0-945b-4e4d-a89c-6086624475ef","email":"grace.moore@gmail.com","message":"failed to process due to datastore timeout of 30 seconds.  operation took 83 seconds."},{"id":"4b45e785-5ed4-406d-92ef-3fcc65f230ce","email":"ella.anderson@dropbox.net","message":"successfully processed after 2520 milliseconds."},{"id":"47e028af-16a1-4572-8ec6-7e5fd355cc17","email":"mia.perez@me.com","message":"failed to process due to network exception."},{"id":"259dc1c1-83ba-43ca-ab44-bdf6bc86d745","email":"daniel.rodriguez@amerisave.com","message":"failed to process due to network exception."},{"id":"d13ac024-c95f-4572-8d2a-6338b313f20e","email":"lily.harris@gmail.com","message":"failed to process due to network exception."},{"id":"aa0c5b61-27e7-432c-9203-4cf93de0ceeb","email":"noah.sanchez@me.com","message":"successfully handled skipped operation."},{"id":"690fb8b2-1054-493f-8c79-abad886916a0","email":"noah.sanchez@me.com","message":"successfully handled skipped operation."},{"id":"216d39e0-5d92-40bc-910e-af07ed851af9","email":"samantha.scott@me.com","message":"failed to process due to datastore timeout of 30 seconds.  operation took 92 seconds."},{"id":"a43b6a71-3c13-43e8-bd19-000bfa5e1397","email":"matthew.walker@amerisave.com","message":"failed to process due to datastore timeout of 30 seconds.  operation took 54 seconds."},{"id":"2f7e311d-abf9-4100-ada6-df718ed4572f","email":"joshua.lee@gmail.com","message":"successfully processed after 4680 milliseconds."},{"id":"e6da631d-c6e3-421d-ae18-e04d0ed1aa21","email":"ava.davis@gmail.com","message":"failed to process due to datastore timeout of 30 seconds.  operation took 124 seconds."},{"id":"81f1ed60-7eca-44b3-8807-dd1266ec22c2","email":"daniel.rodriguez@amerisave.com","message":"successfully processed after 1111 milliseconds."},{"id":"99101e47-60db-4c7d-a354-77fc83203b36","email":"daniel.rodriguez@amerisave.com","message":"successfully parsed message, but message temporarily enqueued while system restarts."},{"id":"79d87467-6d84-459d-bf7b-0bf58d373616","email":"abigail.smith@amerisave.com","message":"failed to process due to network exception."},{"id":"7b484a51-24d7-406b-b4d3-ba25748fb420","email":"mason.robinson@amerisave.com","message":"successfully parsed message, but message temporarily enqueued while system restarts."},{"id":"bc0fe313-07b8-40b5-a3a0-6d71fe443de1","email":"tyler.nelson@microsoft.com","message":"successfully handled skipped operation."},{"id":"93b8a14d-bb0b-468e-b960-3b82b4d6445c","email":"jacob.lopez@dropbox.net","message":"successfully processed after 1597 milliseconds."},{"id":"ea836f7d-c617-465e-84da-1da5827d1996","email":"ethan.hernandez@microsoft.com","message":"failed to process due to datastore timeout of 30 seconds.  operation took 50 seconds."},{"id":"8e19c3e7-c9ec-4946-9f28-fe02999fa182","email":"elizabeth.martinez@dropbox.net","message":"successfully processed after 1654 milliseconds."},{"id":"bdecd760-4821-44d7-a723-2a5760b4ff11","email":"samantha.scott@me.com","message":"failed to process due to network exception."},{"id":"306d99ae-cbf9-4d24-8487-a2e6bc701ba6","email":"logan.clark@dropbox.net","message":"successfully processed after 223 milliseconds."},{"id":"83eb3a27-cf6e-4f4b-96d2-831e23626343","email":"ryan.king@dropbox.net","message":"successfully parsed message, but message temporarily enqueued while system restarts."},{"id":"97696a0d-9cef-410b-87ca-da7d52e0c013","email":"grace.moore@gmail.com","message":"failed to process due to datastore timeout of 30 seconds.  operation took 70 seconds."},{"id":"e9c8e18f-16c2-4d6d-8077-48d4088f040c","email":"emma.thomas@me.com","message":"successfully handled skipped operation."},{"id":"f2e9324a-aaa1-49c9-b909-b1664c76f0d2","email":"ava.davis@gmail.com","message":"failed to process due to network exception."},{"id":"0fec8d3e-dcae-4ee3-ae6e-ac927fd8b9c5","email":"mia.perez@me.com","message":"successfully processed after 5078 milliseconds."},{"id":"479810e4-0d93-4262-865f-d315e27d8dcc","email":"logan.clark@dropbox.net","message":"failed to process due to datastore timeout of 30 seconds.  operation took 47 seconds."},{"id":"a3e249d2-3b5d-424f-851b-1e15a612fda2","email":"nicholas.allen@microsoft.com","message":"failed to process due to network exception."},{"id":"76550677-e42a-4115-9105-3c471ac0451d","email":"chloe.garcia@dropbox.net","message":"successfully parsed message, but message temporarily enqueued while system restarts."}],"id":"50925ffb-42ec-43d7-ad11-b58b8d882aa4"}