{"logs":[{"id":"fb194d4a-c285-4789-aa80-edde815a03f8","email":"jackson.white@gmail.com","message":"successfully processed after 6676 milliseconds."},{"id":"3c482181-e10c-4938-85b1-4afe6fc10a94","email":"chloe.garcia@dropbox.net","message":"successfully parsed message, but message temporarily enqueued while system restarts."},{"id":"5436efe5-1fc5-458a-8146-8938ddc51925","email":"daniel.rodriguez@amerisave.com","message":"successfully processed after 2582 milliseconds."},{"id":"44ea866f-1166-4a90-ad1c-52a992ebb670","email":"michael.hall@dropbox.net","message":"successfully processed after 2051 milliseconds."},{"id":"d5abaa43-a0c4-4a1b-ba13-6f3162bbecd0","email":"elizabeth.martinez@dropbox.net","message":"failed to process due to datastore timeout of 30 seconds.  operation took 51 seconds."},{"id":"c54f0e03-d04f-4b48-a886-1334b61171c5","email":"abigail.smith@amerisave.com","message":"failed to process due to datastore timeout of 30 seconds.  operation took 123 seconds."},{"id":"b87e0dc2-98e5-4b5c-8fa4-6d32c16caa98","email":"jack.thompson@me.com","message":"successfully handled skipped operation."},{"id":"c0689f02-4705-435a-ae07-6c85edd55de1","email":"jack.thompson@me.com","message":"failed to process due to datastore timeout of 30 seconds.  operation took 68 seconds."},{"id":"30a3dace-19a5-45ed-a7b4-fb1b15d72694","email":"alexander.williams@gmail.com","message":"successfully parsed message, but message temporarily enqueued while system restarts."},{"id":"aa5196f9-aea1-4107-8ed1-8dac84255b3b","email":"alyssa.jones@amerisave.com","message":"failed to process due to network exception."},{"id":"5c41f03f-99a6-4af0-9528-1bd8a5227a7d","email":"emily.taylor@gmail.com","message":"successfully handled skipped operation."},{"id":"36adacf7-827a-489b-a87b-7aae01af0d48","email":"mia.perez@me.com","message":"successfully handled skipped operation."},{"id":"b000e882-9bf1-4aff-8370-c262ec6d59fd","email":"nathan.young@microsoft.com","message":"failed to process due to datastore timeout of 30 seconds.  operation took 36 seconds."},{"id":"912a35dc-6b37-48c9-990b-f277145c726b","email":"logan.clark@dropbox.net","message":"successfully parsed message, but message temporarily enqueued while system restarts."},{"id":"c2510cda-2cab-4c39-888a-ce74a46a1c14","email":"hannah.martin@dropbox.net","message":"successfully processed after 4798 milliseconds."},{"id":"f6110c6d-981b-4ec9-bdd9-4690d9a017f9","email":"ryan.king@dropbox.net","message":"successfully handled skipped operation."},{"id":"237b3a9e-b755-43c7-9946-f954c8debdb2","email":"michael.hall@dropbox.net","message":"successfully processed after 9018 milliseconds."},{"id":"6541daa3-42cf-4cea-b61d-8f32f02cb209","email":"sophia.baker@dropbox.net","message":"successfully handled skipped operation."},{"id":"a03971b2-bc9b-4c1e-bbb1-a6383b9fdb31","email":"samantha.scott@me.com","message":"failed to process due to network exception."},{"id":"12329456-b6b1-4232-9eac-ee8024dc92c4","email":"logan.clark@dropbox.net","message":"successfully parsed message, but message temporarily enqueued while system restarts."},{"id":"d4b5cd58-aac7-4f6d-926f-7ed74f4c57ee","email":"emma.thomas@me.com","message":"failed to process due to datastore timeout of 30 seconds.  operation took 68 seconds."},{"id":"83cdf5d9-f5f2-4d07-97c2-0aede6d84524","email":"isabella.jackson@amerisave.com","message":"failed to process due to datastore timeout of 30 seconds.  operation took 55 seconds."},{"id":"f0b769a1-70e8-4c17-8a5a-addf809db617","email":"samantha.scott@me.com","message":"successfully processed after 9682 milliseconds."},{"id":"8d55393e-6532-48da-bdf8-5bf4dd54fcbd","email":"nathan.young@microsoft.com","message":"successfully parsed message, but message temporarily enqueued while system restarts."},{"id":"b7debd01-4bf3-4099-af75-ea62bf49a73e","email":"alexis.brown@microsoft.com","message":"successfully handled skipped operation."},{"id":"3233172e-a7fc-41a8-8ee6-3e7f4510bf82","email":"ella.anderson@dropbox.net","message":"successfully processed after 9638 milliseconds."},{"id":"b53c7ed6-6e1a-43aa-8673-13e1b190b241","email":"ella.anderson@dropbox.net","message":"successfully handled skipped operation."},{"id":"737e5f56-c0dc-4078-b5ac-314c415cf6c5","email":"michael.hall@dropbox.net","message":"successfully parsed message, but message temporarily enqueued while system restarts."},{"id":"d68c060d-7273-40e9-b2b0-97965bf006c9","email":"joshua.lee@gmail.com","message":"successfully handled skipped operation."},{"id":"c71b4bf8-3abe-4a9b-8fb3-9865b3a9bad1","email":"jack.thompson@me.com","message":"successfully processed after 4009 milliseconds."},{"id":"6661df78-f12a-4d5e-8bfb-d0ba895912d5","email":"nathan.young@microsoft.com","message":"failed to process due to network exception."},{"id":"5e150377-135e-4097-bdff-26e9eb543dc2","email":"alyssa.jones@amerisave.com","message":"failed to process due to datastore timeout of 30 seconds.  operation took 115 seconds."},{"id":"00cea9fb-7000-44e2-9abc-caf83d662e49","email":"tyler.nelson@microsoft.com","message":"failed to process due to datastore timeout of 30 seconds.  operation took 80 seconds."},{"id":"9e84789b-9f19-49e9-a566-37a69684923d","email":"joshua.lee@gmail.com","message":"failed to process due to datastore timeout of 30 seconds.  operation took 127 seconds."},{"id":"f7e49d7d-cf74-4545-b67f-a833eff966f0","email":"alexander.williams@gmail.com","message":"failed to process due to network exception."},{"id":"3c7f8933-dbdd-4e34-84c4-760b89babe08","email":"liam.gonzalez@me.com","message":"failed to process due to datastore timeout of 30 seconds.  operation took 74 seconds."},{"id":"f65b0627-e734-4403-8da6-cb21a5fcd98c","email":"alyssa.jones@amerisave.com","message":"failed to process due to network exception."},{"id":"da66381c-2696-45af-93b1-d2588e3abdfa","email":"isabella.jackson@amerisave.com","message":"failed to process due to network exception."},{"id":"0b470cbf-d294-42c5-974d-789a6b0871e2","email":"chloe.garcia@dropbox.net","message":"successfully handled skipped operation."},{"id":"c1bb3710-6121-4ac2-bffa-37f06f087d44","email":"matthew.walker@amerisave.com","message":"successfully processed after 9026 milliseconds."},{"id":"7f316696-f798-486b-bc47-bfb3258fadb2","email":"isabella.jackson@amerisave.com","message":"successfully parsed message, but message temporarily enqueued while system restarts."},{"id":"04c481c5-7469-4897-acc6-494ccf15ae29","email":"tyler.nelson@microsoft.com","message":"successfully parsed message, but message temporarily enqueued while system restarts."},{"id":"df2f361b-cd57-499c-8a77-43d8df0f0f9e","email":"madison.lewis@gmail.com","message":"failed to process due to network exception."},{"id":"8f2c1239-22f5-4f9a-a3b1-bda5ebdf64c6","email":"mia.perez@me.com","message":"successfully processed after 3673 milliseconds."},{"id":"7b50999d-27cf-486e-bdcd-c4d1071f1804","email":"liam.gonzalez@me.com","message":"failed to process due to network exception."},{"id":"e5dbd55c-7e3a-4d56-87c3-2040e01089c9","email":"ava.davis@gmail.com","message":"successfully parsed message, but message temporarily enqueued while system restarts."},{"id":"3b8baa51-5f0f-471d-93e7-fb7561f6c573","email":"nathan.young@microsoft.com","message":"failed to process due to datastore timeout of 30 seconds.  operation took 34 seconds."},{"id":"c329647c-2b30-48a3-b6d0-502f9c1c94c2","email":"chloe.garcia@dropbox.net","message":"successfully processed after 2035 milliseconds."},{"id":"5b5c0189-03c5-4852-85c7-1661e6495e69","email":"alexis.brown@microsoft.com","message":"successfully processed after 8250 milliseconds."},{"id":"560806f5-b09b-44ba-9265-f50856dee269","email":"nicholas.allen@microsoft.com","message":"successfully handled skipped operation."},{"id":"5e2a56ef-de28-4807-8932-b1c9b61eae07","email":"jack.thompson@me.com","message":"failed to process due to network exception."},{"id":"4420c6be-a974-4042-8355-f52b0bd24609","email":"daniel.rodriguez@amerisave.com","message":"successfully parsed message, but message temporarily enqueued while system restarts."},{"id":"ddcc49ad-c808-4b8e-9014-043d6d76a3e6","email":"jack.thompson@me.com","message":"successfully handled skipped operation."},{"id":"2b2448db-2c65-42fe-88e8-3650807951db","email":"alexis.brown@microsoft.com","message":"successfully parsed message, but message temporarily enqueued while system restarts."},{"id":"eb947352-69ab-4973-af8a-b4db809a6dfc","email":"aiden.johnson@microsoft.com","message":"successfully parsed message, but message temporarily enqueued while system restarts."},{"id":"f54584d9-e988-47ee-b633-a28bf814506d","email":"andrew.miller@gmail.com","message":"successfully processed after 7609 milliseconds."},{"id":"bb51ac0d-ccfa-4014-b8f3-7cff0c36b953","email":"alexis.brown@microsoft.com","message":"failed to process due to network exception."},{"id":"8813c395-c7fe-43fb-99f6-f00002ce5532","email":"andrew.miller@gmail.com","message":"successfully processed after 1643 milliseconds."},{"id":"c4b522ee-9771-48f3-9e69-dbe93da041f9","email":"jacob.lopez@dropbox.net","message":"successfully parsed message, but message temporarily enqueued while system restarts."},{"id":"1158ad59-6386-49b5-b223-875f93036764","email":"emma.thomas@me.com","message":"failed to process due to datastore timeout of 30 seconds.  operation took 92 seconds."},{"id":"8661cd30-63e2-4661-b12a-54c4811529da","email":"hannah.martin@dropbox.net","message":"failed to process due to datastore timeout of 30 seconds.  operation took 117 seconds."},{"id":"976c8440-8bf2-4159-9525-55a10937ac66","email":"nathan.young@microsoft.com","message":"failed to process due to datastore timeout of 30 seconds.  operation took 71 seconds."},{"id":"9dd78dfe-5759-441d-b4f4-916648fbb53b","email":"matthew.walker@amerisave.com","message":"failed to process due to datastore timeout of 30 seconds.  operation took 116 seconds."},{"id":"c7ce8d1c-e495-41ed-8ff4-84a76eebe9b1","email":"jack.thompson@me.com","message":"failed to process due to datastore timeout of 30 seconds.  operation took 109 seconds."},{"id":"86085576-0a1b-43ca-9654-84bce2c082de","email":"daniel.rodriguez@amerisave.com","message":"successfully parsed message, but message temporarily enqueued while system restarts."},{"id":"3c6fddb8-6bfc-499b-b490-7732e9646235","email":"samantha.scott@me.com","message":"successfully parsed message, but message temporarily enqueued while system restarts."},{"id":"8b4bdaf5-2225-40a5-8c66-c6ead00f962c","email":"emily.taylor@gmail.com","message":"successfully processed after 8508 milliseconds."},{"id":"967cc3ef-d743-4b95-bab0-70c9a1e4e685","email":"olivia.wright@gmail.com","message":"successfully handled skipped operation."},{"id":"669d9c17-dd5a-4625-b2f2-4d5fef992549","email":"tyler.nelson@microsoft.com","message":"successfully handled skipped operation."},{"id":"9d510090-5f4d-4232-8438-bb9c511ad29e","email":"lily.harris@gmail.com","message":"failed to process due to network exception."},{"id":"1267cbb8-1a10-4505-aca7-87e6122a6e78","email":"michael.hall@dropbox.net","message":"failed to process due to network exception."},{"id":"489e5023-b8a2-4333-bee4-3842301d581d","email":"liam.gonzalez@me.com","message":"failed to process due to network exception."},{"id":"3eea4747-3af4-4c29-ab50-6e58403fe3c8","email":"jackson.white@gmail.com","message":"failed to process due to network exception."},{"id":"635977be-0487-4316-a119-76ee4f655098","email":"emma.thomas@me.com","message":"successfully processed after 7763 milliseconds."},{"id":"4340f151-a1d4-4736-8594-1fd44b5e5b1c","email":"joshua.lee@gmail.com","message":"successfully handled skipped operation."},{"id":"0fdb9814-4b85-4374-889c-714e1f3f6b60","email":"jacob.lopez@dropbox.net","message":"successfully parsed message, but message temporarily enqueued while system restarts."},{"id":"6b08286b-43f3-47f5-9361-7324fa2b8ef8","email":"ava.davis@gmail.com","message":"successfully processed after 5671 milliseconds."},{"id":"d4105b18-2d71-4c37-a0fd-212815579d84","email":"sophia.baker@dropbox.net","message":"successfully parsed message, but message temporarily enqueued while system restarts."},{"id":"cbc17eb1-978e-4fa7-91bc-79ab48a8208c","email":"taylor.adams@gmail.com","message":"successfully parsed message, but message temporarily enqueued while system restarts."},{"id":"d1151c26-87fd-41c6-8984-f6edd3664ab1","email":"abigail.smith@amerisave.com","message":"successfully processed after 5362 milliseconds."},{"id":"8dc8c0f9-6965-40d4-bb15-f9964e603fb8","email":"jacob.lopez@dropbox.net","message":"failed to process due to datastore timeout of 30 seconds.  operation took 100 seconds."},{"id":"6bc4e331-bf09-41d5-9e95-59a5af8b5ac1","email":"hannah.martin@dropbox.net","message":"failed to process due to datastore timeout of 30 seconds.  operation took 129 seconds."},{"id":"651ddeac-a006-45fe-9e60-395692e7b4ba","email":"nathan.young@microsoft.com","message":"failed to process due to datastore timeout of 30 seconds.  operation took 126 seconds."},{"id":"5a4aec1b-56d4-4029-aba5-f0e9fea86ade","email":"ava.davis@gmail.com","message":"successfully parsed message, but message temporarily enqueued while system restarts."},{"id":"69b6070c-9a05-40cb-bcd4-6f60828337c1","email":"michael.hall@dropbox.net","message":"failed to process due to network exception."},{"id":"a684297b-6b3b-4fa2-a730-dc878eb45a88","email":"tyler.nelson@microsoft.com","message":"successfully handled skipped operation."},{"id":"5b5f5c0e-80ed-4215-88ce-8e6ee69ea1dd","email":"aiden.johnson@microsoft.com","message":"successfully processed after 3633 milliseconds."},{"id":"76bb56c8-6b70-4aa7-ad89-48eb71a1d224","email":"abigail.smith@amerisave.com","message":"failed to process due to datastore timeout of 30 seconds.  operation took 74 seconds."},{"id":"59099dfb-ea90-4a79-9e0c-e040e3191c60","email":"jackson.white@gmail.com","message":"failed to process due to datastore timeout of 30 seconds.  operation took 112 seconds."},{"id":"26334ceb-fe22-41e5-b833-8a2f234fe293","email":"taylor.adams@gmail.com","message":"successfully handled skipped operation."},{"id":"4142de32-e3c1-498e-89b3-e8ff57a9ed76","email":"matthew.walker@amerisave.com","message":"successfully processed after 2879 milliseconds."},{"id":"afbd8ecf-43ee-4540-ac7c-faaf7d792bc1","email":"sarah.green@amerisave.com","message":"successfully parsed message, but message temporarily enqueued while system restarts."},{"id":"6a658329-d0a4-46c6-a78f-62b6f678e09f","email":"samantha.scott@me.com","message":"successfully processed after 2683 milliseconds."},{"id":"b9c5b180-c5bb-47e2-a654-08745a588d90","email":"hannah.martin@dropbox.net","message":"successfully handled skipped operation."},{"id":"3c5b454e-b341-4f72-855c-1709099b71e8","email":"jack.thompson@me.com","message":"successfully processed after 948 milliseconds."},{"id":"97f4d1e6-1879-4437-8585-4ecce74264e2","email":"ethan.hernandez@microsoft.com","message":"failed to process due to datastore timeout of 30 seconds.  operation took 127 seconds."},{"id":"0443d245-a96c-4daf-87e6-151a68353cad","email":"olivia.wright@gmail.com","message":"successfully handled skipped operation."},{"id":"110cbd63-2670-45f0-a260-8108f9655010","email":"hannah.martin@dropbox.net","message":"failed to process due to datastore timeout of 30 seconds.  operation took 74 seconds."},{"id":"72dd204f-b694-421d-b05c-8d3b8a6f0bfe","email":"jack.thompson@me.com","message":"successfully parsed message, but message temporarily enqueued while system restarts."},{"id":"2c56eb41-b276-4491-a326-0feef84f61d6","email":"sarah.green@amerisave.com","message":"successfully parsed message, but message temporarily enqueued while system restarts."},{"id":"152fb813-9c85-445e-a3bd-d6bc67d22961","email":"mia.perez@me.com","message":"successfully parsed message, but message temporarily enqueued while system restarts."},{"id":"77ac98ca-73e8-4d2d-acea-b9dad1784ac5","email":"grace.moore@gmail.com","message":"successfully handled skipped operation."},{"id":"1426e91b-a96a-4005-adc2-0600e0049ee2","email":"olivia.wright@gmail.com","message":"successfully processed after 7399 milliseconds."},{"id":"be5e32a8-4728-4005-b2e7-1cf815b2dd7a","email":"andrew.miller@gmail.com","message":"failed to process due to network exception."},{"id":"fef45059-644c-4b54-8ef1-65c567dd52f6","email":"aiden.johnson@microsoft.com","message":"failed to process due to network exception."},{"id":"2609bc8c-b84d-4ff5-a3ed-705e2df5b4ec","email":"sarah.green@amerisave.com","message":"successfully parsed message, but message temporarily enqueued while system restarts."},{"id":"94916a2f-8ede-4a8e-b4fe-e0c7f9181a88","email":"matthew.walker@amerisave.com","message":"failed to process due to network exception."},{"id":"32383ba6-a395-4053-ad91-7f281a6c5ac1","email":"sarah.green@amerisave.com","message":"successfully parsed message, but message temporarily enqueued while system restarts."},{"id":"ceeea1e5-ac11-4330-b393-474875ff6e13","email":"isabella.jackson@amerisave.com","message":"successfully parsed message, but message temporarily enqueued while system restarts."},{"id":"07b21465-94d7-458b-abe9-2488f49df84e","email":"nicholas.allen@microsoft.com","message":"successfully handled skipped operation."},{"id":"f1b18f20-05bd-4c46-993b-027354c7c1fd","email":"noah.sanchez@me.com","message":"failed to process due to datastore timeout of 30 seconds.  operation took 104 seconds."},{"id":"b9533ddf-faf8-4033-a2a2-e1e97703d426","email":"emma.thomas@me.com","message":"successfully processed after 5106 milliseconds."},{"id":"1419a7af-a2f5-45c5-8726-01deed6b61bc","email":"liam.gonzalez@me.com","message":"successfully parsed message, but message temporarily enqueued while system restarts."},{"id":"cc7fb26d-fd71-40d6-ab60-a430746b60a1","email":"lily.harris@gmail.com","message":"successfully processed after 2122 milliseconds."},{"id":"33f7473a-25c6-4d9a-989e-5cb43ea2c168","email":"nicholas.allen@microsoft.com","message":"successfully handled skipped operation."},{"id":"63a22b54-650c-49bb-8c1a-5ff40d21a297","email":"ryan.king@dropbox.net","message":"successfully parsed message, but message temporarily enqueued while system restarts."},{"id":"ee2c3f6a-2277-48ea-b948-30a7a71676a5","email":"matthew.walker@amerisave.com","message":"successfully parsed message, but message temporarily enqueued while system restarts."},{"id":"16ca72b5-d6b0-4cb3-983d-5ec34d9af4fc","email":"emily.taylor@gmail.com","message":"failed to process due to network exception."},{"id":"b56368b3-e8f2-4139-89bc-3733a2b1581c","email":"abigail.smith@amerisave.com","message":"successfully processed after 1709 milliseconds."},{"id":"8f10ed59-4775-42b0-8bcf-6f60dd85a8be","email":"hannah.martin@dropbox.net","message":"successfully parsed message, but message temporarily enqueued while system restarts."},{"id":"957a49df-16bc-4c61-9622-1988bc065668","email":"isabella.jackson@amerisave.com","message":"failed to process due to network exception."},{"id":"f5330594-84ed-436a-b638-e388269fcf4f","email":"nathan.young@microsoft.com","message":"successfully processed after 8368 milliseconds."},{"id":"df4637d5-2fd4-45e0-b83e-1eeb0c683d4d","email":"matthew.walker@amerisave.com","message":"successfully handled skipped operation."},{"id":"ce40a623-8be1-4fc1-a339-be451b31cd66","email":"matthew.walker@amerisave.com","message":"successfully handled skipped operation."},{"id":"2a2c1c1e-d4e9-4231-8109-edada187d339","email":"taylor.adams@gmail.com","message":"successfully handled skipped operation."},{"id":"423cb7ba-2e91-45af-b7d0-844c69c835ea","email":"liam.gonzalez@me.com","message":"successfully processed after 2237 milliseconds."},{"id":"81fd25d2-7488-412e-ae8c-bf1cea96509f","email":"taylor.adams@gmail.com","message":"successfully handled skipped operation."},{"id":"1421a43c-5611-4e88-90f0-6b3be26f2ac6","email":"madison.lewis@gmail.com","message":"failed to process due to datastore timeout of 30 seconds.  operation took 75 seconds."},{"id":"c64e4663-9d5d-441a-94cf-3b7ab80024ff","email":"matthew.walker@amerisave.com","message":"successfully handled skipped operation."},{"id":"9bbd950e-a639-44a1-945d-24bd284f478f","email":"ava.davis@gmail.com","message":"successfully processed after 567 milliseconds."},{"id":"e712e1b6-0973-4e29-a478-450a3155a2b0","email":"abigail.smith@amerisave.com","message":"successfully processed after 378 milliseconds."},{"id":"371a88fc-7c02-489f-9955-56ead54bd36b","email":"nicholas.allen@microsoft.com","message":"successfully parsed message, but message temporarily enqueued while system restarts."},{"id":"33a962a5-e725-4949-8bba-44eae6438ffe","email":"madison.lewis@gmail.com","message":"successfully processed after 4160 milliseconds."},{"id":"d757a218-0bfc-462f-9703-889c1f6ab56d","email":"emily.taylor@gmail.com","message":"failed to process due to datastore timeout of 30 seconds.  operation took 31 seconds."},{"id":"572c8967-4d5c-461e-bc79-3dc2bfa370a1","email":"abigail.smith@amerisave.com","message":"successfully handled skipped operation."},{"id":"4360ef00-7496-4395-8e2d-c7acdc1ef2ea","email":"ryan.king@dropbox.net","message":"successfully handled skipped operation."},{"id":"2db31e9f-b58f-40b0-ad26-875fe96c2c14","email":"jack.thompson@me.com","message":"successfully parsed message, but message temporarily enqueued while system restarts."},{"id":"6b73e48d-f95a-44c6-a614-5feffc35c3a8","email":"aiden.johnson@microsoft.com","message":"failed to process due to network exception."},{"id":"85686a13-a7f8-4d14-bdf5-72dec1fdb28c","email":"alyssa.jones@amerisave.com","message":"successfully parsed message, but message temporarily enqueued while system restarts."},{"id":"64c488c6-631b-45ef-af92-0b40ca96e89a","email":"chloe.garcia@dropbox.net","message":"failed to process due to datastore timeout of 30 seconds.  operation took 38 seconds."},{"id":"15437f6c-c237-4641-a8ca-97bfb34b8df1","email":"mason.robinson@amerisave.com","message":"successfully parsed message, but message temporarily enqueued while system restarts."},{"id":"5a861076-9598-4366-8c80-ea974cd7fb45","email":"taylor.adams@gmail.com","message":"failed to process due to network exception."},{"id":"955c3f6b-605f-4e05-b89d-fe867ebc5cd8","email":"jack.thompson@me.com","message":"failed to process due to datastore timeout of 30 seconds.  operation took 126 seconds."},{"id":"9ee6c9d9-d5e4-41f8-afbe-4235c9c1b570","email":"matthew.walker@amerisave.com","message":"successfully parsed message, but message temporarily enqueued while system restarts."},{"id":"81b9c56a-9b8f-4155-811e-6b9dc5287b75","email":"emily.taylor@gmail.com","message":"successfully handled skipped operation."},{"id":"af561b0b-9e1f-41bf-81ec-79545671e531","email":"mia.perez@me.com","message":"failed to process due to network exception."},{"id":"7ece1ea3-7bda-455b-8733-925a2dd034c9","email":"logan.clark@dropbox.net","message":"failed to process due to network exception."},{"id":"6b971e76-bc75-4baa-b67f-2f0a78282bcd","email":"jackson.white@gmail.com","message":"successfully handled skipped operation."},{"id":"bfd5f132-d1f1-42f9-81ce-f77001e5580e","email":"jackson.white@gmail.com","message":"failed to process due to datastore timeout of 30 seconds.  operation took 64 seconds."},{"id":"a875c1e3-99fa-4ea0-9eb0-37152824044b","email":"aiden.johnson@microsoft.com","message":"successfully handled skipped operation."},{"id":"2845f192-aaed-48fc-a905-3f2c0b8d37bc","email":"emily.taylor@gmail.com","message":"failed to process due to datastore timeout of 30 seconds.  operation took 106 seconds."},{"id":"6dd79ec5-bb3f-4b0e-8689-ee32f6c5ce6f","email":"emma.thomas@me.com","message":"failed to process due to network exception."},{"id":"bc6a9735-e219-43a5-9af9-3fe9cfbc3004","email":"isabella.jackson@amerisave.com","message":"successfully handled skipped operation."},{"id":"34342e26-08a4-47bb-8c60-b0e1ac96c046","email":"logan.clark@dropbox.net","message":"successfully handled skipped operation."},{"id":"59d40160-a370-4eb7-89ae-5dd8ab6b4f78","email":"isabella.jackson@amerisave.com","message":"failed to process due to network exception."},{"id":"606c7716-6f89-4274-872a-39a2e1318875","email":"ryan.king@dropbox.net","message":"successfully parsed message, but message temporarily enqueued while system restarts."},{"id":"75731ab1-e269-4823-90a4-8a1dd66cb41e","email":"taylor.adams@gmail.com","message":"failed to process due to network exception."},{"id":"3a4b2baf-01cd-4310-aa18-8d32e958f2b8","email":"sophia.baker@dropbox.net","message":"successfully processed after 8413 milliseconds."},{"id":"872e3b6c-72a2-4131-930b-444fa276d8b9","email":"sophia.baker@dropbox.net","message":"successfully handled skipped operation."},{"id":"caccf7df-9124-4a05-ae2a-4348dda49315","email":"sarah.green@amerisave.com","message":"successfully handled skipped operation."},{"id":"7dee83f7-c4e2-4e0a-8bd4-5385434c2511","email":"nicholas.allen@microsoft.com","message":"failed to process due to network exception."},{"id":"b400e34d-03ea-4131-a1ee-ba9a758b3049","email":"nathan.young@microsoft.com","message":"failed to process due to network exception."},{"id":"c95d4c01-97eb-452b-a3fa-5492ccf9e5bd","email":"hannah.martin@dropbox.net","message":"successfully parsed message, but message temporarily enqueued while system restarts."},{"id":"8f5bd628-693b-418e-998e-3e354147b6c8","email":"ava.davis@gmail.com","message":"successfully processed after 3273 milliseconds."},{"id":"962fa93d-49b4-4e03-8f4b-87e44ba21e2a","email":"mia.perez@me.com","message":"successfully handled skipped operation."},{"id":"10f3caef-f265-4960-a847-191039637a01","email":"nicholas.allen@microsoft.com","message":"successfully handled skipped operation."},{"id":"8cc04d4f-c6dd-40fc-a43b-5909c3301708","email":"taylor.adams@gmail.com","message":"successfully processed after 1943 milliseconds."},{"id":"3bb0c912-cb54-4696-9c37-bd0ea232a20d","email":"logan.clark@dropbox.net","message":"failed to process due to network exception."},{"id":"f7ef3f3e-ef23-4ba6-bd87-aec013ce8482","email":"nicholas.allen@microsoft.com","message":"successfully processed after 6509 milliseconds."},{"id":"97890280-81f5-4a71-b2fc-1fa10f1ca3c9","email":"nathan.young@microsoft.com","message":"successfully parsed message, but message temporarily enqueued while system restarts."},{"id":"42f45ef2-aa1f-4a35-aff0-87a0367caf2e","email":"emma.thomas@me.com","message":"failed to process due to network exception."},{"id":"2800c1a5-0b6f-4cf6-a388-6dafb12edfa3","email":"logan.clark@dropbox.net","message":"successfully parsed message, but message temporarily enqueued while system restarts."},{"id":"d034e79e-fda3-42a5-afcc-7078568fd8e7","email":"nicholas.allen@microsoft.com","message":"successfully parsed message, but message temporarily enqueued while system restarts."},{"id":"e543e75b-092b-4885-9e7a-993b24653749","email":"nathan.young@microsoft.com","message":"successfully parsed message, but message temporarily enqueued while system restarts."},{"id":"c96e298b-1da8-4b50-b478-b5117ca5c214","email":"grace.moore@gmail.com","message":"successfully handled skipped operation."},{"id":"758fc9a0-71b2-435c-8e4b-82938d5c50ec","email":"emma.thomas@me.com","message":"failed to process due to datastore timeout of 30 seconds.  operation took 111 seconds."},{"id":"a4365796-e0d0-4673-b368-687588704741","email":"isabella.jackson@amerisave.com","message":"failed to process due to datastore timeout of 30 seconds.  operation took 50 seconds."},{"id":"1c61f897-c551-43d5-8145-6a752659814f","email":"grace.moore@gmail.com","message":"successfully handled skipped operation."},{"id":"2477ee08-f222-4d8b-87bf-c485c877a2a0","email":"lily.harris@gmail.com","message":"successfully parsed message, but message temporarily enqueued while system restarts."},{"id":"68d3e10a-41bd-45bf-99b7-ec887b9da8c1","email":"alyssa.jones@amerisave.com","message":"failed to process due to network exception."},{"id":"1f7d747b-222e-4b1c-8e16-da3dc0bceb2b","email":"tyler.nelson@microsoft.com","message":"failed to process due to datastore timeout of 30 seconds.  operation took 90 seconds."},{"id":"cf8c5ff8-5134-4c48-88bb-3045e5a971c1","email":"jacob.lopez@dropbox.net","message":"successfully parsed message, but message temporarily enqueued while system restarts."},{"id":"2df6984d-ea9f-4272-b83d-b1fb67b27412","email":"logan.clark@dropbox.net","message":"successfully parsed message, but message temporarily enqueued while system restarts."},{"id":"9c0751fe-bbd7-42d7-b486-f183a008191c","email":"emily.taylor@gmail.com","message":"failed to process due to network exception."},{"id":"20650bf7-5a11-47bc-a2fa-12b4c7fbe806","email":"mason.robinson@amerisave.com","message":"failed to process due to datastore timeout of 30 seconds.  operation took 49 seconds."},{"id":"b44fa332-daa5-4ff2-9c37-6dfdb91f17bf","email":"emma.thomas@me.com","message":"failed to process due to network exception."},{"id":"6f78c4ee-9c32-4251-9f65-f419f7de24b0","email":"alyssa.jones@amerisave.com","message":"failed to process due to datastore timeout of 30 seconds.  operation took 108 seconds."},{"id":"cf628176-f14e-4c73-9595-166e58f799cf","email":"emily.taylor@gmail.com","message":"failed to process due to datastore timeout of 30 seconds.  operation took 91 seconds."},{"id":"0300c08c-2e4f-4f49-aba1-4245c7ee8624","email":"olivia.wright@gmail.com","message":"successfully handled skipped operation."},{"id":"0027460c-c1d6-419c-bba0-b10b37cad7ad","email":"grace.moore@gmail.com","message":"failed to process due to datastore timeout of 30 seconds.  operation took 101 seconds."},{"id":"9c00a293-6750-4d05-9443-dfbc8904f587","email":"madison.lewis@gmail.com","message":"successfully processed after 1790 milliseconds."},{"id":"9c8d89db-5830-4700-a510-cb28466d5a8f","email":"ethan.hernandez@microsoft.com","message":"successfully processed after 1805 milliseconds."},{"id":"af62bcf4-8da5-470f-80b1-3323785af296","email":"andrew.miller@gmail.com","message":"successfully handled skipped operation."},{"id":"7a007b25-e93a-40a3-8ebd-40674811d35f","email":"alexander.williams@gmail.com","message":"successfully parsed message, but message temporarily enqueued while system restarts."},{"id":"187eeb10-e08a-42b7-b6b0-74b8d1780580","email":"alyssa.jones@amerisave.com","message":"failed to process due to datastore timeout of 30 seconds.  operation took 65 seconds."},{"id":"cba00bef-8721-480e-96fa-10139618673c","email":"noah.sanchez@me.com","message":"successfully processed after 8730 milliseconds."},{"id":"08518094-9e83-45ab-9048-e6b8b3a2d97c","email":"jackson.white@gmail.com","message":"successfully processed after 5396 milliseconds."},{"id":"b9a873d0-fadc-43cf-8986-f456dc00fc0c","email":"chloe.garcia@dropbox.net","message":"successfully parsed message, but message temporarily enqueued while system restarts."},{"id":"738e7088-61b3-4ffd-8d80-2abb8c64712d","email":"isabella.jackson@amerisave.com","message":"failed to process due to network exception."},{"id":"ee0f3d4e-eb92-4d67-8e1e-b38ad7fe3e74","email":"jackson.white@gmail.com","message":"failed to process due to network exception."},{"id":"4cb75f85-0508-4a1c-b1ef-003110524840","email":"jack.thompson@me.com","message":"failed to process due to datastore timeout of 30 seconds.  operation took 52 seconds."},{"id":"2ae115aa-c072-456b-915d-d8936adb43ff","email":"emily.taylor@gmail.com","message":"successfully handled skipped operation."},{"id":"6e6aa3c9-2d7e-44b4-942f-8d58a89ae9c1","email":"sophia.baker@dropbox.net","message":"successfully parsed message, but message temporarily enqueued while system restarts."},{"id":"1e871134-2589-4ddb-813f-6758ad14cec0","email":"ella.anderson@dropbox.net","message":"successfully handled skipped operation."},{"id":"a7c81b1b-45ea-4c67-afa2-3d73c39beb50","email":"elizabeth.martinez@dropbox.net","message":"successfully parsed message, but message temporarily enqueued while system restarts."},{"id":"3514bd60-97e2-4c4b-841b-e5481e014883","email":"noah.sanchez@me.com","message":"successfully handled skipped operation."},{"id":"4eb75c81-6da0-45c4-976d-e5fdea309b80","email":"lily.harris@gmail.com","message":"failed to process due to datastore timeout of 30 seconds.  operation took 74 seconds."},{"id":"371566fb-c712-4ef5-b94f-0354e007f191","email":"jacob.lopez@dropbox.net","message":"failed to process due to datastore timeout of 30 seconds.  operation took 104 seconds."},{"id":"515b8562-b6de-4e4c-a85d-1e1aa498f845","email":"mia.perez@me.com","message":"successfully parsed message, but message temporarily enqueued while system restarts."},{"id":"a7eaff56-2640-4612-a24c-1e17d3391c16","email":"ethan.hernandez@microsoft.com","message":"failed to process due to datastore timeout of 30 seconds.  operation took 99 seconds."},{"id":"3a91fb92-6ee6-4846-9a88-ed4f680bb2f8","email":"joshua.lee@gmail.com","message":"successfully parsed message, but message temporarily enqueued while system restarts."},{"id":"42365249-9d3d-4d08-bf01-9523d982caba","email":"alyssa.jones@amerisave.com","message":"failed to process due to network exception."},{"id":"ebfe5b56-7dd7-4f6d-ac60-db14107b38ae","email":"emily.taylor@gmail.com","message":"successfully parsed message, but message temporarily enqueued while system restarts."},{"id":"bda11c0a-c67b-480a-8e9f-cf0684d643c8","email":"matthew.walker@amerisave.com","message":"successfully parsed message, but message temporarily enqueued while system restarts."},{"id":"169adb1e-4639-4103-9906-b08b183a192f","email":"nicholas.allen@microsoft.com","message":"failed to process due to network exception."},{"id":"79002da0-90d3-47fa-bc4e-5c38ef41d512","email":"emily.taylor@gmail.com","message":"successfully parsed message, but message temporarily enqueued while system restarts."},{"id":"ab4fe74b-9095-4b75-b8fb-91f8c633e040","email":"nathan.young@microsoft.com","message":"successfully handled skipped operation."},{"id":"d449221e-c8b3-4b6d-8274-739bd6bd4c28","email":"ella.anderson@dropbox.net","message":"successfully handled skipped operation."},{"id":"e915ca3c-1088-4520-bd1e-d87c56a8e3b1","email":"chloe.garcia@dropbox.net","message":"failed to process due to network exception."},{"id":"423f018d-2add-471d-a0fa-83f0114ea3ef","email":"abigail.smith@amerisave.com","message":"failed to process due to datastore timeout of 30 seconds.  operation took 46 seconds."},{"id":"89270b14-80ef-4785-9c5c-041ce482ddb2","email":"sarah.green@amerisave.com","message":"failed to process due to network exception."},{"id":"a4eb0bb1-7832-4307-8390-7f9f0bfdef02","email":"ryan.king@dropbox.net","message":"successfully parsed message, but message temporarily enqueued while system restarts."},{"id":"5f80e92f-0b56-4a26-8156-c6cd20bc04da","email":"logan.clark@dropbox.net","message":"failed to process due to network exception."},{"id":"f3cb9dd3-01a0-41d6-82a0-7b96c2243f27","email":"liam.gonzalez@me.com","message":"failed to process due to datastore timeout of 30 seconds.  operation took 38 seconds."},{"id":"f5c6bbc1-eeff-4421-9e0e-b60b309df5d3","email":"jack.thompson@me.com","message":"successfully processed after 9332 milliseconds."},{"id":"825df029-b0cd-49d3-8651-8ba3c1dd5187","email":"sarah.green@amerisave.com","message":"failed to process due to network exception."},{"id":"d1f0c3f7-1dd1-4d5b-b9d2-e1dc7613ee4d","email":"ethan.hernandez@microsoft.com","message":"successfully parsed message, but message temporarily enqueued while system restarts."},{"id":"933cf2b6-b701-40dd-9178-3a7671a0c7ad","email":"hannah.martin@dropbox.net","message":"successfully handled skipped operation."},{"id":"1a212edc-9d33-40ac-a6be-c79d73356ee0","email":"mia.perez@me.com","message":"successfully handled skipped operation."},{"id":"272c9661-d341-4eff-b2ae-6abf479b22d7","email":"tyler.nelson@microsoft.com","message":"successfully handled skipped operation."},{"id":"40fd1f21-a3a7-494e-a1f9-8cb0b8768358","email":"ethan.hernandez@microsoft.com","message":"successfully processed after 5129 milliseconds."},{"id":"89e6204f-2373-4eec-8a41-e3292f9bf132","email":"joshua.lee@gmail.com","message":"successfully handled skipped operation."},{"id":"57870e5a-6322-4e30-aaca-154ce7222c31","email":"emma.thomas@me.com","message":"successfully processed after 6993 milliseconds."},{"id":"4e928ff1-30be-4fd7-ad36-c8d3770fde85","email":"mason.robinson@amerisave.com","message":"failed to process due to datastore timeout of 30 seconds.  operation took 117 seconds."},{"id":"5bca4d85-499f-4f8f-9cd0-7e2a6f7d0de9","email":"madison.lewis@gmail.com","message":"failed to process due to network exception."},{"id":"15e5342a-03e0-4325-ab2d-c90c7f2a232f","email":"jacob.lopez@dropbox.net","message":"failed to process due to network exception."},{"id":"7e36ed2b-34fa-4ec0-9ea2-a3a8cdce9630","email":"ryan.king@dropbox.net","message":"successfully processed after 7283 milliseconds."},{"id":"18dffe42-a686-437a-8fb0-d50f8ba0a8cc","email":"mason.robinson@amerisave.com","message":"successfully handled skipped operation."},{"id":"746e7e51-0e1a-4181-aba4-c5fd70a9ea42","email":"dylan.wilson@gmail.com","message":"failed to process due to network exception."},{"id":"11b76f26-2c86-4cc1-8646-50081d06fd2f","email":"emma.thomas@me.com","message":"failed to process due to datastore timeout of 30 seconds.  operation took 77 seconds."},{"id":"2b4bcda3-867e-4f28-b650-4b93fdc3251d","email":"aiden.johnson@microsoft.com","message":"failed to process due to network exception."},{"id":"f35be1b0-1e2b-4a6d-ba50-b64772c87f80","email":"mason.robinson@amerisave.com","message":"failed to process due to network exception."},{"id":"24837621-8207-434a-a5e8-6546267201d3","email":"logan.clark@dropbox.net","message":"successfully parsed message, but message temporarily enqueued while system restarts."},{"id":"2a88c895-b49b-4591-8620-09abc083388e","email":"jackson.white@gmail.com","message":"failed to process due to network exception."},{"id":"f3b30b02-6ff6-4079-84a5-e644ccf27da7","email":"ethan.hernandez@microsoft.com","message":"successfully handled skipped operation."},{"id":"d574b4e4-51e8-4ec7-8ac2-fecacb4b0b6e","email":"ryan.king@dropbox.net","message":"successfully handled skipped operation."},{"id":"6c04cf80-9fbe-45e9-992f-2dd2e3fd0b98","email":"joshua.lee@gmail.com","message":"successfully processed after 4648 milliseconds."},{"id":"10221af0-939b-4038-9722-1c3833d19787","email":"isabella.jackson@amerisave.com","message":"successfully processed after 4934 milliseconds."},{"id":"589fcbca-1545-4802-b1b2-cb0e1b53d613","email":"dylan.wilson@gmail.com","message":"successfully handled skipped operation."},{"id":"1c3e2279-3e42-4f03-8655-46be475cbc29","email":"logan.clark@dropbox.net","message":"failed to process due to network exception."},{"id":"98e0cfd9-943b-46ae-9b09-e2bbce311594","email":"aiden.johnson@microsoft.com","message":"failed to process due to network exception."},{"id":"68887c19-d231-4050-98ef-46e48596aa8e","email":"liam.gonzalez@me.com","message":"successfully processed after 8667 milliseconds."},{"id":"47f500d0-9556-4089-a0ab-1464e131cfb0","email":"grace.moore@gmail.com","message":"successfully handled skipped operation."},{"id":"8208649c-98f1-4cae-8609-0429ad2384cc","email":"tyler.nelson@microsoft.com","message":"successfully handled skipped operation."},{"id":"406f399b-3000-4b30-97df-65e29cde0435","email":"noah.sanchez@me.com","message":"failed to process due to datastore timeout of 30 seconds.  operation took 119 seconds."},{"id":"b08566d9-58dc-4541-b69d-a18f00aa8858","email":"elizabeth.martinez@dropbox.net","message":"successfully parsed message, but message temporarily enqueued while system restarts."},{"id":"edb8f660-25fe-41a9-9f21-3db7753cd45d","email":"jackson.white@gmail.com","message":"successfully parsed message, but message temporarily enqueued while system restarts."},{"id":"4f84a191-1f24-410e-a6b1-4e5b247a87b9","email":"samantha.scott@me.com","message":"failed to process due to datastore timeout of 30 seconds.  operation took 51 seconds."},{"id":"8f898ff3-66bf-4274-bad9-0df689681cbe","email":"joshua.lee@gmail.com","message":"successfully handled skipped operation."},{"id":"7ded05cc-3ac3-4c94-a6e8-8e38e43bf7ed","email":"nicholas.allen@microsoft.com","message":"successfully parsed message, but message temporarily enqueued while system restarts."},{"id":"cd4cb965-b985-407d-bcb9-acdbef33b580","email":"liam.gonzalez@me.com","message":"failed to process due to datastore timeout of 30 seconds.  operation took 117 seconds."},{"id":"2f305883-5cc6-4dce-bfd0-5093ce7e767e","email":"lily.harris@gmail.com","message":"failed to process due to network exception."},{"id":"112a18cc-3623-4474-a983-4cbef9dcd674","email":"dylan.wilson@gmail.com","message":"successfully handled skipped operation."},{"id":"e5c037a0-1575-48a9-b04f-8b1fd29e32ae","email":"jackson.white@gmail.com","message":"successfully processed after 1967 milliseconds."}],"id":"8e934850-ab15-46f4-a6bc-9e06af635c81"}