{"logs":[{"id":"ae016bf4-1f16-440f-af83-cb3c66add2e8","email":"ava.davis@gmail.com","message":"failed to process due to network exception."},{"id":"146b122a-001d-4669-8bfd-93119d2d8d31","email":"ella.anderson@dropbox.net","message":"failed to process due to datastore timeout of 30 seconds.  operation took 113 seconds."},{"id":"b1a37235-bf7d-4c56-9008-22d093b55e4e","email":"emma.thomas@me.com","message":"successfully parsed message, but message temporarily enqueued while system restarts."},{"id":"a25a32f2-a199-4d63-b959-77f1665d0040","email":"samantha.scott@me.com","message":"successfully parsed message, but message temporarily enqueued while system restarts."},{"id":"6024adf5-a845-40df-885b-068c2373dc73","email":"jacob.lopez@dropbox.net","message":"successfully handled skipped operation."},{"id":"fae395f0-3c01-4cac-8940-a85c6062e2f4","email":"isabella.jackson@amerisave.com","message":"successfully parsed message, but message temporarily enqueued while system restarts."},{"id":"30d21b1b-48fd-4f0f-bf8e-1d18223779ee","email":"lily.harris@gmail.com","message":"successfully processed after 9327 milliseconds."},{"id":"28c438f6-083b-42fe-a30c-335246bb4b29","email":"mia.perez@me.com","message":"successfully processed after 4454 milliseconds."},{"id":"e9edf76a-4eb6-4b0a-8700-4a7f5575f634","email":"joshua.lee@gmail.com","message":"successfully parsed message, but message temporarily enqueued while system restarts."},{"id":"642e0180-d35d-418b-bb84-733803d8278e","email":"ella.anderson@dropbox.net","message":"failed to process due to network exception."},{"id":"6ffa7255-c447-4d93-8113-19b91244e839","email":"taylor.adams@gmail.com","message":"successfully handled skipped operation."},{"id":"59c5fa91-aaf4-41e3-9f22-109e0d352145","email":"daniel.rodriguez@amerisave.com","message":"successfully handled skipped operation."},{"id":"e31069a1-434c-4c38-9e1e-6e254ff7cd51","email":"samantha.scott@me.com","message":"successfully handled skipped operation."},{"id":"20d60f93-abaf-4cac-8450-60b2845fd316","email":"nicholas.allen@microsoft.com","message":"failed to process due to datastore timeout of 30 seconds.  operation took 32 seconds."},{"id":"9c6d3b5f-f35b-422b-8dc6-9c56f829c395","email":"ethan.hernandez@microsoft.com","message":"successfully handled skipped operation."},{"id":"ab815e49-84c2-4662-96e6-c2a572e3efd8","email":"michael.hall@dropbox.net","message":"failed to process due to network exception."},{"id":"6b6b788d-e593-481d-9887-4c878ef324dd","email":"nicholas.allen@microsoft.com","message":"failed to process due to datastore timeout of 30 seconds.  operation took 53 seconds."},{"id":"8eb28b1e-fa84-4a66-b657-dbb15bf9b431","email":"joshua.lee@gmail.com","message":"failed to process due to datastore timeout of 30 seconds.  operation took 76 seconds."},{"id":"45422197-b2a1-436c-a021-fa8a0d823d6e","email":"ethan.hernandez@microsoft.com","message":"failed to process due to network exception."},{"id":"f1175898-d0f1-4db1-a849-ca962e006d36","email":"andrew.miller@gmail.com","message":"failed to process due to datastore timeout of 30 seconds.  operation took 107 seconds."},{"id":"60100f76-403a-4743-a826-000ca024aa4c","email":"isabella.jackson@amerisave.com","message":"successfully processed after 8930 milliseconds."},{"id":"c1f39749-c1c6-4dba-a3ba-0ec7ab53c37b","email":"alyssa.jones@amerisave.com","message":"failed to process due to datastore timeout of 30 seconds.  operation took 69 seconds."},{"id":"1166bb35-43f5-4b33-9dd8-3979fae2c755","email":"ella.anderson@dropbox.net","message":"failed to process due to datastore timeout of 30 seconds.  operation took 51 seconds."},{"id":"17572c80-a2b9-4203-a441-d9ebebce34e4","email":"nicholas.allen@microsoft.com","message":"failed to process due to network exception."},{"id":"d21dfe08-3d58-45bb-b97c-ffcd41f50211","email":"emily.taylor@gmail.com","message":"failed to process due to datastore timeout of 30 seconds.  operation took 38 seconds."},{"id":"17b7d7c6-2c47-4a7c-82e0-f35ee3b86ff0","email":"sarah.green@amerisave.com","message":"successfully processed after 2203 milliseconds."},{"id":"1320fcc1-9dc9-4647-9809-0958441e5f64","email":"ryan.king@dropbox.net","message":"successfully handled skipped operation."},{"id":"bb136168-ef01-4f94-a62b-eaba647997cd","email":"matthew.walker@amerisave.com","message":"successfully processed after 2573 milliseconds."},{"id":"c847e373-0649-4c38-a76a-5893ce8b3ccb","email":"alexander.williams@gmail.com","message":"failed to process due to network exception."},{"id":"6d0a96f4-c451-4267-becb-a57a909810a1","email":"samantha.scott@me.com","message":"successfully handled skipped operation."},{"id":"6a7180e4-889a-42e0-b3f3-e3ee0ba3784c","email":"chloe.garcia@dropbox.net","message":"successfully processed after 9195 milliseconds."},{"id":"0116987b-3db1-4860-bf02-a8676f4d1b97","email":"jackson.white@gmail.com","message":"successfully processed after 5358 milliseconds."},{"id":"ff83570c-b1c3-427d-9662-af6b481dfbab","email":"dylan.wilson@gmail.com","message":"failed to process due to network exception."},{"id":"bd2b204b-e042-46fa-be9d-19058d4f8aa1","email":"taylor.adams@gmail.com","message":"successfully handled skipped operation."},{"id":"6b742792-4c08-40c4-9f7f-29c6d11a7914","email":"lily.harris@gmail.com","message":"successfully processed after 1417 milliseconds."},{"id":"f5236f65-697b-4c51-8709-4f5de55b21da","email":"alexander.williams@gmail.com","message":"failed to process due to datastore timeout of 30 seconds.  operation took 51 seconds."},{"id":"82fe2295-f63c-4344-b013-cb9d911565b8","email":"elizabeth.martinez@dropbox.net","message":"successfully parsed message, but message temporarily enqueued while system restarts."},{"id":"3c90b714-3b50-4c5a-9d43-8ef05c17a509","email":"nathan.young@microsoft.com","message":"failed to process due to datastore timeout of 30 seconds.  operation took 70 seconds."},{"id":"3c2e0ae8-b317-476a-9e7c-477cc13be60d","email":"noah.sanchez@me.com","message":"failed to process due to datastore timeout of 30 seconds.  operation took 77 seconds."},{"id":"8e05ae2b-a5bb-47bc-94cd-78427a6d67a0","email":"lily.harris@gmail.com","message":"failed to process due to datastore timeout of 30 seconds.  operation took 43 seconds."},{"id":"adc63399-714d-4e68-8f0d-59b5e4dd490a","email":"michael.hall@dropbox.net","message":"successfully handled skipped operation."},{"id":"d18e0f8b-eb92-4e42-a997-1642f77a2dd1","email":"jacob.lopez@dropbox.net","message":"failed to process due to datastore timeout of 30 seconds.  operation took 113 seconds."},{"id":"2a7c3cc1-bf3d-4914-b3e6-44fb2c88add4","email":"grace.moore@gmail.com","message":"failed to process due to network exception."},{"id":"78d0b233-dc20-401e-948b-c982e007e8af","email":"ethan.hernandez@microsoft.com","message":"failed to process due to network exception."},{"id":"45c11e51-d5a6-481d-8129-dc19ff481aee","email":"mia.perez@me.com","message":"failed to process due to network exception."},{"id":"cfdad92a-c688-4b9f-ba84-a8ed7c9fac06","email":"mia.perez@me.com","message":"successfully parsed message, but message temporarily enqueued while system restarts."},{"id":"01b14987-96da-4afe-b262-07b5f2fd46ae","email":"aiden.johnson@microsoft.com","message":"successfully processed after 7855 milliseconds."},{"id":"6a1456d8-e323-4c74-bff9-b78fab8103bb","email":"ava.davis@gmail.com","message":"successfully handled skipped operation."},{"id":"4fcf8460-24f0-4093-b2ee-0c28cf2f95c1","email":"liam.gonzalez@me.com","message":"successfully handled skipped operation."},{"id":"c7fe8d78-c195-43b9-9e85-3429d9d5604c","email":"alyssa.jones@amerisave.com","message":"failed to process due to network exception."},{"id":"10a1d03f-625b-49c9-9650-87edd69efb1e","email":"logan.clark@dropbox.net","message":"successfully handled skipped operation."},{"id":"eb8f0114-7de9-42e0-a586-8ee14ab19d2f","email":"alexander.williams@gmail.com","message":"successfully handled skipped operation."},{"id":"4e414161-f2b1-407b-8e71-3227a380faef","email":"samantha.scott@me.com","message":"successfully handled skipped operation."},{"id":"aeb9efe4-809b-4a74-8c31-431212788f68","email":"joshua.lee@gmail.com","message":"successfully parsed message, but message temporarily enqueued while system restarts."},{"id":"af952a31-2cef-48d2-ac54-81a95668c85b","email":"chloe.garcia@dropbox.net","message":"failed to process due to network exception."},{"id":"74519da2-9b4c-4b6e-8f79-3b7734104082","email":"samantha.scott@me.com","message":"failed to process due to network exception."},{"id":"b92f4118-d87e-415c-a627-e1d58af51f86","email":"matthew.walker@amerisave.com","message":"failed to process due to network exception."},{"id":"dbd47af4-b2b8-43b7-85db-9ba7ec67d8fc","email":"madison.lewis@gmail.com","message":"failed to process due to datastore timeout of 30 seconds.  operation took 97 seconds."},{"id":"b7b71c95-5f1a-42bd-9b53-7820b9a8e8ae","email":"grace.moore@gmail.com","message":"successfully handled skipped operation."},{"id":"e43cdf4c-754e-47c5-8114-b57b1927cf73","email":"michael.hall@dropbox.net","message":"failed to process due to network exception."},{"id":"eb274cd3-a7ca-4246-9a1f-725972254622","email":"lily.harris@gmail.com","message":"successfully processed after 6119 milliseconds."},{"id":"2708ce3e-7b0b-46ac-8ed6-0164565bcda8","email":"aiden.johnson@microsoft.com","message":"successfully processed after 3778 milliseconds."},{"id":"28b97a87-6c52-4f65-8258-7259599d632a","email":"abigail.smith@amerisave.com","message":"failed to process due to datastore timeout of 30 seconds.  operation took 65 seconds."},{"id":"17e20c18-b63c-47bc-b152-4eb97c3b0c2c","email":"jackson.white@gmail.com","message":"failed to process due to network exception."},{"id":"a43e978d-19ed-4e54-8fe5-6bce5dcbf293","email":"logan.clark@dropbox.net","message":"successfully parsed message, but message temporarily enqueued while system restarts."},{"id":"20277ac9-c655-4932-897b-cfcec54eac74","email":"abigail.smith@amerisave.com","message":"failed to process due to network exception."},{"id":"4dd9878b-e5f4-4687-a8cd-fc72246a642b","email":"ethan.hernandez@microsoft.com","message":"successfully parsed message, but message temporarily enqueued while system restarts."},{"id":"8fb55636-7d9c-4ee4-82cc-1bcc3adfe7a5","email":"alyssa.jones@amerisave.com","message":"failed to process due to datastore timeout of 30 seconds.  operation took 48 seconds."},{"id":"6f483c8b-7f05-4777-b6ac-45d78b49b4f2","email":"chloe.garcia@dropbox.net","message":"failed to process due to datastore timeout of 30 seconds.  operation took 67 seconds."},{"id":"5fdf2a09-af4b-47f2-9ce1-aa300ef230ff","email":"alyssa.jones@amerisave.com","message":"failed to process due to network exception."},{"id":"043bec6b-fa3e-4e21-bc44-2fbb2e0f4937","email":"aiden.johnson@microsoft.com","message":"failed to process due to network exception."},{"id":"ad963a04-2dcf-4f37-b0e9-4682dfe5aa51","email":"nicholas.allen@microsoft.com","message":"successfully processed after 8257 milliseconds."},{"id":"51855638-d936-4f32-974c-f1af2353f3c8","email":"nathan.young@microsoft.com","message":"successfully parsed message, but message temporarily enqueued while system restarts."},{"id":"21b6765c-15e5-49ca-a1e9-e7e5e36cad5f","email":"ethan.hernandez@microsoft.com","message":"successfully processed after 8178 milliseconds."},{"id":"c9df3bdf-5b27-46a4-8e6d-76a22d0bbb2e","email":"logan.clark@dropbox.net","message":"successfully parsed message, but message temporarily enqueued while system restarts."},{"id":"a8b2cb19-569a-4ad8-be0c-ba0670973ee5","email":"jack.thompson@me.com","message":"failed to process due to datastore timeout of 30 seconds.  operation took 119 seconds."},{"id":"b53a8624-5c9f-4dc7-acd5-2fda96f65830","email":"samantha.scott@me.com","message":"failed to process due to network exception."},{"id":"c01d8b50-c9a8-4156-a967-98b2d06ab47e","email":"michael.hall@dropbox.net","message":"failed to process due to network exception."},{"id":"c4f279ab-0718-4387-94a1-1bbc8536713b","email":"ella.anderson@dropbox.net","message":"failed to process due to datastore timeout of 30 seconds.  operation took 105 seconds."},{"id":"2137b4a2-a050-4636-8de0-56ad563ce638","email":"michael.hall@dropbox.net","message":"failed to process due to network exception."},{"id":"5cf618be-4831-4eca-9e2d-c7ab02cd65b0","email":"grace.moore@gmail.com","message":"failed to process due to datastore timeout of 30 seconds.  operation took 122 seconds."},{"id":"8018925e-a1d1-42ed-85b5-15f8d06b3a00","email":"matthew.walker@amerisave.com","message":"successfully processed after 3874 milliseconds."},{"id":"d6c8c01c-5e04-435f-b276-716c6b5984bf","email":"elizabeth.martinez@dropbox.net","message":"successfully handled skipped operation."},{"id":"85b8f8d9-3c9a-4689-bc7c-d167b1ac7db2","email":"taylor.adams@gmail.com","message":"failed to process due to network exception."},{"id":"d18aa2c3-441b-43c1-95df-99ef3742c05a","email":"matthew.walker@amerisave.com","message":"successfully handled skipped operation."},{"id":"7aef500e-a3a2-4bd6-ba4f-fc12358e4911","email":"tyler.nelson@microsoft.com","message":"successfully parsed message, but message temporarily enqueued while system restarts."},{"id":"4215a6ee-a297-4476-ad60-97877398a8ff","email":"lily.harris@gmail.com","message":"failed to process due to datastore timeout of 30 seconds.  operation took 34 seconds."},{"id":"ebf29242-e04a-4411-9d18-cbbdf3b65da5","email":"chloe.garcia@dropbox.net","message":"successfully handled skipped operation."},{"id":"db0557d1-5614-4edc-b344-2fe446e44c26","email":"noah.sanchez@me.com","message":"failed to process due to network exception."},{"id":"06909da3-161c-462c-962f-79bed39f992d","email":"liam.gonzalez@me.com","message":"successfully parsed message, but message temporarily enqueued while system restarts."},{"id":"cd340f9b-f120-4947-bbd0-3a20bd2075cd","email":"olivia.wright@gmail.com","message":"failed to process due to network exception."},{"id":"80f518cb-0838-499c-9dc3-f3c7dc192a37","email":"alyssa.jones@amerisave.com","message":"successfully parsed message, but message temporarily enqueued while system restarts."},{"id":"c76421df-8ebc-4d9f-bc95-f8d28d29ac69","email":"emily.taylor@gmail.com","message":"successfully handled skipped operation."},{"id":"cd33b058-a720-4a6c-b045-96ec155f8579","email":"jacob.lopez@dropbox.net","message":"successfully handled skipped operation."},{"id":"68e1e025-16df-47e8-b63a-8c6bfafc9604","email":"jackson.white@gmail.com","message":"successfully handled skipped operation."},{"id":"f0b05b35-11e0-4ccf-b5d5-0786ae3c0b15","email":"taylor.adams@gmail.com","message":"successfully handled skipped operation."},{"id":"41005df7-1509-4598-bdee-8de34270993a","email":"hannah.martin@dropbox.net","message":"successfully processed after 6393 milliseconds."},{"id":"8808b4fc-63dd-45da-904b-bdf41537af76","email":"elizabeth.martinez@dropbox.net","message":"successfully handled skipped operation."},{"id":"b76e0d4c-4f02-4b9a-b6bc-5f5d86b637a6","email":"ella.anderson@dropbox.net","message":"failed to process due to datastore timeout of 30 seconds.  operation took 115 seconds."},{"id":"22e3f977-8688-4e72-8e4c-5042a88d3a09","email":"joshua.lee@gmail.com","message":"failed to process due to network exception."},{"id":"db28e044-203d-4f18-bce3-ef9dfd3d62fe","email":"ava.davis@gmail.com","message":"failed to process due to datastore timeout of 30 seconds.  operation took 83 seconds."},{"id":"b7271494-67cb-4f0b-94fb-98c0f2a58d65","email":"samantha.scott@me.com","message":"failed to process due to network exception."},{"id":"5915474f-0481-4cf6-b768-afaa2fa48eae","email":"isabella.jackson@amerisave.com","message":"failed to process due to datastore timeout of 30 seconds.  operation took 119 seconds."},{"id":"97f680df-611d-4292-8cb7-b4a884c69d74","email":"nathan.young@microsoft.com","message":"failed to process due to network exception."},{"id":"b5c779bf-0b98-410f-93f5-7198557054dd","email":"hannah.martin@dropbox.net","message":"successfully handled skipped operation."},{"id":"7e7f1dbb-8777-4a29-864b-543f1809d70d","email":"ryan.king@dropbox.net","message":"successfully parsed message, but message temporarily enqueued while system restarts."},{"id":"be38de1c-0c1d-46a7-99b7-5fe6695dd398","email":"sarah.green@amerisave.com","message":"successfully processed after 6924 milliseconds."},{"id":"b9b81840-6c0b-43be-8d69-f622efc44c64","email":"jack.thompson@me.com","message":"successfully handled skipped operation."},{"id":"5d9c4aa0-8cc0-4a73-b084-026bea4d5455","email":"noah.sanchez@me.com","message":"successfully processed after 8953 milliseconds."},{"id":"2ca629b8-c356-4c38-89ac-14af806233eb","email":"olivia.wright@gmail.com","message":"successfully parsed message, but message temporarily enqueued while system restarts."},{"id":"21138834-3697-479c-be29-15d090614ceb","email":"ryan.king@dropbox.net","message":"failed to process due to network exception."},{"id":"2f16c274-0feb-4eca-bf36-81c89b4bd3ea","email":"isabella.jackson@amerisave.com","message":"failed to process due to datastore timeout of 30 seconds.  operation took 125 seconds."},{"id":"11c4e800-a17b-4efb-bb3e-6511e64bf07e","email":"sarah.green@amerisave.com","message":"failed to process due to datastore timeout of 30 seconds.  operation took 39 seconds."},{"id":"f3ca7cee-1f57-46c9-8114-fe38df01395b","email":"ava.davis@gmail.com","message":"failed to process due to datastore timeout of 30 seconds.  operation took 50 seconds."},{"id":"c7f04123-fd1d-42a1-af63-a10a9a805e88","email":"madison.lewis@gmail.com","message":"successfully processed after 3734 milliseconds."},{"id":"064a7705-ef2f-465c-802e-392963df518e","email":"tyler.nelson@microsoft.com","message":"successfully parsed message, but message temporarily enqueued while system restarts."},{"id":"4bc1e811-2bdf-4ce5-8f3d-0fe7ff913cc2","email":"liam.gonzalez@me.com","message":"successfully parsed message, but message temporarily enqueued while system restarts."},{"id":"658ff812-0bc6-481d-b90c-376c6bfd6add","email":"emily.taylor@gmail.com","message":"failed to process due to network exception."},{"id":"a93ad0ac-9ef5-45f2-b727-97394aed20fe","email":"emily.taylor@gmail.com","message":"failed to process due to network exception."},{"id":"0df0d6fe-3adf-4f1f-ab80-b1dfe70e3ffb","email":"lily.harris@gmail.com","message":"failed to process due to network exception."},{"id":"cec3c12a-1c68-45f8-8b0b-312924cafa7d","email":"noah.sanchez@me.com","message":"successfully parsed message, but message temporarily enqueued while system restarts."},{"id":"2cffc2b4-6c8a-43c3-b31c-1d9e06ad4cf7","email":"ava.davis@gmail.com","message":"successfully processed after 3260 milliseconds."},{"id":"8efd4b5d-c2ae-4594-973e-fb08422e5f70","email":"emma.thomas@me.com","message":"successfully processed after 7540 milliseconds."},{"id":"91a4202f-7c8b-451a-9f04-4f5193526b3b","email":"ryan.king@dropbox.net","message":"failed to process due to network exception."},{"id":"d73a17d3-1d9f-4975-8682-6277d65de796","email":"jackson.white@gmail.com","message":"successfully processed after 8654 milliseconds."},{"id":"ba707f3c-c6b2-4a02-bb02-89f7887cd2db","email":"madison.lewis@gmail.com","message":"successfully processed after 6668 milliseconds."},{"id":"b8a7785b-7efa-40b1-a095-fc65ce66af02","email":"andrew.miller@gmail.com","message":"successfully parsed message, but message temporarily enqueued while system restarts."},{"id":"fe0d0ab3-f91d-4f54-8495-169987c9a259","email":"mason.robinson@amerisave.com","message":"successfully handled skipped operation."},{"id":"f737fcc3-04d3-4684-b3d4-a4c20981fb15","email":"daniel.rodriguez@amerisave.com","message":"successfully processed after 6441 milliseconds."},{"id":"988e86a2-31c4-4941-bcfb-c8ba104f6d15","email":"grace.moore@gmail.com","message":"failed to process due to network exception."},{"id":"8d0ed40c-39ab-4f45-a371-4043b753af3b","email":"tyler.nelson@microsoft.com","message":"successfully parsed message, but message temporarily enqueued while system restarts."},{"id":"45eaab6c-3eb0-44d8-a26d-2484f4754a78","email":"tyler.nelson@microsoft.com","message":"failed to process due to network exception."},{"id":"6d73f163-b707-458b-9323-81a1d0cafe62","email":"emily.taylor@gmail.com","message":"failed to process due to datastore timeout of 30 seconds.  operation took 61 seconds."},{"id":"9da9a38b-49bb-4760-aeb7-6c059e56975c","email":"alexis.brown@microsoft.com","message":"successfully processed after 5559 milliseconds."},{"id":"47fa6687-0134-43a2-b058-1f21bba51566","email":"daniel.rodriguez@amerisave.com","message":"successfully handled skipped operation."},{"id":"ecace804-29ec-407d-8844-341f8c214788","email":"sarah.green@amerisave.com","message":"successfully parsed message, but message temporarily enqueued while system restarts."},{"id":"b83e6bef-70f9-4197-913d-dd000a2f1ce5","email":"ryan.king@dropbox.net","message":"successfully processed after 9559 milliseconds."},{"id":"06b8e2b2-5dce-4ef9-9b5f-cd1f88087895","email":"daniel.rodriguez@amerisave.com","message":"successfully parsed message, but message temporarily enqueued while system restarts."},{"id":"00942aec-f883-434b-8a31-194fc51a7f95","email":"sophia.baker@dropbox.net","message":"failed to process due to datastore timeout of 30 seconds.  operation took 110 seconds."},{"id":"a2a9a9f5-6fc7-4d81-b190-2a99e0ca4200","email":"nicholas.allen@microsoft.com","message":"successfully parsed message, but message temporarily enqueued while system restarts."},{"id":"ac9c76d5-5bd6-4365-a760-530e1a1644b6","email":"sophia.baker@dropbox.net","message":"successfully handled skipped operation."},{"id":"952c60a6-62fc-4826-93f5-973a67d0e4ac","email":"liam.gonzalez@me.com","message":"successfully parsed message, but message temporarily enqueued while system restarts."},{"id":"b73386e5-8d5f-4f9c-b83d-d9c08b4bb8e3","email":"abigail.smith@amerisave.com","message":"successfully processed after 1501 milliseconds."},{"id":"c0ce3cd6-a746-42e9-b854-e2036358a8c8","email":"jack.thompson@me.com","message":"failed to process due to network exception."},{"id":"ee0bb0ee-f3bf-4410-a810-23da5962f18e","email":"jackson.white@gmail.com","message":"successfully processed after 7485 milliseconds."},{"id":"79188982-b332-4914-9846-da77eb5b2048","email":"hannah.martin@dropbox.net","message":"failed to process due to datastore timeout of 30 seconds.  operation took 83 seconds."},{"id":"a9589f49-49ca-416f-a0c9-e5a900e68f4c","email":"jackson.white@gmail.com","message":"failed to process due to datastore timeout of 30 seconds.  operation took 67 seconds."},{"id":"9f74a562-02e5-4626-9f51-55598806782e","email":"elizabeth.martinez@dropbox.net","message":"failed to process due to datastore timeout of 30 seconds.  operation took 103 seconds."},{"id":"0b76ee7d-655a-44bc-90c4-7c12d11d5b80","email":"taylor.adams@gmail.com","message":"failed to process due to network exception."},{"id":"e8e002b4-adca-408f-b6db-9f9af647d223","email":"jackson.white@gmail.com","message":"failed to process due to network exception."},{"id":"5519acd2-0d8c-4abc-be0a-989bc97b9fd7","email":"alyssa.jones@amerisave.com","message":"successfully handled skipped operation."},{"id":"e46ad261-c10d-4ed0-a1c3-b5b69b3df94f","email":"ethan.hernandez@microsoft.com","message":"successfully handled skipped operation."},{"id":"265747d4-9669-43f3-89dc-1538cd41679c","email":"alexander.williams@gmail.com","message":"failed to process due to network exception."},{"id":"c8a2e628-2dd5-4a15-8d5e-1ed1a0857b92","email":"matthew.walker@amerisave.com","message":"failed to process due to network exception."},{"id":"9d7b87a8-a383-46d1-908d-ab27f314b2e3","email":"alexis.brown@microsoft.com","message":"failed to process due to network exception."},{"id":"e6b42ff6-3e90-4c5d-8eed-cf36c09f8488","email":"tyler.nelson@microsoft.com","message":"successfully parsed message, but message temporarily enqueued while system restarts."},{"id":"a171b168-e507-4cc6-844d-80cc35eefb62","email":"taylor.adams@gmail.com","message":"successfully handled skipped operation."},{"id":"519095d4-389a-49d6-bff0-8543822401c6","email":"sophia.baker@dropbox.net","message":"failed to process due to datastore timeout of 30 seconds.  operation took 64 seconds."},{"id":"dc020185-7999-4b83-98f4-381f080e89c7","email":"logan.clark@dropbox.net","message":"successfully parsed message, but message temporarily enqueued while system restarts."},{"id":"f449bf29-99ef-4a09-b224-e77731b6d542","email":"hannah.martin@dropbox.net","message":"successfully processed after 150 milliseconds."},{"id":"e91d870c-d958-426f-b75f-87574a6d4f09","email":"andrew.miller@gmail.com","message":"successfully processed after 6401 milliseconds."},{"id":"16e2beba-ae06-42d5-8266-3d0bb1835d42","email":"daniel.rodriguez@amerisave.com","message":"successfully processed after 6318 milliseconds."},{"id":"8ec0df89-de40-4441-93c5-b40e87b29278","email":"dylan.wilson@gmail.com","message":"successfully parsed message, but message temporarily enqueued while system restarts."},{"id":"d23d6f1b-4b24-414c-bda6-67e4d07cad89","email":"sarah.green@amerisave.com","message":"successfully processed after 6055 milliseconds."},{"id":"e9e65f15-0553-4a56-9278-2c989118bcc6","email":"joshua.lee@gmail.com","message":"successfully handled skipped operation."},{"id":"a01a455c-756f-47bf-91ff-85feb003cb62","email":"taylor.adams@gmail.com","message":"failed to process due to network exception."},{"id":"dea8f0f8-2857-48ef-a81f-85642240786f","email":"ella.anderson@dropbox.net","message":"failed to process due to datastore timeout of 30 seconds.  operation took 103 seconds."},{"id":"158f1eac-e4b3-4fd2-bc7b-5f3d3cd18703","email":"joshua.lee@gmail.com","message":"successfully parsed message, but message temporarily enqueued while system restarts."},{"id":"a6c5b9d7-428b-40a0-afb0-a878bcdf8096","email":"dylan.wilson@gmail.com","message":"successfully parsed message, but message temporarily enqueued while system restarts."},{"id":"c2e5ef74-768c-44fa-82e0-5e2816403ebf","email":"alexander.williams@gmail.com","message":"successfully parsed message, but message temporarily enqueued while system restarts."},{"id":"fdbc5065-7b2a-45b9-ad2b-7965d1025d81","email":"logan.clark@dropbox.net","message":"successfully handled skipped operation."},{"id":"191fcd5f-c67f-49c8-ad6d-e6c49c3b2e85","email":"sophia.baker@dropbox.net","message":"successfully handled skipped operation."},{"id":"b02fddfc-6bd4-4ddc-8044-7da94ef72901","email":"aiden.johnson@microsoft.com","message":"failed to process due to datastore timeout of 30 seconds.  operation took 98 seconds."},{"id":"bc270ba9-4c39-4a92-a81a-a622381784de","email":"elizabeth.martinez@dropbox.net","message":"successfully parsed message, but message temporarily enqueued while system restarts."},{"id":"6304d7a8-f0ea-43c5-a517-deaf0e4a4b0f","email":"daniel.rodriguez@amerisave.com","message":"successfully parsed message, but message temporarily enqueued while system restarts."},{"id":"dac791c3-8db0-46cd-9be0-8161479129db","email":"sophia.baker@dropbox.net","message":"successfully parsed message, but message temporarily enqueued while system restarts."},{"id":"871edcf7-ffe8-41f1-bb01-b92759a6cd01","email":"ava.davis@gmail.com","message":"failed to process due to datastore timeout of 30 seconds.  operation took 61 seconds."},{"id":"651e0e19-4bea-45ed-9028-45626048d135","email":"grace.moore@gmail.com","message":"failed to process due to network exception."},{"id":"82709d7e-b689-420f-9a2e-5ee2a60aa6b8","email":"hannah.martin@dropbox.net","message":"successfully processed after 2492 milliseconds."},{"id":"3151b4c5-6381-44b5-a030-ca79af74245c","email":"alyssa.jones@amerisave.com","message":"successfully handled skipped operation."},{"id":"c71923f6-84af-4596-905a-7fccf325acc1","email":"tyler.nelson@microsoft.com","message":"failed to process due to network exception."},{"id":"38736e4f-4a78-4936-a33a-22e2f948b7f5","email":"emma.thomas@me.com","message":"successfully parsed message, but message temporarily enqueued while system restarts."},{"id":"ee2d99f1-fb04-436d-b4d6-05a0485edf83","email":"madison.lewis@gmail.com","message":"successfully processed after 1479 milliseconds."},{"id":"7a0b251b-efab-4c14-9eac-de49110d891c","email":"aiden.johnson@microsoft.com","message":"failed to process due to datastore timeout of 30 seconds.  operation took 119 seconds."},{"id":"3f9b3804-d28c-43e0-b489-1150c41152d8","email":"tyler.nelson@microsoft.com","message":"failed to process due to datastore timeout of 30 seconds.  operation took 40 seconds."},{"id":"f90d8a88-dc1e-44a5-af79-e66d5ebb0dca","email":"liam.gonzalez@me.com","message":"successfully parsed message, but message temporarily enqueued while system restarts."},{"id":"e7246765-1ceb-494c-8514-a0bc62db7caa","email":"hannah.martin@dropbox.net","message":"successfully parsed message, but message temporarily enqueued while system restarts."},{"id":"6283f8d0-425a-4b93-9781-8809e65237aa","email":"ava.davis@gmail.com","message":"successfully processed after 307 milliseconds."},{"id":"e967b763-0b28-4b13-b1da-eb1c0c1019de","email":"liam.gonzalez@me.com","message":"successfully handled skipped operation."},{"id":"3e482865-4fa3-421f-b563-8e598faaa027","email":"madison.lewis@gmail.com","message":"successfully handled skipped operation."},{"id":"4b1fb8cd-af42-4286-b011-d4381ac646e5","email":"elizabeth.martinez@dropbox.net","message":"failed to process due to datastore timeout of 30 seconds.  operation took 126 seconds."},{"id":"86f636ae-c0c1-4bf5-b8d3-29cb3907b9ff","email":"logan.clark@dropbox.net","message":"successfully processed after 9988 milliseconds."},{"id":"ed0a4fcf-481c-4441-85ca-b31c1c5f9eb5","email":"nicholas.allen@microsoft.com","message":"failed to process due to datastore timeout of 30 seconds.  operation took 39 seconds."},{"id":"0841d0f5-68c7-454b-8662-1e3606b98a49","email":"isabella.jackson@amerisave.com","message":"failed to process due to network exception."},{"id":"0e4acea8-7378-4408-b2ad-259ae00fe995","email":"ryan.king@dropbox.net","message":"successfully parsed message, but message temporarily enqueued while system restarts."},{"id":"4a07c089-360c-4a3a-a0ca-0e4bdea88df6","email":"hannah.martin@dropbox.net","message":"failed to process due to network exception."},{"id":"df189eac-2f67-45d1-800b-9b7439851a89","email":"ethan.hernandez@microsoft.com","message":"failed to process due to network exception."},{"id":"5b763f6c-4b44-4889-8a2a-6a18da56d3ed","email":"aiden.johnson@microsoft.com","message":"successfully handled skipped operation."},{"id":"357925f7-0c01-4167-b650-ee112f830223","email":"ella.anderson@dropbox.net","message":"successfully parsed message, but message temporarily enqueued while system restarts."},{"id":"af44d2f1-0bfd-4add-81ef-7a0589b4a288","email":"lily.harris@gmail.com","message":"successfully processed after 7473 milliseconds."},{"id":"a480b77a-dee3-45b7-81f2-5c0a94de5e31","email":"emma.thomas@me.com","message":"successfully parsed message, but message temporarily enqueued while system restarts."},{"id":"7505cf2a-f4e0-49c9-9afa-c7e698aa0cb9","email":"abigail.smith@amerisave.com","message":"successfully processed after 6532 milliseconds."},{"id":"23bab5d1-313b-451a-8ec2-359fd0d8e54a","email":"mia.perez@me.com","message":"successfully parsed message, but message temporarily enqueued while system restarts."},{"id":"33c35ff3-5121-4f14-9b1a-523a248fd361","email":"samantha.scott@me.com","message":"successfully handled skipped operation."},{"id":"978b1691-96d7-4274-8754-b395ec5edef0","email":"emma.thomas@me.com","message":"successfully handled skipped operation."},{"id":"0ced2189-681d-4473-bad4-066c2cdb1d34","email":"lily.harris@gmail.com","message":"failed to process due to datastore timeout of 30 seconds.  operation took 79 seconds."},{"id":"533a1075-5806-4d86-ae10-a401b3e6f013","email":"andrew.miller@gmail.com","message":"successfully processed after 4163 milliseconds."},{"id":"c49a03b2-24ef-4f72-b30e-06edd4119817","email":"ryan.king@dropbox.net","message":"failed to process due to datastore timeout of 30 seconds.  operation took 107 seconds."},{"id":"9131e86a-04b4-46ad-8d2d-17e28d1f38bc","email":"emily.taylor@gmail.com","message":"successfully parsed message, but message temporarily enqueued while system restarts."},{"id":"00647330-dfe1-48df-803e-13a84f492b09","email":"jackson.white@gmail.com","message":"successfully parsed message, but message temporarily enqueued while system restarts."},{"id":"5e2f2f8e-59bf-442d-80c4-27db3032f66b","email":"alexis.brown@microsoft.com","message":"failed to process due to datastore timeout of 30 seconds.  operation took 107 seconds."},{"id":"7e0db761-5f40-4f9a-9ff7-b027cc308f95","email":"olivia.wright@gmail.com","message":"successfully processed after 1203 milliseconds."},{"id":"2dea741d-d600-41b3-8032-278d838eeccc","email":"aiden.johnson@microsoft.com","message":"successfully handled skipped operation."},{"id":"bd3e30dd-4efe-4980-a7d1-275eefa15d9d","email":"tyler.nelson@microsoft.com","message":"failed to process due to network exception."},{"id":"0fc5bfde-8b02-4a7c-be59-128d30069ac5","email":"madison.lewis@gmail.com","message":"successfully handled skipped operation."},{"id":"c62202b6-45ac-46ee-a48c-204a95b25da9","email":"mia.perez@me.com","message":"failed to process due to network exception."},{"id":"d739ef77-b1cd-4fde-9b84-ed8e45d780e7","email":"nathan.young@microsoft.com","message":"failed to process due to datastore timeout of 30 seconds.  operation took 39 seconds."},{"id":"02691726-ae56-4a68-b485-7f9910b2e177","email":"madison.lewis@gmail.com","message":"successfully processed after 9471 milliseconds."},{"id":"19b871ad-b444-49df-ad8f-11ad4826c59b","email":"isabella.jackson@amerisave.com","message":"successfully handled skipped operation."},{"id":"87e35791-436e-4916-908a-41949dd23b8c","email":"dylan.wilson@gmail.com","message":"failed to process due to network exception."},{"id":"19d7100f-8b3d-49ca-b421-3d64a9d216b7","email":"elizabeth.martinez@dropbox.net","message":"successfully parsed message, but message temporarily enqueued while system restarts."},{"id":"4e3005c0-3a68-4b46-8cae-c9a35ae54ea0","email":"chloe.garcia@dropbox.net","message":"successfully handled skipped operation."},{"id":"3d40c037-8636-494f-a22f-5b027c3add74","email":"abigail.smith@amerisave.com","message":"successfully handled skipped operation."},{"id":"423015f1-ad02-49f9-9b93-8816f5bd6646","email":"alyssa.jones@amerisave.com","message":"successfully parsed message, but message temporarily enqueued while system restarts."},{"id":"9e574560-10e7-4327-9ec9-bd049be6a7f2","email":"ava.davis@gmail.com","message":"successfully handled skipped operation."},{"id":"ebd432e9-e0a0-46a8-a5e6-490f67b21e8c","email":"taylor.adams@gmail.com","message":"successfully handled skipped operation."},{"id":"d410cbdb-ff83-4cfa-9063-78cdb4a67bdf","email":"michael.hall@dropbox.net","message":"successfully processed after 7990 milliseconds."},{"id":"dac6d2c1-bcdf-4f73-9e02-f91ae7974fd1","email":"liam.gonzalez@me.com","message":"failed to process due to network exception."},{"id":"af940f35-d9b5-4a9a-a5db-5d7525866ffd","email":"alyssa.jones@amerisave.com","message":"successfully parsed message, but message temporarily enqueued while system restarts."},{"id":"0800a8c3-5ef8-498f-9503-7667ff2af62a","email":"emily.taylor@gmail.com","message":"failed to process due to datastore timeout of 30 seconds.  operation took 98 seconds."},{"id":"f7ff03b9-b6a6-434f-8d31-9223b557d6b8","email":"hannah.martin@dropbox.net","message":"successfully processed after 5702 milliseconds."}],"id":"836e1104-d5b4-400a-bce3-edd4c7b4a8a8"}