{"logs":[{"id":"6a40562e-9a6f-4352-a717-b8e3749ff81a","email":"jack.thompson@me.com","message":"failed to process due to datastore timeout of 30 seconds.  operation took 97 seconds."},{"id":"0e4ab709-d0d8-4e65-b1f4-4cbda2278751","email":"isabella.jackson@amerisave.com","message":"failed to process due to datastore timeout of 30 seconds.  operation took 44 seconds."},{"id":"baf704e1-7e23-4d0c-8d60-19c9bf8b2fba","email":"joshua.lee@gmail.com","message":"successfully parsed message, but message temporarily enqueued while system restarts."},{"id":"a435292b-0484-4810-a18d-a12a87e4f9f5","email":"ava.davis@gmail.com","message":"successfully handled skipped operation."},{"id":"11017cf6-47fa-4cda-9d8b-e7ca4f729885","email":"jack.thompson@me.com","message":"successfully parsed message, but message temporarily enqueued while system restarts."},{"id":"3b4385ca-1bc8-449d-9e75-80038de692ac","email":"olivia.wright@gmail.com","message":"successfully parsed message, but message temporarily enqueued while system restarts."},{"id":"02bdac02-8f9a-4f03-a3d8-93f1b4232859","email":"ella.anderson@dropbox.net","message":"failed to process due to datastore timeout of 30 seconds.  operation took 128 seconds."},{"id":"b26a1a8e-a1ba-44f3-b7df-dd0f4f021d00","email":"michael.hall@dropbox.net","message":"failed to process due to network exception."},{"id":"533c0367-2ffa-4db8-8e0b-68a63ae73276","email":"noah.sanchez@me.com","message":"successfully parsed message, but message temporarily enqueued while system restarts."},{"id":"694eddfa-568e-44b7-9b1e-f9b95e4fd239","email":"mason.robinson@amerisave.com","message":"failed to process due to network exception."},{"id":"fc8f2e67-c589-4053-8323-14c62451951d","email":"jackson.white@gmail.com","message":"successfully processed after 2074 milliseconds."},{"id":"5c76a422-7ea1-439e-b7a3-1f054957e167","email":"grace.moore@gmail.com","message":"successfully parsed message, but message temporarily enqueued while system restarts."},{"id":"56f7e1a4-e17c-492d-a941-e266c64f786e","email":"ryan.king@dropbox.net","message":"successfully processed after 9546 milliseconds."},{"id":"6b1e3ae9-2a9e-47b6-b4e5-b71c4a7a8004","email":"samantha.scott@me.com","message":"failed to process due to network exception."},{"id":"c3f21eef-7fd9-48cc-8448-27632087628a","email":"emma.thomas@me.com","message":"failed to process due to network exception."},{"id":"81b2b3d7-2f4d-401e-9c0f-c4bdcb33a2cf","email":"nicholas.allen@microsoft.com","message":"successfully handled skipped operation."},{"id":"ea55a967-4ed6-4689-a07f-9e7eaa837448","email":"noah.sanchez@me.com","message":"successfully handled skipped operation."},{"id":"2ac9c3b7-ef4d-4f51-aed6-8d6a329d6831","email":"aiden.johnson@microsoft.com","message":"failed to process due to network exception."},{"id":"493f0879-b13c-421e-bce6-531587f8fdb2","email":"michael.hall@dropbox.net","message":"successfully handled skipped operation."},{"id":"4befe297-9b24-45ed-bcc4-cbc820980381","email":"olivia.wright@gmail.com","message":"successfully processed after 2697 milliseconds."},{"id":"dfb5317b-cc11-402a-b6d7-2699e5cd464b","email":"jacob.lopez@dropbox.net","message":"successfully processed after 2537 milliseconds."},{"id":"9cdc37db-32a8-4046-bb6f-659080ad6246","email":"jackson.white@gmail.com","message":"successfully processed after 6023 milliseconds."},{"id":"5760317c-1516-445d-ba90-6d137442889e","email":"mason.robinson@amerisave.com","message":"successfully parsed message, but message temporarily enqueued while system restarts."},{"id":"da9746ce-16ef-4ede-9b68-a39416308532","email":"jack.thompson@me.com","message":"successfully processed after 218 milliseconds."},{"id":"c6b01bfd-1966-4647-a104-0f2464ea1671","email":"jack.thompson@me.com","message":"failed to process due to network exception."},{"id":"6e40efc1-62c9-48ef-b483-a0e7e0f6b903","email":"sarah.green@amerisave.com","message":"failed to process due to network exception."},{"id":"ac109b43-a239-4bfd-a310-474eb68372b2","email":"emily.taylor@gmail.com","message":"successfully parsed message, but message temporarily enqueued while system restarts."},{"id":"07684fce-4a19-4cb3-b73a-9f699bca98ae","email":"logan.clark@dropbox.net","message":"failed to process due to network exception."},{"id":"f2348ff9-3b2f-4cc4-90aa-790cf94b7222","email":"lily.harris@gmail.com","message":"successfully parsed message, but message temporarily enqueued while system restarts."},{"id":"de14efe7-c57a-4905-bba3-83500f4dddf1","email":"tyler.nelson@microsoft.com","message":"failed to process due to datastore timeout of 30 seconds.  operation took 32 seconds."},{"id":"f1a714f9-7169-4211-b625-123eba3bb7b2","email":"grace.moore@gmail.com","message":"failed to process due to network exception."},{"id":"30bf166e-4fbe-42ec-a0c6-624ef6e7db7b","email":"chloe.garcia@dropbox.net","message":"failed to process due to network exception."},{"id":"258f82af-a453-46b4-b4f2-a7461ff02ba5","email":"mason.robinson@amerisave.com","message":"successfully parsed message, but message temporarily enqueued while system restarts."},{"id":"44f2f106-c706-4301-86fa-f209b165b31e","email":"isabella.jackson@amerisave.com","message":"successfully processed after 813 milliseconds."},{"id":"92b0315e-fd27-41b3-aa58-1a9a6d323b0f","email":"jack.thompson@me.com","message":"successfully handled skipped operation."},{"id":"2f095219-c7fe-420c-be10-d9f4d461b35e","email":"isabella.jackson@amerisave.com","message":"successfully parsed message, but message temporarily enqueued while system restarts."},{"id":"cf702eab-b174-4b87-904c-9f4f251d0462","email":"mason.robinson@amerisave.com","message":"successfully handled skipped operation."},{"id":"a9e8aff6-3815-477b-9e69-604462dacfb1","email":"liam.gonzalez@me.com","message":"successfully handled skipped operation."},{"id":"316f33bf-d277-420a-9ba7-7fad1a0ccd2e","email":"logan.clark@dropbox.net","message":"successfully parsed message, but message temporarily enqueued while system restarts."},{"id":"73517225-1497-4164-961f-b7f69480f905","email":"madison.lewis@gmail.com","message":"successfully parsed message, but message temporarily enqueued while system restarts."},{"id":"b5ced52a-06aa-4f39-b14c-a6416f4e6e4e","email":"aiden.johnson@microsoft.com","message":"failed to process due to network exception."},{"id":"9278ae14-dc07-4ad9-b13f-6fa6bedc864c","email":"mason.robinson@amerisave.com","message":"successfully processed after 3722 milliseconds."},{"id":"6625c7ee-f811-43a7-a69c-443858f9d42b","email":"madison.lewis@gmail.com","message":"successfully handled skipped operation."},{"id":"28374848-cde3-4c91-8b6b-92102b8755e2","email":"aiden.johnson@microsoft.com","message":"successfully processed after 4633 milliseconds."},{"id":"b678b3bc-c3f2-441b-a235-a2dbe0e98ffe","email":"aiden.johnson@microsoft.com","message":"failed to process due to network exception."},{"id":"43f974b8-1c4a-4af5-aefb-e7aeb51ef053","email":"mia.perez@me.com","message":"successfully parsed message, but message temporarily enqueued while system restarts."},{"id":"d8252faf-0d98-41e0-8bef-8519e3f42f8b","email":"ella.anderson@dropbox.net","message":"successfully parsed message, but message temporarily enqueued while system restarts."},{"id":"b5d9e735-fdf7-4971-a418-8441a19ce16b","email":"jacob.lopez@dropbox.net","message":"successfully parsed message, but message temporarily enqueued while system restarts."},{"id":"f76e2344-d797-4b39-b240-8b0c7e2b9e96","email":"aiden.johnson@microsoft.com","message":"successfully processed after 3289 milliseconds."},{"id":"67093ab4-3d86-4d0b-a6e1-a8849290f01f","email":"alexander.williams@gmail.com","message":"successfully processed after 9012 milliseconds."},{"id":"eba6ce30-570d-456f-a8c1-1ba259467d64","email":"jacob.lopez@dropbox.net","message":"failed to process due to network exception."},{"id":"20f234fe-284b-4994-a7b6-44898ab75e62","email":"ella.anderson@dropbox.net","message":"successfully handled skipped operation."},{"id":"47fef78e-484a-404d-b9c6-bb4309a19620","email":"ella.anderson@dropbox.net","message":"failed to process due to network exception."},{"id":"27e6f20a-128f-4e68-9591-ec50dcc5c60e","email":"michael.hall@dropbox.net","message":"successfully handled skipped operation."},{"id":"4ba2ba72-d3eb-458e-a3cb-470769ca6d40","email":"logan.clark@dropbox.net","message":"successfully parsed message, but message temporarily enqueued while system restarts."},{"id":"3c9bdfdf-20b1-41c9-8e37-a4ce4faba482","email":"elizabeth.martinez@dropbox.net","message":"failed to process due to datastore timeout of 30 seconds.  operation took 127 seconds."},{"id":"f7458373-02b3-4cdb-afcc-dd9fe0840e37","email":"daniel.rodriguez@amerisave.com","message":"successfully handled skipped operation."},{"id":"cd97c69c-9ef1-4ddb-bc25-c471d755a828","email":"mason.robinson@amerisave.com","message":"successfully handled skipped operation."},{"id":"37498631-f6d4-4a5a-a65b-a16ea03a80d2","email":"ryan.king@dropbox.net","message":"successfully parsed message, but message temporarily enqueued while system restarts."},{"id":"3554c551-7538-490b-ae9b-dc1bb517560b","email":"liam.gonzalez@me.com","message":"failed to process due to datastore timeout of 30 seconds.  operation took 32 seconds."},{"id":"5ea06780-70dd-4f25-a24e-3eb4dbc6e153","email":"tyler.nelson@microsoft.com","message":"failed to process due to network exception."},{"id":"66dd1fc7-465d-424c-8890-fc1615edf6c0","email":"jack.thompson@me.com","message":"successfully parsed message, but message temporarily enqueued while system restarts."},{"id":"23507e0d-d9cd-414e-a74a-abd9f47c9e65","email":"grace.moore@gmail.com","message":"successfully handled skipped operation."},{"id":"01c3cbd3-b0d8-4522-8f58-cb85b909a0cd","email":"jack.thompson@me.com","message":"successfully handled skipped operation."},{"id":"b6e8cebe-56f6-405f-8e15-9462dc95b75c","email":"joshua.lee@gmail.com","message":"failed to process due to datastore timeout of 30 seconds.  operation took 78 seconds."},{"id":"419a579f-7694-44be-8946-5a124b17a773","email":"alexander.williams@gmail.com","message":"successfully parsed message, but message temporarily enqueued while system restarts."},{"id":"cd7671e1-b15e-4fdf-a8cc-4bc2053c2cfe","email":"hannah.martin@dropbox.net","message":"successfully handled skipped operation."},{"id":"53c0581b-4870-4d4a-a195-e81ce4a7e168","email":"matthew.walker@amerisave.com","message":"successfully processed after 7072 milliseconds."},{"id":"00f59bb4-0bba-4830-b1e7-062f63cc4983","email":"ava.davis@gmail.com","message":"successfully handled skipped operation."},{"id":"7c875fb3-1e74-4812-a0bb-8f4c589370c8","email":"logan.clark@dropbox.net","message":"failed to process due to network exception."},{"id":"5b9739e0-aed4-465b-8b8f-af69e52d92fe","email":"alexander.williams@gmail.com","message":"successfully handled skipped operation."},{"id":"62cd8a4e-8d23-4891-880d-49b4e0aa8c3f","email":"daniel.rodriguez@amerisave.com","message":"failed to process due to datastore timeout of 30 seconds.  operation took 50 seconds."},{"id":"1d2fc40e-c5f5-4846-b30e-e819dd00a383","email":"jacob.lopez@dropbox.net","message":"successfully processed after 9689 milliseconds."},{"id":"e3f59c9f-5797-4753-a0cf-300a1df902e6","email":"hannah.martin@dropbox.net","message":"successfully processed after 7523 milliseconds."},{"id":"e1602d01-d9dd-4ac8-9950-54e98258f231","email":"elizabeth.martinez@dropbox.net","message":"successfully parsed message, but message temporarily enqueued while system restarts."},{"id":"fdda71e8-df29-4890-9778-11eeb6402fc2","email":"grace.moore@gmail.com","message":"failed to process due to network exception."},{"id":"e980843c-04e4-4621-9773-8fb0df95800c","email":"tyler.nelson@microsoft.com","message":"failed to process due to network exception."},{"id":"ed6900f4-a99e-488d-a27d-04b20ed44096","email":"elizabeth.martinez@dropbox.net","message":"failed to process due to datastore timeout of 30 seconds.  operation took 46 seconds."},{"id":"231ee51f-f8a9-4d44-8646-a775d7b84c6e","email":"alexis.brown@microsoft.com","message":"failed to process due to network exception."},{"id":"8cf105fc-aa90-4751-b3da-5e35f2e4ddbd","email":"tyler.nelson@microsoft.com","message":"successfully parsed message, but message temporarily enqueued while system restarts."},{"id":"8529e8b8-125a-4029-b2bb-8eff0162ebda","email":"abigail.smith@amerisave.com","message":"successfully parsed message, but message temporarily enqueued while system restarts."},{"id":"5a819e28-5962-46e6-aae3-dd27ba0fdc7b","email":"jacob.lopez@dropbox.net","message":"failed to process due to datastore timeout of 30 seconds.  operation took 54 seconds."},{"id":"1dda68e5-34cd-4d00-b6af-c0e0d1a0e33f","email":"ethan.hernandez@microsoft.com","message":"failed to process due to datastore timeout of 30 seconds.  operation took 90 seconds."},{"id":"eb354b7f-2575-4055-98cf-3e3f6c6d46b3","email":"jacob.lopez@dropbox.net","message":"failed to process due to network exception."},{"id":"f10d3bcf-fc70-4866-b0b4-4bf71514463c","email":"ryan.king@dropbox.net","message":"successfully parsed message, but message temporarily enqueued while system restarts."},{"id":"67d31ed7-8f9d-49d0-877f-2c714a03547f","email":"nathan.young@microsoft.com","message":"successfully processed after 3119 milliseconds."},{"id":"2efaa03c-5326-4318-a958-8e8951eb6ce9","email":"ryan.king@dropbox.net","message":"successfully handled skipped operation."},{"id":"1cbb3963-f162-46d4-b9c8-145e700f9ea2","email":"madison.lewis@gmail.com","message":"successfully processed after 1619 milliseconds."},{"id":"393b2d08-de95-4ab1-89b9-260f349aa7b6","email":"emily.taylor@gmail.com","message":"failed to process due to network exception."},{"id":"ff03f021-79d9-4501-a183-310c3f304f82","email":"grace.moore@gmail.com","message":"failed to process due to datastore timeout of 30 seconds.  operation took 61 seconds."},{"id":"4f80368d-64c2-4d93-9553-40173f76be2f","email":"jackson.white@gmail.com","message":"successfully handled skipped operation."},{"id":"3357ab4e-4bca-40dc-8fba-9701583673d5","email":"grace.moore@gmail.com","message":"failed to process due to network exception."},{"id":"b810d133-2868-4b7e-950c-5f0dc82b9324","email":"liam.gonzalez@me.com","message":"failed to process due to network exception."},{"id":"5a3f9575-78f4-41fb-91dc-99bce7432ab8","email":"hannah.martin@dropbox.net","message":"successfully processed after 5592 milliseconds."},{"id":"7aacfe3e-f82f-4c55-9393-ab7e518e0a89","email":"logan.clark@dropbox.net","message":"successfully processed after 5603 milliseconds."},{"id":"6c7eb005-dce4-424f-92eb-315578911504","email":"matthew.walker@amerisave.com","message":"successfully parsed message, but message temporarily enqueued while system restarts."},{"id":"9c0474b0-6555-423e-811a-3e525c18021e","email":"jack.thompson@me.com","message":"successfully parsed message, but message temporarily enqueued while system restarts."},{"id":"59e891ce-458c-4839-99c1-eebf492afcbe","email":"jacob.lopez@dropbox.net","message":"failed to process due to network exception."},{"id":"8d1ef2cf-9f71-47d2-9e19-d91ecd7fcc32","email":"abigail.smith@amerisave.com","message":"failed to process due to network exception."},{"id":"d1e6b81a-6b5f-4375-a11c-429627200796","email":"hannah.martin@dropbox.net","message":"successfully processed after 1271 milliseconds."},{"id":"147a489b-4614-4174-b01d-5f811460bed6","email":"alexis.brown@microsoft.com","message":"failed to process due to datastore timeout of 30 seconds.  operation took 42 seconds."},{"id":"c93e2d2a-9433-495a-9ee8-461e3ad189b7","email":"nicholas.allen@microsoft.com","message":"failed to process due to network exception."},{"id":"098fb7f9-360d-4d7f-9361-5be1314e0fad","email":"liam.gonzalez@me.com","message":"successfully processed after 7575 milliseconds."},{"id":"114178e5-b02f-4cb4-9ecb-0520c5dc06a4","email":"alexis.brown@microsoft.com","message":"successfully handled skipped operation."},{"id":"7c2ea9b1-810b-4ef9-a7ef-f411c2ddbe0c","email":"tyler.nelson@microsoft.com","message":"successfully processed after 6950 milliseconds."},{"id":"6e6c20a0-c418-4a9d-99d9-55037d61915f","email":"madison.lewis@gmail.com","message":"successfully parsed message, but message temporarily enqueued while system restarts."},{"id":"51f43b9f-f4c9-450b-b2f4-711ad530b267","email":"nathan.young@microsoft.com","message":"successfully handled skipped operation."},{"id":"3ca1e5cf-dec1-44da-8028-b07c8fee8b0d","email":"madison.lewis@gmail.com","message":"successfully parsed message, but message temporarily enqueued while system restarts."},{"id":"a0e0a327-1084-44b0-a828-0df782abc899","email":"ella.anderson@dropbox.net","message":"failed to process due to network exception."},{"id":"6cada0bd-bf24-4956-8475-222bf5056be2","email":"sophia.baker@dropbox.net","message":"failed to process due to network exception."},{"id":"78c889e8-44c7-41a4-af12-463be08e2f03","email":"ella.anderson@dropbox.net","message":"failed to process due to datastore timeout of 30 seconds.  operation took 63 seconds."},{"id":"bff53dd5-bcf6-4868-bec9-478c8474add2","email":"ryan.king@dropbox.net","message":"failed to process due to datastore timeout of 30 seconds.  operation took 73 seconds."},{"id":"f009425c-8107-42c3-a4d4-13c4f5e11956","email":"ryan.king@dropbox.net","message":"successfully handled skipped operation."},{"id":"884fa9f7-23e2-490e-98ac-e151335541a4","email":"elizabeth.martinez@dropbox.net","message":"successfully processed after 3535 milliseconds."},{"id":"4f61440c-35a2-4a85-bae7-82001cf65794","email":"daniel.rodriguez@amerisave.com","message":"successfully processed after 6974 milliseconds."},{"id":"bcb76149-7cf2-4c1c-8b50-f6bcaada5904","email":"isabella.jackson@amerisave.com","message":"successfully handled skipped operation."},{"id":"357a29c7-5286-4ef5-a2cf-2ed60e521be2","email":"alyssa.jones@amerisave.com","message":"successfully handled skipped operation."},{"id":"8dbedc83-9e93-40b8-8048-195c9ef69ac1","email":"olivia.wright@gmail.com","message":"successfully handled skipped operation."},{"id":"8df8724f-b850-40fc-b71d-326b59a77143","email":"ella.anderson@dropbox.net","message":"successfully processed after 8115 milliseconds."},{"id":"6c48b50b-de9b-4fa6-8095-59f0e252dd93","email":"sarah.green@amerisave.com","message":"successfully processed after 9723 milliseconds."},{"id":"4ae0de89-cd00-4d23-bf52-fc016f52bd6e","email":"madison.lewis@gmail.com","message":"failed to process due to datastore timeout of 30 seconds.  operation took 125 seconds."},{"id":"933a8134-8745-4194-8b83-75f72ca6cbdd","email":"hannah.martin@dropbox.net","message":"successfully handled skipped operation."},{"id":"525e64e6-3799-4720-9a79-8d19f4bf573d","email":"logan.clark@dropbox.net","message":"failed to process due to datastore timeout of 30 seconds.  operation took 117 seconds."},{"id":"a67d2099-1e65-4ceb-b64f-f17a42b60776","email":"mia.perez@me.com","message":"successfully processed after 9796 milliseconds."},{"id":"3fc6f847-959f-4c63-bd93-e6a22de9ec12","email":"grace.moore@gmail.com","message":"successfully parsed message, but message temporarily enqueued while system restarts."},{"id":"296e97ef-efd8-4e02-986d-042c8ee32458","email":"abigail.smith@amerisave.com","message":"failed to process due to datastore timeout of 30 seconds.  operation took 46 seconds."},{"id":"f5590326-af8c-41da-8874-9c97a3036c1e","email":"nathan.young@microsoft.com","message":"successfully processed after 9039 milliseconds."},{"id":"25689379-5225-4c38-8c97-67775be79ea0","email":"mason.robinson@amerisave.com","message":"failed to process due to network exception."},{"id":"71993dac-f6db-4cf9-99ce-1e5be990065c","email":"jackson.white@gmail.com","message":"successfully processed after 7798 milliseconds."},{"id":"ce50c713-35ad-4785-8b8e-71abf7a4cacd","email":"grace.moore@gmail.com","message":"successfully handled skipped operation."},{"id":"acba41d5-45d2-45d2-8dd1-c3d93f11a7d7","email":"lily.harris@gmail.com","message":"successfully parsed message, but message temporarily enqueued while system restarts."},{"id":"0344c7a9-4f3d-4011-8211-98608a49a51b","email":"ryan.king@dropbox.net","message":"failed to process due to datastore timeout of 30 seconds.  operation took 111 seconds."},{"id":"bf48e780-d5b4-417c-a0bd-d138860aac05","email":"madison.lewis@gmail.com","message":"successfully parsed message, but message temporarily enqueued while system restarts."},{"id":"d735bfe6-6d9e-4d05-a675-76f8004581c6","email":"jackson.white@gmail.com","message":"successfully processed after 5559 milliseconds."},{"id":"112bbf66-0210-40d5-9fbb-b6a1ad7acab7","email":"ella.anderson@dropbox.net","message":"successfully parsed message, but message temporarily enqueued while system restarts."},{"id":"849b5bde-289e-4707-87a6-51620f38d318","email":"emily.taylor@gmail.com","message":"successfully parsed message, but message temporarily enqueued while system restarts."},{"id":"e414613e-c827-4534-91de-8a55de886daf","email":"sophia.baker@dropbox.net","message":"successfully handled skipped operation."},{"id":"c7e2fc0f-29a6-4e82-b699-4a78ed9d84a7","email":"hannah.martin@dropbox.net","message":"successfully handled skipped operation."},{"id":"45d3fcc9-5d3d-46de-a154-6d24ec781267","email":"tyler.nelson@microsoft.com","message":"successfully parsed message, but message temporarily enqueued while system restarts."},{"id":"eaf23afe-ae1a-459f-a6b5-b84739bb671a","email":"tyler.nelson@microsoft.com","message":"failed to process due to datastore timeout of 30 seconds.  operation took 116 seconds."},{"id":"975b3509-5084-49e9-8725-1fe57211c98b","email":"abigail.smith@amerisave.com","message":"successfully parsed message, but message temporarily enqueued while system restarts."},{"id":"30241013-d277-4a07-9806-1fac860a268e","email":"lily.harris@gmail.com","message":"successfully processed after 3905 milliseconds."},{"id":"62bb7aea-6b73-4bc6-9372-adc844c5ecac","email":"samantha.scott@me.com","message":"failed to process due to datastore timeout of 30 seconds.  operation took 52 seconds."},{"id":"5bf0b424-1091-4f18-bc4c-94baef12891f","email":"elizabeth.martinez@dropbox.net","message":"failed to process due to datastore timeout of 30 seconds.  operation took 112 seconds."},{"id":"e2729719-189d-47fb-adae-2228183556c0","email":"madison.lewis@gmail.com","message":"successfully processed after 6435 milliseconds."},{"id":"e08882d5-f972-45f8-a73f-ef4f0ce602a8","email":"ella.anderson@dropbox.net","message":"successfully handled skipped operation."},{"id":"561cfa01-4e66-43ae-8788-fa766cf00cb3","email":"sarah.green@amerisave.com","message":"successfully processed after 1761 milliseconds."},{"id":"6992bc9c-8d61-43fd-8657-7752e0462c89","email":"daniel.rodriguez@amerisave.com","message":"failed to process due to network exception."},{"id":"d873d4f8-6170-4144-b733-5397dff744dd","email":"matthew.walker@amerisave.com","message":"successfully processed after 4658 milliseconds."},{"id":"ab5482a3-ff80-43d0-bb27-641c32faa89f","email":"madison.lewis@gmail.com","message":"failed to process due to network exception."},{"id":"1394884e-2747-4ec2-aabf-9620997fa131","email":"madison.lewis@gmail.com","message":"successfully parsed message, but message temporarily enqueued while system restarts."},{"id":"e3ed7237-1f0c-4a44-ab34-96beb6f7646b","email":"taylor.adams@gmail.com","message":"successfully handled skipped operation."},{"id":"09ee0b78-b8e4-4ba1-9cf2-b66f9d7413f4","email":"ella.anderson@dropbox.net","message":"failed to process due to datastore timeout of 30 seconds.  operation took 106 seconds."},{"id":"f7ddec28-5753-4f69-85f1-d7e7eaaa5e56","email":"samantha.scott@me.com","message":"successfully processed after 2466 milliseconds."},{"id":"cbd301d8-4f75-4b20-b628-57da5fedd645","email":"alyssa.jones@amerisave.com","message":"failed to process due to datastore timeout of 30 seconds.  operation took 115 seconds."},{"id":"66eef664-c97c-4ce8-830d-a2aa9aed0856","email":"mia.perez@me.com","message":"successfully processed after 7012 milliseconds."},{"id":"3668b6b0-46ef-4851-bb02-05c7290a24a3","email":"tyler.nelson@microsoft.com","message":"successfully handled skipped operation."},{"id":"3455fd34-fc37-4b17-8ef2-098543f5db7b","email":"lily.harris@gmail.com","message":"failed to process due to network exception."},{"id":"46a0a291-42d7-461b-a904-46360a1b7d6c","email":"ethan.hernandez@microsoft.com","message":"successfully parsed message, but message temporarily enqueued while system restarts."},{"id":"ae5aa18a-a0c8-4cd4-b3c3-08be47c17e56","email":"jack.thompson@me.com","message":"failed to process due to datastore timeout of 30 seconds.  operation took 83 seconds."},{"id":"3fb41d38-f3c9-4c08-b218-cb74814df608","email":"madison.lewis@gmail.com","message":"successfully handled skipped operation."},{"id":"5f0d9209-6c0a-45a2-b662-1a3c1b34b36b","email":"michael.hall@dropbox.net","message":"failed to process due to network exception."},{"id":"865cd92a-c7fa-4d65-b501-0952f6440ed2","email":"tyler.nelson@microsoft.com","message":"failed to process due to datastore timeout of 30 seconds.  operation took 111 seconds."},{"id":"00fcbbf8-648d-4209-b519-62bca3566bfa","email":"olivia.wright@gmail.com","message":"successfully parsed message, but message temporarily enqueued while system restarts."},{"id":"e9f02eaa-7735-4a64-aac2-82abb7eab812","email":"tyler.nelson@microsoft.com","message":"failed to process due to network exception."},{"id":"ea557411-c123-4d9d-8300-32cc880916f0","email":"olivia.wright@gmail.com","message":"successfully handled skipped operation."},{"id":"38e39018-8a12-4ac7-b46b-3b9a44b95246","email":"sophia.baker@dropbox.net","message":"successfully handled skipped operation."},{"id":"7d17ec7a-6663-4255-ae63-c10dddea40f6","email":"noah.sanchez@me.com","message":"successfully processed after 4046 milliseconds."},{"id":"deb46715-2b00-4e2b-98f4-06c212be994c","email":"alyssa.jones@amerisave.com","message":"failed to process due to network exception."},{"id":"a052fe64-2ec8-468f-9a13-62cb8611489b","email":"alexis.brown@microsoft.com","message":"successfully processed after 3384 milliseconds."},{"id":"e7a904ed-888a-4e21-9736-743093beb37d","email":"ryan.king@dropbox.net","message":"failed to process due to datastore timeout of 30 seconds.  operation took 50 seconds."},{"id":"db7cd2e6-2a25-42b9-b838-43d661c3395a","email":"alexis.brown@microsoft.com","message":"successfully parsed message, but message temporarily enqueued while system restarts."},{"id":"7fc67fc4-fdeb-4d76-b0e8-afa0220165a5","email":"joshua.lee@gmail.com","message":"successfully processed after 7943 milliseconds."},{"id":"3f49b074-3728-4393-b96c-46e1a51d0877","email":"ryan.king@dropbox.net","message":"failed to process due to network exception."},{"id":"f4697746-3079-4eaf-b296-173a23e835ce","email":"sophia.baker@dropbox.net","message":"successfully processed after 7264 milliseconds."},{"id":"b8880737-6b05-4ac2-840f-a6afe6c49245","email":"abigail.smith@amerisave.com","message":"failed to process due to datastore timeout of 30 seconds.  operation took 121 seconds."},{"id":"cead498c-9a75-43f5-8317-1a1caa13c311","email":"logan.clark@dropbox.net","message":"failed to process due to datastore timeout of 30 seconds.  operation took 62 seconds."},{"id":"4892604f-0f39-43a9-a5b4-530d49768bd8","email":"noah.sanchez@me.com","message":"failed to process due to datastore timeout of 30 seconds.  operation took 46 seconds."},{"id":"ad4677f7-1277-47c6-9b40-f76150d526db","email":"chloe.garcia@dropbox.net","message":"successfully parsed message, but message temporarily enqueued while system restarts."},{"id":"698e7bd7-2314-409c-8ea6-da85f683bd6d","email":"jackson.white@gmail.com","message":"successfully parsed message, but message temporarily enqueued while system restarts."},{"id":"00c7e653-5639-4e74-b9bd-d5a5fdf4c99a","email":"emma.thomas@me.com","message":"successfully parsed message, but message temporarily enqueued while system restarts."},{"id":"b6742fa1-64a8-4948-ae7b-3264edb63d7c","email":"ryan.king@dropbox.net","message":"successfully parsed message, but message temporarily enqueued while system restarts."},{"id":"aea3c560-8162-4813-ac63-16e0372077db","email":"alyssa.jones@amerisave.com","message":"failed to process due to network exception."},{"id":"2fa6aa51-2edb-44da-a8e9-084c93020057","email":"chloe.garcia@dropbox.net","message":"successfully parsed message, but message temporarily enqueued while system restarts."},{"id":"15799005-e3ff-44a1-ac54-84bf360cb271","email":"daniel.rodriguez@amerisave.com","message":"successfully parsed message, but message temporarily enqueued while system restarts."},{"id":"2c29a96e-f78b-4f05-aa68-d72f5a6f2b7a","email":"samantha.scott@me.com","message":"successfully processed after 6595 milliseconds."},{"id":"0de52977-43c4-4318-bc9d-f844febd3014","email":"logan.clark@dropbox.net","message":"successfully handled skipped operation."},{"id":"9a5be316-8767-44e4-bd15-7ebb2d60f0a0","email":"lily.harris@gmail.com","message":"failed to process due to network exception."},{"id":"e832b80d-503e-4c37-8552-2f8a5c3d5409","email":"nathan.young@microsoft.com","message":"failed to process due to network exception."},{"id":"9f38b813-5937-4bee-b484-e1e90234396f","email":"samantha.scott@me.com","message":"successfully parsed message, but message temporarily enqueued while system restarts."},{"id":"7fd2859f-b087-4be2-9393-fb4ed4118169","email":"ryan.king@dropbox.net","message":"successfully handled skipped operation."},{"id":"9a32ff67-422d-40c3-809a-eb810c0e46e4","email":"emma.thomas@me.com","message":"failed to process due to datastore timeout of 30 seconds.  operation took 41 seconds."},{"id":"b1c22b68-d9f0-459d-9520-a0d95fa6e057","email":"madison.lewis@gmail.com","message":"successfully handled skipped operation."},{"id":"210266e6-2e2a-4798-b454-5aa8cc7c0699","email":"daniel.rodriguez@amerisave.com","message":"successfully parsed message, but message temporarily enqueued while system restarts."},{"id":"841b0ee1-87ad-4e5c-8aa6-9acfb5eb37e0","email":"jack.thompson@me.com","message":"failed to process due to network exception."},{"id":"73b875dd-90ae-4f2b-94fd-e1eb395cada8","email":"joshua.lee@gmail.com","message":"successfully handled skipped operation."},{"id":"7b3a4627-f2c4-407e-bdd2-9982268f3a29","email":"chloe.garcia@dropbox.net","message":"successfully parsed message, but message temporarily enqueued while system restarts."},{"id":"89e72b2f-727d-49c3-9fc7-52c7dd2e24d5","email":"ava.davis@gmail.com","message":"successfully parsed message, but message temporarily enqueued while system restarts."},{"id":"5e28d4d1-3ccc-4fff-9c9b-811c9c6d1579","email":"mason.robinson@amerisave.com","message":"failed to process due to network exception."},{"id":"e6694669-7426-414a-89fe-4c695e1cd5b1","email":"andrew.miller@gmail.com","message":"successfully handled skipped operation."},{"id":"4610da16-9e2f-466f-9012-f039b4b97864","email":"sophia.baker@dropbox.net","message":"failed to process due to datastore timeout of 30 seconds.  operation took 67 seconds."},{"id":"3752d552-ebf7-4996-ac77-46f163ca4a54","email":"olivia.wright@gmail.com","message":"failed to process due to network exception."},{"id":"8bd30f5f-fb18-40f0-9dfd-ee169d28f2cb","email":"jackson.white@gmail.com","message":"successfully parsed message, but message temporarily enqueued while system restarts."},{"id":"4ef42e86-3280-48c3-8427-5d55e8932d05","email":"tyler.nelson@microsoft.com","message":"successfully handled skipped operation."},{"id":"8f360b2c-bd8e-402b-9fed-11eecda43e67","email":"joshua.lee@gmail.com","message":"successfully parsed message, but message temporarily enqueued while system restarts."},{"id":"31e27ace-ae0d-4f77-8a41-cb4093763b52","email":"ethan.hernandez@microsoft.com","message":"successfully processed after 3634 milliseconds."},{"id":"a292c289-fc2e-4f13-a00d-21519b8d2162","email":"matthew.walker@amerisave.com","message":"successfully processed after 2032 milliseconds."},{"id":"08460217-4f51-455e-8ce4-2b22d03aa492","email":"michael.hall@dropbox.net","message":"successfully parsed message, but message temporarily enqueued while system restarts."},{"id":"57ace25d-be03-4412-93ea-804368aad7da","email":"jackson.white@gmail.com","message":"failed to process due to datastore timeout of 30 seconds.  operation took 45 seconds."},{"id":"88e292ad-3989-443b-b6bb-1b79cb0e7aaf","email":"joshua.lee@gmail.com","message":"successfully parsed message, but message temporarily enqueued while system restarts."},{"id":"562420e9-ff7a-49ad-80f0-45f4b14ab279","email":"mia.perez@me.com","message":"successfully processed after 3864 milliseconds."},{"id":"b4e05ae4-08cc-459a-a805-dc169ea324c3","email":"ava.davis@gmail.com","message":"successfully parsed message, but message temporarily enqueued while system restarts."},{"id":"a32ab73e-de78-46c4-bbf0-50b1b9841487","email":"sophia.baker@dropbox.net","message":"successfully processed after 6393 milliseconds."},{"id":"271dedcc-7b14-482f-a326-c47ca7953790","email":"daniel.rodriguez@amerisave.com","message":"failed to process due to network exception."},{"id":"c480eeef-2ce8-405d-b2bf-0af7596712d6","email":"nicholas.allen@microsoft.com","message":"failed to process due to network exception."},{"id":"e0671195-c1c2-43b3-9428-edd00e66add2","email":"abigail.smith@amerisave.com","message":"failed to process due to network exception."},{"id":"54c13b21-5769-48d6-90af-129a2b4799f9","email":"ella.anderson@dropbox.net","message":"successfully processed after 1166 milliseconds."},{"id":"a685fe4f-31a0-43b8-8ff5-4e1bde13fa61","email":"olivia.wright@gmail.com","message":"failed to process due to network exception."},{"id":"4b5cfa15-44c4-4383-987f-d564455dff52","email":"lily.harris@gmail.com","message":"successfully handled skipped operation."},{"id":"d2283342-61c8-440c-9406-c07f81bd4c47","email":"nathan.young@microsoft.com","message":"successfully parsed message, but message temporarily enqueued while system restarts."},{"id":"c9f3f473-5652-4d76-b120-36cdc01f6640","email":"dylan.wilson@gmail.com","message":"successfully processed after 1261 milliseconds."},{"id":"9e00a727-420f-4ebd-9d6e-fd3a011c37a7","email":"nicholas.allen@microsoft.com","message":"failed to process due to network exception."},{"id":"86252a09-0514-438e-99a5-657dcc2b38dc","email":"grace.moore@gmail.com","message":"failed to process due to datastore timeout of 30 seconds.  operation took 103 seconds."},{"id":"f8179b49-5274-423d-8e73-d7108901e0df","email":"taylor.adams@gmail.com","message":"failed to process due to network exception."},{"id":"4586c07a-9018-4074-a5d1-92b9a9280e46","email":"samantha.scott@me.com","message":"failed to process due to network exception."},{"id":"bbfa69c9-83c0-40b9-b08a-271c17420898","email":"andrew.miller@gmail.com","message":"failed to process due to network exception."},{"id":"08854b2b-4c99-4150-80f4-f21a0cd52c74","email":"dylan.wilson@gmail.com","message":"failed to process due to datastore timeout of 30 seconds.  operation took 127 seconds."},{"id":"419ce401-de57-4d59-b0b8-a65c528ae559","email":"mason.robinson@amerisave.com","message":"successfully handled skipped operation."},{"id":"878b1caa-d660-4e53-a7dd-6bf0ecd46676","email":"emily.taylor@gmail.com","message":"failed to process due to network exception."},{"id":"d843ca4e-4776-4020-a883-35994e7ffc19","email":"alyssa.jones@amerisave.com","message":"failed to process due to network exception."},{"id":"aaac9bb1-3b38-49a8-a476-323e40a1ec36","email":"ethan.hernandez@microsoft.com","message":"successfully parsed message, but message temporarily enqueued while system restarts."},{"id":"e083a3ec-fc2c-45fa-b3e7-22dbbad2ccd3","email":"mia.perez@me.com","message":"failed to process due to network exception."},{"id":"28e2882b-dd1b-459e-a4e4-78139a577406","email":"ella.anderson@dropbox.net","message":"successfully parsed message, but message temporarily enqueued while system restarts."},{"id":"bc224255-84e8-4211-ae2b-2c8f6b281bcb","email":"elizabeth.martinez@dropbox.net","message":"successfully processed after 5224 milliseconds."},{"id":"e73725ac-4e7a-486c-89e1-52b0d2a84415","email":"michael.hall@dropbox.net","message":"failed to process due to network exception."},{"id":"2db45322-ea75-4427-a72c-8ea772138cb9","email":"grace.moore@gmail.com","message":"successfully processed after 6477 milliseconds."},{"id":"21437c2a-fcbe-49a1-943c-74902118d12d","email":"alyssa.jones@amerisave.com","message":"failed to process due to network exception."},{"id":"588421e4-3afc-4bb7-8e10-fadc326e7180","email":"sarah.green@amerisave.com","message":"successfully parsed message, but message temporarily enqueued while system restarts."},{"id":"55c806d4-c445-4049-b678-0405e53e58e5","email":"samantha.scott@me.com","message":"failed to process due to network exception."},{"id":"eae44b13-5af9-4817-8852-f39bf66d6009","email":"matthew.walker@amerisave.com","message":"failed to process due to datastore timeout of 30 seconds.  operation took 109 seconds."},{"id":"10d0b698-717b-4f60-9599-a1eb048b6286","email":"sophia.baker@dropbox.net","message":"successfully parsed message, but message temporarily enqueued while system restarts."},{"id":"46b41b6d-fdd4-45ea-9ed4-31a915ae3e1b","email":"dylan.wilson@gmail.com","message":"failed to process due to network exception."},{"id":"0e57fe8f-1ed2-42ef-9989-faf48bfe7d9e","email":"hannah.martin@dropbox.net","message":"successfully parsed message, but message temporarily enqueued while system restarts."},{"id":"2f99f072-8b49-4de0-90c0-8f26d7e02e04","email":"elizabeth.martinez@dropbox.net","message":"successfully parsed message, but message temporarily enqueued while system restarts."},{"id":"9cb6af0c-d7b2-4ee8-8d8c-465ad89b3ed1","email":"dylan.wilson@gmail.com","message":"failed to process due to network exception."},{"id":"68ef14fa-dc4f-4cbe-ba11-68144a854fd3","email":"mia.perez@me.com","message":"successfully handled skipped operation."},{"id":"2de4dcab-cdab-4645-9c88-4ed1e76ad3df","email":"hannah.martin@dropbox.net","message":"successfully processed after 2971 milliseconds."},{"id":"1e5fad3c-af9a-43ff-874c-096ad9aa9875","email":"samantha.scott@me.com","message":"successfully handled skipped operation."},{"id":"3640325e-4b6f-4f77-9e13-a7915a553120","email":"abigail.smith@amerisave.com","message":"failed to process due to datastore timeout of 30 seconds.  operation took 89 seconds."},{"id":"25b9ff25-764d-4347-9bb9-4ec954788dd1","email":"liam.gonzalez@me.com","message":"successfully processed after 1949 milliseconds."},{"id":"f9a51760-f461-45f9-822d-e2eda1d6177d","email":"taylor.adams@gmail.com","message":"successfully processed after 9104 milliseconds."},{"id":"9f920325-b254-46b8-a232-2cf023d2e3d9","email":"logan.clark@dropbox.net","message":"successfully handled skipped operation."},{"id":"b77706f0-ee33-4772-809b-5dca34105962","email":"madison.lewis@gmail.com","message":"successfully parsed message, but message temporarily enqueued while system restarts."},{"id":"b9d729c3-a06e-407d-8e9b-6cab4cc8bb88","email":"ethan.hernandez@microsoft.com","message":"successfully parsed message, but message temporarily enqueued while system restarts."},{"id":"f665ad2e-1e59-4271-bcae-7b6a034dff80","email":"alexis.brown@microsoft.com","message":"successfully handled skipped operation."},{"id":"41eadc33-c74c-4744-bdf8-1cc4e20e3602","email":"abigail.smith@amerisave.com","message":"successfully handled skipped operation."},{"id":"11139810-eb91-4eff-bfa2-b954eb0feebd","email":"alexander.williams@gmail.com","message":"successfully handled skipped operation."},{"id":"56dda396-b30f-4825-85e4-d3b493f0423a","email":"aiden.johnson@microsoft.com","message":"successfully parsed message, but message temporarily enqueued while system restarts."},{"id":"4e0cc4a5-0ef9-4047-a4fd-6e3da98a41f9","email":"sophia.baker@dropbox.net","message":"successfully processed after 5178 milliseconds."},{"id":"f0da2aed-b62c-4c43-81e7-2cd44e0b3161","email":"ava.davis@gmail.com","message":"successfully parsed message, but message temporarily enqueued while system restarts."},{"id":"5fc97c80-2231-4b7c-ae01-9c7a6b461632","email":"isabella.jackson@amerisave.com","message":"failed to process due to datastore timeout of 30 seconds.  operation took 43 seconds."},{"id":"cd65ed18-d988-4eec-b52e-6157e24261c3","email":"michael.hall@dropbox.net","message":"failed to process due to datastore timeout of 30 seconds.  operation took 114 seconds."},{"id":"ce378b17-6cb3-4692-8cd3-0a3101da149f","email":"mia.perez@me.com","message":"failed to process due to datastore timeout of 30 seconds.  operation took 60 seconds."},{"id":"cec1caef-38bd-477c-81f6-03c0f3df9e89","email":"sophia.baker@dropbox.net","message":"successfully handled skipped operation."},{"id":"8672a5dc-efae-4c96-9150-32df3836916a","email":"sophia.baker@dropbox.net","message":"failed to process due to network exception."},{"id":"1b41fbb8-0344-43e1-84aa-ae1041e9f75c","email":"noah.sanchez@me.com","message":"successfully handled skipped operation."},{"id":"25723ca6-21bf-4cde-9ac4-946131417f43","email":"chloe.garcia@dropbox.net","message":"successfully handled skipped operation."},{"id":"aac73d26-b421-468a-836f-d3d27c102e5d","email":"noah.sanchez@me.com","message":"successfully processed after 9686 milliseconds."},{"id":"a80863a3-d638-4760-8c45-a6dee81fedc2","email":"joshua.lee@gmail.com","message":"failed to process due to network exception."},{"id":"2163c016-2503-46c0-a474-ab20b8e16816","email":"samantha.scott@me.com","message":"successfully parsed message, but message temporarily enqueued while system restarts."},{"id":"f5953e74-d864-41ff-97b9-b69dea0987ad","email":"olivia.wright@gmail.com","message":"failed to process due to network exception."},{"id":"42591e38-2782-4290-aab5-3e5cde79f590","email":"aiden.johnson@microsoft.com","message":"successfully processed after 2439 milliseconds."},{"id":"911dcead-4f2e-4760-8482-7bb40a98abbe","email":"chloe.garcia@dropbox.net","message":"failed to process due to datastore timeout of 30 seconds.  operation took 123 seconds."},{"id":"cbb9ad66-a053-4205-b456-d250ec92718d","email":"nicholas.allen@microsoft.com","message":"successfully parsed message, but message temporarily enqueued while system restarts."},{"id":"fd396e3b-7ad1-4327-b03c-a1587063a93a","email":"daniel.rodriguez@amerisave.com","message":"successfully processed after 785 milliseconds."},{"id":"78a9abed-13da-4a15-9010-b60d0cf8e775","email":"jacob.lopez@dropbox.net","message":"failed to process due to network exception."},{"id":"0614781e-9cb5-4fda-b249-4ffaa14f3783","email":"aiden.johnson@microsoft.com","message":"successfully processed after 7864 milliseconds."},{"id":"33f44178-57a4-4e85-8575-36d280500a86","email":"grace.moore@gmail.com","message":"successfully processed after 3962 milliseconds."},{"id":"83915024-7fbd-48f0-9ef8-e9941c5cdfd2","email":"ella.anderson@dropbox.net","message":"successfully handled skipped operation."},{"id":"3d01c557-fa8c-484c-9992-fb2fb7abc735","email":"isabella.jackson@amerisave.com","message":"successfully handled skipped operation."},{"id":"0fb8a65e-ca2e-4135-9dca-832df47d081e","email":"elizabeth.martinez@dropbox.net","message":"failed to process due to network exception."},{"id":"9d5b656f-3aef-4869-a6b9-0e4cd302c489","email":"olivia.wright@gmail.com","message":"failed to process due to network exception."},{"id":"3c44688f-3204-4acd-8dc0-0c863547c052","email":"abigail.smith@amerisave.com","message":"failed to process due to network exception."},{"id":"6e80f112-609c-46e0-aa9f-c62ced7ed0a4","email":"mason.robinson@amerisave.com","message":"successfully handled skipped operation."},{"id":"3734c35b-fbfa-4ce5-bdbb-4de1f5d1c874","email":"alexis.brown@microsoft.com","message":"successfully processed after 1010 milliseconds."},{"id":"776158a1-1262-48fe-97bb-62bea19961ef","email":"mia.perez@me.com","message":"failed to process due to network exception."},{"id":"9102065c-b962-4cb5-8e7b-616cdd78bd39","email":"sophia.baker@dropbox.net","message":"successfully parsed message, but message temporarily enqueued while system restarts."},{"id":"74acdbbc-3bd8-4700-b617-12e0d0bf9d97","email":"logan.clark@dropbox.net","message":"failed to process due to datastore timeout of 30 seconds.  operation took 39 seconds."},{"id":"15705a1c-6919-48ad-8f7d-f5e8dc4108d1","email":"ryan.king@dropbox.net","message":"successfully parsed message, but message temporarily enqueued while system restarts."},{"id":"6b9ba924-3394-434d-ac98-6a6fdc700f02","email":"emma.thomas@me.com","message":"successfully handled skipped operation."},{"id":"a3f30531-5956-453a-af4a-ef3d6598373f","email":"ethan.hernandez@microsoft.com","message":"failed to process due to network exception."},{"id":"d2e5dbdf-cd92-4979-82a6-052951204033","email":"hannah.martin@dropbox.net","message":"successfully processed after 9823 milliseconds."},{"id":"81bc4d86-7712-4213-8e78-0c0921b50f01","email":"chloe.garcia@dropbox.net","message":"failed to process due to network exception."},{"id":"fd4bf021-c49e-4b57-b345-6b6b5de197ac","email":"mia.perez@me.com","message":"successfully handled skipped operation."},{"id":"808983f3-ac93-47b5-ad8a-e1c3fdbf4196","email":"liam.gonzalez@me.com","message":"successfully processed after 7130 milliseconds."},{"id":"ef6a557a-6356-48b3-bbbe-a974679194cf","email":"noah.sanchez@me.com","message":"successfully parsed message, but message temporarily enqueued while system restarts."},{"id":"759913cc-f971-4ffc-ad87-1ad72250023b","email":"mason.robinson@amerisave.com","message":"successfully processed after 6269 milliseconds."},{"id":"fb7783d7-e0d7-4cba-be42-23a8aa27e779","email":"alexander.williams@gmail.com","message":"successfully processed after 9437 milliseconds."},{"id":"3dcc03dd-f2c7-4143-a5ad-d66f2b74873f","email":"isabella.jackson@amerisave.com","message":"failed to process due to network exception."},{"id":"9d5ee4d2-2c65-467c-8628-d03774bca3b3","email":"sarah.green@amerisave.com","message":"successfully handled skipped operation."},{"id":"50055c47-4d4c-4a50-b832-ebffae3990f0","email":"samantha.scott@me.com","message":"successfully parsed message, but message temporarily enqueued while system restarts."},{"id":"4d788b15-467c-43fb-9555-440c1498b176","email":"emily.taylor@gmail.com","message":"failed to process due to network exception."},{"id":"d1009f7a-2a3a-464e-8ae9-c208029193b0","email":"alyssa.jones@amerisave.com","message":"failed to process due to network exception."},{"id":"bb06d3aa-b159-4f49-9ab7-654a047cf9da","email":"emma.thomas@me.com","message":"failed to process due to datastore timeout of 30 seconds.  operation took 85 seconds."},{"id":"2a6f6161-0bee-498c-9f61-3ed88ea959da","email":"alyssa.jones@amerisave.com","message":"successfully handled skipped operation."},{"id":"38f8c683-68f4-44bb-a211-562a2c3ee957","email":"jack.thompson@me.com","message":"failed to process due to network exception."},{"id":"60da28d4-b5a3-4d46-b88c-17fb0bc7d236","email":"emma.thomas@me.com","message":"successfully handled skipped operation."},{"id":"f8c5d9b7-cf8b-4831-881d-8d27d9923a68","email":"olivia.wright@gmail.com","message":"successfully parsed message, but message temporarily enqueued while system restarts."},{"id":"22ce583a-2350-4da4-9486-c880a8560db0","email":"mason.robinson@amerisave.com","message":"successfully processed after 9849 milliseconds."},{"id":"7a747021-d31d-4da7-86a5-f4e44e3286b8","email":"ryan.king@dropbox.net","message":"successfully handled skipped operation."},{"id":"e6788148-8a40-4054-bbbf-6fa01ac9ea98","email":"andrew.miller@gmail.com","message":"successfully handled skipped operation."},{"id":"bbc9fb92-0cc8-495f-b78b-8efd0acaa8af","email":"nicholas.allen@microsoft.com","message":"successfully parsed message, but message temporarily enqueued while system restarts."},{"id":"ee2ff84c-fcf5-4a35-826a-c20fb2c2647e","email":"alyssa.jones@amerisave.com","message":"successfully processed after 1594 milliseconds."},{"id":"1b6fd145-a602-4583-aa22-17e56ca16bef","email":"madison.lewis@gmail.com","message":"successfully parsed message, but message temporarily enqueued while system restarts."},{"id":"029feeac-d663-4da3-871d-87f020f94390","email":"logan.clark@dropbox.net","message":"successfully processed after 309 milliseconds."},{"id":"3f7a67d8-60f4-4efa-be89-55af29f2fc25","email":"taylor.adams@gmail.com","message":"successfully processed after 6384 milliseconds."},{"id":"832b6323-85c9-4672-9022-2de66d66e8a5","email":"jackson.white@gmail.com","message":"successfully handled skipped operation."},{"id":"5289a47b-8595-4b59-8877-3e7d65a939d4","email":"joshua.lee@gmail.com","message":"successfully handled skipped operation."},{"id":"9fb6581e-c4ed-45a8-9c03-75902e1a70ea","email":"alexis.brown@microsoft.com","message":"failed to process due to network exception."},{"id":"a6535420-b453-44a3-bb54-69433ff07833","email":"grace.moore@gmail.com","message":"successfully processed after 5576 milliseconds."},{"id":"f2a7dbe5-2825-4400-829d-fd2c2bb4f5a1","email":"liam.gonzalez@me.com","message":"successfully handled skipped operation."},{"id":"e3a89392-588e-4ec4-a4e1-4bc3a510b5bf","email":"alexis.brown@microsoft.com","message":"successfully processed after 3330 milliseconds."},{"id":"166fb4c2-5418-4ca8-9ace-4b2bbe17c996","email":"mia.perez@me.com","message":"successfully handled skipped operation."},{"id":"f844aebe-8fde-4f53-99b6-9381078f95f3","email":"ella.anderson@dropbox.net","message":"successfully processed after 2635 milliseconds."},{"id":"5860f92c-8ac0-4c09-90db-ac74560a8cfa","email":"emily.taylor@gmail.com","message":"failed to process due to network exception."},{"id":"f4a16cbd-c1d7-43c4-9c8f-14eeda3fbfde","email":"elizabeth.martinez@dropbox.net","message":"successfully handled skipped operation."},{"id":"b8e205d0-036a-4ee2-8079-4c60483711c4","email":"sophia.baker@dropbox.net","message":"failed to process due to datastore timeout of 30 seconds.  operation took 64 seconds."},{"id":"bbf136f5-b98c-4dd4-a536-e7c5d1dc12af","email":"alyssa.jones@amerisave.com","message":"successfully parsed message, but message temporarily enqueued while system restarts."},{"id":"a91cc9f4-da74-4d35-af4a-7d09ceeb96fc","email":"chloe.garcia@dropbox.net","message":"successfully handled skipped operation."},{"id":"0fe42583-a972-48a9-8ccb-1ec1f1d74d76","email":"emma.thomas@me.com","message":"successfully parsed message, but message temporarily enqueued while system restarts."},{"id":"8fa9ad09-e3a0-465d-9c1e-11c1cfc785ee","email":"liam.gonzalez@me.com","message":"successfully processed after 176 milliseconds."},{"id":"9bd5142f-bb19-4353-abb4-b67681f5a606","email":"abigail.smith@amerisave.com","message":"successfully parsed message, but message temporarily enqueued while system restarts."},{"id":"af056782-8ad1-4484-9d1a-1de3b9c6c301","email":"ava.davis@gmail.com","message":"successfully parsed message, but message temporarily enqueued while system restarts."},{"id":"a4cb8c90-59a4-45d1-81e3-16a919d792b4","email":"abigail.smith@amerisave.com","message":"successfully handled skipped operation."},{"id":"7ed88d63-0300-4c28-b699-64b6fa9044a2","email":"alexander.williams@gmail.com","message":"successfully processed after 8939 milliseconds."},{"id":"3ccb2110-7eea-445d-8993-f9de1619359b","email":"alexander.williams@gmail.com","message":"failed to process due to network exception."},{"id":"a6942d8b-205b-4883-9de5-9d63dab5b746","email":"dylan.wilson@gmail.com","message":"successfully handled skipped operation."},{"id":"c2bd4bbe-ef77-438b-beff-91f7818d69df","email":"emily.taylor@gmail.com","message":"failed to process due to network exception."},{"id":"177c5cf2-1716-4de5-92a5-0bf0b0b995a6","email":"hannah.martin@dropbox.net","message":"successfully handled skipped operation."},{"id":"42398642-4b6c-4d09-b33b-319f179862e0","email":"nathan.young@microsoft.com","message":"successfully processed after 9368 milliseconds."},{"id":"db13ca68-56db-4ff6-8870-758f5428265e","email":"sarah.green@amerisave.com","message":"failed to process due to datastore timeout of 30 seconds.  operation took 117 seconds."},{"id":"9f0a4042-398a-4c31-9740-00b5b2eb6607","email":"nicholas.allen@microsoft.com","message":"failed to process due to datastore timeout of 30 seconds.  operation took 60 seconds."},{"id":"4c637e90-48c7-4997-bdaf-acbe4c3efec8","email":"ryan.king@dropbox.net","message":"failed to process due to datastore timeout of 30 seconds.  operation took 79 seconds."},{"id":"ca76b13b-67dc-4b61-a551-ada9107d7cc0","email":"chloe.garcia@dropbox.net","message":"successfully parsed message, but message temporarily enqueued while system restarts."},{"id":"52958a4c-d952-42af-8799-f73e4c187be6","email":"alexander.williams@gmail.com","message":"failed to process due to network exception."},{"id":"adac32cd-ecc8-401a-8520-1ef7185ac7da","email":"dylan.wilson@gmail.com","message":"successfully processed after 6318 milliseconds."},{"id":"e886a2e2-1669-4985-b787-a5e3fd0b905e","email":"jackson.white@gmail.com","message":"successfully parsed message, but message temporarily enqueued while system restarts."},{"id":"225d8ea2-c74f-4bc9-aec7-c59b507c32a8","email":"lily.harris@gmail.com","message":"failed to process due to datastore timeout of 30 seconds.  operation took 82 seconds."},{"id":"e3db65a7-f42b-46b9-ac67-d32c35473279","email":"ava.davis@gmail.com","message":"successfully handled skipped operation."},{"id":"7b2c9fe4-ce13-4e87-b0fa-7cda09fb27ca","email":"isabella.jackson@amerisave.com","message":"successfully processed after 2859 milliseconds."},{"id":"c5131443-2f50-4862-b869-578dc1009aa8","email":"jacob.lopez@dropbox.net","message":"successfully processed after 9610 milliseconds."},{"id":"9402991f-ea1b-4805-a4a6-6b3d3bea0c47","email":"elizabeth.martinez@dropbox.net","message":"successfully processed after 3915 milliseconds."},{"id":"06acd7be-0a49-493d-bd43-0a1cdce89e1f","email":"logan.clark@dropbox.net","message":"failed to process due to network exception."},{"id":"834cb61b-c0ff-49e5-9c97-7aaba26c852d","email":"liam.gonzalez@me.com","message":"successfully parsed message, but message temporarily enqueued while system restarts."},{"id":"50ece8c8-fc50-4b12-8394-6843fc09ee22","email":"alyssa.jones@amerisave.com","message":"failed to process due to datastore timeout of 30 seconds.  operation took 69 seconds."},{"id":"9e2ad3f9-31b4-41e6-8d92-fa2fd1945c2b","email":"sarah.green@amerisave.com","message":"successfully handled skipped operation."},{"id":"cdd8f9ca-d7b3-41ca-9e05-297ad6acf19b","email":"samantha.scott@me.com","message":"failed to process due to network exception."},{"id":"c037f683-4b62-4b50-ac58-43ebde300add","email":"emily.taylor@gmail.com","message":"failed to process due to network exception."},{"id":"f5224c8f-805c-456f-8d53-3eaeaaba6b50","email":"aiden.johnson@microsoft.com","message":"successfully processed after 2460 milliseconds."},{"id":"edb4620c-575e-4c6e-96ee-e1d4c16d6331","email":"sophia.baker@dropbox.net","message":"failed to process due to network exception."},{"id":"d0f5a550-b90b-4bf2-b41d-d0e1bb52fb33","email":"lily.harris@gmail.com","message":"failed to process due to datastore timeout of 30 seconds.  operation took 118 seconds."},{"id":"bfe94cf3-cb76-4ab7-b620-27f478b7e2ec","email":"ella.anderson@dropbox.net","message":"successfully parsed message, but message temporarily enqueued while system restarts."},{"id":"e2465d9b-ee98-430f-855c-c8141ec18e59","email":"sophia.baker@dropbox.net","message":"failed to process due to network exception."},{"id":"6a9e90e7-3370-4ad1-9fb3-eea25aeea350","email":"andrew.miller@gmail.com","message":"successfully processed after 5635 milliseconds."},{"id":"ea520f3e-7fda-4447-b1ed-97f40bff3a31","email":"ryan.king@dropbox.net","message":"successfully handled skipped operation."},{"id":"e9fdc06a-076e-4524-80ce-edfa6c852f2e","email":"jack.thompson@me.com","message":"failed to process due to network exception."},{"id":"214c0759-12de-4bcd-bf52-149c02316a94","email":"mia.perez@me.com","message":"successfully processed after 8749 milliseconds."},{"id":"8049f233-8170-41ef-a1ce-7f1863540f84","email":"jack.thompson@me.com","message":"failed to process due to datastore timeout of 30 seconds.  operation took 98 seconds."},{"id":"99dd97be-a047-402b-bf37-db0ab10aebf0","email":"olivia.wright@gmail.com","message":"successfully handled skipped operation."},{"id":"a0af1d45-4612-42a8-b30f-290a315761f6","email":"logan.clark@dropbox.net","message":"successfully handled skipped operation."},{"id":"79b014f3-c9ac-45ed-ae64-e03fe684dd36","email":"samantha.scott@me.com","message":"failed to process due to datastore timeout of 30 seconds.  operation took 80 seconds."},{"id":"1638ac8a-f7ee-464a-9acf-57af969fcbb3","email":"michael.hall@dropbox.net","message":"failed to process due to datastore timeout of 30 seconds.  operation took 80 seconds."},{"id":"f985f399-948d-48cc-8053-b300fe602df9","email":"tyler.nelson@microsoft.com","message":"successfully processed after 3205 milliseconds."},{"id":"afe5af88-de0d-4f90-ac94-243db2546423","email":"mason.robinson@amerisave.com","message":"successfully parsed message, but message temporarily enqueued while system restarts."},{"id":"74b6a2b6-bca2-4dca-b30d-3a785c0cbd8c","email":"emily.taylor@gmail.com","message":"successfully parsed message, but message temporarily enqueued while system restarts."},{"id":"700fedb5-bab0-4d4d-b040-3bdefdae8516","email":"sarah.green@amerisave.com","message":"successfully processed after 2130 milliseconds."},{"id":"ee3aec2e-caec-47ba-b6a5-ce7dda5222bf","email":"dylan.wilson@gmail.com","message":"failed to process due to datastore timeout of 30 seconds.  operation took 51 seconds."},{"id":"aa14c281-3c4a-4c69-95ec-99dca3771f58","email":"mason.robinson@amerisave.com","message":"successfully handled skipped operation."},{"id":"2320b413-41fd-40c1-b719-29cd129e51b0","email":"mia.perez@me.com","message":"failed to process due to network exception."},{"id":"dba4cee8-fada-4d86-9cae-42b999e5a31f","email":"alyssa.jones@amerisave.com","message":"successfully handled skipped operation."},{"id":"9f8699e3-2e44-4a96-9eb4-37deef7aff2d","email":"alexander.williams@gmail.com","message":"successfully handled skipped operation."},{"id":"e33c13a4-a5f0-40bf-b1fb-30bb620efe89","email":"jacob.lopez@dropbox.net","message":"failed to process due to network exception."},{"id":"34b5455b-ee57-424c-b75b-899c882e5b34","email":"mason.robinson@amerisave.com","message":"successfully parsed message, but message temporarily enqueued while system restarts."},{"id":"0f1415a5-a5c3-4390-be78-b19f1d98396a","email":"emily.taylor@gmail.com","message":"successfully parsed message, but message temporarily enqueued while system restarts."},{"id":"c408fcf2-39cd-405d-92c4-1d8b8a4025b4","email":"joshua.lee@gmail.com","message":"failed to process due to datastore timeout of 30 seconds.  operation took 83 seconds."},{"id":"1eb9e109-a607-4328-86f5-5ecdae30c1b2","email":"sarah.green@amerisave.com","message":"successfully parsed message, but message temporarily enqueued while system restarts."},{"id":"9cf17594-143b-49a8-9583-7b241649f58d","email":"daniel.rodriguez@amerisave.com","message":"successfully processed after 3729 milliseconds."},{"id":"3eb4c71d-28a9-4c31-8542-4e0b0d526303","email":"isabella.jackson@amerisave.com","message":"successfully parsed message, but message temporarily enqueued while system restarts."},{"id":"b446baeb-6436-4d91-950e-3244a52395ef","email":"emma.thomas@me.com","message":"failed to process due to datastore timeout of 30 seconds.  operation took 102 seconds."},{"id":"d6ea9c5a-3753-487b-8187-170a229bdce8","email":"ella.anderson@dropbox.net","message":"failed to process due to network exception."},{"id":"77d7e937-3655-4d7a-ae79-f7ab2f66a337","email":"lily.harris@gmail.com","message":"successfully processed after 7245 milliseconds."},{"id":"6dd1a634-1fda-47de-b3b4-2c8557523170","email":"ethan.hernandez@microsoft.com","message":"successfully handled skipped operation."},{"id":"12b3c66e-f7a8-4e52-af1f-c0bf32817016","email":"tyler.nelson@microsoft.com","message":"failed to process due to datastore timeout of 30 seconds.  operation took 68 seconds."},{"id":"8fccd82d-af08-437d-add8-a88f176caf76","email":"lily.harris@gmail.com","message":"failed to process due to datastore timeout of 30 seconds.  operation took 82 seconds."},{"id":"7f314fda-0f87-4076-8d3c-a609c3fd2136","email":"chloe.garcia@dropbox.net","message":"failed to process due to datastore timeout of 30 seconds.  operation took 121 seconds."},{"id":"a48d6ca6-97a9-4470-bf23-a5428b522081","email":"sarah.green@amerisave.com","message":"failed to process due to network exception."},{"id":"09f11799-2255-4c98-ae84-97814f49b772","email":"sarah.green@amerisave.com","message":"failed to process due to datastore timeout of 30 seconds.  operation took 57 seconds."},{"id":"c583ca50-d871-4ea7-a694-2a6f5654b085","email":"taylor.adams@gmail.com","message":"successfully processed after 7449 milliseconds."},{"id":"a18d938d-cc33-4cdf-b613-11dffd1180e2","email":"jackson.white@gmail.com","message":"failed to process due to datastore timeout of 30 seconds.  operation took 40 seconds."},{"id":"87354509-e795-40ff-9b39-52606808a0f0","email":"olivia.wright@gmail.com","message":"successfully parsed message, but message temporarily enqueued while system restarts."},{"id":"a235f742-65d1-4ad8-b295-fe27da1a9a53","email":"jack.thompson@me.com","message":"failed to process due to network exception."},{"id":"6d4f3a01-13bd-430d-a884-378562cdfc8c","email":"emma.thomas@me.com","message":"failed to process due to datastore timeout of 30 seconds.  operation took 46 seconds."},{"id":"fcd5f305-d6de-45da-9d3f-af1d2d76096f","email":"ryan.king@dropbox.net","message":"failed to process due to datastore timeout of 30 seconds.  operation took 56 seconds."},{"id":"3539631c-74df-418f-ba73-96cc4ed25d82","email":"grace.moore@gmail.com","message":"failed to process due to datastore timeout of 30 seconds.  operation took 55 seconds."},{"id":"c2cf32b1-e80a-41ce-9ff3-4d85beec4d32","email":"michael.hall@dropbox.net","message":"failed to process due to network exception."},{"id":"f7f5c639-666d-4842-9c5d-10b33b26dfeb","email":"alexis.brown@microsoft.com","message":"failed to process due to datastore timeout of 30 seconds.  operation took 111 seconds."},{"id":"da00ccd0-7493-491b-b392-9d151c846873","email":"hannah.martin@dropbox.net","message":"successfully parsed message, but message temporarily enqueued while system restarts."},{"id":"1e1ffec4-2ed9-46d0-bbce-6f4a335a9b44","email":"emma.thomas@me.com","message":"successfully parsed message, but message temporarily enqueued while system restarts."},{"id":"812def98-de1c-48bd-878f-6b14c1c9e9eb","email":"tyler.nelson@microsoft.com","message":"successfully handled skipped operation."},{"id":"d5d27777-0ec0-4775-b5ee-1c30ff0cb179","email":"taylor.adams@gmail.com","message":"successfully processed after 3952 milliseconds."},{"id":"676989ed-ec3f-4978-8657-4b7b84ecfd2d","email":"hannah.martin@dropbox.net","message":"successfully parsed message, but message temporarily enqueued while system restarts."},{"id":"cd9d01b3-1e62-4ea2-9904-a9bda954f6ce","email":"mia.perez@me.com","message":"successfully processed after 1655 milliseconds."},{"id":"44a3bd59-a6a9-4512-8eda-2b49e428016e","email":"ethan.hernandez@microsoft.com","message":"failed to process due to network exception."},{"id":"c4634ea5-dce6-4611-89d0-35e3f4c804ba","email":"daniel.rodriguez@amerisave.com","message":"successfully handled skipped operation."},{"id":"d95fe45d-5edc-4d40-834e-e63a2e28f37f","email":"noah.sanchez@me.com","message":"failed to process due to datastore timeout of 30 seconds.  operation took 108 seconds."},{"id":"94afb1f1-70be-4f07-9fa8-4f76995bb136","email":"ava.davis@gmail.com","message":"successfully processed after 4113 milliseconds."},{"id":"23a7e9fe-eee3-466c-87d4-04771df5aa09","email":"elizabeth.martinez@dropbox.net","message":"successfully processed after 6917 milliseconds."},{"id":"218a62f9-38bd-4f1e-a736-0a6f8de7fe00","email":"aiden.johnson@microsoft.com","message":"failed to process due to datastore timeout of 30 seconds.  operation took 129 seconds."},{"id":"c3bb8dc0-29bf-4342-b74a-398872af029a","email":"andrew.miller@gmail.com","message":"successfully parsed message, but message temporarily enqueued while system restarts."},{"id":"72947163-6843-4919-885e-9ab03c691c68","email":"samantha.scott@me.com","message":"successfully handled skipped operation."},{"id":"c74b70c0-10aa-4ed5-96a3-03eb989e211f","email":"abigail.smith@amerisave.com","message":"successfully parsed message, but message temporarily enqueued while system restarts."},{"id":"b4ab32ff-6240-4136-ba43-c001969a154e","email":"andrew.miller@gmail.com","message":"successfully handled skipped operation."},{"id":"16f3f47a-1ee2-4a32-bb05-e60155d413d3","email":"dylan.wilson@gmail.com","message":"failed to process due to datastore timeout of 30 seconds.  operation took 43 seconds."},{"id":"57083b85-3c34-4498-8722-6cbb4cecf972","email":"aiden.johnson@microsoft.com","message":"failed to process due to datastore timeout of 30 seconds.  operation took 117 seconds."},{"id":"7bd1c4f4-45a2-4a15-ac4c-c497eaf0a436","email":"alyssa.jones@amerisave.com","message":"failed to process due to network exception."},{"id":"47099659-acbe-4733-872c-29a03ae19a95","email":"sarah.green@amerisave.com","message":"failed to process due to network exception."},{"id":"da06692c-9bcc-4546-9bda-2e82a1521647","email":"ryan.king@dropbox.net","message":"successfully processed after 7785 milliseconds."},{"id":"5a6dfae2-0a04-436f-b1ce-eee7e9fe0e6b","email":"ella.anderson@dropbox.net","message":"successfully processed after 52 milliseconds."},{"id":"05d9ad13-7bde-4f14-b060-78d17e747bef","email":"tyler.nelson@microsoft.com","message":"failed to process due to datastore timeout of 30 seconds.  operation took 88 seconds."},{"id":"e14375d5-8dd1-4f34-84ae-a0a77ae3b5fb","email":"sophia.baker@dropbox.net","message":"failed to process due to datastore timeout of 30 seconds.  operation took 91 seconds."},{"id":"71ffcd25-fe3b-4b13-b5b4-6b930bb02ea1","email":"abigail.smith@amerisave.com","message":"successfully handled skipped operation."},{"id":"e821b663-7573-4c41-94e5-8da2fd061f98","email":"madison.lewis@gmail.com","message":"failed to process due to network exception."},{"id":"d9ef0653-e317-4157-ac3b-4fe068c96c1a","email":"andrew.miller@gmail.com","message":"successfully processed after 3476 milliseconds."},{"id":"faf8df03-9171-40b9-9b8c-293742612003","email":"samantha.scott@me.com","message":"failed to process due to network exception."},{"id":"e0c1ecb0-368d-4ff2-b0d7-e06a9193ab6b","email":"joshua.lee@gmail.com","message":"failed to process due to datastore timeout of 30 seconds.  operation took 77 seconds."},{"id":"1ffcc07a-6881-405b-aed3-eb170cdc2141","email":"emily.taylor@gmail.com","message":"successfully handled skipped operation."},{"id":"fc1d3c72-2abf-4bef-9137-23eb1bdd48a2","email":"alexander.williams@gmail.com","message":"successfully processed after 5393 milliseconds."},{"id":"3dc86758-8cc0-4b68-90ef-5775304a2d0b","email":"dylan.wilson@gmail.com","message":"failed to process due to datastore timeout of 30 seconds.  operation took 35 seconds."},{"id":"80e42c0b-8a1b-4c58-87ef-11172bd5c5e7","email":"joshua.lee@gmail.com","message":"failed to process due to network exception."},{"id":"d3e2c23c-cdfe-45a3-9ddc-94db90710d9c","email":"liam.gonzalez@me.com","message":"failed to process due to network exception."},{"id":"f54947f6-a1a0-4d2f-b0a0-953f31453095","email":"sarah.green@amerisave.com","message":"successfully parsed message, but message temporarily enqueued while system restarts."},{"id":"2fd94c16-6e8a-4256-a234-772c4569d31f","email":"madison.lewis@gmail.com","message":"successfully processed after 1279 milliseconds."},{"id":"860f3017-17aa-4b84-a7c4-be3f75a0e1f2","email":"sarah.green@amerisave.com","message":"successfully parsed message, but message temporarily enqueued while system restarts."},{"id":"391652f2-1e82-4488-b998-a7f41c8ad9dd","email":"nicholas.allen@microsoft.com","message":"failed to process due to network exception."},{"id":"e78116de-3911-4c65-b19c-cf1006d650e4","email":"emma.thomas@me.com","message":"failed to process due to datastore timeout of 30 seconds.  operation took 51 seconds."},{"id":"6f8703be-70d6-4f71-a003-051ca172c319","email":"madison.lewis@gmail.com","message":"failed to process due to datastore timeout of 30 seconds.  operation took 88 seconds."},{"id":"3d09ff2b-2a5d-4cb9-8ffe-01e3cce670d7","email":"nicholas.allen@microsoft.com","message":"failed to process due to datastore timeout of 30 seconds.  operation took 43 seconds."},{"id":"78449af4-3667-4f8a-b719-473116db99d5","email":"liam.gonzalez@me.com","message":"failed to process due to network exception."},{"id":"e152ffbb-4982-4e58-8f83-29a289d171c4","email":"tyler.nelson@microsoft.com","message":"successfully handled skipped operation."},{"id":"919e9c4e-6923-4276-8870-6c0c4afc45f4","email":"logan.clark@dropbox.net","message":"failed to process due to network exception."},{"id":"7d59f485-dbf0-42a7-9e4e-da87740b89c5","email":"sarah.green@amerisave.com","message":"successfully handled skipped operation."},{"id":"7f5df1de-b1d3-419c-a30a-80c35ba25544","email":"alyssa.jones@amerisave.com","message":"successfully parsed message, but message temporarily enqueued while system restarts."},{"id":"899be177-06cd-4617-b244-c009c089e51b","email":"ella.anderson@dropbox.net","message":"successfully handled skipped operation."},{"id":"ea6639ca-6cae-4c14-8efe-63afaca8c245","email":"aiden.johnson@microsoft.com","message":"successfully parsed message, but message temporarily enqueued while system restarts."},{"id":"0d195c3f-bf74-4599-9382-ebb6cefd2962","email":"jacob.lopez@dropbox.net","message":"successfully parsed message, but message temporarily enqueued while system restarts."},{"id":"0e7cb969-07b6-4cb3-8d25-c3523bc298f0","email":"sophia.baker@dropbox.net","message":"successfully processed after 8918 milliseconds."},{"id":"b4e790ee-2089-468e-bad4-27b2ffddcf6c","email":"mason.robinson@amerisave.com","message":"failed to process due to datastore timeout of 30 seconds.  operation took 116 seconds."},{"id":"c34fadaf-64cf-4bef-84cf-e1c224e8ba55","email":"aiden.johnson@microsoft.com","message":"failed to process due to network exception."}],"id":"9f80456c-db23-4e2c-a4f8-75c09c4c4c3a"}