{"logs":[{"id":"3b620269-85e4-4c5d-b59c-fd41b8542ab9","email":"alexander.williams@gmail.com","message":"failed to process due to datastore timeout of 30 seconds.  operation took 120 seconds."},{"id":"fd6152e9-a984-4f2a-8ad4-41bd3520da10","email":"liam.gonzalez@me.com","message":"successfully handled skipped operation."},{"id":"48a946e6-fe3d-440f-a888-48574da334c9","email":"noah.sanchez@me.com","message":"successfully parsed message, but message temporarily enqueued while system restarts."},{"id":"65fa5563-003a-4d4c-a44b-a04a52851dd3","email":"ethan.hernandez@microsoft.com","message":"successfully parsed message, but message temporarily enqueued while system restarts."},{"id":"f2a9b86c-8d9d-411c-b9fb-1dac1d2e2b7c","email":"alyssa.jones@amerisave.com","message":"successfully parsed message, but message temporarily enqueued while system restarts."},{"id":"255eb8e0-fad2-4ad7-b7ca-e20627e99059","email":"liam.gonzalez@me.com","message":"failed to process due to datastore timeout of 30 seconds.  operation took 105 seconds."},{"id":"e99e39cb-4c40-4517-beb6-687d96e87d2a","email":"alyssa.jones@amerisave.com","message":"successfully handled skipped operation."},{"id":"5776903d-6db9-494a-b9df-da3e3101b9d1","email":"taylor.adams@gmail.com","message":"failed to process due to datastore timeout of 30 seconds.  operation took 73 seconds."},{"id":"6d75e38c-570a-4d32-80db-cfb5a3313230","email":"nathan.young@microsoft.com","message":"successfully processed after 5802 milliseconds."},{"id":"c2594d02-b374-4e21-b9c0-c41d27f9442d","email":"olivia.wright@gmail.com","message":"successfully handled skipped operation."},{"id":"f09eb849-e53f-473f-a6d4-58539598049a","email":"chloe.garcia@dropbox.net","message":"successfully parsed message, but message temporarily enqueued while system restarts."},{"id":"fb939c68-f18e-4b2e-a508-fe7843849f8d","email":"joshua.lee@gmail.com","message":"successfully processed after 9096 milliseconds."},{"id":"11e38e19-57f9-49be-928f-b526781f6cec","email":"alexander.williams@gmail.com","message":"failed to process due to network exception."},{"id":"18882563-2ffc-4b6b-a3c1-55ed7024a867","email":"alyssa.jones@amerisave.com","message":"successfully parsed message, but message temporarily enqueued while system restarts."},{"id":"f62849d5-e788-4ef7-9048-9b8f45c61447","email":"ethan.hernandez@microsoft.com","message":"successfully parsed message, but message temporarily enqueued while system restarts."},{"id":"bf4349c2-9001-4165-9742-dad689a9b88a","email":"emily.taylor@gmail.com","message":"successfully parsed message, but message temporarily enqueued while system restarts."},{"id":"c2ee7ef6-8dab-4f66-9728-c2938b463b0c","email":"abigail.smith@amerisave.com","message":"successfully handled skipped operation."},{"id":"5a1c9ad7-ab43-4792-b672-aa753adbd55c","email":"aiden.johnson@microsoft.com","message":"successfully handled skipped operation."},{"id":"3a0a3053-320e-46a1-82ea-37c43696e14c","email":"alexis.brown@microsoft.com","message":"successfully handled skipped operation."},{"id":"02e38c47-5805-4ccf-a5f7-5ebf7bfb4e5a","email":"olivia.wright@gmail.com","message":"successfully parsed message, but message temporarily enqueued while system restarts."},{"id":"89d5b27e-f8f6-4bce-800e-acbdb8f5fe0c","email":"hannah.martin@dropbox.net","message":"successfully processed after 6016 milliseconds."},{"id":"21c552a1-e82f-420b-ba0a-05ae7063175c","email":"dylan.wilson@gmail.com","message":"successfully parsed message, but message temporarily enqueued while system restarts."},{"id":"c020fc3a-ad20-4660-8eb5-624e5fe4b794","email":"ella.anderson@dropbox.net","message":"successfully processed after 2028 milliseconds."},{"id":"7cac1d4b-48ea-4097-8bfb-a5072c49e2c1","email":"aiden.johnson@microsoft.com","message":"successfully handled skipped operation."},{"id":"167ac155-3d51-4703-9f95-26acf3d4e0f3","email":"ava.davis@gmail.com","message":"successfully processed after 4870 milliseconds."},{"id":"07351a20-68b7-4eb4-9cdb-2f5366a6ab60","email":"emily.taylor@gmail.com","message":"successfully processed after 8024 milliseconds."},{"id":"cf94cd2a-9b13-4b34-906f-14a5ee35bd07","email":"hannah.martin@dropbox.net","message":"successfully parsed message, but message temporarily enqueued while system restarts."},{"id":"a7ea4734-9741-4a26-a143-4859cf5f2b63","email":"chloe.garcia@dropbox.net","message":"successfully parsed message, but message temporarily enqueued while system restarts."},{"id":"55e39a72-20d2-4f5d-906b-df0587aeab72","email":"hannah.martin@dropbox.net","message":"failed to process due to network exception."},{"id":"b7d4e36f-b509-4154-a02e-67f8565b52a9","email":"samantha.scott@me.com","message":"successfully processed after 445 milliseconds."},{"id":"fb2426ef-4f6d-4a2c-802d-3499ac40900e","email":"olivia.wright@gmail.com","message":"successfully handled skipped operation."},{"id":"900fed53-5a05-486d-86a1-ffb665a5e00a","email":"nicholas.allen@microsoft.com","message":"successfully handled skipped operation."},{"id":"e3225821-097e-4dc9-8c08-85f9443a4e92","email":"madison.lewis@gmail.com","message":"failed to process due to network exception."},{"id":"e6352bc7-ae9f-40e3-a7d3-09aa16cc20db","email":"olivia.wright@gmail.com","message":"failed to process due to network exception."},{"id":"9054b47f-d9a5-4d4e-9b0b-dd70f1527274","email":"jacob.lopez@dropbox.net","message":"failed to process due to network exception."},{"id":"18f495fc-ca1c-424b-88a0-540edb1b79ba","email":"grace.moore@gmail.com","message":"failed to process due to network exception."},{"id":"679844d8-5473-4332-a6e6-201289b89276","email":"noah.sanchez@me.com","message":"failed to process due to network exception."},{"id":"61f3d987-6285-4f4d-ab77-9b78db069fb2","email":"nicholas.allen@microsoft.com","message":"successfully parsed message, but message temporarily enqueued while system restarts."},{"id":"df12104c-31bc-438a-ba0f-bc1ef86e6694","email":"dylan.wilson@gmail.com","message":"successfully processed after 3304 milliseconds."},{"id":"50609fdf-5bb4-4ff5-9174-fe02e4fc2d48","email":"mia.perez@me.com","message":"successfully handled skipped operation."},{"id":"1a74b199-f114-4483-be71-0d4ce1550622","email":"lily.harris@gmail.com","message":"failed to process due to datastore timeout of 30 seconds.  operation took 57 seconds."},{"id":"9ca20f3b-1e12-40b0-847b-3fd494205d0a","email":"jack.thompson@me.com","message":"successfully processed after 1733 milliseconds."},{"id":"7959e5d5-bb16-4f62-981e-7b01d9f404d2","email":"elizabeth.martinez@dropbox.net","message":"failed to process due to network exception."},{"id":"2cbc9b51-1316-4f99-9711-d41bb3c431dc","email":"abigail.smith@amerisave.com","message":"successfully handled skipped operation."},{"id":"9ec5fddb-6dfc-42a5-b106-e12dc1ba8a6c","email":"ethan.hernandez@microsoft.com","message":"failed to process due to network exception."},{"id":"80328b6e-5d9d-46c6-a88e-77177960b8a8","email":"dylan.wilson@gmail.com","message":"successfully processed after 4096 milliseconds."},{"id":"e47e83a1-e5cf-4562-9d44-316f1d696b18","email":"taylor.adams@gmail.com","message":"successfully handled skipped operation."},{"id":"44291a80-fd0f-45d8-bfd8-58673735d15c","email":"andrew.miller@gmail.com","message":"successfully parsed message, but message temporarily enqueued while system restarts."},{"id":"fde4b458-4b71-41ef-ac98-673e8b2c5741","email":"matthew.walker@amerisave.com","message":"failed to process due to network exception."},{"id":"6ed056ef-cab4-4122-8dea-4d0ab7dbc5f8","email":"samantha.scott@me.com","message":"successfully handled skipped operation."},{"id":"47a2649f-9260-4894-b3d9-f546da4efec7","email":"nathan.young@microsoft.com","message":"successfully parsed message, but message temporarily enqueued while system restarts."},{"id":"6a4a08bc-f1ce-4f87-a0e8-107126e79802","email":"michael.hall@dropbox.net","message":"successfully parsed message, but message temporarily enqueued while system restarts."},{"id":"7aca8688-82ba-4378-81f4-4e2614848ba8","email":"abigail.smith@amerisave.com","message":"successfully parsed message, but message temporarily enqueued while system restarts."},{"id":"411fd2e2-f5bf-44ff-b32e-e4f01af96468","email":"noah.sanchez@me.com","message":"successfully handled skipped operation."},{"id":"23e113cc-8347-41d8-b6a5-b2ae9c9a3ba6","email":"alyssa.jones@amerisave.com","message":"failed to process due to datastore timeout of 30 seconds.  operation took 120 seconds."},{"id":"55491b49-c051-459e-9b71-20955a11e9f8","email":"mia.perez@me.com","message":"successfully handled skipped operation."},{"id":"8af0e901-a72c-40b7-9259-fc95abd7a2ac","email":"logan.clark@dropbox.net","message":"successfully parsed message, but message temporarily enqueued while system restarts."},{"id":"ae52cc62-0b19-4397-9ed0-67251553836c","email":"dylan.wilson@gmail.com","message":"successfully handled skipped operation."},{"id":"bbfa7706-39b8-4e25-b8b5-f7f5d5e077b3","email":"nathan.young@microsoft.com","message":"successfully processed after 1337 milliseconds."},{"id":"42f217c1-56e9-430c-a90b-2e8b5c5ac36e","email":"jacob.lopez@dropbox.net","message":"successfully handled skipped operation."},{"id":"8b494db9-ebb7-4549-9ab4-92f905ea980e","email":"ethan.hernandez@microsoft.com","message":"failed to process due to datastore timeout of 30 seconds.  operation took 118 seconds."},{"id":"99591032-e4ae-4a35-a2cd-48016e59521f","email":"logan.clark@dropbox.net","message":"failed to process due to datastore timeout of 30 seconds.  operation took 107 seconds."},{"id":"36c8362b-44f1-45e4-950a-35d72f656e65","email":"sophia.baker@dropbox.net","message":"failed to process due to network exception."},{"id":"6668d722-3fe5-40f9-b69c-5f2ee00884f9","email":"alexander.williams@gmail.com","message":"successfully parsed message, but message temporarily enqueued while system restarts."},{"id":"fedce0ca-79ac-41a6-b48a-bff7ee98612e","email":"madison.lewis@gmail.com","message":"successfully processed after 7752 milliseconds."},{"id":"7a23fb80-22ce-4904-a195-adc715344462","email":"sophia.baker@dropbox.net","message":"successfully processed after 1829 milliseconds."},{"id":"9ee83048-b285-4a07-a1e9-6c4e1322a96b","email":"mia.perez@me.com","message":"successfully processed after 3257 milliseconds."},{"id":"6f03513c-35fc-497a-b8b5-01cd8d0aee0b","email":"sarah.green@amerisave.com","message":"failed to process due to network exception."},{"id":"3bb98507-08bb-406c-99cc-4f36dee2430d","email":"alexander.williams@gmail.com","message":"failed to process due to network exception."},{"id":"fa0a7ec5-f837-4c9c-bd5e-fa4cd188dba9","email":"nathan.young@microsoft.com","message":"successfully handled skipped operation."},{"id":"9c1cc049-2225-4eed-b8cb-ed3a4f006515","email":"chloe.garcia@dropbox.net","message":"successfully processed after 1111 milliseconds."},{"id":"76f8aeaf-4d65-49e2-978d-ac48057b33e6","email":"ella.anderson@dropbox.net","message":"failed to process due to network exception."},{"id":"29d25831-6a40-4a94-a0b1-514adc8362f0","email":"michael.hall@dropbox.net","message":"successfully handled skipped operation."},{"id":"7368cb42-7658-41ce-9f84-ab0a5a9fdbbf","email":"emma.thomas@me.com","message":"failed to process due to datastore timeout of 30 seconds.  operation took 75 seconds."},{"id":"118241bd-2ea1-4e9e-a1bf-9ba62d4a4a81","email":"andrew.miller@gmail.com","message":"successfully parsed message, but message temporarily enqueued while system restarts."},{"id":"7d92863f-1760-462c-a5cf-d189ba49da30","email":"dylan.wilson@gmail.com","message":"successfully processed after 8511 milliseconds."},{"id":"80fe55d2-359f-45ff-9a91-24db7f5b408f","email":"grace.moore@gmail.com","message":"failed to process due to datastore timeout of 30 seconds.  operation took 104 seconds."},{"id":"6dbe8458-6026-4788-947e-abd220681fb4","email":"lily.harris@gmail.com","message":"successfully parsed message, but message temporarily enqueued while system restarts."},{"id":"22cfa2d0-96df-456c-9193-554e7c6a7b30","email":"emily.taylor@gmail.com","message":"failed to process due to datastore timeout of 30 seconds.  operation took 119 seconds."},{"id":"f8cea732-ad40-434d-9581-a6e9169f032b","email":"emily.taylor@gmail.com","message":"failed to process due to network exception."},{"id":"0b958a7c-373c-4d09-a9bb-d32e5a7beba5","email":"ryan.king@dropbox.net","message":"successfully parsed message, but message temporarily enqueued while system restarts."},{"id":"e1dc9fd7-15a6-46bf-a0e2-1e80e899d048","email":"ethan.hernandez@microsoft.com","message":"failed to process due to network exception."},{"id":"b8648eaa-d8ee-4a3d-8072-aa8f7add3f1b","email":"daniel.rodriguez@amerisave.com","message":"successfully processed after 8343 milliseconds."},{"id":"df18b26f-cd88-487c-b7b0-91a16ce0a31d","email":"alexander.williams@gmail.com","message":"failed to process due to datastore timeout of 30 seconds.  operation took 122 seconds."},{"id":"2fca4c57-302d-416f-b923-5ea3310f0944","email":"logan.clark@dropbox.net","message":"failed to process due to network exception."},{"id":"0dc7482a-324f-4791-9b48-c3215a37ead8","email":"matthew.walker@amerisave.com","message":"successfully parsed message, but message temporarily enqueued while system restarts."},{"id":"6fd42066-dfd9-442a-9f69-bf473f4f74be","email":"elizabeth.martinez@dropbox.net","message":"failed to process due to datastore timeout of 30 seconds.  operation took 43 seconds."},{"id":"3d87964f-d6d1-4cba-84cb-cf780e859fa0","email":"jacob.lopez@dropbox.net","message":"successfully handled skipped operation."},{"id":"896950a9-dd80-49fd-b073-ac50648eb99a","email":"sarah.green@amerisave.com","message":"failed to process due to datastore timeout of 30 seconds.  operation took 66 seconds."},{"id":"ac0fc707-0dcc-42bc-865b-c783716aaccf","email":"ethan.hernandez@microsoft.com","message":"successfully parsed message, but message temporarily enqueued while system restarts."},{"id":"c7a99f93-9bcd-4e13-ba7f-e64a91c63e80","email":"joshua.lee@gmail.com","message":"successfully processed after 9591 milliseconds."},{"id":"a9f6b27b-b006-43c3-a3b7-ce3da724f31a","email":"ethan.hernandez@microsoft.com","message":"failed to process due to network exception."},{"id":"19a9fda0-a748-41b4-b10d-c2142f3685ec","email":"jacob.lopez@dropbox.net","message":"successfully handled skipped operation."},{"id":"5802cc2b-52d2-498d-a6aa-6eecf53d7c35","email":"emily.taylor@gmail.com","message":"successfully parsed message, but message temporarily enqueued while system restarts."},{"id":"63f0db89-7c9c-4f71-8305-cb2e30db5072","email":"emily.taylor@gmail.com","message":"failed to process due to network exception."},{"id":"0dec0910-611a-4dd3-9991-6d1e260d5925","email":"daniel.rodriguez@amerisave.com","message":"failed to process due to datastore timeout of 30 seconds.  operation took 57 seconds."},{"id":"63646e61-0061-4446-b0b4-941aafe2ad21","email":"taylor.adams@gmail.com","message":"failed to process due to network exception."},{"id":"e4e92639-769b-46c6-8661-b48f6fdc614a","email":"tyler.nelson@microsoft.com","message":"failed to process due to network exception."},{"id":"e040c540-37a1-430b-842c-d5b3221db411","email":"logan.clark@dropbox.net","message":"successfully parsed message, but message temporarily enqueued while system restarts."},{"id":"cc1dfbd5-c44c-4d00-97c5-91e7f86a334f","email":"alexis.brown@microsoft.com","message":"failed to process due to network exception."},{"id":"6171c96f-9991-4b9a-aa2b-05a95eb3f19b","email":"aiden.johnson@microsoft.com","message":"successfully parsed message, but message temporarily enqueued while system restarts."},{"id":"4239ff69-eb5a-4806-a82b-d140cbfb12b9","email":"noah.sanchez@me.com","message":"successfully processed after 2147 milliseconds."},{"id":"381f6bec-9a4c-4bf6-a1db-a539edb341ed","email":"emily.taylor@gmail.com","message":"failed to process due to datastore timeout of 30 seconds.  operation took 66 seconds."},{"id":"e62978e8-40d9-46ba-9f04-e779649306f6","email":"jacob.lopez@dropbox.net","message":"successfully handled skipped operation."},{"id":"06f7b0ef-8bc3-4dda-ad63-6196018fe6b5","email":"nathan.young@microsoft.com","message":"failed to process due to datastore timeout of 30 seconds.  operation took 118 seconds."},{"id":"259a1e43-f1e2-4bae-b724-6c385f7fbf3f","email":"taylor.adams@gmail.com","message":"successfully processed after 8448 milliseconds."},{"id":"9e6bd2e7-613f-41cc-9677-53a44c744029","email":"ava.davis@gmail.com","message":"failed to process due to datastore timeout of 30 seconds.  operation took 121 seconds."},{"id":"48329403-d46a-49a2-b496-d89388e8d600","email":"jackson.white@gmail.com","message":"successfully handled skipped operation."},{"id":"018e28fd-9387-48bd-b3ca-4448dc8d2b2b","email":"aiden.johnson@microsoft.com","message":"failed to process due to network exception."},{"id":"4a6b78b0-9c79-4a6b-bdc7-3ccdabaa3de6","email":"chloe.garcia@dropbox.net","message":"successfully processed after 674 milliseconds."},{"id":"0c3eed87-def0-4e6c-9194-0ff3cd591e70","email":"noah.sanchez@me.com","message":"failed to process due to network exception."},{"id":"aca81d64-726a-4e5f-99bf-35e8f8b7fb04","email":"tyler.nelson@microsoft.com","message":"successfully parsed message, but message temporarily enqueued while system restarts."},{"id":"75cb625b-e65f-49fc-bd84-ade2211ba280","email":"logan.clark@dropbox.net","message":"successfully handled skipped operation."},{"id":"3ad7955c-75f0-4be0-9270-90fda7264bcb","email":"mia.perez@me.com","message":"failed to process due to network exception."},{"id":"ce3016ba-21f6-42f9-8bfd-3c9995c39c33","email":"alexis.brown@microsoft.com","message":"failed to process due to datastore timeout of 30 seconds.  operation took 36 seconds."},{"id":"144bf8be-6349-4ad0-bf54-84dba5171e4a","email":"taylor.adams@gmail.com","message":"failed to process due to network exception."},{"id":"466c7e96-0a18-4e45-9cbb-31a6eeb5c077","email":"ryan.king@dropbox.net","message":"failed to process due to datastore timeout of 30 seconds.  operation took 77 seconds."},{"id":"f89a368c-1293-4db5-8b64-f1557b5a8134","email":"jackson.white@gmail.com","message":"failed to process due to network exception."}],"id":"31380fba-4e74-4e43-a6a4-da044031582f"}