{"logs":[{"id":"70748e23-b4d0-40b7-b4e8-2c6ad3b6f4a1","email":"michael.hall@dropbox.net","message":"successfully parsed message, but message temporarily enqueued while system restarts."},{"id":"18a0fc22-2611-454f-8183-6ad2d900b8c1","email":"alyssa.jones@amerisave.com","message":"successfully handled skipped operation."},{"id":"698c2635-4bcd-4373-a329-4c020b84fb81","email":"sophia.baker@dropbox.net","message":"successfully parsed message, but message temporarily enqueued while system restarts."},{"id":"ef4871c6-9f43-4ce4-a7cd-077826710860","email":"daniel.rodriguez@amerisave.com","message":"failed to process due to network exception."},{"id":"9c287d58-5c7b-43dd-b5de-e4be0d3f5331","email":"madison.lewis@gmail.com","message":"failed to process due to datastore timeout of 30 seconds.  operation took 127 seconds."},{"id":"66810106-75dd-470d-9a58-241a0ff5aba3","email":"nathan.young@microsoft.com","message":"failed to process due to network exception."},{"id":"86880980-6b0a-479f-ab7c-2a2161bfb996","email":"andrew.miller@gmail.com","message":"successfully processed after 8393 milliseconds."},{"id":"ffd5e536-74a4-49df-8f84-cf540bc54233","email":"lily.harris@gmail.com","message":"failed to process due to network exception."},{"id":"14750b47-b034-4c1e-a614-29c9e1c17508","email":"emma.thomas@me.com","message":"successfully processed after 8022 milliseconds."},{"id":"b1b21c07-d482-4247-92fd-001f804ece6e","email":"nathan.young@microsoft.com","message":"successfully parsed message, but message temporarily enqueued while system restarts."},{"id":"b2035795-0154-46cb-b3dc-f2ef0c78efce","email":"nathan.young@microsoft.com","message":"successfully parsed message, but message temporarily enqueued while system restarts."},{"id":"1353798e-0007-48b6-a9d8-d17fe5869dc1","email":"logan.clark@dropbox.net","message":"successfully processed after 8624 milliseconds."},{"id":"96a97d27-8dc6-459e-95e6-7097c34a210d","email":"abigail.smith@amerisave.com","message":"successfully parsed message, but message temporarily enqueued while system restarts."}],"id":"f64f2e38-7cbb-4337-b5d5-eb13eb064bc4"}