{"logs":[{"id":"2bb3ee1d-6fa8-4b08-85bf-fb0a58aa3099","email":"dylan.wilson@gmail.com","message":"successfully processed after 8827 milliseconds."},{"id":"9fc1bdc0-24f8-4bb6-bd88-3685c7a32dbe","email":"alyssa.jones@amerisave.com","message":"failed to process due to datastore timeout of 30 seconds.  operation took 126 seconds."},{"id":"d4cd7a93-6171-4970-b4b2-576edc03d748","email":"logan.clark@dropbox.net","message":"successfully handled skipped operation."},{"id":"6607aa54-d02b-4ab9-97fd-fa86bdb1e0bd","email":"grace.moore@gmail.com","message":"successfully parsed message, but message temporarily enqueued while system restarts."},{"id":"2eda18c4-1198-491e-a0f9-9ccb437d9e3b","email":"jackson.white@gmail.com","message":"successfully processed after 8171 milliseconds."},{"id":"5298220e-a0bf-4b4d-a4c9-fdb954df2d19","email":"daniel.rodriguez@amerisave.com","message":"failed to process due to network exception."},{"id":"7aed71e3-2999-4da6-89b8-680af1403a7d","email":"hannah.martin@dropbox.net","message":"successfully parsed message, but message temporarily enqueued while system restarts."},{"id":"766fb913-fb2d-40b0-83bf-5109908f994e","email":"elizabeth.martinez@dropbox.net","message":"successfully processed after 9984 milliseconds."},{"id":"d898be21-9e3c-48c6-b0b1-17dbcd2bf29c","email":"abigail.smith@amerisave.com","message":"failed to process due to datastore timeout of 30 seconds.  operation took 57 seconds."},{"id":"a7ff3493-5a74-4f04-8b56-e6bfcc8e4730","email":"jacob.lopez@dropbox.net","message":"successfully handled skipped operation."},{"id":"738437aa-136f-46d8-927f-3126f2a27e72","email":"alexander.williams@gmail.com","message":"successfully handled skipped operation."},{"id":"9a7f2454-861a-468d-9a76-e0d9a7990d6d","email":"alexis.brown@microsoft.com","message":"failed to process due to datastore timeout of 30 seconds.  operation took 69 seconds."},{"id":"eeddd3de-7f14-4074-883a-894c4ac5e7b0","email":"jack.thompson@me.com","message":"successfully processed after 7905 milliseconds."},{"id":"39df625e-d2c7-4d93-9eaf-f0832f398d1f","email":"ella.anderson@dropbox.net","message":"failed to process due to datastore timeout of 30 seconds.  operation took 100 seconds."},{"id":"c98fca0b-8eb7-42d9-88f4-7695a29cea9c","email":"sophia.baker@dropbox.net","message":"successfully parsed message, but message temporarily enqueued while system restarts."},{"id":"df742b40-64be-4a5d-8adb-e256f341d782","email":"taylor.adams@gmail.com","message":"failed to process due to datastore timeout of 30 seconds.  operation took 116 seconds."},{"id":"d117faaa-acc9-449e-aa70-573223d0b65e","email":"nicholas.allen@microsoft.com","message":"successfully parsed message, but message temporarily enqueued while system restarts."},{"id":"4091a7d8-c55f-445c-8dd6-6f7fe953195c","email":"daniel.rodriguez@amerisave.com","message":"successfully processed after 9264 milliseconds."},{"id":"b7f5e071-8bea-4f47-9bfa-bf10350e9c48","email":"michael.hall@dropbox.net","message":"successfully parsed message, but message temporarily enqueued while system restarts."},{"id":"c0e981a0-a6ed-4c2c-9e6c-0e633066891a","email":"mason.robinson@amerisave.com","message":"failed to process due to network exception."},{"id":"cf74e7a8-8897-496b-b121-068b3e1db782","email":"logan.clark@dropbox.net","message":"failed to process due to network exception."},{"id":"fcb22c7e-dffb-4f67-b82b-06431812b786","email":"tyler.nelson@microsoft.com","message":"successfully handled skipped operation."},{"id":"051beb17-7bb6-4e6d-aa13-8848c4315471","email":"nicholas.allen@microsoft.com","message":"successfully handled skipped operation."},{"id":"39c3d0c1-1a35-448f-9885-bab6948fd312","email":"mason.robinson@amerisave.com","message":"successfully parsed message, but message temporarily enqueued while system restarts."},{"id":"655258ad-32dd-49af-82d0-5cf5182348c4","email":"ryan.king@dropbox.net","message":"failed to process due to datastore timeout of 30 seconds.  operation took 97 seconds."},{"id":"8c05eced-78fc-4f1e-bb18-9d7b3bc6aa91","email":"mia.perez@me.com","message":"failed to process due to network exception."},{"id":"8521c918-7853-44d9-8f27-65de73437275","email":"dylan.wilson@gmail.com","message":"successfully handled skipped operation."},{"id":"f295b369-9577-4f1b-871d-878ea0cd9cba","email":"tyler.nelson@microsoft.com","message":"successfully parsed message, but message temporarily enqueued while system restarts."},{"id":"f9ba4780-16f6-4885-a783-3b569ccb4817","email":"jack.thompson@me.com","message":"successfully processed after 6833 milliseconds."},{"id":"abb8edda-3278-446e-8b50-a18b525255e8","email":"sarah.green@amerisave.com","message":"successfully handled skipped operation."},{"id":"77b392ea-c483-462a-93b3-0598fbcc7d9b","email":"ella.anderson@dropbox.net","message":"successfully handled skipped operation."},{"id":"dd7fa401-608f-4da5-a17d-b5125409f016","email":"jackson.white@gmail.com","message":"successfully parsed message, but message temporarily enqueued while system restarts."},{"id":"2ae4e08a-ba90-469f-a814-e76df1500042","email":"ella.anderson@dropbox.net","message":"successfully processed after 5197 milliseconds."},{"id":"7a46954d-ce5b-47ec-acc1-d5a1a569833c","email":"sarah.green@amerisave.com","message":"failed to process due to network exception."},{"id":"84472e0f-eb89-42a3-bf3f-16f3364a3d67","email":"nicholas.allen@microsoft.com","message":"successfully parsed message, but message temporarily enqueued while system restarts."},{"id":"3b99f388-20bd-4099-b3ce-ba8b90ebf482","email":"elizabeth.martinez@dropbox.net","message":"failed to process due to datastore timeout of 30 seconds.  operation took 46 seconds."},{"id":"f7e1e15a-4416-40de-b7b0-1eac19f23e8d","email":"tyler.nelson@microsoft.com","message":"successfully processed after 5459 milliseconds."},{"id":"6bfaf2a1-ba03-4da9-95a1-74e04bb0048c","email":"alyssa.jones@amerisave.com","message":"successfully handled skipped operation."},{"id":"fca4bf69-3143-4522-ad43-3ccbc2e14b8b","email":"ethan.hernandez@microsoft.com","message":"successfully handled skipped operation."},{"id":"61f1c9e3-3c72-4faa-8514-fecc1950f623","email":"michael.hall@dropbox.net","message":"successfully parsed message, but message temporarily enqueued while system restarts."},{"id":"764949e3-3021-4d25-92d6-38fc1a91f005","email":"isabella.jackson@amerisave.com","message":"failed to process due to datastore timeout of 30 seconds.  operation took 41 seconds."},{"id":"884d75a2-e313-489d-8cdf-52dbb5c12aae","email":"ryan.king@dropbox.net","message":"successfully handled skipped operation."},{"id":"0d04fa4a-281d-480f-8464-13d20942a711","email":"lily.harris@gmail.com","message":"failed to process due to network exception."},{"id":"2e30257e-a785-4e0a-bc3e-9edeaf794cdc","email":"ethan.hernandez@microsoft.com","message":"successfully processed after 8526 milliseconds."},{"id":"f34f98b0-6e16-4eee-8906-26a6be26c2b2","email":"madison.lewis@gmail.com","message":"failed to process due to datastore timeout of 30 seconds.  operation took 97 seconds."},{"id":"f8b24472-614f-48f8-9cc1-2a55cff155ed","email":"daniel.rodriguez@amerisave.com","message":"failed to process due to datastore timeout of 30 seconds.  operation took 53 seconds."},{"id":"79ea189c-fad0-43f9-86ef-278f7931c334","email":"alyssa.jones@amerisave.com","message":"successfully parsed message, but message temporarily enqueued while system restarts."},{"id":"772e58dc-4083-429f-aa77-98399d9770ad","email":"andrew.miller@gmail.com","message":"failed to process due to datastore timeout of 30 seconds.  operation took 108 seconds."},{"id":"0ffdabca-2846-4b8c-8ee9-afed6987641a","email":"dylan.wilson@gmail.com","message":"successfully parsed message, but message temporarily enqueued while system restarts."},{"id":"8f1c1426-a7e2-43db-a556-93b0133cf5aa","email":"emma.thomas@me.com","message":"successfully parsed message, but message temporarily enqueued while system restarts."},{"id":"fd91d067-0366-44f4-92d2-a532bd640b6f","email":"lily.harris@gmail.com","message":"failed to process due to datastore timeout of 30 seconds.  operation took 117 seconds."},{"id":"a6a47fb3-3157-4142-b2f4-d61299224349","email":"grace.moore@gmail.com","message":"successfully handled skipped operation."},{"id":"98be17ac-a5aa-4ca7-aba2-16b5a21fd920","email":"logan.clark@dropbox.net","message":"successfully processed after 7355 milliseconds."},{"id":"ab580db8-6a34-4829-a430-34db359a3854","email":"andrew.miller@gmail.com","message":"successfully processed after 998 milliseconds."},{"id":"ab200e28-eac1-4bfd-9345-e5b28bb2e184","email":"liam.gonzalez@me.com","message":"failed to process due to network exception."},{"id":"f356196f-7f5b-40dc-92ad-d4ebfaca9828","email":"hannah.martin@dropbox.net","message":"successfully processed after 2741 milliseconds."},{"id":"95c9d322-3684-40e3-b2a4-4042d59e261b","email":"tyler.nelson@microsoft.com","message":"successfully processed after 4300 milliseconds."},{"id":"d4a5da10-6e58-4407-bcf5-802badbf3609","email":"taylor.adams@gmail.com","message":"failed to process due to network exception."},{"id":"1d217c4b-ac9f-4d28-bea5-ca49d6f69849","email":"dylan.wilson@gmail.com","message":"successfully parsed message, but message temporarily enqueued while system restarts."},{"id":"35f96a17-7a1a-433f-b2c2-88a29a8de0fa","email":"jackson.white@gmail.com","message":"successfully handled skipped operation."},{"id":"d589b59d-1bce-4e70-8260-e4fe5023000d","email":"logan.clark@dropbox.net","message":"successfully parsed message, but message temporarily enqueued while system restarts."},{"id":"098adef9-a554-4ca2-8a44-68e4e676b48e","email":"liam.gonzalez@me.com","message":"successfully processed after 1602 milliseconds."},{"id":"bbcb3fc4-cc6b-4eb9-8c53-f1322ec63f79","email":"liam.gonzalez@me.com","message":"failed to process due to network exception."},{"id":"e711c1cc-55b6-45dc-b643-dd8de40a2c1f","email":"mason.robinson@amerisave.com","message":"failed to process due to network exception."},{"id":"cf71608d-4d91-4386-b3e8-aae4ff93f32b","email":"mason.robinson@amerisave.com","message":"failed to process due to datastore timeout of 30 seconds.  operation took 77 seconds."},{"id":"e12aa96e-1860-4a58-83c3-0b9c8c3c2dcb","email":"chloe.garcia@dropbox.net","message":"failed to process due to network exception."},{"id":"5c62c8aa-56cc-4a5b-b391-dd64f5c5ef42","email":"alyssa.jones@amerisave.com","message":"failed to process due to network exception."},{"id":"ed0372e3-e0a2-4351-b0c6-878e3ca41121","email":"joshua.lee@gmail.com","message":"failed to process due to network exception."},{"id":"f8204ded-4088-46e8-9f50-046fdff428c8","email":"joshua.lee@gmail.com","message":"successfully handled skipped operation."},{"id":"5357ce11-0072-49a9-863f-adb8dabe146a","email":"ryan.king@dropbox.net","message":"successfully parsed message, but message temporarily enqueued while system restarts."},{"id":"dcfe1c5e-cd30-442d-a589-e5d5c05611b9","email":"alexis.brown@microsoft.com","message":"successfully handled skipped operation."},{"id":"aa50bfb0-3aa0-400d-84e9-81ef4624020e","email":"samantha.scott@me.com","message":"successfully handled skipped operation."},{"id":"265470a0-5a5a-4e5a-b1a4-f55c4b9e994c","email":"ava.davis@gmail.com","message":"successfully handled skipped operation."},{"id":"01d91dff-1e84-4bcc-a5b3-6f7bcf75e4a8","email":"nathan.young@microsoft.com","message":"successfully handled skipped operation."},{"id":"24270b14-65e5-4ab1-84ed-a9fac4ac4840","email":"joshua.lee@gmail.com","message":"failed to process due to datastore timeout of 30 seconds.  operation took 52 seconds."},{"id":"30e95e6c-3171-4139-886b-c5acb111167d","email":"taylor.adams@gmail.com","message":"successfully handled skipped operation."},{"id":"9e1ebc39-289d-47d5-8ef4-878a046f3d9c","email":"madison.lewis@gmail.com","message":"failed to process due to network exception."},{"id":"cd789aed-6935-4c36-9825-6e74d747205e","email":"sophia.baker@dropbox.net","message":"successfully processed after 4544 milliseconds."},{"id":"40af7692-b4ed-4db5-b6c7-dbf39cfbfe46","email":"logan.clark@dropbox.net","message":"failed to process due to network exception."},{"id":"cca1fa9a-7178-4032-bde0-f7c566e4816a","email":"alyssa.jones@amerisave.com","message":"successfully handled skipped operation."},{"id":"3061ef58-d1c5-4320-953d-e0b832228ed4","email":"liam.gonzalez@me.com","message":"failed to process due to datastore timeout of 30 seconds.  operation took 62 seconds."},{"id":"54268bae-abdb-4373-90b6-abb36d447da1","email":"logan.clark@dropbox.net","message":"failed to process due to network exception."},{"id":"ed7b80ac-f98f-49ce-93f4-5e5803b54309","email":"grace.moore@gmail.com","message":"successfully parsed message, but message temporarily enqueued while system restarts."},{"id":"1cf2f72f-ce94-4985-ae89-c737caf828b4","email":"emma.thomas@me.com","message":"successfully processed after 5942 milliseconds."},{"id":"3143df2d-ff25-4a62-8327-6375740912f7","email":"dylan.wilson@gmail.com","message":"failed to process due to datastore timeout of 30 seconds.  operation took 33 seconds."},{"id":"78326115-f29c-4dad-b792-8c3880b7c6d5","email":"abigail.smith@amerisave.com","message":"failed to process due to datastore timeout of 30 seconds.  operation took 101 seconds."},{"id":"50aecf14-c2ae-4154-aaaa-4c72fd9cec3b","email":"liam.gonzalez@me.com","message":"failed to process due to datastore timeout of 30 seconds.  operation took 37 seconds."},{"id":"f77628f6-710e-4fa2-bb28-6b296902b43e","email":"noah.sanchez@me.com","message":"successfully parsed message, but message temporarily enqueued while system restarts."},{"id":"d0269baa-6e69-493f-8d29-1ebf0260f40c","email":"nathan.young@microsoft.com","message":"failed to process due to datastore timeout of 30 seconds.  operation took 81 seconds."},{"id":"44942d0b-1749-4060-9618-ce7ed33383c7","email":"jack.thompson@me.com","message":"failed to process due to datastore timeout of 30 seconds.  operation took 55 seconds."},{"id":"cadc39cd-a365-44e8-b8d9-d447bd31dda9","email":"michael.hall@dropbox.net","message":"failed to process due to datastore timeout of 30 seconds.  operation took 100 seconds."},{"id":"ffb5a5c1-bb91-49e6-8ea3-4eaedeefe6f7","email":"hannah.martin@dropbox.net","message":"successfully handled skipped operation."},{"id":"443a7e27-d087-4e10-95d4-87a3766fa3cb","email":"alexis.brown@microsoft.com","message":"successfully processed after 7008 milliseconds."},{"id":"dda7a9bc-824d-4150-80ba-3a0facaf7d3b","email":"daniel.rodriguez@amerisave.com","message":"failed to process due to datastore timeout of 30 seconds.  operation took 109 seconds."},{"id":"dd4749cb-40b2-4886-9d69-fce10f54bebc","email":"madison.lewis@gmail.com","message":"successfully handled skipped operation."},{"id":"c11a96b8-aad0-4851-b608-7ae32a061ae1","email":"mia.perez@me.com","message":"failed to process due to datastore timeout of 30 seconds.  operation took 99 seconds."},{"id":"abc3f1a4-eb98-4925-8a8f-864afd0d1676","email":"grace.moore@gmail.com","message":"failed to process due to datastore timeout of 30 seconds.  operation took 88 seconds."},{"id":"077de8a6-0a5a-4a32-a7ff-1595f1082e42","email":"ella.anderson@dropbox.net","message":"successfully handled skipped operation."},{"id":"faf35586-1ed8-4004-a288-cb39c326103c","email":"sarah.green@amerisave.com","message":"failed to process due to network exception."},{"id":"1f43ff07-df31-42da-88c9-a935d194ab7b","email":"ryan.king@dropbox.net","message":"successfully processed after 1886 milliseconds."},{"id":"31af5c35-3daf-49a0-984e-9e604065deb6","email":"andrew.miller@gmail.com","message":"successfully processed after 658 milliseconds."},{"id":"b1b76cd7-f04b-4376-9097-3789aed68619","email":"mia.perez@me.com","message":"successfully processed after 4071 milliseconds."},{"id":"efeb3f65-c526-4994-8844-4b6264fe0dc2","email":"liam.gonzalez@me.com","message":"failed to process due to datastore timeout of 30 seconds.  operation took 41 seconds."},{"id":"dfe5192e-50ca-43c1-9d3b-b33224725342","email":"ryan.king@dropbox.net","message":"successfully handled skipped operation."},{"id":"06269540-c792-45ba-bce5-b608e910a749","email":"logan.clark@dropbox.net","message":"successfully parsed message, but message temporarily enqueued while system restarts."},{"id":"85e5e29e-8238-4e97-b646-c658d8c2d707","email":"sarah.green@amerisave.com","message":"failed to process due to network exception."},{"id":"4211b9e7-c286-4b04-ae8e-2abf42ae1bcc","email":"hannah.martin@dropbox.net","message":"successfully processed after 4636 milliseconds."},{"id":"2055338f-6898-449e-a0d2-dc1f0490507d","email":"mia.perez@me.com","message":"successfully processed after 6416 milliseconds."},{"id":"ce3ac156-b48a-4199-9e74-0860a1c8f3a5","email":"madison.lewis@gmail.com","message":"failed to process due to datastore timeout of 30 seconds.  operation took 61 seconds."},{"id":"d0ce9e43-5e6c-43df-9ce3-394cc4d37d7d","email":"emily.taylor@gmail.com","message":"failed to process due to network exception."},{"id":"b3f9e436-4064-4f39-b7e1-6cc6814b9498","email":"ryan.king@dropbox.net","message":"successfully handled skipped operation."},{"id":"2cb2c6f7-388d-4134-babc-b8246749d7ff","email":"tyler.nelson@microsoft.com","message":"successfully parsed message, but message temporarily enqueued while system restarts."},{"id":"acd9a79c-e02d-462e-bc80-0cf215209b05","email":"liam.gonzalez@me.com","message":"successfully handled skipped operation."},{"id":"415e73b3-f367-4c32-b78c-6ef2ca73a3ae","email":"andrew.miller@gmail.com","message":"failed to process due to network exception."},{"id":"4d301f1f-4ef6-4e6d-b8b0-f28e556c9695","email":"taylor.adams@gmail.com","message":"failed to process due to network exception."},{"id":"2a77e65a-3b43-451f-b05c-1001831adc18","email":"jackson.white@gmail.com","message":"successfully handled skipped operation."},{"id":"c77527d3-7fc5-47f6-8eed-06b22830e8e4","email":"hannah.martin@dropbox.net","message":"successfully parsed message, but message temporarily enqueued while system restarts."},{"id":"d89c7f70-3fb4-497d-9106-4f527051a934","email":"matthew.walker@amerisave.com","message":"successfully processed after 9119 milliseconds."},{"id":"9c74c4cb-9c3e-4c85-b518-5274057eeb01","email":"alexander.williams@gmail.com","message":"failed to process due to network exception."},{"id":"09ca3881-f09f-4938-92fc-a6146fe8ea6e","email":"michael.hall@dropbox.net","message":"failed to process due to network exception."},{"id":"8099a359-0118-4daf-8434-a9220cda97f3","email":"alexander.williams@gmail.com","message":"successfully parsed message, but message temporarily enqueued while system restarts."},{"id":"4739c980-7c68-4924-989a-c57b151bc36c","email":"ella.anderson@dropbox.net","message":"successfully handled skipped operation."},{"id":"516a50dd-f337-4da0-a2e9-9eb61a5a8c95","email":"alyssa.jones@amerisave.com","message":"successfully parsed message, but message temporarily enqueued while system restarts."},{"id":"7331c2cb-9903-44a0-9238-5cef620bcc7a","email":"sarah.green@amerisave.com","message":"successfully processed after 638 milliseconds."},{"id":"5e9473ee-42f3-479f-abcd-6ccb37fba77e","email":"sarah.green@amerisave.com","message":"failed to process due to network exception."},{"id":"555ccad9-eb99-40d9-b77d-6200ed0f358f","email":"michael.hall@dropbox.net","message":"successfully processed after 2274 milliseconds."},{"id":"f2dc27e3-91fb-4ee7-ae98-f0ffc56c0237","email":"jack.thompson@me.com","message":"successfully processed after 2303 milliseconds."},{"id":"37d017a5-45ee-455f-9db4-3e4dffeda37c","email":"sarah.green@amerisave.com","message":"failed to process due to network exception."},{"id":"366fba39-9675-49e5-a7b2-289b7142830f","email":"chloe.garcia@dropbox.net","message":"successfully processed after 889 milliseconds."},{"id":"7094b3c2-0035-4b5b-9625-a413c78ac4a7","email":"michael.hall@dropbox.net","message":"successfully processed after 814 milliseconds."},{"id":"5688245f-9e40-4fd5-8582-2556398bbaa2","email":"matthew.walker@amerisave.com","message":"successfully processed after 6075 milliseconds."},{"id":"36c53e41-52e7-493e-8e54-ee7a21313908","email":"emily.taylor@gmail.com","message":"failed to process due to datastore timeout of 30 seconds.  operation took 79 seconds."},{"id":"785077de-2521-41a4-a2df-273e41e163d6","email":"hannah.martin@dropbox.net","message":"successfully handled skipped operation."},{"id":"7125358f-46eb-41b6-996f-1f82162af199","email":"mia.perez@me.com","message":"successfully handled skipped operation."},{"id":"4fefa214-d5fa-46e7-854d-6abcb9ba370b","email":"logan.clark@dropbox.net","message":"successfully processed after 267 milliseconds."},{"id":"1bc898d0-96dd-49c1-9371-d064181f68d7","email":"isabella.jackson@amerisave.com","message":"failed to process due to datastore timeout of 30 seconds.  operation took 76 seconds."},{"id":"ba038d89-a590-4bec-a074-369ca89db834","email":"joshua.lee@gmail.com","message":"failed to process due to network exception."},{"id":"e7011756-324c-4cf2-b27f-1af6b71955a4","email":"sarah.green@amerisave.com","message":"successfully parsed message, but message temporarily enqueued while system restarts."},{"id":"066cf67a-07fe-4766-b8b3-be4fc04eb0ff","email":"michael.hall@dropbox.net","message":"successfully parsed message, but message temporarily enqueued while system restarts."},{"id":"9286b938-1a02-42e8-a85f-3326f1a040b2","email":"grace.moore@gmail.com","message":"failed to process due to network exception."},{"id":"c833a9c5-c297-443d-b5dc-29523cbefde6","email":"michael.hall@dropbox.net","message":"failed to process due to datastore timeout of 30 seconds.  operation took 121 seconds."},{"id":"0e6a8f8c-1487-4f50-bf95-dcadec6b5520","email":"noah.sanchez@me.com","message":"failed to process due to network exception."},{"id":"d8c43a46-fbfc-4f3f-a81f-cef6c44de2b4","email":"ryan.king@dropbox.net","message":"successfully parsed message, but message temporarily enqueued while system restarts."},{"id":"f8d554f4-1242-43fb-9874-cd388e9bd2be","email":"sophia.baker@dropbox.net","message":"failed to process due to datastore timeout of 30 seconds.  operation took 43 seconds."},{"id":"c88c5847-fc14-4ef0-bdf1-7699589aa059","email":"olivia.wright@gmail.com","message":"successfully processed after 8030 milliseconds."},{"id":"9309c64b-9b2d-4c70-9c6d-ee0056cbdd1c","email":"jackson.white@gmail.com","message":"successfully handled skipped operation."},{"id":"0ee71384-8dc5-4a19-ba6b-0b17f8a679af","email":"samantha.scott@me.com","message":"failed to process due to datastore timeout of 30 seconds.  operation took 118 seconds."},{"id":"1faa0e55-4d1e-4141-a1fc-eeaa0b7a68a8","email":"alexis.brown@microsoft.com","message":"successfully handled skipped operation."},{"id":"93f4f4a7-f723-43ce-993f-ae225d2f652c","email":"sophia.baker@dropbox.net","message":"failed to process due to network exception."},{"id":"f3025c97-a6e2-4090-96f5-554613bce9ec","email":"isabella.jackson@amerisave.com","message":"successfully handled skipped operation."},{"id":"47cd4b48-84eb-4310-aab1-26ba2aa0221d","email":"mason.robinson@amerisave.com","message":"successfully parsed message, but message temporarily enqueued while system restarts."},{"id":"3d10b2dc-031d-4479-8df8-1994e72dc8be","email":"emily.taylor@gmail.com","message":"successfully handled skipped operation."},{"id":"2dbbee06-b271-40af-84d7-897e4fff0fb7","email":"jackson.white@gmail.com","message":"successfully processed after 7585 milliseconds."},{"id":"e1f66248-2aa9-47a6-968c-7a7d3578ca65","email":"nicholas.allen@microsoft.com","message":"failed to process due to network exception."},{"id":"387c0d56-63d2-4b44-b03b-509556ee7dfc","email":"logan.clark@dropbox.net","message":"failed to process due to network exception."},{"id":"7b954e65-cc84-4880-9c20-63353fb3ffd5","email":"dylan.wilson@gmail.com","message":"successfully parsed message, but message temporarily enqueued while system restarts."},{"id":"c7837ded-cce9-44a7-ae90-8b3d36c4252d","email":"grace.moore@gmail.com","message":"successfully handled skipped operation."},{"id":"9a450d02-32e8-4201-8ccd-f75d320c8312","email":"taylor.adams@gmail.com","message":"successfully handled skipped operation."},{"id":"fd972cf3-5a4a-43be-8b72-42d2c2bdc11b","email":"alyssa.jones@amerisave.com","message":"failed to process due to network exception."},{"id":"d26bb3ba-5647-46b1-8c27-7dd5c6009974","email":"matthew.walker@amerisave.com","message":"successfully parsed message, but message temporarily enqueued while system restarts."},{"id":"59723c46-1109-43ee-989c-6a6e46e64a8c","email":"hannah.martin@dropbox.net","message":"successfully handled skipped operation."},{"id":"2b049e9d-463d-4aa0-b4a8-cc9a01077e77","email":"samantha.scott@me.com","message":"failed to process due to network exception."},{"id":"3903da8b-94bb-4669-ab27-17b008dbf943","email":"ava.davis@gmail.com","message":"successfully handled skipped operation."},{"id":"08401d35-a597-49a6-b2a8-430e2de29b09","email":"aiden.johnson@microsoft.com","message":"successfully handled skipped operation."},{"id":"34babdf8-a167-41d6-a0fb-f0d7250f0237","email":"logan.clark@dropbox.net","message":"successfully processed after 4915 milliseconds."},{"id":"85930ba2-1c4a-4f46-b927-b7790119f337","email":"madison.lewis@gmail.com","message":"successfully processed after 844 milliseconds."},{"id":"627d1678-d202-4c20-8e9c-71e6cbdf6847","email":"matthew.walker@amerisave.com","message":"successfully parsed message, but message temporarily enqueued while system restarts."},{"id":"6a00fadc-325e-4042-a85a-b3abaf16d35a","email":"mia.perez@me.com","message":"successfully parsed message, but message temporarily enqueued while system restarts."},{"id":"d48f8a7a-e59e-40e5-9811-d0549e90f519","email":"mia.perez@me.com","message":"failed to process due to datastore timeout of 30 seconds.  operation took 51 seconds."},{"id":"1b829b68-0652-4da5-a043-07f1e658df1d","email":"alyssa.jones@amerisave.com","message":"successfully parsed message, but message temporarily enqueued while system restarts."},{"id":"96aed36c-bf71-4e39-9155-e014b6952d23","email":"tyler.nelson@microsoft.com","message":"successfully handled skipped operation."},{"id":"ec83996e-085f-4e25-9797-42f99155b6e7","email":"samantha.scott@me.com","message":"failed to process due to network exception."},{"id":"9d505a09-4239-494e-a57b-7715f0af1550","email":"alyssa.jones@amerisave.com","message":"failed to process due to network exception."},{"id":"3af7894a-bdf3-41ee-9507-8a1d7ed81003","email":"dylan.wilson@gmail.com","message":"failed to process due to network exception."},{"id":"a4784e59-c95e-4056-839c-1a4e3530bfd5","email":"noah.sanchez@me.com","message":"successfully parsed message, but message temporarily enqueued while system restarts."},{"id":"af92cc06-2e04-474f-94b8-c5a0b9a25b75","email":"dylan.wilson@gmail.com","message":"successfully handled skipped operation."},{"id":"9dda8843-e936-41ea-af5b-9f86de17465f","email":"ethan.hernandez@microsoft.com","message":"failed to process due to network exception."},{"id":"fa2d7345-55fb-4b08-8541-d183ccb8f38f","email":"taylor.adams@gmail.com","message":"successfully handled skipped operation."},{"id":"a3cd83fd-c69f-418e-9d0f-8998261714d7","email":"logan.clark@dropbox.net","message":"successfully parsed message, but message temporarily enqueued while system restarts."},{"id":"36f09ba3-b79e-4ebe-b58f-5e1f338f18c3","email":"mia.perez@me.com","message":"successfully parsed message, but message temporarily enqueued while system restarts."},{"id":"db1558b8-11aa-4bb6-a495-c5a54c121717","email":"michael.hall@dropbox.net","message":"failed to process due to network exception."},{"id":"518f0f92-c16c-4f35-a8d4-c4168d4331d0","email":"jackson.white@gmail.com","message":"successfully handled skipped operation."},{"id":"922f83ee-7def-401b-a704-1f914848954f","email":"ava.davis@gmail.com","message":"successfully parsed message, but message temporarily enqueued while system restarts."},{"id":"46c0007b-a03c-4be5-a50f-0221e48e92f5","email":"liam.gonzalez@me.com","message":"failed to process due to datastore timeout of 30 seconds.  operation took 78 seconds."},{"id":"5778bd26-0610-4635-9192-8d60b86cfa66","email":"olivia.wright@gmail.com","message":"failed to process due to network exception."},{"id":"bb910dda-f48a-4afd-9ba2-eb3e948f42fa","email":"andrew.miller@gmail.com","message":"successfully processed after 7271 milliseconds."},{"id":"2d4d60f1-7c73-467b-b25d-e514f17ed5d9","email":"mason.robinson@amerisave.com","message":"successfully handled skipped operation."},{"id":"47d59a2b-88b6-441f-a55e-aa935e589bcc","email":"logan.clark@dropbox.net","message":"failed to process due to network exception."},{"id":"c7096f42-93f3-4d14-a461-7c4315bb0525","email":"grace.moore@gmail.com","message":"successfully handled skipped operation."},{"id":"4b16a3a5-8ed6-4698-84fa-97977e2d1c91","email":"aiden.johnson@microsoft.com","message":"failed to process due to network exception."},{"id":"6d933388-7e90-4dbc-8c3d-0095f7e6dea6","email":"alyssa.jones@amerisave.com","message":"failed to process due to datastore timeout of 30 seconds.  operation took 96 seconds."},{"id":"9b404abd-6a7d-47c9-b796-207c0b2d1148","email":"taylor.adams@gmail.com","message":"successfully handled skipped operation."},{"id":"a0aa0991-ba1a-4c6a-8d22-dcaa37f5885c","email":"ava.davis@gmail.com","message":"successfully parsed message, but message temporarily enqueued while system restarts."},{"id":"8ce05fdc-fb9a-4f2d-93b4-da5548a37f0e","email":"tyler.nelson@microsoft.com","message":"successfully handled skipped operation."},{"id":"f98ba30c-723f-479a-b67d-701a02c281da","email":"grace.moore@gmail.com","message":"failed to process due to network exception."},{"id":"b4ae8898-4db8-4c52-845d-bfd0de4008a2","email":"noah.sanchez@me.com","message":"successfully processed after 4599 milliseconds."},{"id":"cfe96b2f-9564-41fd-b33c-29724eaba0ef","email":"jacob.lopez@dropbox.net","message":"failed to process due to network exception."},{"id":"ded02ce4-3a1d-45b2-a5dd-40a6d5e91571","email":"jack.thompson@me.com","message":"successfully processed after 4145 milliseconds."},{"id":"ae62f513-2ba5-4217-935d-2b9355ad8b97","email":"daniel.rodriguez@amerisave.com","message":"successfully handled skipped operation."},{"id":"bf41004e-c7a8-42d0-a905-efe2fb49e766","email":"olivia.wright@gmail.com","message":"successfully processed after 3796 milliseconds."},{"id":"44488027-8e1e-4582-96ee-863abb7117d2","email":"matthew.walker@amerisave.com","message":"successfully parsed message, but message temporarily enqueued while system restarts."},{"id":"c041b30e-e92c-42f8-8f99-b1a3d7ee1a8e","email":"grace.moore@gmail.com","message":"failed to process due to datastore timeout of 30 seconds.  operation took 90 seconds."},{"id":"0070b1e7-0efa-4a15-85c5-b5534bd39fe0","email":"joshua.lee@gmail.com","message":"successfully processed after 5327 milliseconds."},{"id":"55e24100-6b4c-4e57-b9a7-1490dd1c7e1a","email":"elizabeth.martinez@dropbox.net","message":"failed to process due to network exception."},{"id":"7de917f1-bdb5-402e-a8d5-3a8d9ccda5c8","email":"logan.clark@dropbox.net","message":"successfully handled skipped operation."},{"id":"73495c2f-141e-48b7-9747-d2486ce0f151","email":"grace.moore@gmail.com","message":"successfully parsed message, but message temporarily enqueued while system restarts."},{"id":"b7260449-0cae-4165-8b9f-4bfcfbd1bab5","email":"andrew.miller@gmail.com","message":"successfully processed after 5004 milliseconds."},{"id":"34ec04cf-208c-42a3-8e07-d4ed78c673d4","email":"logan.clark@dropbox.net","message":"successfully handled skipped operation."},{"id":"f0b7e846-2bfe-4dac-9e90-218e412ddae6","email":"daniel.rodriguez@amerisave.com","message":"successfully handled skipped operation."},{"id":"ca1ad89a-9448-4ac8-8a94-61919f3a082e","email":"joshua.lee@gmail.com","message":"successfully handled skipped operation."},{"id":"e85df521-ced1-4973-90b7-34876b88980d","email":"daniel.rodriguez@amerisave.com","message":"successfully handled skipped operation."},{"id":"093984ef-7511-4df5-a023-83f2bcf1ed22","email":"hannah.martin@dropbox.net","message":"successfully parsed message, but message temporarily enqueued while system restarts."},{"id":"75af6bf1-1c30-402f-b0e0-bc8801c9a670","email":"abigail.smith@amerisave.com","message":"failed to process due to network exception."},{"id":"bbda046a-1c76-4f10-97ac-56871abc1b38","email":"logan.clark@dropbox.net","message":"failed to process due to datastore timeout of 30 seconds.  operation took 106 seconds."},{"id":"140cd33f-d1f8-4868-b0ca-02339bdb2fdd","email":"dylan.wilson@gmail.com","message":"failed to process due to network exception."},{"id":"cb84fb4f-a134-4fbb-b8a7-2d7158fa658d","email":"michael.hall@dropbox.net","message":"successfully handled skipped operation."},{"id":"03d889ad-d76b-4eab-b31f-05849eb8830b","email":"isabella.jackson@amerisave.com","message":"successfully handled skipped operation."},{"id":"873e963f-2ae3-400f-9bff-5d0cb074a4b4","email":"olivia.wright@gmail.com","message":"failed to process due to datastore timeout of 30 seconds.  operation took 54 seconds."},{"id":"b1569f7c-5c1c-4016-8770-919b90e9619f","email":"daniel.rodriguez@amerisave.com","message":"failed to process due to network exception."},{"id":"16d43427-2277-4222-8376-02227d416191","email":"ella.anderson@dropbox.net","message":"successfully handled skipped operation."},{"id":"d694b1be-d87c-4d34-9f60-156d964f02d9","email":"olivia.wright@gmail.com","message":"failed to process due to network exception."},{"id":"b0a52447-914e-4863-ba26-102e2bc0a82d","email":"taylor.adams@gmail.com","message":"failed to process due to datastore timeout of 30 seconds.  operation took 60 seconds."},{"id":"65f5a8ec-f1c4-498c-ae1f-a460ad6b5eda","email":"chloe.garcia@dropbox.net","message":"failed to process due to network exception."},{"id":"dfc86de6-6a93-4b8a-818d-37323b16ee04","email":"isabella.jackson@amerisave.com","message":"failed to process due to datastore timeout of 30 seconds.  operation took 32 seconds."},{"id":"505478f4-71c4-4c30-84ea-a34347784606","email":"jack.thompson@me.com","message":"failed to process due to network exception."},{"id":"9d3ecda1-cdba-410f-bc5e-d590364df951","email":"aiden.johnson@microsoft.com","message":"failed to process due to datastore timeout of 30 seconds.  operation took 45 seconds."},{"id":"e8f054f2-3994-4f94-84be-7261298b793e","email":"taylor.adams@gmail.com","message":"successfully parsed message, but message temporarily enqueued while system restarts."},{"id":"69f0c00c-c465-4987-b337-1d30e5b0ec30","email":"joshua.lee@gmail.com","message":"failed to process due to datastore timeout of 30 seconds.  operation took 53 seconds."},{"id":"a0883ec5-9c38-47bd-99f6-39a4106ccf2f","email":"chloe.garcia@dropbox.net","message":"failed to process due to network exception."},{"id":"c949cb94-1e60-4aba-bc3a-251da98a324c","email":"sophia.baker@dropbox.net","message":"successfully processed after 1044 milliseconds."},{"id":"33c6faa9-0037-4ef6-86f0-2bc26c0cbcd0","email":"madison.lewis@gmail.com","message":"successfully handled skipped operation."},{"id":"19b2b05d-1b63-47ed-a510-406374009a01","email":"taylor.adams@gmail.com","message":"successfully handled skipped operation."},{"id":"d8934cbe-efce-4fd5-9a91-5f09970fc0c9","email":"ella.anderson@dropbox.net","message":"successfully parsed message, but message temporarily enqueued while system restarts."},{"id":"8cc56a77-c750-4589-bc2e-227ccdc7da31","email":"emma.thomas@me.com","message":"successfully parsed message, but message temporarily enqueued while system restarts."},{"id":"024121ba-2164-42ae-8fd5-9e58b17ebfbf","email":"joshua.lee@gmail.com","message":"failed to process due to datastore timeout of 30 seconds.  operation took 36 seconds."},{"id":"1a28eca4-6c69-4599-a0db-5a0a643f6194","email":"ava.davis@gmail.com","message":"successfully handled skipped operation."},{"id":"3945f7fb-8457-4385-837a-3452e537924f","email":"nathan.young@microsoft.com","message":"successfully parsed message, but message temporarily enqueued while system restarts."},{"id":"cf6eb67e-42ea-41bc-8746-b9aec033d954","email":"hannah.martin@dropbox.net","message":"failed to process due to datastore timeout of 30 seconds.  operation took 102 seconds."},{"id":"83121c36-d8d9-4166-9528-868033e4b33c","email":"matthew.walker@amerisave.com","message":"successfully parsed message, but message temporarily enqueued while system restarts."},{"id":"5a233d49-2fe4-4c03-aa1b-4706e794b768","email":"alexander.williams@gmail.com","message":"successfully handled skipped operation."},{"id":"eb0207f5-f107-4e08-9095-e7ddf9f6367b","email":"mason.robinson@amerisave.com","message":"failed to process due to datastore timeout of 30 seconds.  operation took 74 seconds."},{"id":"142f0b43-91db-43ee-ab62-1028076b2c30","email":"joshua.lee@gmail.com","message":"successfully processed after 4999 milliseconds."},{"id":"a6c2b905-e00d-4910-8b4b-699072ce5f93","email":"ava.davis@gmail.com","message":"successfully parsed message, but message temporarily enqueued while system restarts."},{"id":"c7ccba75-c1fa-4063-9956-22f486649785","email":"mia.perez@me.com","message":"successfully parsed message, but message temporarily enqueued while system restarts."},{"id":"4755d4ab-617d-4225-ba61-6e2711f6dadf","email":"grace.moore@gmail.com","message":"successfully handled skipped operation."},{"id":"aa6a5616-1126-48c3-a492-561d42b05b43","email":"sarah.green@amerisave.com","message":"successfully processed after 8931 milliseconds."},{"id":"2a5d02f1-46db-415e-8653-22ccff19d8b5","email":"liam.gonzalez@me.com","message":"successfully processed after 2264 milliseconds."},{"id":"a2f9b7ad-abe3-432a-82af-9cf4ea574ffd","email":"ella.anderson@dropbox.net","message":"failed to process due to network exception."},{"id":"2b40a683-8c68-4594-8175-08425af5bcc5","email":"logan.clark@dropbox.net","message":"failed to process due to network exception."},{"id":"34f98b07-c8ad-4ee7-853f-15d560db1881","email":"hannah.martin@dropbox.net","message":"successfully processed after 4772 milliseconds."},{"id":"5b747b09-e6f1-4962-a5bd-23a711e71d0f","email":"daniel.rodriguez@amerisave.com","message":"successfully parsed message, but message temporarily enqueued while system restarts."},{"id":"47b2ac80-438d-4ea5-879d-6bf5e21360cf","email":"samantha.scott@me.com","message":"successfully handled skipped operation."},{"id":"fc1b831f-5c83-4193-91fe-d852fffad5de","email":"matthew.walker@amerisave.com","message":"successfully handled skipped operation."},{"id":"4728024a-8864-4838-a593-0c4c1cc88219","email":"alexander.williams@gmail.com","message":"failed to process due to network exception."},{"id":"3fc2fc41-34be-4c0b-915f-18df3ead73fe","email":"alyssa.jones@amerisave.com","message":"successfully processed after 4127 milliseconds."},{"id":"22ae72d2-df48-4507-a806-4b361a1af4f8","email":"daniel.rodriguez@amerisave.com","message":"successfully processed after 9878 milliseconds."},{"id":"f2c36410-10f4-45f2-b1d1-ec179e151baf","email":"joshua.lee@gmail.com","message":"successfully parsed message, but message temporarily enqueued while system restarts."},{"id":"f5224c19-2d18-468e-bcce-77887e7056f0","email":"matthew.walker@amerisave.com","message":"failed to process due to datastore timeout of 30 seconds.  operation took 119 seconds."},{"id":"91761975-bf64-41f5-bfe4-18bb27a3ecd4","email":"sophia.baker@dropbox.net","message":"failed to process due to network exception."},{"id":"4e295ff8-1c03-4163-bc29-da31313cf164","email":"liam.gonzalez@me.com","message":"failed to process due to datastore timeout of 30 seconds.  operation took 71 seconds."},{"id":"01dcf61d-8f91-46f3-a85a-0e74ffa4c911","email":"aiden.johnson@microsoft.com","message":"failed to process due to network exception."},{"id":"f29b0fac-0225-4bf0-8ea0-49e4b8ad2eaf","email":"grace.moore@gmail.com","message":"failed to process due to datastore timeout of 30 seconds.  operation took 55 seconds."},{"id":"60147a48-3176-44d2-a27d-670017918873","email":"ava.davis@gmail.com","message":"failed to process due to network exception."},{"id":"165bec91-e710-411e-8752-02a106f361fa","email":"madison.lewis@gmail.com","message":"failed to process due to network exception."},{"id":"97b6fd47-bbdf-4d81-a90c-78f7fb70b33c","email":"liam.gonzalez@me.com","message":"successfully handled skipped operation."},{"id":"5b61e333-7a04-4310-aa68-1b7056f6c0f9","email":"nathan.young@microsoft.com","message":"failed to process due to network exception."},{"id":"1f63c5bc-a3f0-493f-920b-e42b22a8bcc7","email":"mason.robinson@amerisave.com","message":"failed to process due to network exception."},{"id":"e803d9e8-548a-4dff-b21b-2484dd2d5a5d","email":"andrew.miller@gmail.com","message":"failed to process due to datastore timeout of 30 seconds.  operation took 72 seconds."},{"id":"10972b29-060b-4a68-8b94-5392f2ab785b","email":"liam.gonzalez@me.com","message":"successfully handled skipped operation."},{"id":"0a915d2d-6976-46bb-9de5-c35bbdf22379","email":"mason.robinson@amerisave.com","message":"successfully parsed message, but message temporarily enqueued while system restarts."},{"id":"e2198d43-89c6-409f-afeb-de6d2a59f872","email":"sarah.green@amerisave.com","message":"successfully parsed message, but message temporarily enqueued while system restarts."},{"id":"447ec59e-8de6-4fd4-a3e4-7ecb3b242b5b","email":"nicholas.allen@microsoft.com","message":"successfully parsed message, but message temporarily enqueued while system restarts."},{"id":"386d06d1-a0c5-4d19-a34e-3c2d7d530c90","email":"alexis.brown@microsoft.com","message":"successfully parsed message, but message temporarily enqueued while system restarts."},{"id":"aef7c32b-d849-4329-a35b-b0a75df7f7cc","email":"logan.clark@dropbox.net","message":"failed to process due to network exception."},{"id":"0a5bd090-8912-4888-8230-afa28902159a","email":"lily.harris@gmail.com","message":"failed to process due to datastore timeout of 30 seconds.  operation took 55 seconds."},{"id":"c5c16922-bdde-42b1-b902-93d8621f77fd","email":"mason.robinson@amerisave.com","message":"successfully processed after 8729 milliseconds."},{"id":"fa9781e4-dd06-4f3f-a083-668172b57ee2","email":"ethan.hernandez@microsoft.com","message":"failed to process due to datastore timeout of 30 seconds.  operation took 130 seconds."},{"id":"6097cd41-1c50-4f2f-97dc-b3a0e703c13a","email":"chloe.garcia@dropbox.net","message":"failed to process due to network exception."},{"id":"791b43d5-1464-4be2-ae36-793e8fdc721c","email":"madison.lewis@gmail.com","message":"successfully handled skipped operation."},{"id":"6f7cc568-972d-4b6e-b3b2-4445aa23baa0","email":"ella.anderson@dropbox.net","message":"failed to process due to network exception."},{"id":"1b87ce10-ded7-41a1-83cb-bf0aafdabe5f","email":"samantha.scott@me.com","message":"failed to process due to network exception."},{"id":"562da441-5015-40ce-b8f2-e22678d42d8b","email":"joshua.lee@gmail.com","message":"failed to process due to datastore timeout of 30 seconds.  operation took 130 seconds."},{"id":"e2613a35-1695-40cc-9649-895e08dae36a","email":"lily.harris@gmail.com","message":"successfully processed after 1132 milliseconds."},{"id":"bfcbf87e-8d50-43ac-9ca0-8069048f6592","email":"madison.lewis@gmail.com","message":"successfully handled skipped operation."},{"id":"1a828193-f335-4e92-9b98-a61ef9df35b4","email":"liam.gonzalez@me.com","message":"successfully parsed message, but message temporarily enqueued while system restarts."},{"id":"24c2685f-6ab2-45c4-8938-e8b180c2e7b9","email":"isabella.jackson@amerisave.com","message":"failed to process due to datastore timeout of 30 seconds.  operation took 63 seconds."},{"id":"503a1ff7-095c-4b1d-b0e5-877ea2051adf","email":"chloe.garcia@dropbox.net","message":"successfully parsed message, but message temporarily enqueued while system restarts."},{"id":"afe41cf8-43e4-4975-b043-1013e1a12904","email":"joshua.lee@gmail.com","message":"successfully handled skipped operation."},{"id":"8a050f9a-c666-4389-b191-375f6e7212c0","email":"aiden.johnson@microsoft.com","message":"successfully parsed message, but message temporarily enqueued while system restarts."},{"id":"e5f984d5-a04d-45fa-b26d-c07ee5d35acc","email":"mia.perez@me.com","message":"successfully parsed message, but message temporarily enqueued while system restarts."},{"id":"494f9751-f239-4583-ba2d-81808c1b704d","email":"alyssa.jones@amerisave.com","message":"successfully handled skipped operation."},{"id":"d58ed009-b684-4599-ad46-5b2bd4291510","email":"emma.thomas@me.com","message":"failed to process due to network exception."},{"id":"7891bf95-1e35-48b9-8dea-dd192881f4ea","email":"ethan.hernandez@microsoft.com","message":"failed to process due to datastore timeout of 30 seconds.  operation took 119 seconds."},{"id":"e074cd8c-8296-4606-b8da-4c6516dfef86","email":"emma.thomas@me.com","message":"successfully processed after 495 milliseconds."},{"id":"39cc8d61-f3f0-4e5e-95b0-604795feafe3","email":"hannah.martin@dropbox.net","message":"successfully parsed message, but message temporarily enqueued while system restarts."},{"id":"c4329487-bcb2-4f0c-b8cb-8f700d9ed8b9","email":"noah.sanchez@me.com","message":"successfully processed after 9228 milliseconds."},{"id":"5372a442-1d58-493a-8b6d-e1481ea48eda","email":"ella.anderson@dropbox.net","message":"failed to process due to network exception."},{"id":"182308da-9ede-4b43-ad9f-7418dd6cd92a","email":"sophia.baker@dropbox.net","message":"successfully handled skipped operation."},{"id":"f068d1b7-c62a-4a28-88d4-a9a3610514f7","email":"ava.davis@gmail.com","message":"successfully parsed message, but message temporarily enqueued while system restarts."},{"id":"f6030ce0-24e1-489d-b4bc-e0c814e5829e","email":"nicholas.allen@microsoft.com","message":"failed to process due to datastore timeout of 30 seconds.  operation took 40 seconds."},{"id":"ca904049-5765-4b66-968b-0b821f9984a8","email":"mason.robinson@amerisave.com","message":"successfully processed after 4659 milliseconds."},{"id":"0bc836a7-dddb-4396-a241-486d67b2b2f2","email":"sarah.green@amerisave.com","message":"failed to process due to network exception."},{"id":"78a8b7fc-c0f2-415c-b4f1-72585e3079b4","email":"jack.thompson@me.com","message":"successfully handled skipped operation."},{"id":"b2235b5b-059f-46d3-abe6-2e7994149d7d","email":"daniel.rodriguez@amerisave.com","message":"successfully parsed message, but message temporarily enqueued while system restarts."},{"id":"173e6126-3197-4278-bc56-5e708a85b2ac","email":"lily.harris@gmail.com","message":"failed to process due to datastore timeout of 30 seconds.  operation took 115 seconds."},{"id":"b0c70a62-b33e-493a-963d-514852be8cce","email":"abigail.smith@amerisave.com","message":"successfully processed after 5524 milliseconds."},{"id":"60ecf995-a786-4263-b905-256960b2c617","email":"nicholas.allen@microsoft.com","message":"successfully processed after 768 milliseconds."},{"id":"3497b853-c29a-4dee-b4c5-e913aef047d0","email":"jack.thompson@me.com","message":"successfully handled skipped operation."},{"id":"84925cdc-6bd9-4a9d-ba2b-566cc8ef6b71","email":"aiden.johnson@microsoft.com","message":"successfully handled skipped operation."},{"id":"64cb2bb4-f2a9-438a-b303-d29672402a66","email":"samantha.scott@me.com","message":"successfully handled skipped operation."},{"id":"75874dea-e011-44d2-bd7e-32bfd65465ee","email":"daniel.rodriguez@amerisave.com","message":"successfully parsed message, but message temporarily enqueued while system restarts."},{"id":"bfdf54cc-cac5-4830-986e-a3f5d3301ca1","email":"aiden.johnson@microsoft.com","message":"successfully parsed message, but message temporarily enqueued while system restarts."},{"id":"2c63d7d6-df35-4ccb-94e7-3358a733498f","email":"alexander.williams@gmail.com","message":"failed to process due to network exception."},{"id":"cc347382-607c-44d3-9ba4-c7c4858ebf62","email":"alyssa.jones@amerisave.com","message":"successfully parsed message, but message temporarily enqueued while system restarts."},{"id":"e75bfda4-0673-416b-8c18-7491d3a36677","email":"alyssa.jones@amerisave.com","message":"failed to process due to datastore timeout of 30 seconds.  operation took 41 seconds."},{"id":"e690f100-f1c3-47d9-bd7d-7d46ec85d6d5","email":"liam.gonzalez@me.com","message":"successfully processed after 3612 milliseconds."},{"id":"3fe11532-9ca8-4fa0-b166-1cd402cb3526","email":"ryan.king@dropbox.net","message":"successfully handled skipped operation."},{"id":"43c47bc3-bd0c-4bbd-be2f-8653e714a13a","email":"jacob.lopez@dropbox.net","message":"successfully parsed message, but message temporarily enqueued while system restarts."},{"id":"8cb7cd9f-ce1f-4c22-a5b1-258f5c728964","email":"hannah.martin@dropbox.net","message":"failed to process due to network exception."},{"id":"e0e3b61f-1c7f-40ef-b01f-3dd7b7479ef8","email":"isabella.jackson@amerisave.com","message":"failed to process due to network exception."},{"id":"021bc1b7-abf7-4b0b-8fe4-ed5234899b81","email":"aiden.johnson@microsoft.com","message":"successfully handled skipped operation."},{"id":"e5ce5a4f-e81f-4017-b880-ad090f5c46c8","email":"madison.lewis@gmail.com","message":"successfully handled skipped operation."},{"id":"d9c8646b-a67e-49dd-b352-5c26ba623e19","email":"emma.thomas@me.com","message":"failed to process due to datastore timeout of 30 seconds.  operation took 73 seconds."},{"id":"d9ef66d8-7f70-49b4-b56d-8e43fdead6e2","email":"liam.gonzalez@me.com","message":"successfully parsed message, but message temporarily enqueued while system restarts."},{"id":"d95aac34-d777-4de1-9a5d-fe73f5416cdc","email":"tyler.nelson@microsoft.com","message":"successfully processed after 8815 milliseconds."},{"id":"89e40df3-9f14-4e79-a582-6fc19e1e2dde","email":"jack.thompson@me.com","message":"failed to process due to network exception."},{"id":"20089b74-2615-47d0-add4-3ed2f4352c09","email":"mason.robinson@amerisave.com","message":"successfully processed after 8808 milliseconds."},{"id":"b15dec28-c668-4744-af9a-4c54c8970a69","email":"madison.lewis@gmail.com","message":"failed to process due to network exception."},{"id":"ac257e88-40d7-44b0-b83a-3f1cea551419","email":"matthew.walker@amerisave.com","message":"failed to process due to network exception."},{"id":"01f340b1-f30f-4b01-8150-b1e4545bd181","email":"sarah.green@amerisave.com","message":"successfully processed after 666 milliseconds."},{"id":"bad65ab2-9d98-4f4c-98b7-98af77aa1de1","email":"sophia.baker@dropbox.net","message":"successfully handled skipped operation."},{"id":"f63635ca-6143-43ad-a583-ca60992f80fe","email":"ethan.hernandez@microsoft.com","message":"successfully parsed message, but message temporarily enqueued while system restarts."},{"id":"ccefa167-ef9f-434c-873f-0e474a6a0a34","email":"matthew.walker@amerisave.com","message":"successfully parsed message, but message temporarily enqueued while system restarts."},{"id":"3dc04439-154a-4245-a96e-a49f82af5b33","email":"alyssa.jones@amerisave.com","message":"successfully parsed message, but message temporarily enqueued while system restarts."},{"id":"d7031e11-fa50-4b3e-9c63-aabb04499cb6","email":"matthew.walker@amerisave.com","message":"successfully processed after 6601 milliseconds."},{"id":"0bdd6f3d-53d9-4fc7-b4bd-4bc2679b8e3d","email":"mia.perez@me.com","message":"successfully processed after 4461 milliseconds."},{"id":"a00c2d39-a79c-40da-8ece-35a10fa7cbf4","email":"jack.thompson@me.com","message":"successfully parsed message, but message temporarily enqueued while system restarts."},{"id":"91713d99-80bf-4ea4-9e36-b96122b09c84","email":"tyler.nelson@microsoft.com","message":"successfully processed after 1638 milliseconds."},{"id":"611a9810-c415-4150-b30b-b0f662d70cfd","email":"alexis.brown@microsoft.com","message":"failed to process due to network exception."},{"id":"2fbf11b5-10fd-41de-8f0d-46eaec42511b","email":"ella.anderson@dropbox.net","message":"failed to process due to network exception."},{"id":"d7cfda1f-4f9d-41ff-a2f2-590a5f5dad8f","email":"alexis.brown@microsoft.com","message":"successfully handled skipped operation."},{"id":"aee32ff8-e02d-483b-8b6d-1c25a76139ef","email":"ethan.hernandez@microsoft.com","message":"successfully parsed message, but message temporarily enqueued while system restarts."},{"id":"01abaa68-0976-42c8-b694-dd97b9b668a9","email":"tyler.nelson@microsoft.com","message":"successfully parsed message, but message temporarily enqueued while system restarts."},{"id":"c70c7288-8426-4d61-9224-24c82fa98b69","email":"isabella.jackson@amerisave.com","message":"successfully handled skipped operation."},{"id":"14f67b7f-006b-49d8-af37-4f65240ec507","email":"tyler.nelson@microsoft.com","message":"failed to process due to network exception."},{"id":"3aa0ceca-5329-49eb-8814-5275090a7036","email":"hannah.martin@dropbox.net","message":"failed to process due to datastore timeout of 30 seconds.  operation took 35 seconds."},{"id":"11450d29-75c0-44c7-ad16-12b9bb589230","email":"matthew.walker@amerisave.com","message":"failed to process due to network exception."},{"id":"b3ef3bd4-977e-46f6-9ce3-2deabc515865","email":"taylor.adams@gmail.com","message":"successfully handled skipped operation."},{"id":"d2185512-cb04-4d7d-a358-60637d184ccc","email":"grace.moore@gmail.com","message":"failed to process due to network exception."},{"id":"a92bbd8c-c041-447b-8d2e-b4d5244f2042","email":"tyler.nelson@microsoft.com","message":"successfully processed after 3126 milliseconds."},{"id":"fa05ee7f-89d9-4ce2-98c0-3406befd36a7","email":"ethan.hernandez@microsoft.com","message":"successfully parsed message, but message temporarily enqueued while system restarts."},{"id":"30f41edf-8275-4519-ba08-8d5f9ad29500","email":"matthew.walker@amerisave.com","message":"successfully processed after 9119 milliseconds."},{"id":"edab58c3-c330-49a8-83cc-518f43752767","email":"andrew.miller@gmail.com","message":"successfully parsed message, but message temporarily enqueued while system restarts."},{"id":"f6eefc66-7ad9-46b5-b953-aec16ba3b0cb","email":"nicholas.allen@microsoft.com","message":"successfully processed after 2792 milliseconds."},{"id":"00b1af95-b392-4773-9bca-9b701e695627","email":"ava.davis@gmail.com","message":"failed to process due to network exception."},{"id":"1677320b-14d0-4ab0-9712-297cbe0ddab6","email":"ella.anderson@dropbox.net","message":"successfully parsed message, but message temporarily enqueued while system restarts."},{"id":"dc3a8509-dc62-4eb2-9d5b-cc80e9a831d6","email":"matthew.walker@amerisave.com","message":"successfully processed after 9750 milliseconds."},{"id":"a18344c5-a40e-4257-9a6f-c0957292db20","email":"liam.gonzalez@me.com","message":"successfully parsed message, but message temporarily enqueued while system restarts."},{"id":"da6cedf5-88f2-45d4-95dc-74d99e582b56","email":"elizabeth.martinez@dropbox.net","message":"failed to process due to datastore timeout of 30 seconds.  operation took 66 seconds."},{"id":"f12118a9-982d-4e59-8ccb-10ecd4c46cd6","email":"ava.davis@gmail.com","message":"successfully processed after 5914 milliseconds."},{"id":"f832629d-e436-42b9-be60-53f0cc8e715e","email":"ella.anderson@dropbox.net","message":"successfully handled skipped operation."},{"id":"29f3791e-b5cd-48aa-a151-ad6fd0b122ee","email":"alexander.williams@gmail.com","message":"successfully processed after 9365 milliseconds."},{"id":"07921711-a3e3-4040-9251-4640a392f250","email":"sarah.green@amerisave.com","message":"failed to process due to network exception."},{"id":"3ac501ae-0433-4ee5-b2ee-9b3ec4b62bda","email":"madison.lewis@gmail.com","message":"failed to process due to datastore timeout of 30 seconds.  operation took 71 seconds."},{"id":"91267aa2-a971-4b3c-a187-5baa514a931d","email":"jackson.white@gmail.com","message":"successfully parsed message, but message temporarily enqueued while system restarts."},{"id":"7ddd3a16-cef8-4f94-8aac-44d8d2db95a8","email":"matthew.walker@amerisave.com","message":"successfully handled skipped operation."},{"id":"9d86daf3-3a27-4f7d-9cb0-a583d0134325","email":"jacob.lopez@dropbox.net","message":"failed to process due to datastore timeout of 30 seconds.  operation took 83 seconds."},{"id":"c538d31c-0e60-4deb-ac0a-0ed1275a7ef2","email":"emma.thomas@me.com","message":"successfully parsed message, but message temporarily enqueued while system restarts."},{"id":"7e510644-bf06-4419-9760-3068716df52e","email":"mason.robinson@amerisave.com","message":"successfully handled skipped operation."},{"id":"7b9fb3c3-6888-4536-8497-478ceddecbe8","email":"ryan.king@dropbox.net","message":"failed to process due to datastore timeout of 30 seconds.  operation took 107 seconds."},{"id":"be9bd205-949e-4dbc-b623-fcc3044e17f2","email":"olivia.wright@gmail.com","message":"successfully parsed message, but message temporarily enqueued while system restarts."}],"id":"91d96bc0-6a30-4a24-8c8d-5add4cc2f087"}