{"logs":[{"id":"7915e62c-5085-421c-9477-67ae09bf61c0","email":"elizabeth.martinez@dropbox.net","message":"successfully processed after 1124 milliseconds."},{"id":"d962abfc-7197-4f37-8f47-594d9b4e6ef7","email":"tyler.nelson@microsoft.com","message":"successfully handled skipped operation."},{"id":"698b5ee2-f356-424b-b0d3-c9de073bcae8","email":"joshua.lee@gmail.com","message":"successfully parsed message, but message temporarily enqueued while system restarts."},{"id":"e3b156d4-8479-4de3-9381-3ff15be01499","email":"alyssa.jones@amerisave.com","message":"successfully handled skipped operation."},{"id":"30d37470-10b2-4241-9f6a-2a362f346493","email":"madison.lewis@gmail.com","message":"failed to process due to network exception."},{"id":"a747a005-c021-4c32-8b03-dbca775c6720","email":"madison.lewis@gmail.com","message":"successfully processed after 1906 milliseconds."},{"id":"8ee0bfb9-c900-46f1-8a35-900463307f5c","email":"jacob.lopez@dropbox.net","message":"successfully parsed message, but message temporarily enqueued while system restarts."},{"id":"259d06ae-3cc1-4b23-b9ce-9c97a9eb9b69","email":"sophia.baker@dropbox.net","message":"successfully processed after 3124 milliseconds."},{"id":"e0b72d54-1ed5-4086-bd21-a6a18b543712","email":"alexis.brown@microsoft.com","message":"failed to process due to network exception."},{"id":"b1a5f506-c189-446f-b28a-7d6c7b93516a","email":"elizabeth.martinez@dropbox.net","message":"successfully parsed message, but message temporarily enqueued while system restarts."},{"id":"3a772bc7-d76f-4361-b9aa-e129fad1e36e","email":"alexander.williams@gmail.com","message":"successfully handled skipped operation."},{"id":"0f9ff557-20c9-4367-bfa5-a5eb5a15a8b6","email":"michael.hall@dropbox.net","message":"successfully processed after 9408 milliseconds."},{"id":"286a8d5e-f874-4e79-8acd-bd37b451885c","email":"michael.hall@dropbox.net","message":"failed to process due to datastore timeout of 30 seconds.  operation took 101 seconds."},{"id":"5263d512-a2e5-4814-87a6-3ceca5abbfa6","email":"liam.gonzalez@me.com","message":"successfully handled skipped operation."},{"id":"d1c122d7-3e42-4985-9c07-cdcd9d381c46","email":"dylan.wilson@gmail.com","message":"failed to process due to network exception."},{"id":"23cd1b03-68cb-4cf7-b6a0-3a4470a0edd3","email":"michael.hall@dropbox.net","message":"successfully processed after 9479 milliseconds."},{"id":"6954c4d0-f8fc-4cb2-b302-2371e9324302","email":"ryan.king@dropbox.net","message":"failed to process due to datastore timeout of 30 seconds.  operation took 129 seconds."},{"id":"494d9c30-bd80-4a6b-a99e-65f83846382e","email":"michael.hall@dropbox.net","message":"successfully processed after 9296 milliseconds."},{"id":"5f5c52a5-2341-4b5c-81ac-8a682fe9d2c3","email":"alexis.brown@microsoft.com","message":"failed to process due to network exception."},{"id":"520f6f4e-9ad3-4c9b-96df-122bb7170d52","email":"noah.sanchez@me.com","message":"successfully handled skipped operation."},{"id":"d982e170-2403-4e31-8418-7250f5808eee","email":"jack.thompson@me.com","message":"failed to process due to datastore timeout of 30 seconds.  operation took 34 seconds."},{"id":"e72e036f-6d13-47d5-b947-2fb08dd1b023","email":"sophia.baker@dropbox.net","message":"failed to process due to datastore timeout of 30 seconds.  operation took 64 seconds."},{"id":"2479a1a7-90af-4ed0-a04d-33983b768b8c","email":"samantha.scott@me.com","message":"failed to process due to datastore timeout of 30 seconds.  operation took 44 seconds."},{"id":"7fa0d3a7-7825-4a3d-bfe4-c31335622a5e","email":"ella.anderson@dropbox.net","message":"successfully parsed message, but message temporarily enqueued while system restarts."},{"id":"835c9804-6bcb-45d1-9558-8bd6b9a7fa7b","email":"madison.lewis@gmail.com","message":"successfully processed after 6910 milliseconds."},{"id":"c95df80e-2720-4567-aafe-39de7d842f52","email":"alyssa.jones@amerisave.com","message":"failed to process due to datastore timeout of 30 seconds.  operation took 112 seconds."},{"id":"48a6ed71-8405-4354-a9e5-bb1cc51974c2","email":"samantha.scott@me.com","message":"failed to process due to datastore timeout of 30 seconds.  operation took 106 seconds."},{"id":"b9bf4bd9-669d-441e-a3bb-3d455bf64254","email":"alyssa.jones@amerisave.com","message":"failed to process due to network exception."},{"id":"b0ea0687-91e4-43cc-b74e-a36fd03eb276","email":"emily.taylor@gmail.com","message":"successfully processed after 4990 milliseconds."},{"id":"7e2e80fc-220d-4038-ab6e-0c5a598f8f31","email":"liam.gonzalez@me.com","message":"failed to process due to datastore timeout of 30 seconds.  operation took 56 seconds."},{"id":"70df4c4e-67f1-431f-bbd8-2d7e9fedb2b9","email":"samantha.scott@me.com","message":"failed to process due to network exception."},{"id":"76efe693-318b-4c48-b5ac-496f42f0eae1","email":"nathan.young@microsoft.com","message":"failed to process due to network exception."},{"id":"ade63137-f85c-490f-9214-25afa8409fa8","email":"daniel.rodriguez@amerisave.com","message":"failed to process due to datastore timeout of 30 seconds.  operation took 76 seconds."},{"id":"aa3c9d0f-3fd0-4929-8980-d84ccc50fad4","email":"abigail.smith@amerisave.com","message":"failed to process due to network exception."},{"id":"cbcc16c8-de38-4d5f-9c61-3905b259304e","email":"nicholas.allen@microsoft.com","message":"failed to process due to network exception."},{"id":"63f513e8-cbe6-4e80-9896-23dbef8f6343","email":"dylan.wilson@gmail.com","message":"failed to process due to network exception."},{"id":"73b1e769-3a8f-4531-9838-cf9e4cd6e3d0","email":"hannah.martin@dropbox.net","message":"failed to process due to network exception."},{"id":"e818b7d8-1313-43d7-8776-e9948d02baa5","email":"dylan.wilson@gmail.com","message":"failed to process due to network exception."},{"id":"f4485092-615d-4c10-9b18-758110f9bda7","email":"mason.robinson@amerisave.com","message":"failed to process due to datastore timeout of 30 seconds.  operation took 84 seconds."},{"id":"02614085-017d-4857-a7cd-8356e67b99ce","email":"grace.moore@gmail.com","message":"successfully processed after 9483 milliseconds."},{"id":"6ecbb013-e757-443f-a5ff-d2282906658f","email":"michael.hall@dropbox.net","message":"successfully handled skipped operation."},{"id":"924b7dc0-d3ad-4c3f-bcc4-ef8352048c1d","email":"ava.davis@gmail.com","message":"successfully processed after 6523 milliseconds."},{"id":"a0ed1b87-0445-4b63-bd9c-6744f1a5137c","email":"noah.sanchez@me.com","message":"failed to process due to network exception."},{"id":"b311029a-59c0-4847-94c5-eb74804efaf2","email":"ethan.hernandez@microsoft.com","message":"successfully handled skipped operation."},{"id":"66b44690-b24b-4c05-9b08-c72c088802e4","email":"emma.thomas@me.com","message":"failed to process due to network exception."},{"id":"cf60d073-4e1a-4adb-a8bf-c6d2d01fb618","email":"samantha.scott@me.com","message":"successfully parsed message, but message temporarily enqueued while system restarts."},{"id":"28cb3959-0786-4729-b874-73ba067de866","email":"jacob.lopez@dropbox.net","message":"successfully processed after 5061 milliseconds."},{"id":"1c4bbead-7792-4862-b703-0105de777c80","email":"isabella.jackson@amerisave.com","message":"successfully processed after 2108 milliseconds."},{"id":"c81e3c21-9e4f-4eb0-8dcf-3c734ed7065b","email":"daniel.rodriguez@amerisave.com","message":"successfully parsed message, but message temporarily enqueued while system restarts."},{"id":"531158f8-0eac-4ed6-b762-df9b3d520152","email":"noah.sanchez@me.com","message":"successfully processed after 3876 milliseconds."},{"id":"5d8c8238-20c1-4300-b30d-dfe62c4fd1db","email":"nicholas.allen@microsoft.com","message":"successfully handled skipped operation."},{"id":"3de35117-063f-44aa-aca6-4e49dfbe9e26","email":"ethan.hernandez@microsoft.com","message":"failed to process due to network exception."},{"id":"8ae791f3-2f97-4359-902c-3751521e783f","email":"hannah.martin@dropbox.net","message":"successfully handled skipped operation."},{"id":"a6d5e48e-b7c4-45d2-b003-8023abb9c153","email":"emily.taylor@gmail.com","message":"successfully handled skipped operation."},{"id":"564bff7a-3b4a-4955-bded-ab0bbbb218f9","email":"andrew.miller@gmail.com","message":"successfully parsed message, but message temporarily enqueued while system restarts."},{"id":"33bce9df-3079-4c68-946b-e11993654057","email":"michael.hall@dropbox.net","message":"successfully processed after 3429 milliseconds."},{"id":"1c60bb75-0364-4aa7-a118-7ff4bee1cbd9","email":"emily.taylor@gmail.com","message":"successfully processed after 1285 milliseconds."},{"id":"ec83c71e-8234-41ea-b551-0b57c3bd08aa","email":"alexis.brown@microsoft.com","message":"successfully parsed message, but message temporarily enqueued while system restarts."},{"id":"2e86fe33-06c1-4d82-94f4-ca69946308af","email":"mason.robinson@amerisave.com","message":"successfully processed after 8372 milliseconds."},{"id":"487fe4f3-83db-4f27-8e03-ca37f0e3f5d7","email":"dylan.wilson@gmail.com","message":"failed to process due to network exception."},{"id":"fda81b6c-ebe4-4b0b-8127-977c81e60490","email":"hannah.martin@dropbox.net","message":"failed to process due to network exception."},{"id":"6d9df38f-fa6c-4dcb-b2a8-6f2123b5135f","email":"abigail.smith@amerisave.com","message":"successfully handled skipped operation."},{"id":"174eab0d-3a1f-4323-9e1d-09c421265b90","email":"noah.sanchez@me.com","message":"successfully handled skipped operation."},{"id":"3b77cf4e-147e-4402-9136-2bfbecd0eae1","email":"dylan.wilson@gmail.com","message":"successfully handled skipped operation."},{"id":"886863ae-8666-4080-aba7-958a69f67b4c","email":"ella.anderson@dropbox.net","message":"successfully processed after 9094 milliseconds."},{"id":"bb57f212-b885-41a9-aa9e-863cc80422e0","email":"elizabeth.martinez@dropbox.net","message":"successfully handled skipped operation."},{"id":"cb38b81b-ed38-41a1-a43f-22cefbcf794b","email":"ethan.hernandez@microsoft.com","message":"successfully parsed message, but message temporarily enqueued while system restarts."},{"id":"0acc92d6-f58d-4ba4-a281-d7e6d09eec6d","email":"elizabeth.martinez@dropbox.net","message":"successfully parsed message, but message temporarily enqueued while system restarts."},{"id":"78ad0f54-da06-4fc6-916a-d08032fa00a0","email":"isabella.jackson@amerisave.com","message":"successfully processed after 5873 milliseconds."},{"id":"61c52f50-f3ca-438a-bb13-82181dd35561","email":"andrew.miller@gmail.com","message":"failed to process due to network exception."},{"id":"22038eb0-ab0f-4f1c-9f1d-16e546949bee","email":"chloe.garcia@dropbox.net","message":"successfully parsed message, but message temporarily enqueued while system restarts."},{"id":"042c3002-e89d-42ef-98b1-0e60d1133490","email":"samantha.scott@me.com","message":"failed to process due to datastore timeout of 30 seconds.  operation took 61 seconds."},{"id":"bb19e48d-23c0-4bfa-bc7f-1845148de9d1","email":"matthew.walker@amerisave.com","message":"failed to process due to datastore timeout of 30 seconds.  operation took 77 seconds."},{"id":"090f984f-4f87-4ca6-985a-74563a0c35d7","email":"elizabeth.martinez@dropbox.net","message":"successfully parsed message, but message temporarily enqueued while system restarts."},{"id":"cc7d0d00-605d-4ce9-8680-e894f7574b02","email":"nathan.young@microsoft.com","message":"successfully handled skipped operation."},{"id":"f638e789-3fa6-4a0b-8b2f-da430924284d","email":"ella.anderson@dropbox.net","message":"successfully parsed message, but message temporarily enqueued while system restarts."},{"id":"78338b42-dce8-4990-8d51-8172fc03531a","email":"alyssa.jones@amerisave.com","message":"failed to process due to network exception."},{"id":"d2ba10f8-1331-4242-914e-d8781e878fc3","email":"jacob.lopez@dropbox.net","message":"failed to process due to network exception."},{"id":"1c517e8a-5f03-40a7-a808-67b8f0738c2e","email":"dylan.wilson@gmail.com","message":"failed to process due to network exception."},{"id":"b524c3f3-8791-4357-bfb4-86c196e79ceb","email":"aiden.johnson@microsoft.com","message":"failed to process due to datastore timeout of 30 seconds.  operation took 78 seconds."},{"id":"8e082beb-cda7-4746-8ea0-655b4298c61a","email":"grace.moore@gmail.com","message":"successfully parsed message, but message temporarily enqueued while system restarts."},{"id":"5707b483-437d-4a92-83e8-8e38ea566e9e","email":"alyssa.jones@amerisave.com","message":"failed to process due to network exception."},{"id":"9da59fda-0803-47f9-91d7-c8170f8dfd77","email":"alyssa.jones@amerisave.com","message":"failed to process due to network exception."},{"id":"37095a0a-89e2-4f22-90ae-42fa409fd47b","email":"hannah.martin@dropbox.net","message":"successfully processed after 9294 milliseconds."},{"id":"5a68b6e1-be3b-47f9-9f91-e94e2b4d184b","email":"grace.moore@gmail.com","message":"successfully processed after 2151 milliseconds."},{"id":"ed38199b-a053-418e-a078-8abb5d4b8f37","email":"elizabeth.martinez@dropbox.net","message":"successfully handled skipped operation."},{"id":"07fd3aec-0e73-44e2-a5ed-9768bca6a82d","email":"dylan.wilson@gmail.com","message":"successfully parsed message, but message temporarily enqueued while system restarts."},{"id":"b29f9593-765e-43c5-9541-36b653b98b36","email":"alexander.williams@gmail.com","message":"successfully parsed message, but message temporarily enqueued while system restarts."},{"id":"01c47319-77e3-417a-9889-23956249ace5","email":"emily.taylor@gmail.com","message":"successfully processed after 4831 milliseconds."},{"id":"3bd6baab-3d4b-4a7c-8de0-0896b803de3f","email":"dylan.wilson@gmail.com","message":"successfully handled skipped operation."},{"id":"e4c7f0ec-93f5-4dd9-8d03-87b187158258","email":"noah.sanchez@me.com","message":"successfully parsed message, but message temporarily enqueued while system restarts."},{"id":"2dbdb11c-9a74-4e39-9f7a-3115b19eff97","email":"taylor.adams@gmail.com","message":"failed to process due to datastore timeout of 30 seconds.  operation took 41 seconds."},{"id":"f14a6506-c54e-4ffd-9516-2b6a7a922841","email":"hannah.martin@dropbox.net","message":"failed to process due to datastore timeout of 30 seconds.  operation took 47 seconds."},{"id":"f0732ccd-9ade-42bf-af27-c9cbfd3d33bc","email":"nathan.young@microsoft.com","message":"successfully handled skipped operation."},{"id":"278e6a5c-ffa3-4c4b-a161-507d3555582f","email":"abigail.smith@amerisave.com","message":"successfully handled skipped operation."},{"id":"a6e1ea6e-27d4-4dd4-8380-f1471526522b","email":"hannah.martin@dropbox.net","message":"successfully processed after 8587 milliseconds."},{"id":"e8bf58c0-2c4b-407d-8a55-0aa333a4950e","email":"sarah.green@amerisave.com","message":"successfully parsed message, but message temporarily enqueued while system restarts."},{"id":"a4da39fc-dfe8-402a-a1a2-2cf980461bab","email":"chloe.garcia@dropbox.net","message":"successfully processed after 4686 milliseconds."},{"id":"c4fb4eaf-9095-4332-b563-1d4a81224552","email":"isabella.jackson@amerisave.com","message":"failed to process due to network exception."},{"id":"1da142cb-72aa-48e6-8b65-83d4d9d79245","email":"elizabeth.martinez@dropbox.net","message":"successfully processed after 5499 milliseconds."},{"id":"ab52aa83-4db6-459c-b757-68a6f6250a6b","email":"grace.moore@gmail.com","message":"failed to process due to network exception."},{"id":"d7cf4bdb-5241-4cf0-b6d7-d0de93d5bd54","email":"noah.sanchez@me.com","message":"successfully processed after 2788 milliseconds."},{"id":"32d91791-0604-4db2-9281-58c123f74f1f","email":"chloe.garcia@dropbox.net","message":"successfully processed after 8924 milliseconds."},{"id":"2069c3e5-d199-4fe6-8695-c27769b3cce2","email":"abigail.smith@amerisave.com","message":"failed to process due to network exception."},{"id":"0e852bc5-0f64-44c8-9db3-993b9ff46b3c","email":"taylor.adams@gmail.com","message":"successfully processed after 5724 milliseconds."},{"id":"810ff236-abab-4612-9688-2786fe175e20","email":"hannah.martin@dropbox.net","message":"failed to process due to network exception."},{"id":"29eca0f9-a03f-4b0f-93a1-90dbdc9758c4","email":"taylor.adams@gmail.com","message":"failed to process due to datastore timeout of 30 seconds.  operation took 50 seconds."},{"id":"4cb34e7a-1569-4c0e-b8d9-02cba3472114","email":"joshua.lee@gmail.com","message":"successfully handled skipped operation."},{"id":"070b8f61-665b-4417-a4e5-02e956182269","email":"hannah.martin@dropbox.net","message":"failed to process due to datastore timeout of 30 seconds.  operation took 40 seconds."},{"id":"953c6024-3e25-40f7-8509-b1315649fa48","email":"matthew.walker@amerisave.com","message":"successfully processed after 2296 milliseconds."},{"id":"8c340bf8-e5c8-41de-9f66-0e6f351721b3","email":"jacob.lopez@dropbox.net","message":"successfully processed after 7143 milliseconds."},{"id":"159d9738-76cf-4832-bc95-4f4cbd8db13f","email":"michael.hall@dropbox.net","message":"failed to process due to network exception."},{"id":"ced5acee-9c4d-4509-a453-b21f67c089d6","email":"jack.thompson@me.com","message":"failed to process due to network exception."},{"id":"d642ecff-8dfc-4f79-93f3-88f5a54fe6a8","email":"tyler.nelson@microsoft.com","message":"failed to process due to network exception."},{"id":"0913eb66-e843-4a39-b3dc-ede36c9fef6a","email":"abigail.smith@amerisave.com","message":"failed to process due to datastore timeout of 30 seconds.  operation took 123 seconds."},{"id":"c84cfa61-dff1-4d20-a483-5e789a2f680b","email":"aiden.johnson@microsoft.com","message":"failed to process due to datastore timeout of 30 seconds.  operation took 73 seconds."},{"id":"0f5e72b7-210d-43a2-a503-6c35eb1c0f1f","email":"jackson.white@gmail.com","message":"successfully processed after 4784 milliseconds."},{"id":"895beeee-6e9b-4b04-afa4-bb52b0320a9b","email":"madison.lewis@gmail.com","message":"failed to process due to network exception."},{"id":"23f7654a-e66e-41fb-89d9-b9905d729a90","email":"emily.taylor@gmail.com","message":"successfully handled skipped operation."},{"id":"3662fb1f-12e0-4303-81d8-9e6733b92d55","email":"jackson.white@gmail.com","message":"successfully processed after 3033 milliseconds."},{"id":"e0a9c79b-f7b7-4980-9c0d-f3e04514d260","email":"aiden.johnson@microsoft.com","message":"successfully parsed message, but message temporarily enqueued while system restarts."},{"id":"3902b5ca-9891-4630-bace-49e5c2f05cf7","email":"liam.gonzalez@me.com","message":"successfully handled skipped operation."},{"id":"ca763260-1042-41c2-be4c-a0319cdf8f6d","email":"ava.davis@gmail.com","message":"successfully handled skipped operation."},{"id":"47fda891-b098-4854-89aa-93647416076e","email":"chloe.garcia@dropbox.net","message":"successfully handled skipped operation."},{"id":"c05e4de1-a4b4-499a-835c-2c9901a1a245","email":"aiden.johnson@microsoft.com","message":"successfully handled skipped operation."},{"id":"f071ae64-1b5d-403c-8d14-573daadf3b9e","email":"alyssa.jones@amerisave.com","message":"successfully parsed message, but message temporarily enqueued while system restarts."},{"id":"06f4a485-d37d-4978-97c7-925f1254b4d2","email":"alyssa.jones@amerisave.com","message":"successfully parsed message, but message temporarily enqueued while system restarts."},{"id":"394461b0-90a1-403f-a0bc-62424436d0a5","email":"joshua.lee@gmail.com","message":"failed to process due to network exception."},{"id":"d8b9951e-122b-4d52-a6c2-9f5887d38193","email":"jacob.lopez@dropbox.net","message":"failed to process due to datastore timeout of 30 seconds.  operation took 41 seconds."},{"id":"ae761792-0f74-49f5-ae4f-1c822acf72f0","email":"emily.taylor@gmail.com","message":"successfully processed after 7594 milliseconds."},{"id":"7ab41987-d18d-429a-80d6-338e7cd889ec","email":"chloe.garcia@dropbox.net","message":"successfully processed after 9616 milliseconds."},{"id":"f62102e2-4902-4945-aee1-248ae9830e14","email":"olivia.wright@gmail.com","message":"successfully processed after 8695 milliseconds."},{"id":"74889373-0693-4658-8aa6-715abfcad16f","email":"isabella.jackson@amerisave.com","message":"successfully processed after 2825 milliseconds."},{"id":"cdad1b5a-06bf-41e5-8bba-fb191b6b5f25","email":"taylor.adams@gmail.com","message":"successfully parsed message, but message temporarily enqueued while system restarts."},{"id":"3569edd4-a528-4815-87dc-1e5061c9c2f0","email":"isabella.jackson@amerisave.com","message":"successfully processed after 162 milliseconds."},{"id":"7af0526a-8d09-4cfa-a1f1-69ba2beafc22","email":"grace.moore@gmail.com","message":"successfully handled skipped operation."},{"id":"2be2f471-7031-4ce6-9934-74a0f2f3f663","email":"noah.sanchez@me.com","message":"failed to process due to network exception."},{"id":"988f2816-8580-4f10-b870-a574b5712c50","email":"mason.robinson@amerisave.com","message":"failed to process due to network exception."},{"id":"5ce69540-744e-4d31-ad38-559901d11b7a","email":"dylan.wilson@gmail.com","message":"successfully processed after 2447 milliseconds."},{"id":"4df596e1-657c-4cdf-b848-e526c80b9508","email":"isabella.jackson@amerisave.com","message":"failed to process due to datastore timeout of 30 seconds.  operation took 71 seconds."},{"id":"5c336eae-408a-442d-b407-49275688dc3e","email":"dylan.wilson@gmail.com","message":"successfully processed after 2276 milliseconds."},{"id":"69c4def5-23ed-4cf6-9120-9068bfe21bbf","email":"ethan.hernandez@microsoft.com","message":"failed to process due to network exception."},{"id":"b776e20c-0135-4194-9029-8f865ed7244f","email":"joshua.lee@gmail.com","message":"failed to process due to datastore timeout of 30 seconds.  operation took 47 seconds."},{"id":"a81081f6-1d1a-4f25-9847-adf34c6d332c","email":"dylan.wilson@gmail.com","message":"failed to process due to network exception."},{"id":"68a5b2a4-19de-4f72-ab86-8e7263b372d1","email":"taylor.adams@gmail.com","message":"failed to process due to datastore timeout of 30 seconds.  operation took 122 seconds."},{"id":"0ffa3aa0-bb07-4118-9829-f95586fdab17","email":"ryan.king@dropbox.net","message":"successfully handled skipped operation."},{"id":"35bfac9f-3ae5-45e7-a819-a9876b66d9a2","email":"madison.lewis@gmail.com","message":"successfully handled skipped operation."},{"id":"e728b992-23d0-4b7d-83fe-0f932c128fbd","email":"emma.thomas@me.com","message":"failed to process due to network exception."},{"id":"0cdcf965-9b40-47f4-9c53-bb1b0e97f5a3","email":"samantha.scott@me.com","message":"failed to process due to datastore timeout of 30 seconds.  operation took 104 seconds."},{"id":"6f9b82d4-f19b-4f5f-8db5-8d9ab5fd167d","email":"daniel.rodriguez@amerisave.com","message":"successfully processed after 4576 milliseconds."},{"id":"0c30b995-edbd-4594-a894-ffbd2bac1cc2","email":"matthew.walker@amerisave.com","message":"successfully handled skipped operation."},{"id":"1beaec9c-238f-4b4e-8511-c89f02cf63e4","email":"aiden.johnson@microsoft.com","message":"successfully processed after 7158 milliseconds."},{"id":"eb2d8210-b7fc-4a03-b592-e3bc2ef0f87a","email":"aiden.johnson@microsoft.com","message":"successfully handled skipped operation."},{"id":"25bc16fc-380b-4f59-9d00-dabacb373975","email":"jackson.white@gmail.com","message":"successfully processed after 6784 milliseconds."},{"id":"70f15577-c258-419c-a93e-5a63d3aca772","email":"jack.thompson@me.com","message":"successfully processed after 8661 milliseconds."},{"id":"aec2f848-146a-4a73-8a47-6d41dbabb428","email":"andrew.miller@gmail.com","message":"successfully handled skipped operation."},{"id":"2663adc4-ce78-487d-88f3-a26ee52710d7","email":"mason.robinson@amerisave.com","message":"successfully handled skipped operation."},{"id":"2c9bce41-69a1-49f2-b3fa-efcb7230ca7f","email":"grace.moore@gmail.com","message":"failed to process due to datastore timeout of 30 seconds.  operation took 94 seconds."},{"id":"3ae87d7a-168e-413d-ab5b-27381ee05e3c","email":"grace.moore@gmail.com","message":"failed to process due to network exception."},{"id":"6eb629f4-431a-4584-8685-4fdb5f695dbb","email":"chloe.garcia@dropbox.net","message":"failed to process due to datastore timeout of 30 seconds.  operation took 122 seconds."},{"id":"3430a3d9-0f1d-4bfd-b069-d0c14e1a07c7","email":"daniel.rodriguez@amerisave.com","message":"successfully processed after 4136 milliseconds."},{"id":"742e4edc-757e-46d6-869b-a9ef70ad294b","email":"liam.gonzalez@me.com","message":"successfully handled skipped operation."},{"id":"e90c661f-625f-44c4-8e81-48af88d24a7d","email":"jack.thompson@me.com","message":"successfully parsed message, but message temporarily enqueued while system restarts."},{"id":"e910da2a-d435-4d10-a0d6-349f32ceb20d","email":"sophia.baker@dropbox.net","message":"failed to process due to network exception."},{"id":"3395032e-8f7c-4c15-aa5f-6d4730b11fe0","email":"emma.thomas@me.com","message":"successfully processed after 3026 milliseconds."},{"id":"c25c4c39-3ba9-4075-b913-522f99d5e8a8","email":"nicholas.allen@microsoft.com","message":"successfully parsed message, but message temporarily enqueued while system restarts."},{"id":"41a32651-92bf-4370-9920-ee3c8931dc02","email":"grace.moore@gmail.com","message":"successfully parsed message, but message temporarily enqueued while system restarts."},{"id":"d69d12b2-6348-49b9-ad0a-4da28508628c","email":"alexis.brown@microsoft.com","message":"successfully parsed message, but message temporarily enqueued while system restarts."},{"id":"ee63709a-1760-41cf-a194-6eed5ba7be4e","email":"emma.thomas@me.com","message":"successfully parsed message, but message temporarily enqueued while system restarts."},{"id":"6168f592-780e-4649-a3d7-e77d083ec114","email":"grace.moore@gmail.com","message":"successfully processed after 2902 milliseconds."},{"id":"35c6d6f5-cfc8-4f73-b97a-e3e4c03e6e90","email":"lily.harris@gmail.com","message":"successfully parsed message, but message temporarily enqueued while system restarts."},{"id":"fb23fe15-1150-4f9d-8ae3-fd4f60c6f4fc","email":"nicholas.allen@microsoft.com","message":"failed to process due to network exception."},{"id":"435a9834-75be-48fa-bdcd-05ee89245aa7","email":"alyssa.jones@amerisave.com","message":"successfully handled skipped operation."},{"id":"a6ce0e4e-8f94-4757-ace7-50c6d423ff33","email":"ethan.hernandez@microsoft.com","message":"successfully processed after 3498 milliseconds."},{"id":"c8b57845-26ae-4507-8fdd-1dfd54c8ed0a","email":"ryan.king@dropbox.net","message":"failed to process due to network exception."},{"id":"f8ddbb91-80b5-43ac-bee8-f55fed50f4a7","email":"ethan.hernandez@microsoft.com","message":"failed to process due to network exception."},{"id":"8d59d042-8e35-43ed-b501-5c1b05af588d","email":"elizabeth.martinez@dropbox.net","message":"failed to process due to network exception."},{"id":"a7c2b9ff-ccc7-4b6d-8877-1b6b426a253c","email":"tyler.nelson@microsoft.com","message":"failed to process due to network exception."},{"id":"ab2c3d56-a63a-4aaa-9f5b-00a7b5514fa0","email":"daniel.rodriguez@amerisave.com","message":"failed to process due to datastore timeout of 30 seconds.  operation took 91 seconds."},{"id":"96e5efbe-3bc1-40e5-a26b-610f826bae2b","email":"matthew.walker@amerisave.com","message":"successfully handled skipped operation."},{"id":"2831ad7b-5e61-41fc-b300-66d57a7e0344","email":"ryan.king@dropbox.net","message":"successfully handled skipped operation."},{"id":"695afffb-5f75-456e-9841-0f5d59a240e7","email":"nicholas.allen@microsoft.com","message":"successfully parsed message, but message temporarily enqueued while system restarts."},{"id":"3be303d6-54af-451c-b120-3cc34081d20a","email":"jack.thompson@me.com","message":"successfully processed after 103 milliseconds."},{"id":"dfb8f79b-d8c4-4aea-9a81-cba74fa17aad","email":"emily.taylor@gmail.com","message":"successfully handled skipped operation."},{"id":"f5ed4fef-a2e0-449e-9f39-49d9e859d4ea","email":"jackson.white@gmail.com","message":"successfully handled skipped operation."},{"id":"46043bf5-97b0-4522-a0a7-4f2751df2a5f","email":"taylor.adams@gmail.com","message":"successfully handled skipped operation."},{"id":"8299d2ad-4e0b-441e-ba5f-34adc4d425d5","email":"olivia.wright@gmail.com","message":"successfully parsed message, but message temporarily enqueued while system restarts."},{"id":"cdda0c29-be57-498f-abb1-85fc15e50946","email":"taylor.adams@gmail.com","message":"successfully parsed message, but message temporarily enqueued while system restarts."},{"id":"ae72fba7-3a77-4ec4-935c-0723444c5956","email":"emily.taylor@gmail.com","message":"successfully parsed message, but message temporarily enqueued while system restarts."},{"id":"032af1cd-76c3-41f8-87a4-5270e7bf4ec7","email":"andrew.miller@gmail.com","message":"failed to process due to network exception."},{"id":"c397b70d-cecc-4d3f-94a0-a5eae48660b0","email":"lily.harris@gmail.com","message":"failed to process due to network exception."},{"id":"1754485e-fd90-4a3a-99b4-47d9c3e926e9","email":"samantha.scott@me.com","message":"successfully processed after 6206 milliseconds."},{"id":"52ef7930-4bc4-4df2-a5cd-55dd576a2c4b","email":"abigail.smith@amerisave.com","message":"successfully processed after 2530 milliseconds."},{"id":"a9a388cb-e548-487f-a353-aaf8bbab65db","email":"nathan.young@microsoft.com","message":"failed to process due to network exception."},{"id":"10b3473d-39b5-430e-a1da-44f9fc1b6cc7","email":"grace.moore@gmail.com","message":"failed to process due to network exception."},{"id":"e361cdc2-2792-495f-ba40-963eeff7a13f","email":"ella.anderson@dropbox.net","message":"failed to process due to datastore timeout of 30 seconds.  operation took 94 seconds."},{"id":"13a4f08a-9aa0-4ff2-b373-b1a21f5a2968","email":"ava.davis@gmail.com","message":"failed to process due to network exception."},{"id":"357f8543-2c10-4d92-a38f-23ea6bfc8b4f","email":"alexander.williams@gmail.com","message":"failed to process due to network exception."},{"id":"91e75b2d-e1c1-4338-bd21-9080685aee1a","email":"chloe.garcia@dropbox.net","message":"failed to process due to network exception."},{"id":"cb13d6d2-b895-438b-801e-3484ac2df506","email":"samantha.scott@me.com","message":"successfully processed after 4427 milliseconds."},{"id":"6aae8425-f13b-4cda-8904-bed6af59fd14","email":"grace.moore@gmail.com","message":"failed to process due to network exception."},{"id":"1563d30f-18d0-47a0-baf3-a5521decd934","email":"mason.robinson@amerisave.com","message":"successfully handled skipped operation."},{"id":"579273af-64bf-48de-9dc7-da82078d42b9","email":"chloe.garcia@dropbox.net","message":"successfully parsed message, but message temporarily enqueued while system restarts."},{"id":"74633a11-fc92-4804-9f0a-c7aa6f88310c","email":"ethan.hernandez@microsoft.com","message":"successfully parsed message, but message temporarily enqueued while system restarts."},{"id":"9d2b8c62-b298-4286-afcf-fda80a5081ab","email":"madison.lewis@gmail.com","message":"failed to process due to datastore timeout of 30 seconds.  operation took 103 seconds."},{"id":"2eff0fff-fb2e-4f1e-94b7-fb82d3bea3b6","email":"nathan.young@microsoft.com","message":"successfully processed after 9983 milliseconds."},{"id":"9b30f2ad-4e80-45b5-9ba1-8eca4a5e93a9","email":"ryan.king@dropbox.net","message":"successfully parsed message, but message temporarily enqueued while system restarts."},{"id":"9b1558e1-7782-452d-be2c-b93e1a607e2b","email":"liam.gonzalez@me.com","message":"successfully parsed message, but message temporarily enqueued while system restarts."},{"id":"7ca114f5-69a7-40b5-9227-1e70a8b71f41","email":"daniel.rodriguez@amerisave.com","message":"failed to process due to network exception."},{"id":"c1740f26-77c9-4043-9403-a1a26802bd86","email":"samantha.scott@me.com","message":"successfully handled skipped operation."},{"id":"fc3cf34b-475d-4e14-ac66-ffcf108ff30a","email":"mason.robinson@amerisave.com","message":"failed to process due to datastore timeout of 30 seconds.  operation took 93 seconds."},{"id":"08da4eb5-dfe0-4312-bd29-99779154a0c5","email":"emily.taylor@gmail.com","message":"successfully handled skipped operation."},{"id":"515a0bae-ef06-492e-85eb-bb418b6bb69d","email":"matthew.walker@amerisave.com","message":"failed to process due to datastore timeout of 30 seconds.  operation took 76 seconds."},{"id":"3c6953cb-19e4-428f-b335-26801af9169e","email":"abigail.smith@amerisave.com","message":"successfully processed after 5691 milliseconds."},{"id":"0f2b7336-874b-434c-b730-c66f14894cf4","email":"alexander.williams@gmail.com","message":"successfully handled skipped operation."},{"id":"d151557f-f6d9-43b8-be8d-65eaa98081cc","email":"olivia.wright@gmail.com","message":"successfully parsed message, but message temporarily enqueued while system restarts."},{"id":"73a7b6b0-5722-4de5-8566-7ef3d1ea0486","email":"jackson.white@gmail.com","message":"successfully processed after 8605 milliseconds."},{"id":"544ecfff-e862-46a3-8770-518c5ef4716f","email":"mason.robinson@amerisave.com","message":"failed to process due to network exception."},{"id":"017f0a64-d9b1-4a59-b1cf-5ecf654cacc5","email":"ryan.king@dropbox.net","message":"successfully parsed message, but message temporarily enqueued while system restarts."},{"id":"29f9fa92-af34-40a7-ac72-6e9e36b4d85d","email":"alexis.brown@microsoft.com","message":"successfully parsed message, but message temporarily enqueued while system restarts."},{"id":"03a544cd-a848-4d41-b6d5-1d9f0af264f1","email":"ella.anderson@dropbox.net","message":"successfully parsed message, but message temporarily enqueued while system restarts."},{"id":"d89b728f-3c60-43e7-bdb2-d19c512ab2ee","email":"dylan.wilson@gmail.com","message":"failed to process due to datastore timeout of 30 seconds.  operation took 49 seconds."},{"id":"ab189510-c8d9-4a9b-b5cc-b297ede49c4e","email":"elizabeth.martinez@dropbox.net","message":"successfully handled skipped operation."},{"id":"87f2887e-5d5c-4ac7-85c7-8a7093238b5e","email":"alexander.williams@gmail.com","message":"successfully parsed message, but message temporarily enqueued while system restarts."},{"id":"4a9891e7-b660-4fdc-bcce-707190a49b12","email":"aiden.johnson@microsoft.com","message":"successfully parsed message, but message temporarily enqueued while system restarts."},{"id":"c9ba8a8e-6013-4077-aeb9-0c5122dc67dd","email":"ella.anderson@dropbox.net","message":"successfully handled skipped operation."},{"id":"27969619-c05b-43af-b105-66abb8fa171d","email":"ava.davis@gmail.com","message":"successfully processed after 3134 milliseconds."},{"id":"c98cbb4d-075d-4ad6-8798-53d46583055d","email":"jackson.white@gmail.com","message":"failed to process due to network exception."}],"id":"12749777-dd61-40bc-ae27-3fee75178d27"}