{"logs":[{"id":"7630efb4-8e3f-4a67-9704-e476e1b091df","email":"jackson.white@gmail.com","message":"failed to process due to network exception."},{"id":"c6339e2b-8a38-47de-bfe2-d12ca5e9399c","email":"matthew.walker@amerisave.com","message":"failed to process due to datastore timeout of 30 seconds.  operation took 91 seconds."},{"id":"4d19af95-d367-47cf-b724-e517fc25f8c6","email":"madison.lewis@gmail.com","message":"successfully parsed message, but message temporarily enqueued while system restarts."},{"id":"3e925a48-cc52-4202-ad26-4cb36864edda","email":"ella.anderson@dropbox.net","message":"failed to process due to network exception."},{"id":"3e4ef3a9-c4fb-428f-a3b9-76a2bd4d429e","email":"nicholas.allen@microsoft.com","message":"successfully parsed message, but message temporarily enqueued while system restarts."},{"id":"c37187c7-44ba-49bd-9145-3e6cd9811ebc","email":"andrew.miller@gmail.com","message":"successfully processed after 3731 milliseconds."},{"id":"7197193f-d3ee-4c1c-8007-1a6b91f7f9c4","email":"andrew.miller@gmail.com","message":"successfully processed after 4025 milliseconds."},{"id":"1ec87f8d-d852-457f-8162-360788cf4a97","email":"ryan.king@dropbox.net","message":"successfully parsed message, but message temporarily enqueued while system restarts."},{"id":"185d8614-2dba-4d8b-adbc-d67e7d2241a5","email":"chloe.garcia@dropbox.net","message":"successfully handled skipped operation."},{"id":"c5ed234e-4870-4b20-999a-f2066e55c962","email":"sarah.green@amerisave.com","message":"failed to process due to network exception."},{"id":"0d0da80f-b9a1-4555-825f-3212e7389783","email":"elizabeth.martinez@dropbox.net","message":"successfully handled skipped operation."},{"id":"dbd141f5-2648-41d9-a782-c6446817f687","email":"abigail.smith@amerisave.com","message":"successfully handled skipped operation."},{"id":"808ad403-d67a-4cb2-bac5-b5ee876947bc","email":"michael.hall@dropbox.net","message":"successfully parsed message, but message temporarily enqueued while system restarts."},{"id":"3b3a476b-f6dc-4549-9ea0-df5e3359b275","email":"madison.lewis@gmail.com","message":"successfully parsed message, but message temporarily enqueued while system restarts."},{"id":"2f294f4a-3db3-4195-894e-e202d55f50b8","email":"madison.lewis@gmail.com","message":"successfully handled skipped operation."},{"id":"dd0a8671-673e-4d4a-b379-d7e8d478c204","email":"joshua.lee@gmail.com","message":"successfully handled skipped operation."},{"id":"8efc966f-7bd7-42dd-bcd1-a1d19c6e5455","email":"matthew.walker@amerisave.com","message":"successfully processed after 120 milliseconds."},{"id":"4720e2b5-5c66-4a1e-84c8-9055cf8f3bef","email":"andrew.miller@gmail.com","message":"successfully parsed message, but message temporarily enqueued while system restarts."},{"id":"e5c3c039-d85d-4688-a226-a1b97f130003","email":"alexander.williams@gmail.com","message":"failed to process due to datastore timeout of 30 seconds.  operation took 94 seconds."},{"id":"aa44118e-3179-42bb-abaa-9fc4fe4fa5fc","email":"ava.davis@gmail.com","message":"successfully processed after 6110 milliseconds."},{"id":"3b0af12d-2866-4a4e-8a57-d4e8a9c6d245","email":"aiden.johnson@microsoft.com","message":"successfully parsed message, but message temporarily enqueued while system restarts."},{"id":"488e35b4-87f5-408f-ae36-064cd0dfdf6b","email":"alyssa.jones@amerisave.com","message":"successfully processed after 5718 milliseconds."},{"id":"4d591b18-7730-46d2-a3b0-226cb0efb2ca","email":"ava.davis@gmail.com","message":"failed to process due to network exception."},{"id":"02fb6efa-28e3-4aaa-aaf6-6ad493d8e575","email":"emma.thomas@me.com","message":"successfully parsed message, but message temporarily enqueued while system restarts."},{"id":"cde3ca5e-7437-42be-ab96-e981054f8c65","email":"nicholas.allen@microsoft.com","message":"failed to process due to datastore timeout of 30 seconds.  operation took 54 seconds."},{"id":"8a37cc7f-87f6-4e5d-adce-d61300c5cc3a","email":"madison.lewis@gmail.com","message":"failed to process due to datastore timeout of 30 seconds.  operation took 36 seconds."},{"id":"b03464c6-7be9-4ee9-9153-fd9549180ca1","email":"emily.taylor@gmail.com","message":"successfully processed after 5147 milliseconds."},{"id":"62564446-801c-4140-b44e-6d8b035f96a7","email":"lily.harris@gmail.com","message":"successfully parsed message, but message temporarily enqueued while system restarts."},{"id":"899360c9-ae74-47e7-ad01-6ad50711211f","email":"liam.gonzalez@me.com","message":"failed to process due to datastore timeout of 30 seconds.  operation took 107 seconds."}],"id":"1a60fe6c-93df-44b9-86d1-24eaa22ee4a5"}