{"logs":[{"id":"8715391b-66d5-489e-ae05-08d0fded6be9","email":"ryan.king@dropbox.net","message":"successfully handled skipped operation."},{"id":"1bbc9ff9-8db4-4063-9f03-f1d0fa9fb75a","email":"mia.perez@me.com","message":"successfully processed after 6255 milliseconds."},{"id":"40374796-9823-4650-9f2f-5e351af8a7e0","email":"sarah.green@amerisave.com","message":"failed to process due to network exception."},{"id":"e34e42ca-2343-4c42-9e20-a4867be28aa9","email":"andrew.miller@gmail.com","message":"failed to process due to network exception."},{"id":"f861e367-e3ad-4678-99d0-50fb090b63db","email":"chloe.garcia@dropbox.net","message":"successfully parsed message, but message temporarily enqueued while system restarts."},{"id":"94b6de0b-b2d4-4976-9d09-9085ac9e875f","email":"joshua.lee@gmail.com","message":"failed to process due to network exception."},{"id":"5fe4dd2c-7420-4cea-80c1-6c3b21bc0c8c","email":"mason.robinson@amerisave.com","message":"successfully handled skipped operation."},{"id":"54e7cf41-f252-4b2d-b825-45c215de66a6","email":"michael.hall@dropbox.net","message":"successfully parsed message, but message temporarily enqueued while system restarts."},{"id":"d54e2e7e-a5d4-4018-acf7-a94f51685fc7","email":"mason.robinson@amerisave.com","message":"failed to process due to network exception."},{"id":"07130e50-79ff-47d4-abe7-636da4bef1e2","email":"alyssa.jones@amerisave.com","message":"successfully handled skipped operation."},{"id":"7ddd6008-dd9d-4df1-9de0-5b1b4b8fb784","email":"olivia.wright@gmail.com","message":"successfully handled skipped operation."},{"id":"54b8791b-7810-42dd-8764-95a67695311f","email":"ethan.hernandez@microsoft.com","message":"failed to process due to datastore timeout of 30 seconds.  operation took 50 seconds."},{"id":"381cda88-5e0f-4c74-a472-c2a5ba7afab8","email":"samantha.scott@me.com","message":"failed to process due to datastore timeout of 30 seconds.  operation took 105 seconds."},{"id":"78aee442-4ad7-4c32-a0b2-6698ab089c28","email":"emily.taylor@gmail.com","message":"successfully processed after 7751 milliseconds."},{"id":"a9f4e406-7416-4b14-b8d3-71059fec5415","email":"alexander.williams@gmail.com","message":"failed to process due to datastore timeout of 30 seconds.  operation took 79 seconds."},{"id":"309b1466-aa12-4c34-8fc6-7e82edccc0a0","email":"ethan.hernandez@microsoft.com","message":"failed to process due to network exception."},{"id":"806ea54a-8b31-4c15-9055-84202ee7aad5","email":"lily.harris@gmail.com","message":"failed to process due to datastore timeout of 30 seconds.  operation took 83 seconds."},{"id":"1f296741-a5d0-46fd-9d49-8ffaf65dbc99","email":"noah.sanchez@me.com","message":"failed to process due to network exception."},{"id":"d1722e41-3608-4fb1-bb02-89f23e4fb16a","email":"liam.gonzalez@me.com","message":"successfully processed after 2730 milliseconds."},{"id":"30b80e0a-4b66-4960-bea2-98560864b3af","email":"aiden.johnson@microsoft.com","message":"failed to process due to datastore timeout of 30 seconds.  operation took 52 seconds."},{"id":"28d7b0f8-a432-4f64-b1e0-570ba561d5a4","email":"elizabeth.martinez@dropbox.net","message":"failed to process due to datastore timeout of 30 seconds.  operation took 77 seconds."},{"id":"8cfd9256-1eef-4ada-b05d-afd4a789fb47","email":"emma.thomas@me.com","message":"successfully handled skipped operation."},{"id":"5b6044cd-d1ca-4ffc-914b-8858170e9563","email":"ryan.king@dropbox.net","message":"successfully parsed message, but message temporarily enqueued while system restarts."},{"id":"68f6a155-da0d-480f-a951-df5275f33d5f","email":"ryan.king@dropbox.net","message":"successfully parsed message, but message temporarily enqueued while system restarts."},{"id":"3e7a1b52-c483-47ae-908e-f005c9483467","email":"isabella.jackson@amerisave.com","message":"failed to process due to datastore timeout of 30 seconds.  operation took 96 seconds."},{"id":"174376c7-b07c-4944-9517-a7b96c1babaf","email":"isabella.jackson@amerisave.com","message":"failed to process due to datastore timeout of 30 seconds.  operation took 37 seconds."},{"id":"972d6b28-e3d5-4cb4-8dca-3727fe1a1bc1","email":"samantha.scott@me.com","message":"successfully handled skipped operation."},{"id":"4beb82e2-2fef-41fa-a002-f55d261a3ffd","email":"taylor.adams@gmail.com","message":"successfully parsed message, but message temporarily enqueued while system restarts."},{"id":"782bd747-bc18-4e35-a7b3-487c28ca1bab","email":"dylan.wilson@gmail.com","message":"failed to process due to datastore timeout of 30 seconds.  operation took 45 seconds."},{"id":"16327666-035c-4fe8-a212-9a5c3f817ff2","email":"grace.moore@gmail.com","message":"successfully processed after 2731 milliseconds."},{"id":"d338d8a7-ff87-4c26-9b73-d5493cdca534","email":"logan.clark@dropbox.net","message":"successfully processed after 4440 milliseconds."},{"id":"37d54c5d-6889-4465-8a4a-a3bd54242942","email":"jackson.white@gmail.com","message":"failed to process due to network exception."},{"id":"8d786975-fb70-4c25-b7f7-c066ac0ed9b3","email":"nicholas.allen@microsoft.com","message":"successfully processed after 2350 milliseconds."},{"id":"115fa132-11bf-4c46-9d5c-bb25dfd810a4","email":"jack.thompson@me.com","message":"successfully processed after 5964 milliseconds."},{"id":"fdf7e1a7-e024-4e3f-a53b-3720385aa877","email":"daniel.rodriguez@amerisave.com","message":"failed to process due to datastore timeout of 30 seconds.  operation took 41 seconds."},{"id":"f570c9e5-8596-4da2-b25a-17140882e6c6","email":"jackson.white@gmail.com","message":"failed to process due to datastore timeout of 30 seconds.  operation took 50 seconds."},{"id":"b048e44c-ed05-4b1a-8430-101d17ad9f4b","email":"aiden.johnson@microsoft.com","message":"successfully handled skipped operation."},{"id":"d819ed52-7ee5-4671-9685-4ec3cb1c8c02","email":"noah.sanchez@me.com","message":"successfully processed after 523 milliseconds."},{"id":"05159e5b-d152-4afa-8f91-95f7e550ed3a","email":"emma.thomas@me.com","message":"successfully parsed message, but message temporarily enqueued while system restarts."},{"id":"ac8843b9-2780-4367-815d-65cbd72340ee","email":"daniel.rodriguez@amerisave.com","message":"failed to process due to datastore timeout of 30 seconds.  operation took 46 seconds."},{"id":"340766b6-2ce1-4ffc-9b5c-c124bbaef6c0","email":"tyler.nelson@microsoft.com","message":"failed to process due to datastore timeout of 30 seconds.  operation took 45 seconds."},{"id":"8bb81a42-2254-4e6f-a7ed-bdaf783828cf","email":"taylor.adams@gmail.com","message":"failed to process due to datastore timeout of 30 seconds.  operation took 64 seconds."},{"id":"5250b1b3-48f0-434d-a321-90a7cc78c873","email":"alexander.williams@gmail.com","message":"failed to process due to network exception."},{"id":"a136fdd8-118c-4594-9d99-9186e0d82336","email":"samantha.scott@me.com","message":"failed to process due to datastore timeout of 30 seconds.  operation took 93 seconds."},{"id":"b1ebdd52-a46b-485a-8671-5407b941a354","email":"joshua.lee@gmail.com","message":"failed to process due to network exception."},{"id":"c0be24bf-55a8-4bc7-a19e-74a79e4be586","email":"matthew.walker@amerisave.com","message":"failed to process due to network exception."},{"id":"e8bec952-80cd-4dbf-88eb-7c645644c5f9","email":"liam.gonzalez@me.com","message":"failed to process due to datastore timeout of 30 seconds.  operation took 86 seconds."},{"id":"a8228224-36bc-4f5d-9ab9-a35217fd7ec6","email":"noah.sanchez@me.com","message":"failed to process due to datastore timeout of 30 seconds.  operation took 66 seconds."},{"id":"97e9ec35-1c62-4520-9fce-5f6f15d89b36","email":"logan.clark@dropbox.net","message":"successfully processed after 433 milliseconds."},{"id":"28e793c2-e99a-4a58-a184-4f943efb43e1","email":"isabella.jackson@amerisave.com","message":"successfully parsed message, but message temporarily enqueued while system restarts."},{"id":"ded67963-6bb2-4cec-8681-2aaa62b65b3b","email":"hannah.martin@dropbox.net","message":"failed to process due to datastore timeout of 30 seconds.  operation took 31 seconds."},{"id":"0863592c-f6d7-48ec-be2c-81558f9e82d4","email":"emily.taylor@gmail.com","message":"successfully handled skipped operation."},{"id":"c79af30b-874a-41d9-ac38-71d1ec20a353","email":"jacob.lopez@dropbox.net","message":"successfully parsed message, but message temporarily enqueued while system restarts."},{"id":"0fde4e1e-a490-40ae-b528-92537f2effec","email":"ethan.hernandez@microsoft.com","message":"successfully handled skipped operation."},{"id":"926b7caf-fe66-426b-9353-9b3216566583","email":"isabella.jackson@amerisave.com","message":"successfully processed after 2853 milliseconds."},{"id":"8be726db-8a46-49c5-a2ed-91c84a7ee922","email":"emily.taylor@gmail.com","message":"successfully processed after 8436 milliseconds."},{"id":"40996d61-15ff-4918-91a9-e0471be051f9","email":"mason.robinson@amerisave.com","message":"successfully parsed message, but message temporarily enqueued while system restarts."},{"id":"a500c20a-807a-4f16-8d8d-0d7984ec307f","email":"joshua.lee@gmail.com","message":"successfully handled skipped operation."},{"id":"38b3bff5-3623-4f8e-a4b0-328dba1ec07e","email":"liam.gonzalez@me.com","message":"successfully handled skipped operation."},{"id":"6e2e75f1-f0e3-4ed2-b701-6d71de4f17ef","email":"grace.moore@gmail.com","message":"successfully handled skipped operation."},{"id":"a1f7ad23-659e-42a1-b5aa-d9c0504b5473","email":"emily.taylor@gmail.com","message":"successfully handled skipped operation."},{"id":"2cdf73c3-1ac8-4be1-9d60-540e7f9610c2","email":"tyler.nelson@microsoft.com","message":"successfully parsed message, but message temporarily enqueued while system restarts."},{"id":"9f0287a1-139a-49a3-91cc-5083bfcf18e7","email":"liam.gonzalez@me.com","message":"successfully processed after 5144 milliseconds."},{"id":"c134b0cf-795f-4021-a3fe-4d76d4e04248","email":"jack.thompson@me.com","message":"failed to process due to network exception."},{"id":"4b568e89-d33a-4568-9de1-b8e1aa938961","email":"joshua.lee@gmail.com","message":"successfully handled skipped operation."},{"id":"1e4ff9cf-8e15-4dbf-912e-604f944f1095","email":"taylor.adams@gmail.com","message":"successfully parsed message, but message temporarily enqueued while system restarts."},{"id":"6f5d4aed-322d-43e7-b558-ca08a6135def","email":"noah.sanchez@me.com","message":"successfully parsed message, but message temporarily enqueued while system restarts."},{"id":"b920db33-4f48-4581-9f43-df6c7951cd1f","email":"samantha.scott@me.com","message":"successfully handled skipped operation."},{"id":"23a23f63-231e-44b8-bff3-3e01e4f15d3c","email":"taylor.adams@gmail.com","message":"successfully parsed message, but message temporarily enqueued while system restarts."}],"id":"35241fbb-19a3-4242-b85e-9eafa04d11a8"}