{"logs":[{"id":"10c7d4cb-84fd-4062-aa68-0c065b040526","email":"nicholas.allen@microsoft.com","message":"successfully processed after 3011 milliseconds."},{"id":"91f828cc-edc9-4092-a8d2-7cf7fc4b2064","email":"jack.thompson@me.com","message":"successfully processed after 6178 milliseconds."},{"id":"55d19bbe-6375-4cf2-a814-29660c4c704e","email":"hannah.martin@dropbox.net","message":"successfully parsed message, but message temporarily enqueued while system restarts."},{"id":"1b224cb5-c99f-4848-9a2c-48e7beb9e0eb","email":"alexis.brown@microsoft.com","message":"successfully processed after 7763 milliseconds."},{"id":"0fc848d8-a225-4fe8-b5e0-dba639056977","email":"dylan.wilson@gmail.com","message":"successfully processed after 2622 milliseconds."},{"id":"27595ac0-b7ed-43d3-8e63-41ec695b4ad2","email":"jacob.lopez@dropbox.net","message":"successfully handled skipped operation."},{"id":"a33d595b-7db0-4b16-9ddb-f13721c406ba","email":"aiden.johnson@microsoft.com","message":"successfully handled skipped operation."},{"id":"0e1c0f77-c80c-4279-8ca2-cf30fba10dba","email":"ella.anderson@dropbox.net","message":"successfully parsed message, but message temporarily enqueued while system restarts."},{"id":"ce49d07a-7dde-4631-98b6-b69090cb9023","email":"dylan.wilson@gmail.com","message":"successfully processed after 694 milliseconds."},{"id":"229076bd-f675-4e6b-8e13-b609c2172d71","email":"abigail.smith@amerisave.com","message":"failed to process due to datastore timeout of 30 seconds.  operation took 42 seconds."},{"id":"e3b43b66-2fb1-4397-ada6-c0e235ec285e","email":"isabella.jackson@amerisave.com","message":"failed to process due to network exception."},{"id":"918d0a88-e8ba-4d67-b96d-e21bde23c26e","email":"ryan.king@dropbox.net","message":"successfully parsed message, but message temporarily enqueued while system restarts."},{"id":"8c75b77e-503c-461a-96db-b29dffce0aca","email":"isabella.jackson@amerisave.com","message":"failed to process due to datastore timeout of 30 seconds.  operation took 56 seconds."},{"id":"d7d9b286-596c-4962-91f0-7616591c53df","email":"nicholas.allen@microsoft.com","message":"successfully handled skipped operation."},{"id":"afcc1c74-3048-48d3-9020-a35ecdaae08e","email":"mia.perez@me.com","message":"successfully parsed message, but message temporarily enqueued while system restarts."},{"id":"6e0fb358-1ba7-439e-b68f-8b64b364820c","email":"ryan.king@dropbox.net","message":"failed to process due to datastore timeout of 30 seconds.  operation took 97 seconds."},{"id":"b81e399b-38d3-4c02-a54e-a1c00c030a29","email":"aiden.johnson@microsoft.com","message":"successfully handled skipped operation."},{"id":"d68f27af-34d9-4100-87f1-23e8eaadb243","email":"chloe.garcia@dropbox.net","message":"successfully parsed message, but message temporarily enqueued while system restarts."},{"id":"56cf67ac-bddc-497c-b8ce-92c180826e8b","email":"ella.anderson@dropbox.net","message":"successfully handled skipped operation."},{"id":"936a3e10-edd3-4d1d-85ff-0f315deef527","email":"sarah.green@amerisave.com","message":"successfully processed after 8951 milliseconds."},{"id":"ea4cb66b-e3f8-41e5-8723-9945a3907eb0","email":"ethan.hernandez@microsoft.com","message":"successfully parsed message, but message temporarily enqueued while system restarts."},{"id":"09db65c5-5c2a-43dd-88fc-04514a8f31ac","email":"lily.harris@gmail.com","message":"successfully parsed message, but message temporarily enqueued while system restarts."},{"id":"6800d879-3985-4164-bd05-2e41590b275e","email":"alexander.williams@gmail.com","message":"successfully handled skipped operation."},{"id":"1cc46308-bd0c-4f94-b2f0-7ef400e8161f","email":"isabella.jackson@amerisave.com","message":"successfully parsed message, but message temporarily enqueued while system restarts."},{"id":"8a1aaa42-ed6b-4348-b593-28690cb2eaa5","email":"emma.thomas@me.com","message":"failed to process due to network exception."},{"id":"c0b49f01-81a9-42f2-aa4f-0e141b3df744","email":"alexis.brown@microsoft.com","message":"failed to process due to network exception."},{"id":"60db6b00-973f-419b-849a-ca1b289a3318","email":"mia.perez@me.com","message":"failed to process due to datastore timeout of 30 seconds.  operation took 32 seconds."},{"id":"e1da4548-96a8-4f2c-ab06-f6085b0dc1a5","email":"matthew.walker@amerisave.com","message":"failed to process due to network exception."},{"id":"c541b011-ad43-4a5e-a1f8-d61dcc126708","email":"ryan.king@dropbox.net","message":"successfully parsed message, but message temporarily enqueued while system restarts."},{"id":"52d20d8c-2b35-43f8-a793-1b1bfffa39dd","email":"samantha.scott@me.com","message":"successfully handled skipped operation."},{"id":"eed1e36a-e79b-455f-9473-01150ee80764","email":"andrew.miller@gmail.com","message":"successfully parsed message, but message temporarily enqueued while system restarts."},{"id":"0d28240c-0b55-414f-8105-0e7a9f25f5c7","email":"logan.clark@dropbox.net","message":"successfully parsed message, but message temporarily enqueued while system restarts."},{"id":"e8ddb7a4-3699-4575-a139-a883b11a9f7d","email":"mia.perez@me.com","message":"successfully processed after 3613 milliseconds."},{"id":"62503785-3b6a-4f59-89b1-3d7ce64a2f07","email":"emily.taylor@gmail.com","message":"failed to process due to network exception."},{"id":"c1041a7c-3f98-43a6-9275-634ab46cc37e","email":"michael.hall@dropbox.net","message":"successfully handled skipped operation."},{"id":"e03c4d71-0119-489f-921a-d4a9dc4874db","email":"michael.hall@dropbox.net","message":"successfully handled skipped operation."},{"id":"564c0f3e-13cb-4775-ab0e-285ff1d24e2e","email":"nathan.young@microsoft.com","message":"failed to process due to datastore timeout of 30 seconds.  operation took 113 seconds."},{"id":"cceba01b-d9a2-4f96-8461-f736a245ccf6","email":"andrew.miller@gmail.com","message":"successfully handled skipped operation."},{"id":"25b1afd5-4d97-4025-b21c-d5c4b701de06","email":"tyler.nelson@microsoft.com","message":"successfully handled skipped operation."},{"id":"68d7b661-2f47-4f72-92f5-37daf9a2ee7c","email":"matthew.walker@amerisave.com","message":"successfully processed after 4945 milliseconds."},{"id":"f03bee25-4c1d-4d14-841d-bcd9cccd1c36","email":"grace.moore@gmail.com","message":"successfully handled skipped operation."},{"id":"0e3bb46c-331c-4ceb-b6be-99c0e9be24c4","email":"ethan.hernandez@microsoft.com","message":"successfully parsed message, but message temporarily enqueued while system restarts."},{"id":"1e50aadc-466a-4124-8c0d-012a4a2da50b","email":"dylan.wilson@gmail.com","message":"successfully parsed message, but message temporarily enqueued while system restarts."},{"id":"8b133d11-e18a-4b73-af86-5aa4132abb75","email":"michael.hall@dropbox.net","message":"successfully handled skipped operation."},{"id":"4df85d18-fc0f-4d1b-8bf8-1d8176ceb6e7","email":"abigail.smith@amerisave.com","message":"failed to process due to datastore timeout of 30 seconds.  operation took 93 seconds."},{"id":"25f7bd5b-a609-4786-9935-f65d4a074ce7","email":"ryan.king@dropbox.net","message":"failed to process due to network exception."},{"id":"09eb56c9-8ceb-4f61-97c1-3e9a7c2ab141","email":"abigail.smith@amerisave.com","message":"successfully processed after 254 milliseconds."},{"id":"7af8f65b-199d-49dd-850e-3aaecd2eaa59","email":"isabella.jackson@amerisave.com","message":"successfully processed after 4468 milliseconds."},{"id":"12958b6e-b6d6-4109-8fbe-95af2c903462","email":"matthew.walker@amerisave.com","message":"successfully processed after 2759 milliseconds."},{"id":"32222525-eb2d-40a9-9e22-509b79003a15","email":"jackson.white@gmail.com","message":"successfully handled skipped operation."},{"id":"be8bd7a5-de4e-47cc-9f34-2f1a5f983584","email":"joshua.lee@gmail.com","message":"failed to process due to datastore timeout of 30 seconds.  operation took 40 seconds."},{"id":"1685d2d4-d3df-4768-9452-4225e4595787","email":"michael.hall@dropbox.net","message":"failed to process due to network exception."},{"id":"fd85ebc6-99cd-41f1-a724-f829d8559c98","email":"logan.clark@dropbox.net","message":"failed to process due to network exception."},{"id":"ac269303-b1d1-4d50-b7bf-9dc761847c88","email":"sophia.baker@dropbox.net","message":"failed to process due to network exception."},{"id":"d3baf893-ca1c-43c3-9c18-d18348d4ede0","email":"taylor.adams@gmail.com","message":"successfully handled skipped operation."},{"id":"54021b64-b944-42f6-99ee-ea1efdaf3e17","email":"elizabeth.martinez@dropbox.net","message":"successfully parsed message, but message temporarily enqueued while system restarts."},{"id":"66247a40-e40e-4bbd-9016-97e7cab5f1f0","email":"abigail.smith@amerisave.com","message":"failed to process due to network exception."},{"id":"91d3bb81-0607-4867-b526-4a6de5c7ee5f","email":"logan.clark@dropbox.net","message":"failed to process due to network exception."},{"id":"de00496f-b59a-46ef-92de-b40c21c678af","email":"andrew.miller@gmail.com","message":"successfully handled skipped operation."},{"id":"f2859ba2-51f9-42e2-a685-088ad4d4dd9d","email":"emma.thomas@me.com","message":"successfully processed after 6796 milliseconds."},{"id":"7af2fa2b-0300-41d4-bafc-2f4bcee32568","email":"lily.harris@gmail.com","message":"failed to process due to datastore timeout of 30 seconds.  operation took 118 seconds."},{"id":"7fb3b742-2595-4efd-919c-9baf549a6f79","email":"jacob.lopez@dropbox.net","message":"failed to process due to datastore timeout of 30 seconds.  operation took 39 seconds."},{"id":"bfc56d88-d4db-4dff-a1d1-ca68873ec26f","email":"emily.taylor@gmail.com","message":"failed to process due to datastore timeout of 30 seconds.  operation took 94 seconds."},{"id":"e2cb3b6e-5d95-46a0-ab50-6fff7671a669","email":"ethan.hernandez@microsoft.com","message":"successfully handled skipped operation."},{"id":"e5d600c2-d9bc-4c41-9462-0e21c458fae7","email":"nathan.young@microsoft.com","message":"failed to process due to network exception."},{"id":"5199cb7a-0e15-495a-af26-78e12e6d2189","email":"nathan.young@microsoft.com","message":"successfully processed after 7472 milliseconds."},{"id":"0f84fd13-00cf-488d-898f-77b09544daa0","email":"daniel.rodriguez@amerisave.com","message":"failed to process due to datastore timeout of 30 seconds.  operation took 104 seconds."},{"id":"dc2dd038-d350-4bb4-b473-707e76a74b85","email":"mia.perez@me.com","message":"successfully parsed message, but message temporarily enqueued while system restarts."},{"id":"cac9b0ac-fe8e-4323-8c59-20cc8ff4f44c","email":"jacob.lopez@dropbox.net","message":"successfully handled skipped operation."},{"id":"a363de9f-8c2a-4646-b836-e6f249d1d360","email":"taylor.adams@gmail.com","message":"failed to process due to datastore timeout of 30 seconds.  operation took 108 seconds."},{"id":"7a934982-744e-4a3c-a3d7-fe49b9754483","email":"dylan.wilson@gmail.com","message":"successfully handled skipped operation."},{"id":"f035f142-d230-40f6-a488-026b2ee7716f","email":"jack.thompson@me.com","message":"successfully handled skipped operation."},{"id":"52b4fc89-3cbd-42a9-af01-234562d18ad1","email":"alyssa.jones@amerisave.com","message":"successfully parsed message, but message temporarily enqueued while system restarts."},{"id":"52f728c4-9e1f-47c0-aa79-f082f73d7fce","email":"michael.hall@dropbox.net","message":"failed to process due to network exception."},{"id":"49483cdf-bf18-4ad0-a6e0-184ce300f21e","email":"samantha.scott@me.com","message":"failed to process due to network exception."},{"id":"b3fa5174-b8dd-4341-af58-9f2d488cea7f","email":"taylor.adams@gmail.com","message":"successfully processed after 1769 milliseconds."},{"id":"25e529be-b6f3-4d32-b542-42273fcb99d5","email":"chloe.garcia@dropbox.net","message":"failed to process due to datastore timeout of 30 seconds.  operation took 86 seconds."},{"id":"e38e38c5-689d-40d6-8a80-05dd1dcd6d39","email":"alyssa.jones@amerisave.com","message":"successfully handled skipped operation."},{"id":"619ddf1a-1122-4188-9c8d-1f37cc520234","email":"sophia.baker@dropbox.net","message":"failed to process due to datastore timeout of 30 seconds.  operation took 124 seconds."},{"id":"e92dab78-d73f-43ce-9ab1-03b8eb97978b","email":"ava.davis@gmail.com","message":"successfully handled skipped operation."},{"id":"b91fede0-04d8-4b6e-994b-c3b176b5c432","email":"mason.robinson@amerisave.com","message":"successfully parsed message, but message temporarily enqueued while system restarts."},{"id":"28a3fa18-08ca-4aba-b295-678b3189a8ae","email":"nicholas.allen@microsoft.com","message":"successfully parsed message, but message temporarily enqueued while system restarts."},{"id":"760b4533-784e-454a-b834-ba4a9c92f799","email":"ethan.hernandez@microsoft.com","message":"failed to process due to datastore timeout of 30 seconds.  operation took 130 seconds."},{"id":"905c85ed-09c3-4151-b772-3e20306c09e8","email":"grace.moore@gmail.com","message":"successfully parsed message, but message temporarily enqueued while system restarts."},{"id":"695e9c48-da66-4828-9064-8de2f293dd53","email":"chloe.garcia@dropbox.net","message":"successfully processed after 5540 milliseconds."},{"id":"c8756ca4-8394-4682-91ae-ac204f2e89ac","email":"jack.thompson@me.com","message":"failed to process due to network exception."},{"id":"6eac3fc8-53b9-4f7d-acef-061a3d355002","email":"tyler.nelson@microsoft.com","message":"successfully processed after 2517 milliseconds."},{"id":"ee158334-4239-4495-a04e-6a814ee44cc4","email":"ryan.king@dropbox.net","message":"successfully parsed message, but message temporarily enqueued while system restarts."},{"id":"8be059e8-44f0-4112-a936-1ca33e8f1fc2","email":"mia.perez@me.com","message":"failed to process due to datastore timeout of 30 seconds.  operation took 39 seconds."},{"id":"4c94e5ae-9e8c-45ee-ad0a-211fb9890c74","email":"ava.davis@gmail.com","message":"failed to process due to datastore timeout of 30 seconds.  operation took 48 seconds."},{"id":"4332071e-c46b-4030-8a28-8b16f2d61f95","email":"mia.perez@me.com","message":"successfully processed after 5348 milliseconds."},{"id":"3e0c17e8-6656-4ff6-9383-99492d744396","email":"emily.taylor@gmail.com","message":"successfully parsed message, but message temporarily enqueued while system restarts."},{"id":"b34a0214-8f8e-47aa-8e57-1aacbf8c36e1","email":"lily.harris@gmail.com","message":"successfully parsed message, but message temporarily enqueued while system restarts."},{"id":"ea7981f7-a7ef-4366-9e8c-06eaa947a7e5","email":"nicholas.allen@microsoft.com","message":"failed to process due to datastore timeout of 30 seconds.  operation took 50 seconds."},{"id":"6e08973c-767f-4792-88c6-025f66143391","email":"lily.harris@gmail.com","message":"failed to process due to network exception."},{"id":"8d6be510-a272-4e5c-bfb7-f07d7c8ccdee","email":"jackson.white@gmail.com","message":"successfully handled skipped operation."},{"id":"311a3af6-685b-468f-91a3-e6b933dfa39a","email":"olivia.wright@gmail.com","message":"successfully parsed message, but message temporarily enqueued while system restarts."},{"id":"64a02ab9-9f54-4b53-97ba-542dea84bd96","email":"andrew.miller@gmail.com","message":"successfully handled skipped operation."},{"id":"37469ca7-936e-4fe8-bf05-d874cec4b99e","email":"alexis.brown@microsoft.com","message":"failed to process due to datastore timeout of 30 seconds.  operation took 111 seconds."},{"id":"a7115632-258d-469b-8513-c1d5b728a346","email":"daniel.rodriguez@amerisave.com","message":"successfully handled skipped operation."},{"id":"88dd7a63-77be-48d7-8cc2-18710e9c8a72","email":"matthew.walker@amerisave.com","message":"failed to process due to network exception."},{"id":"6b75f4bc-b00d-45a8-acb1-76f3dfe24570","email":"tyler.nelson@microsoft.com","message":"successfully processed after 2608 milliseconds."},{"id":"88f73eda-6caa-4c5a-a9c2-c4ae4f379d10","email":"olivia.wright@gmail.com","message":"successfully parsed message, but message temporarily enqueued while system restarts."},{"id":"85a987ab-45b8-4ec5-88e4-85ea67e6291b","email":"aiden.johnson@microsoft.com","message":"failed to process due to network exception."},{"id":"dc62e78f-5017-4d5a-aab8-386bce92a897","email":"taylor.adams@gmail.com","message":"failed to process due to datastore timeout of 30 seconds.  operation took 53 seconds."},{"id":"a69726cd-3591-466e-b005-8d3a2ce524af","email":"ryan.king@dropbox.net","message":"successfully parsed message, but message temporarily enqueued while system restarts."},{"id":"1ed6636b-2f5e-41d3-89db-ecdc13621939","email":"dylan.wilson@gmail.com","message":"successfully handled skipped operation."},{"id":"9b604dc7-c8a1-43af-96d3-b53aa495674a","email":"mason.robinson@amerisave.com","message":"failed to process due to network exception."},{"id":"a28e6161-27ff-48e7-aa48-919a13df676b","email":"liam.gonzalez@me.com","message":"successfully parsed message, but message temporarily enqueued while system restarts."},{"id":"9b14a666-fb6a-47b1-8173-350fa5350090","email":"ava.davis@gmail.com","message":"successfully processed after 4796 milliseconds."},{"id":"57ad5d7e-c1c4-405b-b11c-19daea76db8d","email":"jackson.white@gmail.com","message":"successfully processed after 374 milliseconds."},{"id":"c90a8540-1351-4ff4-951f-4a5c93f778c2","email":"chloe.garcia@dropbox.net","message":"successfully parsed message, but message temporarily enqueued while system restarts."},{"id":"759b00f4-fdfc-4652-8b54-ccd7dad54608","email":"abigail.smith@amerisave.com","message":"failed to process due to datastore timeout of 30 seconds.  operation took 31 seconds."},{"id":"694f4e50-46d7-4a0e-9e5d-9718d06bc677","email":"abigail.smith@amerisave.com","message":"successfully handled skipped operation."},{"id":"8ecb3e3a-c393-40b2-930f-d73b867cd65b","email":"emily.taylor@gmail.com","message":"successfully handled skipped operation."},{"id":"723bb0f6-2198-4ada-a463-0b66d6a3a677","email":"logan.clark@dropbox.net","message":"successfully processed after 4595 milliseconds."},{"id":"82dd27dc-c574-4e04-ad60-7e60bdfd9f1f","email":"ryan.king@dropbox.net","message":"failed to process due to network exception."},{"id":"68af4bf4-a5fb-4a89-9318-4e3f9152edae","email":"alexis.brown@microsoft.com","message":"successfully processed after 7484 milliseconds."},{"id":"9dee4bc5-e97d-4d65-936b-173265e59fbb","email":"elizabeth.martinez@dropbox.net","message":"successfully parsed message, but message temporarily enqueued while system restarts."},{"id":"dcfee994-4898-4d62-b4d8-3e6f060174d3","email":"elizabeth.martinez@dropbox.net","message":"successfully processed after 2435 milliseconds."},{"id":"06a69596-735e-448b-b258-340c7c400419","email":"tyler.nelson@microsoft.com","message":"successfully parsed message, but message temporarily enqueued while system restarts."},{"id":"239aa6fe-3107-45de-9b2d-b1317872582b","email":"alexander.williams@gmail.com","message":"successfully handled skipped operation."},{"id":"8e168baa-0c3d-4d96-8810-b0304c836f96","email":"emily.taylor@gmail.com","message":"successfully handled skipped operation."},{"id":"66aaa246-8d4f-499c-9057-0eec23bd0101","email":"taylor.adams@gmail.com","message":"failed to process due to datastore timeout of 30 seconds.  operation took 106 seconds."},{"id":"7225ca69-ef47-4f2c-ac60-994fac80c3a9","email":"ethan.hernandez@microsoft.com","message":"failed to process due to network exception."},{"id":"f7406fc4-91db-405d-b4f1-83663013d046","email":"olivia.wright@gmail.com","message":"successfully parsed message, but message temporarily enqueued while system restarts."},{"id":"de21b22b-5bc7-4978-aa68-32ddd1f38679","email":"ryan.king@dropbox.net","message":"successfully processed after 5130 milliseconds."},{"id":"16a84c22-11ab-4733-b48a-7c6aafe300bf","email":"lily.harris@gmail.com","message":"successfully parsed message, but message temporarily enqueued while system restarts."},{"id":"3b52238a-5852-400c-b6e0-118da18a25e0","email":"hannah.martin@dropbox.net","message":"successfully processed after 7894 milliseconds."},{"id":"ad108487-8d9f-4e23-a45b-e8b48c48e372","email":"logan.clark@dropbox.net","message":"failed to process due to network exception."},{"id":"7c31e075-2223-4d63-876a-d39ecde3600d","email":"sophia.baker@dropbox.net","message":"successfully processed after 4794 milliseconds."},{"id":"dcaf4e31-9593-4dc4-88a4-dc1d6b4b2391","email":"jackson.white@gmail.com","message":"successfully parsed message, but message temporarily enqueued while system restarts."},{"id":"205c7d8d-6712-49e5-af76-4863e4d5b83c","email":"aiden.johnson@microsoft.com","message":"successfully parsed message, but message temporarily enqueued while system restarts."},{"id":"2bb20a38-c685-43bf-8ee5-be5de99f7a2b","email":"alexander.williams@gmail.com","message":"failed to process due to datastore timeout of 30 seconds.  operation took 59 seconds."},{"id":"b4edf32d-8cab-4980-a6c3-d836308ab3b2","email":"elizabeth.martinez@dropbox.net","message":"successfully parsed message, but message temporarily enqueued while system restarts."},{"id":"0145570f-dd9d-4fbf-89b2-5b69284df330","email":"daniel.rodriguez@amerisave.com","message":"failed to process due to datastore timeout of 30 seconds.  operation took 52 seconds."},{"id":"e2f7cfbf-1025-47c0-b33b-d690c29e7c7d","email":"daniel.rodriguez@amerisave.com","message":"successfully processed after 5992 milliseconds."}],"id":"3f74dc43-5763-4d63-b8c9-076c74f1dbea"}