{"logs":[{"id":"2f1b7e10-8e90-4f3c-8f2b-2eb3b391d792","email":"elizabeth.martinez@dropbox.net","message":"failed to process due to network exception."},{"id":"916ca77e-d48f-458d-95af-78ef3a39a315","email":"jacob.lopez@dropbox.net","message":"successfully parsed message, but message temporarily enqueued while system restarts."},{"id":"10277ce7-5d39-48ce-9d19-c6127a8b3ed4","email":"lily.harris@gmail.com","message":"successfully processed after 2346 milliseconds."},{"id":"b52b867d-0188-4942-a888-7532f655a884","email":"lily.harris@gmail.com","message":"failed to process due to network exception."},{"id":"84fe5ad8-1f44-4630-b288-502efc379b69","email":"chloe.garcia@dropbox.net","message":"successfully processed after 33 milliseconds."},{"id":"e3f767f4-2208-4890-aba6-14d50c46bb90","email":"nathan.young@microsoft.com","message":"successfully handled skipped operation."},{"id":"c43deeef-231d-466b-811a-c5558d826cfd","email":"alexander.williams@gmail.com","message":"failed to process due to network exception."},{"id":"3768a395-de05-4a9e-821c-46e7bcc09757","email":"logan.clark@dropbox.net","message":"failed to process due to network exception."},{"id":"53d8e2f7-570e-48c2-b20b-71d699469243","email":"jack.thompson@me.com","message":"successfully processed after 3664 milliseconds."},{"id":"b61c7bb8-353f-448d-8561-8fa9b24643db","email":"alexander.williams@gmail.com","message":"successfully processed after 5684 milliseconds."},{"id":"4b834ae6-194f-45e8-b6b6-57f2434061cf","email":"noah.sanchez@me.com","message":"successfully parsed message, but message temporarily enqueued while system restarts."},{"id":"7c343700-654f-4b36-85bf-014840bf23ef","email":"andrew.miller@gmail.com","message":"successfully parsed message, but message temporarily enqueued while system restarts."},{"id":"5c2591ae-ab96-45fb-a5e6-ffaf10558ab6","email":"mia.perez@me.com","message":"successfully parsed message, but message temporarily enqueued while system restarts."},{"id":"96e60189-0bbc-45a2-8255-1fbb8e2a98ed","email":"olivia.wright@gmail.com","message":"successfully handled skipped operation."},{"id":"f136ea2f-85b0-4fb6-8b32-0e17ba860730","email":"michael.hall@dropbox.net","message":"failed to process due to datastore timeout of 30 seconds.  operation took 75 seconds."},{"id":"8f022a09-0af7-4a80-b096-4db61d0473fa","email":"isabella.jackson@amerisave.com","message":"successfully processed after 2037 milliseconds."},{"id":"282d0a0d-8755-4faf-a510-bff2a91e9cbe","email":"ava.davis@gmail.com","message":"failed to process due to network exception."},{"id":"afa6792e-afe9-41eb-8495-52afbebc1944","email":"sophia.baker@dropbox.net","message":"successfully handled skipped operation."},{"id":"21ff6519-bca1-4fa0-bf95-9378748ed7dc","email":"olivia.wright@gmail.com","message":"successfully handled skipped operation."},{"id":"2b83a3dd-379d-4768-8dff-fe202ba720eb","email":"andrew.miller@gmail.com","message":"successfully handled skipped operation."},{"id":"b8d94e59-bf95-4766-a209-52536434a56e","email":"mason.robinson@amerisave.com","message":"successfully parsed message, but message temporarily enqueued while system restarts."},{"id":"e280ce5d-fe46-4ad7-afa3-fb9cce4dc9d9","email":"isabella.jackson@amerisave.com","message":"successfully handled skipped operation."},{"id":"ea7ddc0d-819f-42fe-8203-17876f437812","email":"matthew.walker@amerisave.com","message":"failed to process due to datastore timeout of 30 seconds.  operation took 126 seconds."},{"id":"35b0a8fa-d77b-47a9-a506-2b0cf99fe106","email":"taylor.adams@gmail.com","message":"successfully handled skipped operation."},{"id":"d5224328-601e-441f-8e82-6ba1006f9a59","email":"alexander.williams@gmail.com","message":"failed to process due to network exception."},{"id":"3492923b-1f77-41b7-9a77-72e3c0cbabc9","email":"jacob.lopez@dropbox.net","message":"failed to process due to network exception."},{"id":"2c89ff55-6413-4731-a78e-6d7d00a44dc8","email":"alexis.brown@microsoft.com","message":"failed to process due to datastore timeout of 30 seconds.  operation took 102 seconds."},{"id":"aca7b7dc-f3bd-4020-acfb-1225668ffc83","email":"chloe.garcia@dropbox.net","message":"successfully handled skipped operation."},{"id":"b2550496-b5fa-4048-8532-078f6908d594","email":"jack.thompson@me.com","message":"successfully parsed message, but message temporarily enqueued while system restarts."},{"id":"d3ac3d80-8c6b-4935-a058-59d10f78f996","email":"isabella.jackson@amerisave.com","message":"failed to process due to network exception."},{"id":"fca09a11-33d1-44e9-afc4-c01e67cdd3ae","email":"jacob.lopez@dropbox.net","message":"successfully handled skipped operation."},{"id":"62e5f255-515c-4418-825f-4bcec7312bc2","email":"alexis.brown@microsoft.com","message":"successfully processed after 7184 milliseconds."},{"id":"ed502720-8966-4fe4-b901-4c226a9cf967","email":"hannah.martin@dropbox.net","message":"failed to process due to network exception."},{"id":"f8cd8fb7-68ba-4ccd-a8e2-49ba3e11a292","email":"alexander.williams@gmail.com","message":"failed to process due to network exception."},{"id":"5a4f4e0d-ddb5-49c9-8a16-2913aee15432","email":"hannah.martin@dropbox.net","message":"failed to process due to network exception."},{"id":"3c5f07d5-f4ea-405d-8678-71effaca456d","email":"alyssa.jones@amerisave.com","message":"successfully processed after 5867 milliseconds."},{"id":"98e7ee65-acab-42db-af9d-e4e095473006","email":"samantha.scott@me.com","message":"failed to process due to datastore timeout of 30 seconds.  operation took 116 seconds."},{"id":"d41d38fa-7652-4554-88cc-12e29719719a","email":"mason.robinson@amerisave.com","message":"failed to process due to datastore timeout of 30 seconds.  operation took 94 seconds."},{"id":"9bc9b798-c077-4c92-bda3-6fb17a4bc236","email":"noah.sanchez@me.com","message":"successfully processed after 3852 milliseconds."},{"id":"7362d0fa-794d-4e7e-a371-0cbe6f22ea3e","email":"daniel.rodriguez@amerisave.com","message":"failed to process due to network exception."},{"id":"1364d7fb-4b02-4c9e-a604-65bae9b559eb","email":"noah.sanchez@me.com","message":"failed to process due to datastore timeout of 30 seconds.  operation took 106 seconds."},{"id":"135d5e5f-fc0d-434a-81ca-1b863b5b3646","email":"andrew.miller@gmail.com","message":"failed to process due to network exception."},{"id":"d271943e-a81a-4707-b988-c663243a2f16","email":"madison.lewis@gmail.com","message":"successfully handled skipped operation."},{"id":"93db7c5c-23b0-4a1d-96e2-c97ad61175a6","email":"andrew.miller@gmail.com","message":"successfully processed after 2790 milliseconds."},{"id":"1c75a79d-6f86-45e1-8e88-ad5ae958e11d","email":"noah.sanchez@me.com","message":"failed to process due to datastore timeout of 30 seconds.  operation took 56 seconds."},{"id":"7daedc6c-7e41-4d54-ba1a-8920fab2843b","email":"emily.taylor@gmail.com","message":"failed to process due to network exception."},{"id":"aac66da4-ac72-4d0f-8c06-6a7a7704f26b","email":"elizabeth.martinez@dropbox.net","message":"failed to process due to datastore timeout of 30 seconds.  operation took 81 seconds."},{"id":"12b415db-7119-4361-81a7-a913b5f1c5af","email":"aiden.johnson@microsoft.com","message":"failed to process due to datastore timeout of 30 seconds.  operation took 116 seconds."},{"id":"dd764618-3d7a-46eb-b7c0-51724130cc27","email":"nathan.young@microsoft.com","message":"successfully handled skipped operation."},{"id":"e376911f-6fe4-4549-a5fc-e6d112937a1c","email":"nathan.young@microsoft.com","message":"successfully parsed message, but message temporarily enqueued while system restarts."},{"id":"0184e506-4e39-4be5-a672-b0161b0e2e8d","email":"nathan.young@microsoft.com","message":"successfully parsed message, but message temporarily enqueued while system restarts."},{"id":"10717e3d-4c59-48df-9b59-921d624c47e8","email":"isabella.jackson@amerisave.com","message":"failed to process due to network exception."},{"id":"ff2f8e84-5785-4e2c-a3b3-8bb457462886","email":"lily.harris@gmail.com","message":"failed to process due to datastore timeout of 30 seconds.  operation took 87 seconds."},{"id":"1f72b69d-7b99-47e8-bc95-e7c47fb006b1","email":"sophia.baker@dropbox.net","message":"successfully processed after 4029 milliseconds."},{"id":"f0d44494-1742-4836-9a69-68e4791691ac","email":"aiden.johnson@microsoft.com","message":"failed to process due to datastore timeout of 30 seconds.  operation took 85 seconds."},{"id":"9ed763e7-bddf-410a-b508-a1353634d38c","email":"jacob.lopez@dropbox.net","message":"successfully processed after 5651 milliseconds."},{"id":"7a83a9b7-3035-464f-8c8b-48d45e231ab5","email":"alexis.brown@microsoft.com","message":"successfully handled skipped operation."},{"id":"8bd0306a-532f-4cc2-a405-8cc2d1f3d399","email":"ryan.king@dropbox.net","message":"failed to process due to network exception."},{"id":"848b12e7-369b-4247-a9ad-8307c9c4d954","email":"logan.clark@dropbox.net","message":"successfully parsed message, but message temporarily enqueued while system restarts."},{"id":"228a6897-77e6-4737-869f-7a5312d893ff","email":"olivia.wright@gmail.com","message":"failed to process due to datastore timeout of 30 seconds.  operation took 105 seconds."},{"id":"4ef22127-7e57-4e68-8dcc-3155d94ad499","email":"logan.clark@dropbox.net","message":"successfully handled skipped operation."},{"id":"cc67d5bd-0e6f-4c6f-86ef-c0ea5862fb0f","email":"alexander.williams@gmail.com","message":"failed to process due to datastore timeout of 30 seconds.  operation took 130 seconds."},{"id":"5a60d975-e11c-4035-a12a-6d8cdf695332","email":"olivia.wright@gmail.com","message":"successfully parsed message, but message temporarily enqueued while system restarts."},{"id":"63d1ad44-b3b8-45ea-9ea6-a95f6161f3cb","email":"mason.robinson@amerisave.com","message":"failed to process due to datastore timeout of 30 seconds.  operation took 50 seconds."},{"id":"a0244f62-c9ea-4c2f-a7eb-de98ffac747a","email":"michael.hall@dropbox.net","message":"successfully parsed message, but message temporarily enqueued while system restarts."},{"id":"3f297d6c-d1a2-401f-be43-922fa83adf65","email":"tyler.nelson@microsoft.com","message":"failed to process due to network exception."},{"id":"8161f208-7d46-4747-ad36-9f32c97966f9","email":"ryan.king@dropbox.net","message":"successfully handled skipped operation."},{"id":"563f41db-5926-437c-8d25-09ef871e239b","email":"madison.lewis@gmail.com","message":"successfully handled skipped operation."},{"id":"9aa333fd-6f80-43ae-b51b-4939cc1fdc3e","email":"ella.anderson@dropbox.net","message":"successfully parsed message, but message temporarily enqueued while system restarts."},{"id":"a60ea219-a0cf-4c38-a34f-2f762fae34ca","email":"grace.moore@gmail.com","message":"successfully parsed message, but message temporarily enqueued while system restarts."},{"id":"85ed8a5b-d760-4a8f-8b59-25e0b445f767","email":"michael.hall@dropbox.net","message":"successfully parsed message, but message temporarily enqueued while system restarts."},{"id":"99214bbd-8a04-4e98-9a14-2dbe7fab4373","email":"jacob.lopez@dropbox.net","message":"failed to process due to network exception."},{"id":"05451864-049a-42f0-abe0-8e3690221a96","email":"samantha.scott@me.com","message":"failed to process due to network exception."},{"id":"40d81d0a-91e3-4b7e-aa6a-c4086a079d33","email":"samantha.scott@me.com","message":"failed to process due to network exception."},{"id":"465d0818-0b78-4d9c-a83a-22a546f260fc","email":"liam.gonzalez@me.com","message":"successfully parsed message, but message temporarily enqueued while system restarts."},{"id":"79de6fbe-e43f-4a6f-a03e-a600010ce518","email":"samantha.scott@me.com","message":"failed to process due to datastore timeout of 30 seconds.  operation took 65 seconds."},{"id":"3dad103d-3313-4f91-9190-88f63197634f","email":"alexander.williams@gmail.com","message":"successfully processed after 9931 milliseconds."},{"id":"cd3d9778-790e-4595-a376-93c0156b7fbe","email":"chloe.garcia@dropbox.net","message":"successfully processed after 6776 milliseconds."},{"id":"cbe2f6b6-cb8f-4533-a19a-b3830dd7ae66","email":"mason.robinson@amerisave.com","message":"failed to process due to datastore timeout of 30 seconds.  operation took 64 seconds."},{"id":"73aed490-f5ce-4742-bfd2-259dcd8abb6a","email":"madison.lewis@gmail.com","message":"successfully handled skipped operation."},{"id":"2741d6fe-dd16-4cf1-9842-c6a81298255e","email":"samantha.scott@me.com","message":"successfully processed after 9477 milliseconds."},{"id":"5f02f970-4840-41b8-829d-cc2a769cfe10","email":"grace.moore@gmail.com","message":"successfully parsed message, but message temporarily enqueued while system restarts."},{"id":"6e624694-e0e6-4bfa-b233-9022a4f8b5cb","email":"matthew.walker@amerisave.com","message":"failed to process due to network exception."},{"id":"5ba6acaf-1f89-4680-8279-72bec569c986","email":"aiden.johnson@microsoft.com","message":"successfully handled skipped operation."},{"id":"493dc8a3-5f82-4919-9ec1-39c7646a7edd","email":"mia.perez@me.com","message":"failed to process due to datastore timeout of 30 seconds.  operation took 95 seconds."},{"id":"47c541cc-ae50-408d-92d7-5e7cdc8c5f04","email":"sarah.green@amerisave.com","message":"successfully handled skipped operation."},{"id":"378aad43-65e6-433c-a24e-e68a83d0aea6","email":"daniel.rodriguez@amerisave.com","message":"successfully handled skipped operation."},{"id":"3f46d779-982f-4f29-b054-12ab9b8e3619","email":"liam.gonzalez@me.com","message":"successfully processed after 8645 milliseconds."},{"id":"8185a162-c9cf-4687-8683-28632c20f2eb","email":"aiden.johnson@microsoft.com","message":"failed to process due to network exception."},{"id":"6dc725a7-9100-46c9-839c-c97efd30da27","email":"elizabeth.martinez@dropbox.net","message":"successfully parsed message, but message temporarily enqueued while system restarts."},{"id":"40223d9e-c451-43b4-a1bf-dbf4b5b4cb01","email":"olivia.wright@gmail.com","message":"successfully processed after 529 milliseconds."},{"id":"5de43205-e1c4-41b0-a5f1-79568991d4a9","email":"isabella.jackson@amerisave.com","message":"failed to process due to datastore timeout of 30 seconds.  operation took 107 seconds."},{"id":"c45089b2-157a-4de8-94bb-c472ea063645","email":"sarah.green@amerisave.com","message":"failed to process due to network exception."},{"id":"f2fb84e0-4e09-457b-be5d-9bd53ec9b4d0","email":"olivia.wright@gmail.com","message":"successfully processed after 7382 milliseconds."},{"id":"385dde8f-3ec8-4fdf-a02c-96b27cdd371c","email":"matthew.walker@amerisave.com","message":"successfully handled skipped operation."},{"id":"a6668166-2568-4f35-bd27-eb42712f253c","email":"noah.sanchez@me.com","message":"failed to process due to network exception."},{"id":"e45a09df-b7a7-4e61-b4ea-a010901051a5","email":"andrew.miller@gmail.com","message":"successfully processed after 370 milliseconds."},{"id":"bcdecc32-3f93-4958-8523-1aae9fd98fa9","email":"samantha.scott@me.com","message":"failed to process due to network exception."},{"id":"df9071a1-9e3d-4250-a2ba-20f1e7e3a900","email":"nicholas.allen@microsoft.com","message":"failed to process due to datastore timeout of 30 seconds.  operation took 33 seconds."},{"id":"8876eb38-7022-4a1f-a6e7-2497c3b228e9","email":"emma.thomas@me.com","message":"successfully processed after 5902 milliseconds."},{"id":"0d281a82-9285-4bba-8430-4c356968942e","email":"matthew.walker@amerisave.com","message":"failed to process due to network exception."},{"id":"6dea0051-82a4-4691-8713-f9bf8035e158","email":"alyssa.jones@amerisave.com","message":"failed to process due to datastore timeout of 30 seconds.  operation took 36 seconds."},{"id":"0f4e26b3-5c13-45c2-b5fe-9263c46c411b","email":"liam.gonzalez@me.com","message":"failed to process due to network exception."},{"id":"08ef3003-d572-4165-8817-a210d5a0797e","email":"madison.lewis@gmail.com","message":"successfully parsed message, but message temporarily enqueued while system restarts."},{"id":"0b694d5e-d073-40c0-b976-305773555546","email":"michael.hall@dropbox.net","message":"failed to process due to datastore timeout of 30 seconds.  operation took 53 seconds."},{"id":"d84b3a5b-2202-4c2b-aacc-175453e52778","email":"daniel.rodriguez@amerisave.com","message":"failed to process due to network exception."},{"id":"6617cd28-7b72-4735-8fd6-cb43ac72f587","email":"sophia.baker@dropbox.net","message":"successfully processed after 181 milliseconds."},{"id":"6315960e-1580-4f8b-9f66-ef718f96777a","email":"taylor.adams@gmail.com","message":"failed to process due to datastore timeout of 30 seconds.  operation took 75 seconds."},{"id":"8b3f2a7d-820c-41cf-b116-2c3874713ceb","email":"nicholas.allen@microsoft.com","message":"failed to process due to datastore timeout of 30 seconds.  operation took 56 seconds."},{"id":"fa1edc3f-6271-4518-b52f-84aa84cf6d6e","email":"lily.harris@gmail.com","message":"successfully handled skipped operation."},{"id":"b2c9962d-3072-4b38-a64c-90157dae91cb","email":"nathan.young@microsoft.com","message":"successfully processed after 7629 milliseconds."},{"id":"773e5132-4a83-4436-b53e-3877ee52a0e4","email":"joshua.lee@gmail.com","message":"successfully handled skipped operation."},{"id":"7a6429f1-af53-4744-a3b3-f2a2df099f42","email":"ethan.hernandez@microsoft.com","message":"successfully parsed message, but message temporarily enqueued while system restarts."},{"id":"f1ec4642-2ad2-4edd-9702-a6a89a042cf2","email":"aiden.johnson@microsoft.com","message":"successfully handled skipped operation."},{"id":"4220d248-4910-41b1-9a64-2a452be4eada","email":"sarah.green@amerisave.com","message":"failed to process due to network exception."},{"id":"2b6de3bd-54dd-4fdf-bd2a-594dc2eef908","email":"isabella.jackson@amerisave.com","message":"successfully handled skipped operation."},{"id":"dd8d80d9-4f80-42fe-8d4a-0f5f6e1d313c","email":"mason.robinson@amerisave.com","message":"successfully handled skipped operation."},{"id":"f4a8b49e-74c0-454b-97f7-1df0844d3f05","email":"madison.lewis@gmail.com","message":"successfully handled skipped operation."},{"id":"f7af9cff-be19-4e09-b4ee-67a1d60ae967","email":"olivia.wright@gmail.com","message":"failed to process due to datastore timeout of 30 seconds.  operation took 87 seconds."},{"id":"3e64bf21-893b-4333-a389-8aca42678636","email":"nicholas.allen@microsoft.com","message":"successfully handled skipped operation."},{"id":"350654e0-fbad-4c92-b78b-711cb1182687","email":"chloe.garcia@dropbox.net","message":"failed to process due to datastore timeout of 30 seconds.  operation took 59 seconds."},{"id":"fac8b3e4-fc4a-4b1e-8573-7ed7324fa0d1","email":"mia.perez@me.com","message":"failed to process due to datastore timeout of 30 seconds.  operation took 117 seconds."},{"id":"7fd7f7dd-f866-43da-9e04-e0539f8c541f","email":"elizabeth.martinez@dropbox.net","message":"successfully handled skipped operation."},{"id":"21eaf093-e279-4640-9163-e0c817a85e46","email":"elizabeth.martinez@dropbox.net","message":"failed to process due to network exception."},{"id":"60fb007a-6173-4a2e-9641-a0bcb5327f72","email":"nicholas.allen@microsoft.com","message":"failed to process due to network exception."},{"id":"46f47830-01bb-4fd2-8a06-b7ebd214fe7b","email":"mason.robinson@amerisave.com","message":"successfully handled skipped operation."},{"id":"736be1b1-9ffc-4240-86e8-c22657b28bdf","email":"alexander.williams@gmail.com","message":"failed to process due to datastore timeout of 30 seconds.  operation took 35 seconds."},{"id":"80b9a633-1553-43a2-995b-82723a1f8ce1","email":"jacob.lopez@dropbox.net","message":"failed to process due to network exception."},{"id":"b4624ff4-bbe2-490f-ac47-ce059e81961c","email":"samantha.scott@me.com","message":"successfully processed after 2413 milliseconds."},{"id":"f59c9c39-d576-4cdb-8d67-1bb07727b967","email":"alyssa.jones@amerisave.com","message":"failed to process due to datastore timeout of 30 seconds.  operation took 43 seconds."},{"id":"bd7df235-0478-45f7-b021-94fea048eb6f","email":"logan.clark@dropbox.net","message":"successfully handled skipped operation."},{"id":"f73823e5-17ba-4a8e-954c-bd878fe55e7f","email":"jack.thompson@me.com","message":"failed to process due to datastore timeout of 30 seconds.  operation took 109 seconds."},{"id":"d023aadf-be4d-48ad-843c-eb0f2e1fc44b","email":"alexis.brown@microsoft.com","message":"successfully handled skipped operation."},{"id":"7cbb17f7-b056-43f8-99ec-fdfc1ddd5190","email":"daniel.rodriguez@amerisave.com","message":"successfully parsed message, but message temporarily enqueued while system restarts."},{"id":"1a798476-b508-416b-a1df-d391d646fd6e","email":"dylan.wilson@gmail.com","message":"successfully processed after 830 milliseconds."},{"id":"8a4a896d-3076-40fd-ac5a-c9e53bd36811","email":"mason.robinson@amerisave.com","message":"successfully handled skipped operation."},{"id":"0ed04787-b15e-4982-a473-ddb0d902a9cf","email":"madison.lewis@gmail.com","message":"successfully handled skipped operation."},{"id":"cbda515c-df77-49fe-bf84-3c341bf2dfbd","email":"mia.perez@me.com","message":"failed to process due to network exception."},{"id":"3096da19-86a6-496e-b8f2-146a34f95eb5","email":"grace.moore@gmail.com","message":"successfully processed after 50 milliseconds."},{"id":"79e607cb-5c16-4b52-b6a6-1882f262604e","email":"mason.robinson@amerisave.com","message":"successfully processed after 946 milliseconds."},{"id":"34cd5e41-5a5d-4e17-a6c5-b5f5d9d2ec05","email":"isabella.jackson@amerisave.com","message":"successfully parsed message, but message temporarily enqueued while system restarts."},{"id":"a0adfe35-4dea-422a-bc2c-2595e35e02e7","email":"michael.hall@dropbox.net","message":"successfully parsed message, but message temporarily enqueued while system restarts."},{"id":"f92dda20-6ef0-4d9a-8989-325baf64ec5c","email":"nicholas.allen@microsoft.com","message":"failed to process due to network exception."},{"id":"8ffb4d33-67e7-472f-9638-a874ef64a1d5","email":"alexis.brown@microsoft.com","message":"failed to process due to network exception."},{"id":"af778c11-6161-416f-8c02-5517cfc80e64","email":"lily.harris@gmail.com","message":"failed to process due to network exception."},{"id":"4c38552c-2300-499a-bb58-f1621273f2d1","email":"samantha.scott@me.com","message":"successfully processed after 8165 milliseconds."},{"id":"19e53cac-f35d-4ecc-b9a6-3852517cf427","email":"grace.moore@gmail.com","message":"failed to process due to datastore timeout of 30 seconds.  operation took 108 seconds."},{"id":"55d18a25-4432-4908-ae8e-5a791a58fae0","email":"logan.clark@dropbox.net","message":"failed to process due to network exception."},{"id":"217541f5-73f8-4295-be04-613a7e61990d","email":"taylor.adams@gmail.com","message":"successfully processed after 1774 milliseconds."},{"id":"f16b0d10-b886-46f3-952e-44889a794b77","email":"taylor.adams@gmail.com","message":"failed to process due to network exception."},{"id":"1b675ec9-fdad-4bab-9d75-e494287ad330","email":"matthew.walker@amerisave.com","message":"successfully processed after 8043 milliseconds."},{"id":"a314f680-a69a-41e0-8845-e8a6ccce9605","email":"michael.hall@dropbox.net","message":"failed to process due to network exception."},{"id":"c6bb087a-22e1-471c-925c-5e7957e655a2","email":"emma.thomas@me.com","message":"successfully processed after 9531 milliseconds."},{"id":"474a3f8c-18ae-4e1c-9caa-3a64bf7cec6d","email":"logan.clark@dropbox.net","message":"successfully processed after 5749 milliseconds."},{"id":"7fe273b2-1c40-47c6-af94-99776be02403","email":"abigail.smith@amerisave.com","message":"failed to process due to datastore timeout of 30 seconds.  operation took 49 seconds."},{"id":"7509ff2e-afd6-43cd-93e3-b6c963f3e330","email":"isabella.jackson@amerisave.com","message":"successfully handled skipped operation."},{"id":"0957f147-fd7f-402c-9fe8-1d210f41344e","email":"jackson.white@gmail.com","message":"successfully handled skipped operation."},{"id":"2cae8ff2-c454-4970-acd4-0a055c9be234","email":"alyssa.jones@amerisave.com","message":"successfully parsed message, but message temporarily enqueued while system restarts."},{"id":"96b83696-6428-44b9-ae4f-85748cb68160","email":"nathan.young@microsoft.com","message":"failed to process due to datastore timeout of 30 seconds.  operation took 56 seconds."},{"id":"3e20d9b5-d5cc-455c-8476-d92ea99feae1","email":"alyssa.jones@amerisave.com","message":"failed to process due to network exception."},{"id":"859bb7a7-ffbc-426d-bd25-9c2c95528a44","email":"joshua.lee@gmail.com","message":"successfully parsed message, but message temporarily enqueued while system restarts."},{"id":"162bf48d-94e2-4abd-8beb-6d22e137db68","email":"abigail.smith@amerisave.com","message":"successfully parsed message, but message temporarily enqueued while system restarts."},{"id":"14150c44-b6f6-4228-a8ae-6f417cc11d4a","email":"taylor.adams@gmail.com","message":"successfully handled skipped operation."},{"id":"39b0e3b4-c987-437b-91d0-b934de796e37","email":"alexander.williams@gmail.com","message":"failed to process due to network exception."},{"id":"73faa38e-f84e-445d-9b11-fd4cb6f1352a","email":"jack.thompson@me.com","message":"successfully parsed message, but message temporarily enqueued while system restarts."},{"id":"75dcbe9f-4769-4dba-84f4-509ce8b64901","email":"dylan.wilson@gmail.com","message":"failed to process due to datastore timeout of 30 seconds.  operation took 112 seconds."},{"id":"fe4912dc-9dab-4c0d-aed1-a06ea4b13d17","email":"logan.clark@dropbox.net","message":"failed to process due to network exception."},{"id":"7dd03bd1-369d-4b85-86d1-6e4bd90793a2","email":"dylan.wilson@gmail.com","message":"failed to process due to network exception."},{"id":"e5c23f66-5994-4d69-bc3b-6a267f6aa66c","email":"isabella.jackson@amerisave.com","message":"failed to process due to network exception."},{"id":"9c739dca-eedf-44c5-8e45-f9a4f54961d8","email":"abigail.smith@amerisave.com","message":"successfully parsed message, but message temporarily enqueued while system restarts."},{"id":"ad87bbcf-a445-4c65-8eec-ac83b13cbb52","email":"ryan.king@dropbox.net","message":"successfully handled skipped operation."},{"id":"42401bd4-3561-4375-8914-a8d1bf3082c2","email":"madison.lewis@gmail.com","message":"successfully parsed message, but message temporarily enqueued while system restarts."},{"id":"3f0e5154-5099-4765-8007-acddeb9c8874","email":"sarah.green@amerisave.com","message":"failed to process due to datastore timeout of 30 seconds.  operation took 63 seconds."},{"id":"a5f035ff-b120-4a67-ba32-4ba8b1c81380","email":"mia.perez@me.com","message":"failed to process due to datastore timeout of 30 seconds.  operation took 83 seconds."},{"id":"131ace45-e893-43d7-a0c8-3518f4e120b8","email":"mia.perez@me.com","message":"failed to process due to datastore timeout of 30 seconds.  operation took 130 seconds."},{"id":"edb41cc8-ad48-4d9f-9d80-6b88fbf344d8","email":"grace.moore@gmail.com","message":"successfully handled skipped operation."},{"id":"0ddce1ed-3ae9-4b88-bbe2-69042e4d2860","email":"emily.taylor@gmail.com","message":"failed to process due to datastore timeout of 30 seconds.  operation took 87 seconds."},{"id":"209863ec-cc18-4e6e-b11c-08895096de5a","email":"nicholas.allen@microsoft.com","message":"failed to process due to network exception."},{"id":"8f7f3e3b-52d6-43d4-8cd7-9ad8c3dcc38c","email":"liam.gonzalez@me.com","message":"failed to process due to datastore timeout of 30 seconds.  operation took 72 seconds."},{"id":"799e2bbc-6009-45a3-9021-ecd05fe79e0b","email":"jackson.white@gmail.com","message":"failed to process due to datastore timeout of 30 seconds.  operation took 85 seconds."},{"id":"c95cb24a-8c91-4cfe-8143-ac6c03bd3fcc","email":"matthew.walker@amerisave.com","message":"failed to process due to datastore timeout of 30 seconds.  operation took 130 seconds."},{"id":"7d503997-8302-44f8-a0a6-9c5f30f8a992","email":"matthew.walker@amerisave.com","message":"failed to process due to network exception."},{"id":"fcf7230c-f900-4c5b-9b83-76b8c8966cd5","email":"sarah.green@amerisave.com","message":"successfully parsed message, but message temporarily enqueued while system restarts."},{"id":"1aa1711f-cefb-4a16-950e-1ea304ff568d","email":"alexis.brown@microsoft.com","message":"failed to process due to network exception."},{"id":"a0e15403-01d9-44be-93e6-9fdddc208370","email":"abigail.smith@amerisave.com","message":"successfully processed after 9497 milliseconds."},{"id":"06202b4c-e79b-4c82-9be6-cc18b651ad5b","email":"nicholas.allen@microsoft.com","message":"successfully handled skipped operation."},{"id":"128a14aa-ac35-408a-9569-7ea64f987238","email":"jack.thompson@me.com","message":"successfully handled skipped operation."},{"id":"0552da13-251f-4d44-a55e-d0fcb7a3e13c","email":"michael.hall@dropbox.net","message":"successfully processed after 6714 milliseconds."},{"id":"e1efd35a-7321-429b-8b1e-2ff0a718df30","email":"hannah.martin@dropbox.net","message":"successfully handled skipped operation."},{"id":"a5e1646a-5778-41af-8241-20a18bf5d2db","email":"aiden.johnson@microsoft.com","message":"failed to process due to network exception."},{"id":"b2863f8b-ac50-4880-aa4e-d547441b2fa9","email":"samantha.scott@me.com","message":"failed to process due to datastore timeout of 30 seconds.  operation took 104 seconds."},{"id":"b9f9a1fa-f67c-4996-8ad9-d8e8944e28ca","email":"dylan.wilson@gmail.com","message":"failed to process due to network exception."},{"id":"c9ea21b4-f661-4ac1-8c9e-56525de04d69","email":"liam.gonzalez@me.com","message":"successfully processed after 9766 milliseconds."},{"id":"5142ec0e-f259-4409-9043-a2c5f996583e","email":"abigail.smith@amerisave.com","message":"successfully processed after 6127 milliseconds."},{"id":"c89f3e7f-5c45-4837-ba5e-f5a426b3be23","email":"nathan.young@microsoft.com","message":"successfully processed after 7852 milliseconds."},{"id":"86e30bf7-1753-4d6b-be5b-55b81f56f703","email":"ella.anderson@dropbox.net","message":"failed to process due to network exception."},{"id":"a5080c63-24df-4f1f-bb70-4775a191c6e2","email":"grace.moore@gmail.com","message":"successfully parsed message, but message temporarily enqueued while system restarts."},{"id":"019eda21-a62b-4025-b0ed-22b4c1877ba7","email":"lily.harris@gmail.com","message":"successfully parsed message, but message temporarily enqueued while system restarts."},{"id":"0001ed0e-a75f-486b-8558-2dc8c1e4adfe","email":"aiden.johnson@microsoft.com","message":"successfully handled skipped operation."},{"id":"fa75eec5-ad1d-433f-ba4e-5eab845be216","email":"matthew.walker@amerisave.com","message":"successfully handled skipped operation."},{"id":"8481395f-11e1-4d33-956a-036873d280ae","email":"isabella.jackson@amerisave.com","message":"failed to process due to network exception."},{"id":"36762127-e6cc-4baa-8779-867fa2da8d2b","email":"ava.davis@gmail.com","message":"successfully parsed message, but message temporarily enqueued while system restarts."},{"id":"d247a10a-cb1d-44af-9b5d-ec1dd7cbe715","email":"grace.moore@gmail.com","message":"failed to process due to datastore timeout of 30 seconds.  operation took 126 seconds."},{"id":"77814511-de88-4fd8-8e65-8b753b7ecfdb","email":"ella.anderson@dropbox.net","message":"successfully handled skipped operation."},{"id":"365da5c8-a8af-47d3-a26e-04db43a3193e","email":"abigail.smith@amerisave.com","message":"successfully processed after 4716 milliseconds."},{"id":"66dc6b78-bb86-4b9f-a607-1022e2e5055a","email":"sophia.baker@dropbox.net","message":"successfully processed after 777 milliseconds."},{"id":"eea06b02-4312-4621-aa66-2818e657d29b","email":"sarah.green@amerisave.com","message":"failed to process due to datastore timeout of 30 seconds.  operation took 82 seconds."},{"id":"c35357c7-3c01-4b0e-be1f-ecf8e218c498","email":"elizabeth.martinez@dropbox.net","message":"failed to process due to network exception."},{"id":"87630e8b-9c56-40a2-b9b2-f77f94f42e17","email":"emma.thomas@me.com","message":"successfully processed after 3459 milliseconds."},{"id":"2e710af7-c5c7-4521-a31e-cc7ce59cfd16","email":"noah.sanchez@me.com","message":"successfully handled skipped operation."},{"id":"b90c8aa5-837d-414d-9741-8847c74da9c0","email":"sarah.green@amerisave.com","message":"failed to process due to datastore timeout of 30 seconds.  operation took 108 seconds."},{"id":"be8e28f1-1a44-4cd8-87ac-5f10c2595eb5","email":"aiden.johnson@microsoft.com","message":"failed to process due to datastore timeout of 30 seconds.  operation took 81 seconds."},{"id":"6da7bd74-e7fe-4c23-af6b-ee57be0e4a20","email":"alexis.brown@microsoft.com","message":"successfully handled skipped operation."},{"id":"9b0e2f43-c139-4bb3-a919-0de99445c9b7","email":"emily.taylor@gmail.com","message":"failed to process due to network exception."},{"id":"ed4905f3-79b6-4a1d-a3d5-96dd022176e7","email":"lily.harris@gmail.com","message":"successfully processed after 5850 milliseconds."},{"id":"f062448d-1bcc-4f5f-9c34-c363710d4546","email":"matthew.walker@amerisave.com","message":"failed to process due to datastore timeout of 30 seconds.  operation took 92 seconds."},{"id":"0d824375-134b-4631-bda0-2e8ac154361a","email":"jack.thompson@me.com","message":"successfully parsed message, but message temporarily enqueued while system restarts."},{"id":"8c30b12b-811d-4b41-981b-bf130531b19a","email":"liam.gonzalez@me.com","message":"failed to process due to datastore timeout of 30 seconds.  operation took 41 seconds."},{"id":"d59d98d9-918f-4c91-a837-b4744e09d6ce","email":"jackson.white@gmail.com","message":"failed to process due to datastore timeout of 30 seconds.  operation took 43 seconds."},{"id":"c8e0d2fe-0299-4e16-9bdd-77628df11811","email":"noah.sanchez@me.com","message":"successfully processed after 7573 milliseconds."},{"id":"176e8a0b-8f30-4523-a218-91c0461aac70","email":"mason.robinson@amerisave.com","message":"successfully parsed message, but message temporarily enqueued while system restarts."},{"id":"2727bfe6-7f6c-489d-9eaf-149f270d8679","email":"aiden.johnson@microsoft.com","message":"failed to process due to datastore timeout of 30 seconds.  operation took 38 seconds."},{"id":"e29c4f9b-b4b9-4c68-b69e-534ddb6a41ce","email":"nathan.young@microsoft.com","message":"failed to process due to network exception."},{"id":"c2c0b338-44f0-4a1c-ae1b-82a490b8cce6","email":"olivia.wright@gmail.com","message":"failed to process due to network exception."},{"id":"e6eae50c-a469-46e6-af0f-a197c5e9fb2e","email":"chloe.garcia@dropbox.net","message":"failed to process due to network exception."},{"id":"16f1ceb9-4307-4303-ad56-1cb7f12f05d9","email":"matthew.walker@amerisave.com","message":"successfully parsed message, but message temporarily enqueued while system restarts."},{"id":"896e5fb7-9823-4898-b293-6a2fad4fd960","email":"madison.lewis@gmail.com","message":"successfully processed after 1940 milliseconds."},{"id":"4a5affb5-fcfc-4376-9ce2-5d121a9c2597","email":"emma.thomas@me.com","message":"successfully processed after 2886 milliseconds."},{"id":"bc2c209e-1288-4480-9972-0be73ac3ac4c","email":"michael.hall@dropbox.net","message":"failed to process due to datastore timeout of 30 seconds.  operation took 32 seconds."},{"id":"509be775-19b1-4020-8978-de6621ccefb6","email":"mason.robinson@amerisave.com","message":"successfully parsed message, but message temporarily enqueued while system restarts."},{"id":"a43f18c6-0eab-45ee-ada1-2438e4db502c","email":"michael.hall@dropbox.net","message":"successfully processed after 6797 milliseconds."},{"id":"1f52a898-91a7-4a39-a88a-0f7899d8dd69","email":"liam.gonzalez@me.com","message":"successfully processed after 528 milliseconds."},{"id":"e63e5dc4-28dd-4415-bd9e-ffabef22dacd","email":"isabella.jackson@amerisave.com","message":"successfully handled skipped operation."},{"id":"63bee841-2bce-4a81-a7f0-1f049eb56a54","email":"nathan.young@microsoft.com","message":"failed to process due to datastore timeout of 30 seconds.  operation took 86 seconds."},{"id":"2e08534b-90de-423c-80ee-e7057a9d15f5","email":"ryan.king@dropbox.net","message":"successfully handled skipped operation."},{"id":"2de55f31-2d59-4e3d-915d-e690492b936c","email":"alyssa.jones@amerisave.com","message":"successfully handled skipped operation."},{"id":"0a103143-ae34-4c99-8862-3392cf49810a","email":"abigail.smith@amerisave.com","message":"successfully handled skipped operation."},{"id":"483340a1-fc17-48e5-acca-871a06f23f31","email":"jackson.white@gmail.com","message":"successfully parsed message, but message temporarily enqueued while system restarts."},{"id":"7fd39c68-ad63-4e30-97c2-e4751a423cc1","email":"ava.davis@gmail.com","message":"failed to process due to network exception."},{"id":"c95d7366-6af9-4580-b08f-6e7e7582dd3c","email":"elizabeth.martinez@dropbox.net","message":"successfully handled skipped operation."},{"id":"349ba5b4-4046-4ddb-881e-a58b8119b7a2","email":"nathan.young@microsoft.com","message":"failed to process due to datastore timeout of 30 seconds.  operation took 49 seconds."},{"id":"0b95ddc8-b840-4354-9596-78750c505441","email":"emma.thomas@me.com","message":"failed to process due to datastore timeout of 30 seconds.  operation took 39 seconds."},{"id":"d7b08265-51b5-4a67-b783-c6a9af00c813","email":"emma.thomas@me.com","message":"successfully processed after 754 milliseconds."},{"id":"1d3bbe3f-946f-4a92-b066-06d4e16ecc49","email":"emma.thomas@me.com","message":"failed to process due to network exception."},{"id":"cffa3075-8e86-43d6-bb1b-208cf2fa8507","email":"madison.lewis@gmail.com","message":"successfully processed after 9473 milliseconds."},{"id":"7db6fe53-674c-45f8-a9ea-c4246ec678b1","email":"emily.taylor@gmail.com","message":"failed to process due to datastore timeout of 30 seconds.  operation took 111 seconds."},{"id":"09ea6aea-dca7-41ab-b0d3-6165343baa1c","email":"ava.davis@gmail.com","message":"successfully processed after 1675 milliseconds."},{"id":"7bfdb6ab-0880-4fc7-9410-f818f382388c","email":"ryan.king@dropbox.net","message":"failed to process due to datastore timeout of 30 seconds.  operation took 83 seconds."},{"id":"679c7cfe-e2b2-427c-b586-dbabef8a16c6","email":"lily.harris@gmail.com","message":"successfully processed after 9333 milliseconds."},{"id":"9d5cb261-5908-48e1-8831-89d0b06ab6b4","email":"lily.harris@gmail.com","message":"failed to process due to network exception."},{"id":"efcba038-e9a3-41ca-9c3e-ff31f361355f","email":"logan.clark@dropbox.net","message":"failed to process due to datastore timeout of 30 seconds.  operation took 123 seconds."},{"id":"5257810d-a1f5-43ed-a22c-df5a11cb9ff8","email":"alexander.williams@gmail.com","message":"failed to process due to network exception."},{"id":"df18b085-b801-4acc-af04-b44a83bd1688","email":"dylan.wilson@gmail.com","message":"successfully handled skipped operation."},{"id":"6eced05a-b73f-4ffd-97b2-4811b6df6dbb","email":"ella.anderson@dropbox.net","message":"failed to process due to datastore timeout of 30 seconds.  operation took 111 seconds."},{"id":"c623d2e2-7e7b-4a77-b051-130696fe25c0","email":"nicholas.allen@microsoft.com","message":"failed to process due to network exception."},{"id":"d3ffc480-629a-485d-85b9-d673bef752b1","email":"emma.thomas@me.com","message":"successfully processed after 8542 milliseconds."},{"id":"eab06d17-d873-4f5b-a4c6-e0fcb0be2b8f","email":"dylan.wilson@gmail.com","message":"successfully handled skipped operation."},{"id":"0cf8d060-7fce-4172-8135-73e44184375f","email":"samantha.scott@me.com","message":"successfully parsed message, but message temporarily enqueued while system restarts."},{"id":"7f3dc9fa-2d84-47b5-be29-0cdc855c58aa","email":"chloe.garcia@dropbox.net","message":"successfully parsed message, but message temporarily enqueued while system restarts."},{"id":"7c1cdec8-cb7c-46ec-bfa7-a3268a3d4ec6","email":"michael.hall@dropbox.net","message":"successfully processed after 8677 milliseconds."},{"id":"dba9dc2c-8422-43e6-8eeb-bc6d2d36abb3","email":"matthew.walker@amerisave.com","message":"failed to process due to network exception."},{"id":"068784bd-2c9f-42ba-a3cc-11228c03c0c4","email":"tyler.nelson@microsoft.com","message":"successfully parsed message, but message temporarily enqueued while system restarts."},{"id":"0507ac80-3eb7-46ba-a113-9bf4a7ddf67a","email":"madison.lewis@gmail.com","message":"successfully handled skipped operation."},{"id":"7f5a0bad-8fc1-4b68-a275-80787d464258","email":"nicholas.allen@microsoft.com","message":"failed to process due to network exception."},{"id":"23a5451e-b635-489f-862f-032bd65602c2","email":"michael.hall@dropbox.net","message":"successfully handled skipped operation."},{"id":"d854507e-cd3d-4546-ae84-071a0b84d05a","email":"isabella.jackson@amerisave.com","message":"successfully handled skipped operation."},{"id":"fee2edda-aa8c-4383-94e9-fd8198f37592","email":"ella.anderson@dropbox.net","message":"failed to process due to network exception."},{"id":"f4c68d7e-1e95-42e6-8d85-512f84d227f2","email":"mason.robinson@amerisave.com","message":"successfully processed after 3450 milliseconds."},{"id":"a5d55e13-3e03-4f19-9ee5-440120f8ec33","email":"jackson.white@gmail.com","message":"failed to process due to network exception."},{"id":"b60e1188-d8a9-4581-93d7-e2ba2ade673b","email":"jack.thompson@me.com","message":"successfully parsed message, but message temporarily enqueued while system restarts."},{"id":"247b9e2d-715b-4265-abd5-a5d3365111ff","email":"jack.thompson@me.com","message":"successfully handled skipped operation."},{"id":"a0911f3b-5884-4e83-8006-aef9f0c0096f","email":"alexis.brown@microsoft.com","message":"successfully parsed message, but message temporarily enqueued while system restarts."},{"id":"b9baa7bd-2546-4567-b23a-4f1bdffa2399","email":"jacob.lopez@dropbox.net","message":"failed to process due to network exception."},{"id":"6f22837d-7cf8-4c1f-9504-1ae4a0118156","email":"andrew.miller@gmail.com","message":"failed to process due to datastore timeout of 30 seconds.  operation took 40 seconds."},{"id":"14b5d3c2-0c82-4df0-810f-87ddf20d00e8","email":"hannah.martin@dropbox.net","message":"successfully parsed message, but message temporarily enqueued while system restarts."},{"id":"041aaa44-b1f0-4836-9583-5f5c2b4c9287","email":"samantha.scott@me.com","message":"successfully handled skipped operation."},{"id":"b382c085-4b6d-4f31-a950-93af67e65dff","email":"michael.hall@dropbox.net","message":"successfully processed after 9000 milliseconds."},{"id":"bd3d6ec6-630b-406a-a837-1056829e724e","email":"hannah.martin@dropbox.net","message":"successfully parsed message, but message temporarily enqueued while system restarts."},{"id":"06f2f5a4-897a-43f9-be92-f0685441f743","email":"nathan.young@microsoft.com","message":"failed to process due to datastore timeout of 30 seconds.  operation took 86 seconds."},{"id":"2c5c59f0-8956-4622-bb78-9b509f14be3d","email":"chloe.garcia@dropbox.net","message":"successfully handled skipped operation."},{"id":"d8c2d5be-181e-4c13-8fd2-49c6a82b4db6","email":"noah.sanchez@me.com","message":"failed to process due to datastore timeout of 30 seconds.  operation took 79 seconds."},{"id":"ec8acf45-7e6f-4db3-b2a7-816fb0777eff","email":"emma.thomas@me.com","message":"successfully parsed message, but message temporarily enqueued while system restarts."},{"id":"1f2ee0fd-3f49-4fe3-a2f3-78552115113a","email":"alexis.brown@microsoft.com","message":"successfully parsed message, but message temporarily enqueued while system restarts."},{"id":"2148aecf-365d-4e7e-bf85-b0cdf3603058","email":"ella.anderson@dropbox.net","message":"failed to process due to network exception."},{"id":"9fdbb3e5-e3b2-4699-af8d-87332151e635","email":"nathan.young@microsoft.com","message":"successfully handled skipped operation."},{"id":"45c24b94-333d-42c8-aa7d-67735b1ba6f2","email":"mia.perez@me.com","message":"successfully parsed message, but message temporarily enqueued while system restarts."},{"id":"8eed2587-85d9-42c7-bc84-dc48a42f66e8","email":"elizabeth.martinez@dropbox.net","message":"successfully handled skipped operation."},{"id":"087816c5-ee42-479c-ac3c-b31c1ec5bb26","email":"isabella.jackson@amerisave.com","message":"failed to process due to datastore timeout of 30 seconds.  operation took 54 seconds."},{"id":"9c16e7e9-7cd2-4205-a579-877868598021","email":"alyssa.jones@amerisave.com","message":"successfully processed after 721 milliseconds."},{"id":"cb32cb3c-f48d-4c59-99ee-fd22b1ac3386","email":"mason.robinson@amerisave.com","message":"failed to process due to datastore timeout of 30 seconds.  operation took 104 seconds."},{"id":"804b138f-cced-4a28-b2c8-79c4e1963da6","email":"alexis.brown@microsoft.com","message":"successfully parsed message, but message temporarily enqueued while system restarts."},{"id":"dbd4db8f-9759-422c-8bf3-fbf2193cb287","email":"isabella.jackson@amerisave.com","message":"failed to process due to datastore timeout of 30 seconds.  operation took 85 seconds."},{"id":"dbe227a6-130a-4397-881e-3da2bc76e08f","email":"matthew.walker@amerisave.com","message":"successfully handled skipped operation."},{"id":"dc12ad87-ec53-44de-b841-ba88f0b69546","email":"nicholas.allen@microsoft.com","message":"successfully parsed message, but message temporarily enqueued while system restarts."},{"id":"a1355b55-7713-42ca-9299-2410d8e44890","email":"jackson.white@gmail.com","message":"failed to process due to datastore timeout of 30 seconds.  operation took 72 seconds."},{"id":"5d814910-607c-4bfb-bd9b-0160f69988e6","email":"daniel.rodriguez@amerisave.com","message":"successfully parsed message, but message temporarily enqueued while system restarts."},{"id":"66a03a4c-a295-44d4-9691-7f70f9a643a3","email":"hannah.martin@dropbox.net","message":"successfully handled skipped operation."},{"id":"6d4afa8f-eb71-4aca-9ed6-5f53b20af7ed","email":"nicholas.allen@microsoft.com","message":"successfully processed after 2255 milliseconds."},{"id":"a94c2c8c-58f2-416a-b54a-0c159f792c1b","email":"dylan.wilson@gmail.com","message":"successfully parsed message, but message temporarily enqueued while system restarts."},{"id":"75f6cea2-4f5d-49fb-b574-3297713faefa","email":"dylan.wilson@gmail.com","message":"successfully processed after 9556 milliseconds."},{"id":"1d6d6506-1a1a-48f4-b83e-d0458f6c9ed3","email":"nathan.young@microsoft.com","message":"successfully parsed message, but message temporarily enqueued while system restarts."},{"id":"f2761dbb-d39a-4965-a063-0cd5230a8900","email":"nicholas.allen@microsoft.com","message":"successfully parsed message, but message temporarily enqueued while system restarts."},{"id":"71d287e0-f209-47ef-8318-142502a024c9","email":"jackson.white@gmail.com","message":"successfully parsed message, but message temporarily enqueued while system restarts."},{"id":"77c1ee8b-cc53-4b01-ae33-056ea13531ac","email":"taylor.adams@gmail.com","message":"successfully processed after 6115 milliseconds."},{"id":"d5007f80-2bc5-4a0f-9915-fb14851e8407","email":"elizabeth.martinez@dropbox.net","message":"successfully processed after 240 milliseconds."},{"id":"a396c8e7-bb7d-4c87-9870-7249c9431053","email":"jackson.white@gmail.com","message":"successfully parsed message, but message temporarily enqueued while system restarts."},{"id":"7ae33bf1-5568-469e-8401-a28b51bb4e7c","email":"mason.robinson@amerisave.com","message":"failed to process due to datastore timeout of 30 seconds.  operation took 122 seconds."},{"id":"35e0652d-e6cc-48f6-bb0f-cc03768d32ee","email":"tyler.nelson@microsoft.com","message":"successfully processed after 547 milliseconds."},{"id":"d4a76923-99a8-4020-8b30-eeaf9465fe72","email":"mia.perez@me.com","message":"successfully handled skipped operation."},{"id":"169fc028-d3c9-4f47-922b-d79f8715c7fe","email":"andrew.miller@gmail.com","message":"failed to process due to datastore timeout of 30 seconds.  operation took 55 seconds."},{"id":"9e5dd008-a53d-4d3f-aa32-066a66ccc821","email":"nathan.young@microsoft.com","message":"successfully parsed message, but message temporarily enqueued while system restarts."},{"id":"7114fb48-0b8a-42c4-9e33-e48cb1585595","email":"sarah.green@amerisave.com","message":"successfully handled skipped operation."},{"id":"9ae495de-12c0-4931-93f2-68c303bfc7e4","email":"ethan.hernandez@microsoft.com","message":"failed to process due to datastore timeout of 30 seconds.  operation took 41 seconds."},{"id":"b51c469c-8cb1-476f-8e9d-0a8d58e4dba9","email":"michael.hall@dropbox.net","message":"successfully parsed message, but message temporarily enqueued while system restarts."},{"id":"d5709c99-5287-46a0-ac0f-8731345fb2fb","email":"jacob.lopez@dropbox.net","message":"failed to process due to network exception."},{"id":"f43dc026-a026-4b7b-ac39-d9c5171b73bb","email":"samantha.scott@me.com","message":"successfully parsed message, but message temporarily enqueued while system restarts."},{"id":"d6fa2ea6-0875-46d8-bd3e-a009953c87b8","email":"jack.thompson@me.com","message":"failed to process due to datastore timeout of 30 seconds.  operation took 65 seconds."},{"id":"bc202245-b655-4427-a300-7b9810f4f2e2","email":"madison.lewis@gmail.com","message":"failed to process due to network exception."},{"id":"0b1dacce-c574-413b-886e-0349b9f5670a","email":"sophia.baker@dropbox.net","message":"failed to process due to datastore timeout of 30 seconds.  operation took 52 seconds."},{"id":"caf72365-0250-483e-aad6-cda06970f35b","email":"noah.sanchez@me.com","message":"failed to process due to network exception."},{"id":"72b25df1-09a5-49d6-9d81-2a05461a83d5","email":"alexander.williams@gmail.com","message":"failed to process due to datastore timeout of 30 seconds.  operation took 70 seconds."},{"id":"873f2a9a-92a3-4a62-8a31-bde000526b27","email":"alexander.williams@gmail.com","message":"successfully parsed message, but message temporarily enqueued while system restarts."},{"id":"ee273d2b-7e87-43bb-b3d4-2c99af1bbc5c","email":"mia.perez@me.com","message":"successfully parsed message, but message temporarily enqueued while system restarts."},{"id":"7a862692-0a7e-4a41-a05e-bab819a6a6dc","email":"olivia.wright@gmail.com","message":"successfully processed after 6383 milliseconds."},{"id":"725d73e9-3f2e-4dc1-b2d0-bc1848bfe3c3","email":"tyler.nelson@microsoft.com","message":"successfully handled skipped operation."},{"id":"3090e97d-503d-4139-876c-70c7d450b686","email":"mia.perez@me.com","message":"failed to process due to datastore timeout of 30 seconds.  operation took 83 seconds."},{"id":"7405a38c-5e4e-4115-9961-98b3d4d05dae","email":"nathan.young@microsoft.com","message":"successfully processed after 3311 milliseconds."},{"id":"3acf6e96-d43d-42fc-b8b4-3cd6b106c6d5","email":"logan.clark@dropbox.net","message":"successfully parsed message, but message temporarily enqueued while system restarts."},{"id":"3302bcf3-bacf-40ac-a554-d864728eae47","email":"ryan.king@dropbox.net","message":"failed to process due to datastore timeout of 30 seconds.  operation took 35 seconds."},{"id":"92a8a8c5-1003-4d2d-81e8-4a2123f66986","email":"sophia.baker@dropbox.net","message":"successfully processed after 2236 milliseconds."},{"id":"a199de6e-e84b-4f4d-b875-0ca0a80ad77e","email":"nathan.young@microsoft.com","message":"successfully processed after 3430 milliseconds."},{"id":"52282d8c-72b0-41e4-8f87-e032f4cfc600","email":"ella.anderson@dropbox.net","message":"successfully processed after 2791 milliseconds."},{"id":"4bcf6b2a-4871-4d36-a915-cf598ddd876a","email":"joshua.lee@gmail.com","message":"successfully parsed message, but message temporarily enqueued while system restarts."},{"id":"f035194d-d648-4b86-b7be-ca3381c96339","email":"emily.taylor@gmail.com","message":"failed to process due to network exception."},{"id":"f95a04c9-3222-4535-9a6b-7cfa96fa1eca","email":"ryan.king@dropbox.net","message":"successfully processed after 4680 milliseconds."},{"id":"8d4d9ee7-5e24-4017-b809-acbe0ac24656","email":"samantha.scott@me.com","message":"successfully processed after 7725 milliseconds."},{"id":"d5efbbdf-60b7-469f-a41d-f2e63bde6e58","email":"olivia.wright@gmail.com","message":"successfully processed after 3817 milliseconds."},{"id":"471c41ce-f78f-40bc-a69d-2313c92db7dc","email":"liam.gonzalez@me.com","message":"failed to process due to datastore timeout of 30 seconds.  operation took 31 seconds."},{"id":"104b8c72-62a4-45d8-99a1-45bf61434c6c","email":"ryan.king@dropbox.net","message":"successfully processed after 8980 milliseconds."},{"id":"4d536e4e-e969-4612-88a8-1e9e3188f187","email":"aiden.johnson@microsoft.com","message":"successfully processed after 5491 milliseconds."},{"id":"b812efcc-6a5a-4c3f-90b5-b08b9c7f614b","email":"dylan.wilson@gmail.com","message":"failed to process due to datastore timeout of 30 seconds.  operation took 81 seconds."},{"id":"abb1fe04-f321-49c4-b324-b8cad9a7c952","email":"jackson.white@gmail.com","message":"successfully handled skipped operation."},{"id":"e40fdb22-3e7a-48b9-9c7b-d415f14e2acf","email":"emily.taylor@gmail.com","message":"failed to process due to datastore timeout of 30 seconds.  operation took 78 seconds."},{"id":"6fe7ab14-eb71-422c-9391-ce06ac6a2d97","email":"grace.moore@gmail.com","message":"successfully processed after 5323 milliseconds."},{"id":"4af7de10-5e09-4697-ad7b-b030e1717148","email":"mia.perez@me.com","message":"successfully processed after 6848 milliseconds."},{"id":"d81df3e6-dde0-4021-955d-58f8877f6755","email":"jacob.lopez@dropbox.net","message":"failed to process due to datastore timeout of 30 seconds.  operation took 50 seconds."},{"id":"25de36c6-70ec-4e77-accb-0ef7752d31f1","email":"elizabeth.martinez@dropbox.net","message":"failed to process due to network exception."},{"id":"56f2459d-5ac9-4477-8d06-4f27969afe3e","email":"ethan.hernandez@microsoft.com","message":"successfully handled skipped operation."},{"id":"ea6b85bb-ddd3-4b50-a4a3-a743a36bf3bc","email":"lily.harris@gmail.com","message":"failed to process due to datastore timeout of 30 seconds.  operation took 113 seconds."},{"id":"62c430a2-e4ed-4658-9d76-629de6bb6bdb","email":"emma.thomas@me.com","message":"successfully parsed message, but message temporarily enqueued while system restarts."},{"id":"ac0b1236-d8b7-473f-85c2-24e1a9921c85","email":"isabella.jackson@amerisave.com","message":"successfully parsed message, but message temporarily enqueued while system restarts."},{"id":"270e7e3e-9435-4322-9b4c-2b957546c8ce","email":"emily.taylor@gmail.com","message":"failed to process due to network exception."},{"id":"e5410443-64f4-4713-b9bc-3651e0b6ed84","email":"noah.sanchez@me.com","message":"successfully handled skipped operation."},{"id":"6f507220-10e2-4da9-b6b5-658b66701029","email":"emma.thomas@me.com","message":"successfully processed after 3987 milliseconds."},{"id":"71baba75-6451-469f-b010-3903eb72d5bf","email":"chloe.garcia@dropbox.net","message":"failed to process due to network exception."},{"id":"ee9141b7-0b3a-43cd-a251-135ca2d89af3","email":"dylan.wilson@gmail.com","message":"successfully handled skipped operation."},{"id":"b9fe5a6d-7234-4f8f-94a7-e948102ad41a","email":"tyler.nelson@microsoft.com","message":"successfully handled skipped operation."},{"id":"ed9a28aa-5c38-4f7c-a0ef-cc8e56b31dcf","email":"nathan.young@microsoft.com","message":"successfully handled skipped operation."},{"id":"6af04d39-618f-4fdd-8ee3-3619b230f323","email":"grace.moore@gmail.com","message":"successfully handled skipped operation."},{"id":"179604b7-a3c1-44a3-9986-fda8e7284fef","email":"abigail.smith@amerisave.com","message":"successfully processed after 9723 milliseconds."},{"id":"1e2df576-5419-4d56-b4b4-e44edab08f86","email":"andrew.miller@gmail.com","message":"failed to process due to network exception."},{"id":"5f0c075f-6efd-4f95-8eb3-ffc191c26e25","email":"chloe.garcia@dropbox.net","message":"successfully parsed message, but message temporarily enqueued while system restarts."},{"id":"1465b294-4f43-4120-ae55-57c7b4fd3a6d","email":"samantha.scott@me.com","message":"successfully processed after 6138 milliseconds."},{"id":"d58f7f33-e8a3-45e8-bba9-df241df9e279","email":"matthew.walker@amerisave.com","message":"successfully handled skipped operation."},{"id":"343d5b4c-ecdb-4c98-9607-a64eb0036550","email":"emily.taylor@gmail.com","message":"successfully parsed message, but message temporarily enqueued while system restarts."},{"id":"1a05ebb3-0931-406a-83fa-3c659fef5819","email":"joshua.lee@gmail.com","message":"successfully parsed message, but message temporarily enqueued while system restarts."},{"id":"814735ed-7689-4e9a-b921-98416a063074","email":"logan.clark@dropbox.net","message":"successfully processed after 89 milliseconds."},{"id":"9da4ab71-795e-48d2-b27d-a8a97cfc3cf6","email":"andrew.miller@gmail.com","message":"failed to process due to network exception."},{"id":"079022e1-ed86-4dfe-8088-1b995ee3ec3e","email":"noah.sanchez@me.com","message":"successfully parsed message, but message temporarily enqueued while system restarts."},{"id":"760ebefd-79a5-4ab1-b31b-6efa8fbc4427","email":"ryan.king@dropbox.net","message":"failed to process due to datastore timeout of 30 seconds.  operation took 129 seconds."},{"id":"f5ca5ece-75c3-4823-908a-63e307f88ac0","email":"ryan.king@dropbox.net","message":"successfully parsed message, but message temporarily enqueued while system restarts."},{"id":"a2ac9001-953c-4869-b5d4-0cd44ff5ab1e","email":"daniel.rodriguez@amerisave.com","message":"failed to process due to datastore timeout of 30 seconds.  operation took 50 seconds."},{"id":"3cc1551b-5a40-47a1-b7bc-9e5e400b4a11","email":"joshua.lee@gmail.com","message":"successfully processed after 3266 milliseconds."},{"id":"56e6979f-97fe-4f8f-baaa-93bd2476c416","email":"tyler.nelson@microsoft.com","message":"successfully parsed message, but message temporarily enqueued while system restarts."},{"id":"49a59f29-edb0-4bd4-81bb-2dc6d9d4ae27","email":"andrew.miller@gmail.com","message":"successfully handled skipped operation."},{"id":"f234ede9-4f07-4779-850f-b733af853ffd","email":"mia.perez@me.com","message":"successfully handled skipped operation."},{"id":"9e84de57-c73a-404b-b69e-3120d75b009d","email":"tyler.nelson@microsoft.com","message":"successfully handled skipped operation."},{"id":"37e79071-18d5-4502-ac06-786e17a3c3ed","email":"emma.thomas@me.com","message":"successfully parsed message, but message temporarily enqueued while system restarts."},{"id":"0af508ea-cf0d-41e4-a29e-2d2f5ebaf71b","email":"ava.davis@gmail.com","message":"failed to process due to network exception."},{"id":"9801d0a2-2306-4964-9a88-6a458a38cf52","email":"liam.gonzalez@me.com","message":"failed to process due to network exception."},{"id":"ad92c420-01fe-44dc-936c-3933a307c244","email":"jack.thompson@me.com","message":"successfully parsed message, but message temporarily enqueued while system restarts."},{"id":"3e210cc5-8bc0-4e31-b1b1-010dcc22f019","email":"samantha.scott@me.com","message":"successfully processed after 3882 milliseconds."},{"id":"844b0a6d-4e66-4687-8289-5a09b2b023d6","email":"mia.perez@me.com","message":"failed to process due to datastore timeout of 30 seconds.  operation took 113 seconds."},{"id":"f5715dbd-800a-4b85-9f9a-daf03169fab5","email":"jack.thompson@me.com","message":"failed to process due to datastore timeout of 30 seconds.  operation took 120 seconds."},{"id":"1e9555b4-c1a1-4ef4-8e41-3710afecf17d","email":"jacob.lopez@dropbox.net","message":"failed to process due to network exception."},{"id":"a7981d59-0a1a-4df0-9c40-e1cb1bdb24c4","email":"taylor.adams@gmail.com","message":"failed to process due to datastore timeout of 30 seconds.  operation took 87 seconds."},{"id":"01fc0d39-9365-4ffc-ba7e-de4181677b9e","email":"daniel.rodriguez@amerisave.com","message":"successfully processed after 6597 milliseconds."},{"id":"60cf6bd4-7b4a-49a8-ab5d-f43bedaeb3d7","email":"ryan.king@dropbox.net","message":"successfully processed after 2101 milliseconds."},{"id":"e84f3449-c173-4c79-91b5-c4711dfa75a2","email":"ava.davis@gmail.com","message":"failed to process due to datastore timeout of 30 seconds.  operation took 111 seconds."},{"id":"062e402f-7b67-41bf-9f20-7b631d2b201c","email":"dylan.wilson@gmail.com","message":"successfully parsed message, but message temporarily enqueued while system restarts."},{"id":"bbe676b0-bfc2-4d19-a8bb-25ea50c54674","email":"michael.hall@dropbox.net","message":"successfully handled skipped operation."},{"id":"1949248f-d3f6-4a65-85e9-e537fbcf857c","email":"mia.perez@me.com","message":"successfully parsed message, but message temporarily enqueued while system restarts."},{"id":"c1eff775-a7f4-4414-bdc0-bcae00a91d87","email":"ryan.king@dropbox.net","message":"successfully handled skipped operation."},{"id":"218587d2-a2bf-4759-8c33-fa18c6550002","email":"andrew.miller@gmail.com","message":"failed to process due to network exception."},{"id":"f1e699fb-3d05-41c3-bb56-7ce4be81d8c9","email":"michael.hall@dropbox.net","message":"successfully handled skipped operation."},{"id":"da405558-f1b5-40cf-aba1-9757f980d504","email":"taylor.adams@gmail.com","message":"failed to process due to datastore timeout of 30 seconds.  operation took 63 seconds."},{"id":"a00370cc-a42a-4f30-976d-436b85f345f1","email":"emma.thomas@me.com","message":"successfully handled skipped operation."},{"id":"d12ad72f-2e5b-4714-a63a-9d83572d4991","email":"taylor.adams@gmail.com","message":"successfully processed after 8753 milliseconds."},{"id":"b77539b3-973e-4784-b270-e59e5c62f74b","email":"joshua.lee@gmail.com","message":"successfully parsed message, but message temporarily enqueued while system restarts."},{"id":"e38d57f2-6808-48be-9e93-69b526efb75d","email":"nicholas.allen@microsoft.com","message":"failed to process due to datastore timeout of 30 seconds.  operation took 60 seconds."},{"id":"81b3ac24-df9b-4778-ae38-ec95e918ef3e","email":"sophia.baker@dropbox.net","message":"successfully processed after 3559 milliseconds."},{"id":"74033c40-9dce-431d-873a-a783cd8e4fdb","email":"nicholas.allen@microsoft.com","message":"successfully parsed message, but message temporarily enqueued while system restarts."},{"id":"b32adb34-b4ea-4459-b14a-f0e38ed2cd4a","email":"noah.sanchez@me.com","message":"successfully processed after 8973 milliseconds."},{"id":"4afa7df4-6b14-4748-81f6-8ac7c97a74e2","email":"andrew.miller@gmail.com","message":"successfully handled skipped operation."},{"id":"263e8ed5-54cf-4288-b08b-4ec8b9478e88","email":"liam.gonzalez@me.com","message":"successfully handled skipped operation."},{"id":"86b9675b-6f0d-4972-b7e3-f90af9f92be2","email":"olivia.wright@gmail.com","message":"failed to process due to network exception."},{"id":"919cfa71-cea6-4406-a095-3a4caeafe306","email":"andrew.miller@gmail.com","message":"successfully parsed message, but message temporarily enqueued while system restarts."},{"id":"a2259631-afe3-40b4-9a37-effcbaa5d52a","email":"ryan.king@dropbox.net","message":"failed to process due to network exception."},{"id":"7e1a2a07-c289-4330-a3e3-779743d2d5bf","email":"matthew.walker@amerisave.com","message":"successfully processed after 5035 milliseconds."},{"id":"611e6fb1-9552-48c7-952b-6ba3f8b7144d","email":"alexis.brown@microsoft.com","message":"successfully processed after 7300 milliseconds."},{"id":"a67d38ac-5b02-42ae-8381-1bebd77b9a53","email":"taylor.adams@gmail.com","message":"successfully processed after 8610 milliseconds."},{"id":"44c85a90-4088-47a7-bcfa-2803b3e28f3c","email":"ethan.hernandez@microsoft.com","message":"failed to process due to network exception."},{"id":"5b022a08-e8ef-444a-877c-0549450e40a6","email":"alexis.brown@microsoft.com","message":"successfully processed after 6939 milliseconds."},{"id":"ac5c32b6-46c6-4a7d-b8a3-dc8fd4b1a8d1","email":"jack.thompson@me.com","message":"successfully processed after 3272 milliseconds."},{"id":"8855ecd2-c704-4c16-b8fe-5f063f1f54b2","email":"alexander.williams@gmail.com","message":"successfully parsed message, but message temporarily enqueued while system restarts."},{"id":"15ee39ea-3482-4194-9453-58330e81f286","email":"hannah.martin@dropbox.net","message":"successfully processed after 2854 milliseconds."},{"id":"fd2b38a1-cab9-43ec-98f9-21f9faea59f5","email":"ryan.king@dropbox.net","message":"failed to process due to datastore timeout of 30 seconds.  operation took 115 seconds."},{"id":"a1ed074f-cb1b-424e-af28-5ef817eaa5c5","email":"aiden.johnson@microsoft.com","message":"failed to process due to network exception."},{"id":"e0ed1445-0412-4292-87c6-8c6ad986f686","email":"jack.thompson@me.com","message":"failed to process due to datastore timeout of 30 seconds.  operation took 92 seconds."},{"id":"d605b7d3-a7eb-40bf-8e81-0503791e90e0","email":"jackson.white@gmail.com","message":"failed to process due to datastore timeout of 30 seconds.  operation took 79 seconds."},{"id":"32101eea-ab2b-4211-a634-94b0a9dcf3e3","email":"taylor.adams@gmail.com","message":"successfully handled skipped operation."},{"id":"b42150ea-6495-40dc-a5e5-e3ef043d3aa3","email":"michael.hall@dropbox.net","message":"successfully parsed message, but message temporarily enqueued while system restarts."},{"id":"8548d410-12af-483d-bfe5-e972934fd3bf","email":"sophia.baker@dropbox.net","message":"successfully processed after 7971 milliseconds."},{"id":"1659ea83-eec3-46e8-bdc9-ec0518879f6e","email":"taylor.adams@gmail.com","message":"successfully processed after 4121 milliseconds."},{"id":"be03d07f-9dd7-45fc-92ee-ed2d18f01b05","email":"samantha.scott@me.com","message":"failed to process due to datastore timeout of 30 seconds.  operation took 91 seconds."},{"id":"ed73b989-5b05-4150-ab81-fe4f0f50a0a4","email":"jacob.lopez@dropbox.net","message":"failed to process due to datastore timeout of 30 seconds.  operation took 51 seconds."},{"id":"f0d7d2aa-adb2-4bd7-bec0-35e102b48ef0","email":"ethan.hernandez@microsoft.com","message":"failed to process due to datastore timeout of 30 seconds.  operation took 76 seconds."},{"id":"cd95f1c3-118a-4bd0-b4bd-9c8bf797c783","email":"alexis.brown@microsoft.com","message":"failed to process due to network exception."},{"id":"8525eec2-6d5f-450a-9be5-a6c627f302ee","email":"isabella.jackson@amerisave.com","message":"failed to process due to network exception."},{"id":"4b1f364a-538c-40fb-b2cf-f28cbb84456e","email":"emily.taylor@gmail.com","message":"successfully handled skipped operation."},{"id":"de6c6a40-c470-4372-a728-fd93b2d66be0","email":"sarah.green@amerisave.com","message":"successfully handled skipped operation."},{"id":"98660018-e676-4669-b421-36fe3fcafb10","email":"nicholas.allen@microsoft.com","message":"failed to process due to datastore timeout of 30 seconds.  operation took 46 seconds."},{"id":"22784b33-2809-41d8-9878-635705533198","email":"ella.anderson@dropbox.net","message":"successfully processed after 9408 milliseconds."},{"id":"fb6ca289-8bff-44a6-ae21-eb0da2bb203f","email":"ethan.hernandez@microsoft.com","message":"successfully handled skipped operation."},{"id":"a86600d8-9ce1-4326-a0d2-ccef0ae4adf0","email":"sophia.baker@dropbox.net","message":"successfully handled skipped operation."},{"id":"2bda8078-aef3-4c41-bdb7-804944055b1c","email":"madison.lewis@gmail.com","message":"successfully parsed message, but message temporarily enqueued while system restarts."},{"id":"e4bcfc02-e9dd-46b4-9c2c-54a1346f9861","email":"ryan.king@dropbox.net","message":"successfully processed after 8017 milliseconds."},{"id":"5b7d4f4d-34d7-404d-aaad-7e5a4109e79c","email":"mia.perez@me.com","message":"failed to process due to network exception."},{"id":"f3a1e250-13f1-4ca8-baf5-7e488e23cf42","email":"aiden.johnson@microsoft.com","message":"successfully parsed message, but message temporarily enqueued while system restarts."},{"id":"1cd805bf-eda6-4740-a4dd-56d48aee4e8d","email":"ryan.king@dropbox.net","message":"successfully parsed message, but message temporarily enqueued while system restarts."},{"id":"97c1ba6b-5992-4915-b95e-97093a46b63e","email":"ethan.hernandez@microsoft.com","message":"failed to process due to datastore timeout of 30 seconds.  operation took 107 seconds."},{"id":"0512748b-0381-48a8-870d-a894e4188770","email":"daniel.rodriguez@amerisave.com","message":"failed to process due to datastore timeout of 30 seconds.  operation took 92 seconds."},{"id":"7e936d8a-0c2a-4395-a3f0-cd9d03120576","email":"nathan.young@microsoft.com","message":"successfully handled skipped operation."},{"id":"335ab96e-0376-4010-a85f-8b5eecb0f95c","email":"ella.anderson@dropbox.net","message":"successfully parsed message, but message temporarily enqueued while system restarts."},{"id":"47bb6bf0-787b-4df9-84d0-d953998652b4","email":"michael.hall@dropbox.net","message":"successfully parsed message, but message temporarily enqueued while system restarts."},{"id":"84f5aeae-418c-4e4d-af9e-d54ebb5c1b73","email":"sarah.green@amerisave.com","message":"successfully parsed message, but message temporarily enqueued while system restarts."},{"id":"18c3f358-96c1-4a6b-8a44-6826e170d1c4","email":"olivia.wright@gmail.com","message":"failed to process due to network exception."},{"id":"a0926d53-ab28-4a7f-9e80-5a4e459e25e6","email":"tyler.nelson@microsoft.com","message":"failed to process due to network exception."},{"id":"31da6f27-af3d-4c5b-9ece-7ab97e4f68d8","email":"ella.anderson@dropbox.net","message":"successfully processed after 3934 milliseconds."},{"id":"3d01e4e7-64f9-4234-8761-5497e6825da4","email":"jackson.white@gmail.com","message":"failed to process due to network exception."},{"id":"31407c1e-7f93-4633-a0d6-56cad77ca37d","email":"joshua.lee@gmail.com","message":"successfully processed after 3459 milliseconds."},{"id":"a3ce9980-7997-4d16-a87e-ee2ada48bddf","email":"elizabeth.martinez@dropbox.net","message":"failed to process due to datastore timeout of 30 seconds.  operation took 101 seconds."},{"id":"b8de43fb-4a9e-4bad-a342-0f2d3af3372b","email":"alyssa.jones@amerisave.com","message":"failed to process due to datastore timeout of 30 seconds.  operation took 51 seconds."},{"id":"61655ae0-daf2-4ce9-80b8-de2d551397b2","email":"nathan.young@microsoft.com","message":"failed to process due to datastore timeout of 30 seconds.  operation took 75 seconds."},{"id":"41cc7821-9f56-4141-8d39-291e2238ca5d","email":"nicholas.allen@microsoft.com","message":"failed to process due to datastore timeout of 30 seconds.  operation took 89 seconds."},{"id":"7d174895-2166-42a7-9e45-4cbce50e38f4","email":"abigail.smith@amerisave.com","message":"successfully processed after 905 milliseconds."},{"id":"120eac8c-cac4-431e-8e6f-676da2dc28b3","email":"emma.thomas@me.com","message":"failed to process due to datastore timeout of 30 seconds.  operation took 76 seconds."},{"id":"60f69495-254d-4d19-82b5-ba2b565785f9","email":"olivia.wright@gmail.com","message":"failed to process due to network exception."},{"id":"0a88d1a8-3a7a-49e0-bed6-46e4e6aa8222","email":"andrew.miller@gmail.com","message":"failed to process due to datastore timeout of 30 seconds.  operation took 95 seconds."},{"id":"9dcefe1b-e3a6-48da-b980-ad33adecdd67","email":"daniel.rodriguez@amerisave.com","message":"successfully handled skipped operation."},{"id":"03628b80-769f-44ec-adaf-626a92a31963","email":"olivia.wright@gmail.com","message":"failed to process due to datastore timeout of 30 seconds.  operation took 91 seconds."},{"id":"087be9b5-cc53-4bc5-881d-317b2162ebf2","email":"logan.clark@dropbox.net","message":"successfully processed after 5188 milliseconds."},{"id":"5e5f1164-5b66-486c-9cb6-d13dab69db2b","email":"liam.gonzalez@me.com","message":"successfully processed after 9451 milliseconds."},{"id":"734d0976-9090-41a8-9f89-6d70a48a068d","email":"jack.thompson@me.com","message":"failed to process due to datastore timeout of 30 seconds.  operation took 111 seconds."},{"id":"ee2a1b02-1aa2-4a64-af1d-198f75add03a","email":"samantha.scott@me.com","message":"successfully parsed message, but message temporarily enqueued while system restarts."},{"id":"1eec1f85-9432-471f-aa78-9b4b66242cbd","email":"emma.thomas@me.com","message":"successfully handled skipped operation."},{"id":"5a00aed9-dcf3-4226-a2ed-b155f2c8f494","email":"sophia.baker@dropbox.net","message":"successfully handled skipped operation."},{"id":"813943a3-857a-491f-a1cd-d5cc8f67c430","email":"sarah.green@amerisave.com","message":"successfully parsed message, but message temporarily enqueued while system restarts."},{"id":"9e7f848a-3650-47db-9c30-066e0ed4c552","email":"samantha.scott@me.com","message":"successfully processed after 4724 milliseconds."},{"id":"26e0e509-3948-4667-9f0e-73eee4a46554","email":"ryan.king@dropbox.net","message":"successfully processed after 8524 milliseconds."},{"id":"c59587a1-9d96-4462-a65b-65094961f001","email":"andrew.miller@gmail.com","message":"successfully handled skipped operation."},{"id":"494d617d-906f-4f7f-9a08-9c16168c89f9","email":"lily.harris@gmail.com","message":"successfully processed after 219 milliseconds."},{"id":"2ff1f28c-417f-41af-9b58-66406d43af6f","email":"noah.sanchez@me.com","message":"failed to process due to datastore timeout of 30 seconds.  operation took 88 seconds."},{"id":"60a9dfcd-f12b-445b-ac7c-ac5cff20c8bf","email":"mia.perez@me.com","message":"successfully parsed message, but message temporarily enqueued while system restarts."},{"id":"daa85251-7553-4f83-8400-cbfc5d2b9d23","email":"madison.lewis@gmail.com","message":"failed to process due to datastore timeout of 30 seconds.  operation took 98 seconds."},{"id":"13b91a94-e889-4474-a564-dbf316059a1b","email":"elizabeth.martinez@dropbox.net","message":"successfully parsed message, but message temporarily enqueued while system restarts."},{"id":"2e6c301c-adbd-4391-bbe4-358c80044c47","email":"lily.harris@gmail.com","message":"successfully parsed message, but message temporarily enqueued while system restarts."},{"id":"4d9ebd16-7fd7-47a0-a2ae-f171e6e68746","email":"samantha.scott@me.com","message":"successfully processed after 828 milliseconds."},{"id":"1b0579a8-78dd-4859-8496-9d11b22d11f1","email":"olivia.wright@gmail.com","message":"failed to process due to datastore timeout of 30 seconds.  operation took 105 seconds."},{"id":"5076bb89-53ee-493d-90cc-7d8792edc52a","email":"aiden.johnson@microsoft.com","message":"successfully parsed message, but message temporarily enqueued while system restarts."},{"id":"8f39c217-3299-4636-be0a-9a1494597ff6","email":"emma.thomas@me.com","message":"successfully parsed message, but message temporarily enqueued while system restarts."},{"id":"636a3bfe-24c8-432c-844f-be12983bafd7","email":"dylan.wilson@gmail.com","message":"successfully processed after 826 milliseconds."},{"id":"c01a55a5-19bd-4827-a858-545e06d24442","email":"alexis.brown@microsoft.com","message":"failed to process due to network exception."},{"id":"b7bf6b2c-7793-4ada-82b4-ee94cd8ddf9b","email":"michael.hall@dropbox.net","message":"failed to process due to network exception."},{"id":"40f9348a-cc11-4083-841d-eb5f5932333f","email":"nicholas.allen@microsoft.com","message":"successfully handled skipped operation."},{"id":"f751d52d-de9d-4951-9faf-9d0424297b78","email":"emma.thomas@me.com","message":"successfully processed after 1989 milliseconds."},{"id":"322b6800-225f-4ddd-854e-38a30c0b1dc8","email":"olivia.wright@gmail.com","message":"successfully processed after 2281 milliseconds."},{"id":"0ec9687a-7e2b-4d50-80b0-81bc2591b318","email":"samantha.scott@me.com","message":"failed to process due to datastore timeout of 30 seconds.  operation took 89 seconds."},{"id":"c271f7e7-0797-422c-80ee-02d14706d07a","email":"ethan.hernandez@microsoft.com","message":"successfully processed after 7384 milliseconds."},{"id":"4bbf98af-c099-4016-aa36-7e2666705daf","email":"liam.gonzalez@me.com","message":"failed to process due to network exception."},{"id":"00e3bcf4-13da-4e31-9ec3-f747397ffb3f","email":"isabella.jackson@amerisave.com","message":"successfully handled skipped operation."},{"id":"d8e4e3bd-9a47-4f21-b18f-8c21e6f0a596","email":"logan.clark@dropbox.net","message":"failed to process due to datastore timeout of 30 seconds.  operation took 77 seconds."},{"id":"0e1e8668-3388-4a8f-bc2a-505227e3a95a","email":"ryan.king@dropbox.net","message":"successfully processed after 2117 milliseconds."},{"id":"ab151f2f-a91f-4b34-83b1-85fbabf6c787","email":"alexis.brown@microsoft.com","message":"successfully processed after 3775 milliseconds."},{"id":"0c9fe74b-b4cd-46a2-a347-714e445f143c","email":"elizabeth.martinez@dropbox.net","message":"successfully processed after 1237 milliseconds."},{"id":"be8edc12-6f6c-44b6-89a5-5c7615106a99","email":"tyler.nelson@microsoft.com","message":"successfully handled skipped operation."},{"id":"3c440ba3-cd34-4057-bee1-d8c5800052e8","email":"mason.robinson@amerisave.com","message":"failed to process due to datastore timeout of 30 seconds.  operation took 95 seconds."}],"id":"bbb864a4-12d5-4197-b2ad-0412ce2f811e"}