{"logs":[{"id":"f88f64d8-89fc-48ec-9fe8-8103d5a28c13","email":"emma.thomas@me.com","message":"failed to process due to datastore timeout of 30 seconds.  operation took 92 seconds."},{"id":"759716e2-2caa-48ab-9427-027ecf6bcedb","email":"nathan.young@microsoft.com","message":"failed to process due to network exception."},{"id":"738e28b6-3c07-436f-b495-7c4911a6e97a","email":"jacob.lopez@dropbox.net","message":"successfully parsed message, but message temporarily enqueued while system restarts."},{"id":"bd906785-f721-4d51-853b-6b072cc60c8d","email":"jacob.lopez@dropbox.net","message":"successfully handled skipped operation."},{"id":"aedc1fdf-7537-4cb0-acba-58768095631c","email":"sarah.green@amerisave.com","message":"failed to process due to datastore timeout of 30 seconds.  operation took 41 seconds."},{"id":"64e6cdde-69d4-4558-9bc2-22f1aa2ba8c5","email":"aiden.johnson@microsoft.com","message":"successfully handled skipped operation."},{"id":"4fad8561-9b7f-4406-a07f-c19a99dba382","email":"sophia.baker@dropbox.net","message":"successfully processed after 3325 milliseconds."},{"id":"6f1848c0-5151-43ea-b399-5adee6e1b53f","email":"emily.taylor@gmail.com","message":"successfully processed after 4175 milliseconds."},{"id":"c186831f-c4be-474d-b6d2-2d083ab66b5d","email":"jacob.lopez@dropbox.net","message":"successfully handled skipped operation."},{"id":"c567a757-2bbb-4ea7-a77f-0530e7728a71","email":"ava.davis@gmail.com","message":"successfully handled skipped operation."},{"id":"a8dfc68d-2a75-4403-9d77-ab86bc7987d5","email":"ella.anderson@dropbox.net","message":"failed to process due to datastore timeout of 30 seconds.  operation took 58 seconds."},{"id":"882df7c2-8382-46a9-a765-1abae8902d0e","email":"michael.hall@dropbox.net","message":"failed to process due to network exception."},{"id":"80409c0a-17e3-4913-96e4-ee74e3a3ae68","email":"joshua.lee@gmail.com","message":"failed to process due to network exception."},{"id":"50af7d8b-6dc8-4e46-b023-038f30ed5569","email":"emma.thomas@me.com","message":"successfully processed after 7822 milliseconds."},{"id":"950c0561-d445-4777-b0d9-48e1a210ff2a","email":"ava.davis@gmail.com","message":"successfully handled skipped operation."},{"id":"10f86739-c34d-4155-aa70-6644d874d051","email":"andrew.miller@gmail.com","message":"failed to process due to network exception."},{"id":"0176ea06-a913-4f07-a48d-8cc49bd89fd5","email":"lily.harris@gmail.com","message":"successfully parsed message, but message temporarily enqueued while system restarts."},{"id":"1829e726-1d35-41ef-ac67-22836cc297b3","email":"alexis.brown@microsoft.com","message":"failed to process due to network exception."},{"id":"7b930e2d-e899-4edb-9018-232579a629b9","email":"alexis.brown@microsoft.com","message":"successfully processed after 1902 milliseconds."},{"id":"f59af55a-e17a-45cb-b730-f6f2fcb7a837","email":"sarah.green@amerisave.com","message":"failed to process due to network exception."},{"id":"7ed00f0c-01d0-4074-bbb4-57f8e3fadef9","email":"jacob.lopez@dropbox.net","message":"successfully processed after 923 milliseconds."},{"id":"7f6d8a18-f832-4cde-872a-5507e8e8a4ed","email":"ethan.hernandez@microsoft.com","message":"successfully parsed message, but message temporarily enqueued while system restarts."},{"id":"00fb7298-d895-4352-aa7b-d664503d61a0","email":"nathan.young@microsoft.com","message":"failed to process due to network exception."},{"id":"068efc68-6218-45d3-aea4-799d9a6a6b9c","email":"emma.thomas@me.com","message":"successfully processed after 6956 milliseconds."},{"id":"71c23a9d-2b01-4520-94f0-52532c80bfe2","email":"samantha.scott@me.com","message":"failed to process due to network exception."},{"id":"ea1a0778-78ac-4b8d-ad52-444ae62fb2ff","email":"andrew.miller@gmail.com","message":"successfully parsed message, but message temporarily enqueued while system restarts."},{"id":"6233ad47-0608-48df-8b23-a39ec340b4ac","email":"mason.robinson@amerisave.com","message":"successfully handled skipped operation."},{"id":"c3c24551-9ee9-482a-a348-643dce7e46de","email":"elizabeth.martinez@dropbox.net","message":"failed to process due to datastore timeout of 30 seconds.  operation took 82 seconds."},{"id":"f110c100-bf51-41e9-a8e1-6284a9fd6aae","email":"joshua.lee@gmail.com","message":"successfully processed after 622 milliseconds."},{"id":"81f556c9-4315-4f33-a47c-6ccf1660c8ab","email":"noah.sanchez@me.com","message":"successfully processed after 6672 milliseconds."},{"id":"323fd515-c3ed-46bc-9328-56a98df607fa","email":"ella.anderson@dropbox.net","message":"failed to process due to network exception."},{"id":"044eb233-5ae3-4958-9c0e-b9c9e04289b4","email":"sarah.green@amerisave.com","message":"successfully parsed message, but message temporarily enqueued while system restarts."},{"id":"6bfa9d07-7cb0-4339-b22d-f5d60c0bfbb3","email":"alexis.brown@microsoft.com","message":"failed to process due to datastore timeout of 30 seconds.  operation took 49 seconds."},{"id":"a4627e3c-0df3-4872-b87d-35b03779c2ec","email":"sophia.baker@dropbox.net","message":"failed to process due to datastore timeout of 30 seconds.  operation took 120 seconds."},{"id":"548346df-8a53-4946-ac03-d3bb6bb61db0","email":"olivia.wright@gmail.com","message":"successfully parsed message, but message temporarily enqueued while system restarts."},{"id":"c8040ff9-478a-44a1-9e3f-b8c77e6f1f59","email":"madison.lewis@gmail.com","message":"failed to process due to datastore timeout of 30 seconds.  operation took 117 seconds."},{"id":"cd4138ac-60f0-4934-a809-77f0f25fbacc","email":"noah.sanchez@me.com","message":"failed to process due to network exception."},{"id":"cbf9b5af-8064-4362-8f5d-f95a2456d2d9","email":"emma.thomas@me.com","message":"successfully processed after 3449 milliseconds."},{"id":"823d380e-976e-4ca4-b32f-0408b2724604","email":"alexander.williams@gmail.com","message":"successfully processed after 3114 milliseconds."},{"id":"6eebbcf0-b200-47a6-9d69-038df82e7671","email":"noah.sanchez@me.com","message":"failed to process due to datastore timeout of 30 seconds.  operation took 91 seconds."},{"id":"1aaf91cc-cad6-40e6-b71b-9db4e3bdb2ed","email":"olivia.wright@gmail.com","message":"successfully processed after 132 milliseconds."},{"id":"727e004e-7395-4e03-b857-24700338672c","email":"daniel.rodriguez@amerisave.com","message":"successfully handled skipped operation."},{"id":"075b97d6-9831-4ac1-bc90-82ee95f629c0","email":"ella.anderson@dropbox.net","message":"successfully handled skipped operation."},{"id":"73ce8932-605a-4215-9741-f7137e6e6ad8","email":"hannah.martin@dropbox.net","message":"successfully handled skipped operation."},{"id":"8e09ddb6-fe78-43b2-8824-be09f3579062","email":"mason.robinson@amerisave.com","message":"failed to process due to datastore timeout of 30 seconds.  operation took 35 seconds."},{"id":"33d7737e-3d43-40e0-bd2e-2b9149f8f09d","email":"jacob.lopez@dropbox.net","message":"failed to process due to datastore timeout of 30 seconds.  operation took 59 seconds."},{"id":"7fe1c78a-8085-4914-a6e2-86a1b2623965","email":"aiden.johnson@microsoft.com","message":"successfully parsed message, but message temporarily enqueued while system restarts."},{"id":"964c43d3-48e4-4476-8ede-5f33c9364bb2","email":"mia.perez@me.com","message":"failed to process due to datastore timeout of 30 seconds.  operation took 122 seconds."},{"id":"5b458715-686b-4455-a3fd-b8ac13ad2fb9","email":"elizabeth.martinez@dropbox.net","message":"successfully handled skipped operation."},{"id":"aff2f928-09b3-4ed4-9c33-38de4a0b23da","email":"taylor.adams@gmail.com","message":"successfully parsed message, but message temporarily enqueued while system restarts."},{"id":"9e7ba1cf-a354-4f56-9538-9e7c68244137","email":"chloe.garcia@dropbox.net","message":"successfully parsed message, but message temporarily enqueued while system restarts."},{"id":"5f60d66c-de2c-490b-9dac-d94863d8fa77","email":"ava.davis@gmail.com","message":"failed to process due to network exception."},{"id":"f2dfceb5-928f-48c8-81bf-06ef2cd6f5eb","email":"dylan.wilson@gmail.com","message":"successfully handled skipped operation."},{"id":"81e1deb4-c17d-4bcb-80cc-ce2de1f95f0a","email":"alexander.williams@gmail.com","message":"failed to process due to datastore timeout of 30 seconds.  operation took 50 seconds."},{"id":"cea558bc-bf98-4428-9479-85d4739c02b3","email":"chloe.garcia@dropbox.net","message":"failed to process due to network exception."},{"id":"c0e5e2ac-d7f6-4db2-8513-4537602c50f1","email":"emily.taylor@gmail.com","message":"failed to process due to network exception."},{"id":"def79202-1619-4123-b793-7c5811b1c053","email":"lily.harris@gmail.com","message":"successfully parsed message, but message temporarily enqueued while system restarts."},{"id":"85e4798f-a48b-4ef7-a378-bf44f5b8e777","email":"michael.hall@dropbox.net","message":"successfully handled skipped operation."},{"id":"dd1d4ef6-c3fd-45c0-a687-231287db09f8","email":"jacob.lopez@dropbox.net","message":"successfully parsed message, but message temporarily enqueued while system restarts."},{"id":"3ae5e68e-7e2d-4151-91e8-7426d2a5b312","email":"joshua.lee@gmail.com","message":"successfully processed after 7790 milliseconds."},{"id":"fd2ed4f3-b5e4-4452-b954-f804777325f6","email":"ethan.hernandez@microsoft.com","message":"failed to process due to datastore timeout of 30 seconds.  operation took 73 seconds."},{"id":"de6e26d6-a274-4c78-aa95-6322a3b2eb65","email":"taylor.adams@gmail.com","message":"successfully processed after 9223 milliseconds."},{"id":"2e19f496-f1bb-4fe2-8da4-f3214eb36eb5","email":"lily.harris@gmail.com","message":"successfully parsed message, but message temporarily enqueued while system restarts."},{"id":"edfa0d3d-5f7f-4105-9549-18023c1c5dcf","email":"isabella.jackson@amerisave.com","message":"successfully parsed message, but message temporarily enqueued while system restarts."},{"id":"aef4f4b6-ac43-46ad-a578-c222285a4688","email":"aiden.johnson@microsoft.com","message":"successfully processed after 5764 milliseconds."},{"id":"60e9012a-4aad-4dba-ac29-5a1cbdb171f3","email":"logan.clark@dropbox.net","message":"successfully parsed message, but message temporarily enqueued while system restarts."},{"id":"9ff6ae3b-bed5-4abf-b67f-54dcc8ea60e8","email":"matthew.walker@amerisave.com","message":"successfully processed after 6489 milliseconds."},{"id":"10df2f88-fa01-4028-b0ba-dcca245a32d5","email":"jackson.white@gmail.com","message":"successfully processed after 3157 milliseconds."},{"id":"99c422ce-bc8c-40f2-bf44-29afa35a26f2","email":"lily.harris@gmail.com","message":"failed to process due to network exception."},{"id":"16b115d5-68e3-4355-9ffb-778b94ecf875","email":"sarah.green@amerisave.com","message":"successfully processed after 1011 milliseconds."},{"id":"ef3b0033-7f25-4e83-8289-87547d387909","email":"daniel.rodriguez@amerisave.com","message":"successfully processed after 289 milliseconds."},{"id":"1bf6436a-9ca9-4e7a-9cc6-f49967028f45","email":"grace.moore@gmail.com","message":"successfully processed after 8209 milliseconds."},{"id":"04bf7dcd-c33e-4a96-9eec-3dead64c7afb","email":"olivia.wright@gmail.com","message":"successfully processed after 1285 milliseconds."},{"id":"593d750f-318e-4039-83fd-57bd670ebf2f","email":"sarah.green@amerisave.com","message":"successfully handled skipped operation."},{"id":"894d6bd4-3881-4e29-bb8e-fbe53ee9b5dd","email":"matthew.walker@amerisave.com","message":"successfully processed after 2833 milliseconds."},{"id":"d11a64ec-753d-477c-aa64-b7282bca3167","email":"lily.harris@gmail.com","message":"failed to process due to network exception."},{"id":"df3a3b5e-d97f-405c-a43b-08edea039abe","email":"nicholas.allen@microsoft.com","message":"failed to process due to network exception."},{"id":"73359393-f7ee-4543-9ee6-8c7b31bcad3a","email":"isabella.jackson@amerisave.com","message":"successfully parsed message, but message temporarily enqueued while system restarts."},{"id":"8ddeec45-2aa5-4a28-a357-c0dd777731e0","email":"lily.harris@gmail.com","message":"failed to process due to network exception."},{"id":"82dfce88-29a1-4094-9d3e-cf285a6c8cd6","email":"sophia.baker@dropbox.net","message":"successfully parsed message, but message temporarily enqueued while system restarts."},{"id":"5fdbf7a6-b13b-4ae5-a4f0-224e2e0ebe95","email":"olivia.wright@gmail.com","message":"successfully parsed message, but message temporarily enqueued while system restarts."},{"id":"ea49f796-b97d-4633-92bc-a72218248042","email":"jacob.lopez@dropbox.net","message":"failed to process due to network exception."},{"id":"664d1009-5b64-4fcb-bcd0-f3b4c1e99431","email":"tyler.nelson@microsoft.com","message":"failed to process due to network exception."},{"id":"337cbd70-fa2d-449f-b362-df3a43d239f8","email":"olivia.wright@gmail.com","message":"successfully parsed message, but message temporarily enqueued while system restarts."},{"id":"2b349bee-8098-4b4c-a38d-4b21148d1ad2","email":"mia.perez@me.com","message":"failed to process due to datastore timeout of 30 seconds.  operation took 77 seconds."},{"id":"cfa59eda-a208-4541-85c8-f2d13fcfbcf7","email":"sophia.baker@dropbox.net","message":"successfully processed after 7362 milliseconds."},{"id":"3e83b909-0e3e-435d-8c5a-550aa54d826b","email":"sophia.baker@dropbox.net","message":"failed to process due to datastore timeout of 30 seconds.  operation took 49 seconds."},{"id":"22e6794a-bf5c-4e04-9bb8-4e910c162c86","email":"noah.sanchez@me.com","message":"successfully handled skipped operation."},{"id":"3e34d696-bc12-48a5-b6e3-f966bed42c46","email":"aiden.johnson@microsoft.com","message":"failed to process due to network exception."},{"id":"7e079752-a5b0-4a81-9f6d-eef568748635","email":"taylor.adams@gmail.com","message":"successfully parsed message, but message temporarily enqueued while system restarts."},{"id":"eb6f4146-75cf-429a-97c2-9cb9dcf73332","email":"jackson.white@gmail.com","message":"successfully handled skipped operation."},{"id":"af7f7c5d-78d0-402d-bed1-744f19fd0952","email":"matthew.walker@amerisave.com","message":"failed to process due to network exception."},{"id":"cac06707-eb95-498c-8fcd-0890a0023e9f","email":"nicholas.allen@microsoft.com","message":"failed to process due to network exception."},{"id":"b85270a8-c9b3-4c34-8246-d2a49623b9f3","email":"taylor.adams@gmail.com","message":"failed to process due to datastore timeout of 30 seconds.  operation took 124 seconds."},{"id":"3e622f04-17ce-4864-b179-128073d06dce","email":"emily.taylor@gmail.com","message":"failed to process due to network exception."},{"id":"ab0dcf90-a684-4d4f-8d15-142f7d8bc1f4","email":"aiden.johnson@microsoft.com","message":"failed to process due to network exception."},{"id":"cc095baf-184b-44b2-9412-cf1c7780a823","email":"abigail.smith@amerisave.com","message":"successfully processed after 7161 milliseconds."},{"id":"535b5f31-c50f-46fa-82b2-9df0bc79a1a3","email":"michael.hall@dropbox.net","message":"successfully handled skipped operation."},{"id":"81b42bb8-5a2f-434d-9838-c4b86f5c53b7","email":"samantha.scott@me.com","message":"successfully parsed message, but message temporarily enqueued while system restarts."},{"id":"972ac79d-7a31-4470-b7cd-9602d37029a6","email":"joshua.lee@gmail.com","message":"failed to process due to datastore timeout of 30 seconds.  operation took 55 seconds."},{"id":"2c5036bc-fb16-457a-8c71-5bff8f0982cc","email":"chloe.garcia@dropbox.net","message":"failed to process due to datastore timeout of 30 seconds.  operation took 35 seconds."},{"id":"5b310224-d2eb-4e2b-b07f-fca4a5dec4a6","email":"taylor.adams@gmail.com","message":"failed to process due to datastore timeout of 30 seconds.  operation took 44 seconds."},{"id":"2f9ca25c-32b5-4c1d-bd2a-898e312f385c","email":"sophia.baker@dropbox.net","message":"successfully parsed message, but message temporarily enqueued while system restarts."},{"id":"ed0cc8d2-6487-4655-aebd-d716be5fd008","email":"dylan.wilson@gmail.com","message":"successfully parsed message, but message temporarily enqueued while system restarts."},{"id":"d443dc25-6967-4ee5-8d6e-d27b5d99f7bd","email":"isabella.jackson@amerisave.com","message":"successfully handled skipped operation."},{"id":"09744a48-1696-4df6-9211-d91bb2f59390","email":"abigail.smith@amerisave.com","message":"failed to process due to network exception."},{"id":"e61b9223-e273-49d2-adff-1f9e71b0479c","email":"dylan.wilson@gmail.com","message":"successfully processed after 2114 milliseconds."},{"id":"2caec02a-2f06-41f3-8c2c-3b7dd967ffb0","email":"ava.davis@gmail.com","message":"failed to process due to network exception."},{"id":"06c3b8f1-dc0f-4cb6-a169-98dc9f908647","email":"isabella.jackson@amerisave.com","message":"successfully handled skipped operation."},{"id":"a2d6934a-aeaa-45da-89e2-ddf4ea6da551","email":"tyler.nelson@microsoft.com","message":"failed to process due to network exception."},{"id":"c2982492-639c-4805-99ab-318bb21535b7","email":"alexander.williams@gmail.com","message":"successfully parsed message, but message temporarily enqueued while system restarts."},{"id":"69284bb6-32a9-4d34-bb71-0ad52759e104","email":"samantha.scott@me.com","message":"successfully processed after 9856 milliseconds."},{"id":"27ec0087-8352-4a59-b6e1-4cb45af5883d","email":"lily.harris@gmail.com","message":"successfully handled skipped operation."},{"id":"7b839c47-125f-441b-aaec-e317e708963e","email":"ella.anderson@dropbox.net","message":"successfully processed after 9295 milliseconds."},{"id":"6da7eba4-5b3a-4493-bb46-c5d78f113928","email":"michael.hall@dropbox.net","message":"successfully handled skipped operation."},{"id":"92525c7d-1a7b-4634-a9b8-79d1feed9b54","email":"matthew.walker@amerisave.com","message":"failed to process due to network exception."},{"id":"b4d39ffd-efd5-480f-83e5-b9c2d53b7c4c","email":"grace.moore@gmail.com","message":"failed to process due to network exception."},{"id":"7cbd1596-6758-4f75-a29b-1b45d7258231","email":"noah.sanchez@me.com","message":"successfully processed after 8157 milliseconds."},{"id":"9d65d668-8db3-434b-a2e4-eaf108f04bed","email":"liam.gonzalez@me.com","message":"successfully handled skipped operation."},{"id":"d6adbc62-0aac-49bf-ad9d-a12d9ba799fe","email":"sophia.baker@dropbox.net","message":"successfully processed after 5682 milliseconds."},{"id":"155adee3-de04-4bed-b34b-782a9a177f51","email":"elizabeth.martinez@dropbox.net","message":"failed to process due to network exception."},{"id":"62209cc9-3265-461b-a6d1-13cc75b35805","email":"alexis.brown@microsoft.com","message":"successfully parsed message, but message temporarily enqueued while system restarts."},{"id":"bd6c7257-5c34-49cc-a550-21126ffd6531","email":"ryan.king@dropbox.net","message":"failed to process due to network exception."},{"id":"b5d4b523-519c-4b23-9d6d-6d8b14cf5c27","email":"alexander.williams@gmail.com","message":"successfully parsed message, but message temporarily enqueued while system restarts."},{"id":"f51d0730-3287-4743-b853-ca8c76aa60f3","email":"matthew.walker@amerisave.com","message":"failed to process due to network exception."},{"id":"47a0ef41-1a13-46fd-9851-4a13a97963ef","email":"joshua.lee@gmail.com","message":"successfully parsed message, but message temporarily enqueued while system restarts."},{"id":"80229ce0-73f5-461d-8951-54329f2070f9","email":"jacob.lopez@dropbox.net","message":"successfully processed after 5027 milliseconds."},{"id":"072208dd-c015-456d-9cc6-d79f4d3594c6","email":"mia.perez@me.com","message":"failed to process due to datastore timeout of 30 seconds.  operation took 126 seconds."},{"id":"b9f6caa9-4cbb-4088-85e9-df9d53728923","email":"madison.lewis@gmail.com","message":"successfully handled skipped operation."},{"id":"e5bf2409-5ec3-4220-abd3-9bdb7c4a3d89","email":"jackson.white@gmail.com","message":"successfully processed after 956 milliseconds."},{"id":"5bf1344f-b0cc-4774-b910-691e02809cf1","email":"jacob.lopez@dropbox.net","message":"successfully parsed message, but message temporarily enqueued while system restarts."},{"id":"8868ecd3-4f7c-4e8d-8f86-70793b21938e","email":"sarah.green@amerisave.com","message":"successfully parsed message, but message temporarily enqueued while system restarts."},{"id":"5827c496-16f7-4b2a-9d65-f2eab4c6900c","email":"ava.davis@gmail.com","message":"successfully parsed message, but message temporarily enqueued while system restarts."},{"id":"c83efb11-3a0e-4ed2-9bda-0dfb785c3ffd","email":"jackson.white@gmail.com","message":"successfully processed after 9021 milliseconds."},{"id":"ade10a03-959b-46c7-9fcc-6e874142d4cb","email":"chloe.garcia@dropbox.net","message":"successfully parsed message, but message temporarily enqueued while system restarts."},{"id":"24e3eb94-136b-4d90-b3ab-b0392bc646e6","email":"lily.harris@gmail.com","message":"failed to process due to network exception."},{"id":"51a7ddd6-5d8f-4b7d-b4a0-48fec7d8381f","email":"isabella.jackson@amerisave.com","message":"failed to process due to network exception."},{"id":"7ed38187-840d-4658-b426-02242efe4212","email":"abigail.smith@amerisave.com","message":"failed to process due to network exception."},{"id":"7617dd13-93fc-4108-b7f7-5624e6ea4e60","email":"jack.thompson@me.com","message":"failed to process due to network exception."},{"id":"e51ea7db-46a6-4fbe-92da-6e9c547546b4","email":"daniel.rodriguez@amerisave.com","message":"failed to process due to datastore timeout of 30 seconds.  operation took 50 seconds."},{"id":"81530e57-8a6b-44fc-abb1-5ca9f499352a","email":"lily.harris@gmail.com","message":"successfully parsed message, but message temporarily enqueued while system restarts."},{"id":"506cf1f5-ef21-434b-8451-78bed39e9d28","email":"liam.gonzalez@me.com","message":"successfully parsed message, but message temporarily enqueued while system restarts."},{"id":"bcfabbe1-180b-4997-8de4-cc2effbae775","email":"joshua.lee@gmail.com","message":"successfully processed after 8563 milliseconds."},{"id":"06581e39-2e69-4676-8f4f-bd74b1be1f00","email":"madison.lewis@gmail.com","message":"successfully processed after 3994 milliseconds."},{"id":"4146226c-b586-4604-a689-8b91d0754ea8","email":"mason.robinson@amerisave.com","message":"successfully processed after 2863 milliseconds."},{"id":"c4bc54e8-118d-41b1-98e3-b1021bb2dfc6","email":"ava.davis@gmail.com","message":"failed to process due to datastore timeout of 30 seconds.  operation took 118 seconds."},{"id":"ed758cdb-22b0-47fa-ad45-bbd586c33088","email":"ava.davis@gmail.com","message":"successfully handled skipped operation."},{"id":"cebf48a8-87fa-405b-83e1-599abc22d319","email":"nathan.young@microsoft.com","message":"failed to process due to network exception."},{"id":"50d4e335-3760-4082-8c3e-3d1a0dabc4df","email":"elizabeth.martinez@dropbox.net","message":"successfully parsed message, but message temporarily enqueued while system restarts."},{"id":"f5e0c92e-bc6b-43a4-a577-1be7eec8f2a1","email":"olivia.wright@gmail.com","message":"failed to process due to network exception."},{"id":"97e79b2c-abe5-44dc-9da9-b8fff5256057","email":"elizabeth.martinez@dropbox.net","message":"successfully handled skipped operation."},{"id":"ddf9e8dc-0803-4493-a1a1-bb8185387ad6","email":"jackson.white@gmail.com","message":"successfully parsed message, but message temporarily enqueued while system restarts."},{"id":"cb4e4648-2616-4d19-97eb-dc002a6f4dd4","email":"elizabeth.martinez@dropbox.net","message":"successfully processed after 341 milliseconds."},{"id":"05551fc5-0161-4713-ae1d-1eda6ae33d6b","email":"alyssa.jones@amerisave.com","message":"successfully parsed message, but message temporarily enqueued while system restarts."},{"id":"57570e97-5c3c-42f6-9652-e62f1c17e216","email":"mason.robinson@amerisave.com","message":"failed to process due to datastore timeout of 30 seconds.  operation took 124 seconds."},{"id":"e30e28f2-1137-4aa6-929e-1933eb99bd72","email":"emily.taylor@gmail.com","message":"successfully parsed message, but message temporarily enqueued while system restarts."},{"id":"7e7847a6-99a4-4649-a775-38d5eceda5bc","email":"ethan.hernandez@microsoft.com","message":"failed to process due to network exception."},{"id":"6d543563-000d-495c-928b-1d1a3be2ceae","email":"sophia.baker@dropbox.net","message":"successfully handled skipped operation."},{"id":"ef0bbfbb-a9d0-4a28-a077-33ab0d950008","email":"samantha.scott@me.com","message":"successfully parsed message, but message temporarily enqueued while system restarts."},{"id":"fc399339-697b-428c-a248-df02d4757018","email":"alexander.williams@gmail.com","message":"successfully parsed message, but message temporarily enqueued while system restarts."},{"id":"631a3015-a788-416a-addd-0dee74b4ef0a","email":"nathan.young@microsoft.com","message":"successfully processed after 2462 milliseconds."},{"id":"24c639c3-7402-4655-8a8d-5d95f924951d","email":"aiden.johnson@microsoft.com","message":"successfully handled skipped operation."},{"id":"f9609bea-380d-49b3-9478-d3bcebf1de83","email":"grace.moore@gmail.com","message":"successfully processed after 6690 milliseconds."},{"id":"29719c61-b146-4a39-a93f-b7cc8a6eda65","email":"emily.taylor@gmail.com","message":"failed to process due to datastore timeout of 30 seconds.  operation took 104 seconds."},{"id":"7386e301-7b76-4a59-a6c4-8bc56ee7e6e7","email":"abigail.smith@amerisave.com","message":"successfully handled skipped operation."},{"id":"58779a5b-d621-4048-bd62-c61fda81b156","email":"joshua.lee@gmail.com","message":"successfully handled skipped operation."},{"id":"6bd88abe-e808-4d83-9390-0ba25e637ab3","email":"michael.hall@dropbox.net","message":"successfully handled skipped operation."},{"id":"a865e187-5be6-445f-a946-93e02120457f","email":"ryan.king@dropbox.net","message":"successfully processed after 5199 milliseconds."},{"id":"233d8e0e-3444-4be5-be05-df4e293623e2","email":"ava.davis@gmail.com","message":"failed to process due to datastore timeout of 30 seconds.  operation took 92 seconds."},{"id":"db395a2c-8a87-4464-a3b3-c469fd737d26","email":"alyssa.jones@amerisave.com","message":"failed to process due to network exception."},{"id":"f0281331-b351-4818-9175-e36138e10130","email":"aiden.johnson@microsoft.com","message":"successfully handled skipped operation."},{"id":"29e62259-88e1-452c-bea7-c3c61a3e52ea","email":"isabella.jackson@amerisave.com","message":"successfully handled skipped operation."},{"id":"5272853a-fc24-4f7e-9c59-f12f76af6bd4","email":"noah.sanchez@me.com","message":"failed to process due to network exception."},{"id":"2d9d65bf-8782-4259-8ab8-cad80a2b8756","email":"emma.thomas@me.com","message":"successfully handled skipped operation."}],"id":"aa740f6b-2afe-40b5-9d3b-fc55edaab0d5"}