{"logs_id":"9c40f182-48ea-4fe8-95c3-bb11a846afeb","tally":[{"email":"noah.sanchez@me.com","total":568},{"email":"michael.hall@dropbox.net","total":613},{"email":"olivia.wright@gmail.com","total":632},{"email":"isabella.jackson@amerisave.com","total":631},{"email":"hannah.martin@dropbox.net","total":639},{"email":"madison.lewis@gmail.com","total":644},{"email":"abigail.smith@amerisave.com","total":622},{"email":"chloe.garcia@dropbox.net","total":608},{"email":"daniel.rodriguez@amerisave.com","total":649},{"email":"taylor.adams@gmail.com","total":621},{"email":"sarah.green@amerisave.com","total":625},{"email":"liam.gonzalez@me.com","total":632},{"email":"grace.moore@gmail.com","total":622},{"email":"nicholas.allen@microsoft.com","total":597},{"email":"tyler.nelson@microsoft.com","total":640},{"email":"andrew.miller@gmail.com","total":604},{"email":"samantha.scott@me.com","total":647},{"email":"jackson.white@gmail.com","total":635},{"email":"nathan.young@microsoft.com","total":601},{"email":"emma.thomas@me.com","total":619},{"email":"alexander.williams@gmail.com","total":588},{"email":"sophia.baker@dropbox.net","total":579},{"email":"elizabeth.martinez@dropbox.net","total":626},{"email":"logan.clark@dropbox.net","total":592},{"email":"lily.harris@gmail.com","total":618},{"email":"emily.taylor@gmail.com","total":649},{"email":"matthew.walker@amerisave.com","total":656},{"email":"jacob.lopez@dropbox.net","total":603},{"email":"aiden.johnson@microsoft.com","total":591},{"email":"alexis.brown@microsoft.com","total":617},{"email":"alyssa.jones@amerisave.com","total":628},{"email":"mia.perez@me.com","total":636},{"email":"ella.anderson@dropbox.net","total":631},{"email":"mason.robinson@amerisave.com","total":657},{"email":"dylan.wilson@gmail.com","total":620},{"email":"ava.davis@gmail.com","total":610},{"email":"jack.thompson@me.com","total":636},{"email":"ryan.king@dropbox.net","total":627},{"email":"ethan.hernandez@microsoft.com","total":607},{"email":"joshua.lee@gmail.com","total":624},{"email":"alyssa.jones@amerisave.com","total":2},{"email":"elizabeth.martinez@dropbox.net","total":8},{"email":"andrew.miller@gmail.com","total":14},{"email":"alexander.williams@gmail.com","total":8},{"email":"noah.sanchez@me.com","total":7},{"email":"liam.gonzalez@me.com","total":6},{"email":"taylor.adams@gmail.com","total":13},{"email":"elizabeth.martinez@dropbox.net","total":7},{"email":"elizabeth.martinez@dropbox.net","total":6},{"email":"chloe.garcia@dropbox.net","total":7},{"email":"taylor.adams@gmail.com","total":12},{"email":"nathan.young@microsoft.com","total":10},{"email":"madison.lewis@gmail.com","total":6},{"email":"matthew.walker@amerisave.com","total":7},{"email":"aiden.johnson@microsoft.com","total":11},{"email":"olivia.wright@gmail.com","total":6},{"email":"michael.hall@dropbox.net","total":6},{"email":"jacob.lopez@dropbox.net","total":11},{"email":"alexander.williams@gmail.com","total":7},{"email":"jackson.white@gmail.com","total":9},{"email":"daniel.rodriguez@amerisave.com","total":9},{"email":"mason.robinson@amerisave.com","total":7},{"email":"grace.moore@gmail.com","total":4},{"email":"aiden.johnson@microsoft.com","total":10},{"email":"samantha.scott@me.com","total":6},{"email":"aiden.johnson@microsoft.com","total":9},{"email":"taylor.adams@gmail.com","total":11},{"email":"sophia.baker@dropbox.net","total":4},{"email":"mason.robinson@amerisave.com","total":6},{"email":"jacob.lopez@dropbox.net","total":10},{"email":"sarah.green@amerisave.com","total":9},{"email":"dylan.wilson@gmail.com","total":5},{"email":"jacob.lopez@dropbox.net","total":9},{"email":"nicholas.allen@microsoft.com","total":3},{"email":"taylor.adams@gmail.com","total":10},{"email":"taylor.adams@gmail.com","total":9},{"email":"andrew.miller@gmail.com","total":13},{"email":"daniel.rodriguez@amerisave.com","total":8},{"email":"jack.thompson@me.com","total":9},{"email":"alyssa.jones@amerisave.com","total":1},{"email":"michael.hall@dropbox.net","total":5},{"email":"lily.harris@gmail.com","total":5},{"email":"ethan.hernandez@microsoft.com","total":8},{"email":"aiden.johnson@microsoft.com","total":8},{"email":"tyler.nelson@microsoft.com","total":5},{"email":"taylor.adams@gmail.com","total":8},{"email":"sophia.baker@dropbox.net","total":3},{"email":"aiden.johnson@microsoft.com","total":7},{"email":"chloe.garcia@dropbox.net","total":6},{"email":"tyler.nelson@microsoft.com","total":4},{"email":"taylor.adams@gmail.com","total":7},{"email":"emily.taylor@gmail.com","total":6},{"email":"matthew.walker@amerisave.com","total":6},{"email":"samantha.scott@me.com","total":5},{"email":"logan.clark@dropbox.net","total":4},{"email":"hannah.martin@dropbox.net","total":4},{"email":"tyler.nelson@microsoft.com","total":3},{"email":"olivia.wright@gmail.com","total":5},{"email":"jack.thompson@me.com","total":8},{"email":"sarah.green@amerisave.com","total":8},{"email":"ella.anderson@dropbox.net","total":6},{"email":"daniel.rodriguez@amerisave.com","total":7},{"email":"sarah.green@amerisave.com","total":7},{"email":"chloe.garcia@dropbox.net","total":5},{"email":"jackson.white@gmail.com","total":8},{"email":"mason.robinson@amerisave.com","total":5},{"email":"noah.sanchez@me.com","total":6},{"email":"jack.thompson@me.com","total":7},{"email":"jacob.lopez@dropbox.net","total":8},{"email":"ryan.king@dropbox.net","total":5},{"email":"lily.harris@gmail.com","total":4},{"email":"aiden.johnson@microsoft.com","total":6},{"email":"abigail.smith@amerisave.com","total":6},{"email":"michael.hall@dropbox.net","total":4},{"email":"madison.lewis@gmail.com","total":5},{"email":"chloe.garcia@dropbox.net","total":4},{"email":"ryan.king@dropbox.net","total":4},{"email":"dylan.wilson@gmail.com","total":4},{"email":"logan.clark@dropbox.net","total":3},{"email":"noah.sanchez@me.com","total":5},{"email":"emma.thomas@me.com","total":3},{"email":"madison.lewis@gmail.com","total":4},{"email":"jacob.lopez@dropbox.net","total":7},{"email":"jack.thompson@me.com","total":6},{"email":"ethan.hernandez@microsoft.com","total":7},{"email":"michael.hall@dropbox.net","total":3},{"email":"andrew.miller@gmail.com","total":12},{"email":"alexander.williams@gmail.com","total":6},{"email":"taylor.adams@gmail.com","total":6},{"email":"matthew.walker@amerisave.com","total":5},{"email":"tyler.nelson@microsoft.com","total":2},{"email":"lily.harris@gmail.com","total":3},{"email":"nicholas.allen@microsoft.com","total":2},{"email":"andrew.miller@gmail.com","total":11},{"email":"emma.thomas@me.com","total":2},{"email":"ethan.hernandez@microsoft.com","total":6},{"email":"nathan.young@microsoft.com","total":9},{"email":"daniel.rodriguez@amerisave.com","total":6},{"email":"ava.davis@gmail.com","total":6},{"email":"sarah.green@amerisave.com","total":6},{"email":"ethan.hernandez@microsoft.com","total":5},{"email":"chloe.garcia@dropbox.net","total":3},{"email":"daniel.rodriguez@amerisave.com","total":5},{"email":"liam.gonzalez@me.com","total":5},{"email":"andrew.miller@gmail.com","total":10},{"email":"jacob.lopez@dropbox.net","total":6},{"email":"alexis.brown@microsoft.com","total":4},{"email":"andrew.miller@gmail.com","total":9},{"email":"hannah.martin@dropbox.net","total":3},{"email":"logan.clark@dropbox.net","total":2},{"email":"andrew.miller@gmail.com","total":8},{"email":"alexander.williams@gmail.com","total":5},{"email":"mia.perez@me.com","total":5},{"email":"jackson.white@gmail.com","total":7},{"email":"ava.davis@gmail.com","total":5},{"email":"olivia.wright@gmail.com","total":4},{"email":"emily.taylor@gmail.com","total":5},{"email":"elizabeth.martinez@dropbox.net","total":5},{"email":"aiden.johnson@microsoft.com","total":5},{"email":"sarah.green@amerisave.com","total":5},{"email":"chloe.garcia@dropbox.net","total":2},{"email":"emily.taylor@gmail.com","total":4},{"email":"isabella.jackson@amerisave.com","total":3},{"email":"abigail.smith@amerisave.com","total":5},{"email":"mason.robinson@amerisave.com","total":4},{"email":"mia.perez@me.com","total":4},{"email":"nathan.young@microsoft.com","total":8},{"email":"taylor.adams@gmail.com","total":5},{"email":"abigail.smith@amerisave.com","total":4},{"email":"elizabeth.martinez@dropbox.net","total":4},{"email":"sarah.green@amerisave.com","total":4},{"email":"mason.robinson@amerisave.com","total":3},{"email":"aiden.johnson@microsoft.com","total":4},{"email":"daniel.rodriguez@amerisave.com","total":4},{"email":"olivia.wright@gmail.com","total":3},{"email":"lily.harris@gmail.com","total":2},{"email":"nathan.young@microsoft.com","total":7},{"email":"matthew.walker@amerisave.com","total":4},{"email":"taylor.adams@gmail.com","total":4},{"email":"andrew.miller@gmail.com","total":7},{"email":"sarah.green@amerisave.com","total":3},{"email":"emily.taylor@gmail.com","total":3},{"email":"noah.sanchez@me.com","total":4},{"email":"daniel.rodriguez@amerisave.com","total":3},{"email":"mason.robinson@amerisave.com","total":2},{"email":"alexander.williams@gmail.com","total":4},{"email":"jack.thompson@me.com","total":5},{"email":"jacob.lopez@dropbox.net","total":5},{"email":"mia.perez@me.com","total":3},{"email":"alexis.brown@microsoft.com","total":3},{"email":"isabella.jackson@amerisave.com","total":2},{"email":"ryan.king@dropbox.net","total":3},{"email":"olivia.wright@gmail.com","total":2},{"email":"abigail.smith@amerisave.com","total":3},{"email":"liam.gonzalez@me.com","total":4},{"email":"liam.gonzalez@me.com","total":3},{"email":"ryan.king@dropbox.net","total":2},{"email":"andrew.miller@gmail.com","total":6},{"email":"dylan.wilson@gmail.com","total":3},{"email":"emily.taylor@gmail.com","total":2},{"email":"madison.lewis@gmail.com","total":3},{"email":"elizabeth.martinez@dropbox.net","total":3},{"email":"andrew.miller@gmail.com","total":5},{"email":"alexander.williams@gmail.com","total":3},{"email":"jackson.white@gmail.com","total":6},{"email":"ava.davis@gmail.com","total":4},{"email":"michael.hall@dropbox.net","total":2},{"email":"matthew.walker@amerisave.com","total":3},{"email":"jackson.white@gmail.com","total":5},{"email":"hannah.martin@dropbox.net","total":2},{"email":"noah.sanchez@me.com","total":3},{"email":"madison.lewis@gmail.com","total":2},{"email":"sarah.green@amerisave.com","total":2},{"email":"andrew.miller@gmail.com","total":4},{"email":"jackson.white@gmail.com","total":4},{"email":"ethan.hernandez@microsoft.com","total":4},{"email":"nathan.young@microsoft.com","total":6},{"email":"lily.harris@gmail.com","total":1},{"email":"grace.moore@gmail.com","total":3},{"email":"ella.anderson@dropbox.net","total":5},{"email":"dylan.wilson@gmail.com","total":2},{"email":"ava.davis@gmail.com","total":3},{"email":"jackson.white@gmail.com","total":3},{"email":"abigail.smith@amerisave.com","total":2},{"email":"taylor.adams@gmail.com","total":3},{"email":"aiden.johnson@microsoft.com","total":3},{"email":"samantha.scott@me.com","total":4},{"email":"sophia.baker@dropbox.net","total":2},{"email":"nathan.young@microsoft.com","total":5},{"email":"ethan.hernandez@microsoft.com","total":3},{"email":"nicholas.allen@microsoft.com","total":1},{"email":"isabella.jackson@amerisave.com","total":1},{"email":"tyler.nelson@microsoft.com","total":1},{"email":"taylor.adams@gmail.com","total":2},{"email":"jackson.white@gmail.com","total":2},{"email":"nathan.young@microsoft.com","total":4},{"email":"samantha.scott@me.com","total":3},{"email":"andrew.miller@gmail.com","total":3},{"email":"dylan.wilson@gmail.com","total":1},{"email":"ella.anderson@dropbox.net","total":4},{"email":"ethan.hernandez@microsoft.com","total":2},{"email":"jackson.white@gmail.com","total":1},{"email":"emily.taylor@gmail.com","total":1},{"email":"noah.sanchez@me.com","total":2},{"email":"taylor.adams@gmail.com","total":1},{"email":"jacob.lopez@dropbox.net","total":4},{"email":"nathan.young@microsoft.com","total":3},{"email":"ella.anderson@dropbox.net","total":3},{"email":"olivia.wright@gmail.com","total":1},{"email":"daniel.rodriguez@amerisave.com","total":2},{"email":"jacob.lopez@dropbox.net","total":3},{"email":"mia.perez@me.com","total":2},{"email":"jacob.lopez@dropbox.net","total":2},{"email":"abigail.smith@amerisave.com","total":1},{"email":"joshua.lee@gmail.com","total":3},{"email":"jacob.lopez@dropbox.net","total":1},{"email":"jack.thompson@me.com","total":4},{"email":"alexander.williams@gmail.com","total":2},{"email":"nathan.young@microsoft.com","total":2},{"email":"alexander.williams@gmail.com","total":1},{"email":"aiden.johnson@microsoft.com","total":2},{"email":"michael.hall@dropbox.net","total":1},{"email":"nathan.young@microsoft.com","total":1},{"email":"ella.anderson@dropbox.net","total":2},{"email":"alexis.brown@microsoft.com","total":2},{"email":"samantha.scott@me.com","total":2},{"email":"grace.moore@gmail.com","total":2},{"email":"emma.thomas@me.com","total":1},{"email":"hannah.martin@dropbox.net","total":1},{"email":"liam.gonzalez@me.com","total":2},{"email":"andrew.miller@gmail.com","total":2},{"email":"grace.moore@gmail.com","total":1},{"email":"madison.lewis@gmail.com","total":1},{"email":"andrew.miller@gmail.com","total":1},{"email":"samantha.scott@me.com","total":1},{"email":"jack.thompson@me.com","total":3},{"email":"ava.davis@gmail.com","total":2},{"email":"ella.anderson@dropbox.net","total":1},{"email":"elizabeth.martinez@dropbox.net","total":2},{"email":"elizabeth.martinez@dropbox.net","total":1},{"email":"joshua.lee@gmail.com","total":2},{"email":"ethan.hernandez@microsoft.com","total":1},{"email":"jack.thompson@me.com","total":2},{"email":"jack.thompson@me.com","total":1},{"email":"logan.clark@dropbox.net","total":1},{"email":"chloe.garcia@dropbox.net","total":1},{"email":"mia.perez@me.com","total":1},{"email":"matthew.walker@amerisave.com","total":2},{"email":"sophia.baker@dropbox.net","total":1},{"email":"matthew.walker@amerisave.com","total":1},{"email":"alexis.brown@microsoft.com","total":1},{"email":"liam.gonzalez@me.com","total":1},{"email":"mason.robinson@amerisave.com","total":1},{"email":"daniel.rodriguez@amerisave.com","total":1},{"email":"ava.davis@gmail.com","total":1},{"email":"noah.sanchez@me.com","total":1},{"email":"sarah.green@amerisave.com","total":1},{"email":"ryan.king@dropbox.net","total":1},{"email":"joshua.lee@gmail.com","total":1},{"email":"aiden.johnson@microsoft.com","total":1}]}