{"logs_id":"9f80456c-db23-4e2c-a4f8-75c09c4c4c3a","tally":[{"email":"noah.sanchez@me.com","total":568},{"email":"michael.hall@dropbox.net","total":613},{"email":"olivia.wright@gmail.com","total":632},{"email":"isabella.jackson@amerisave.com","total":631},{"email":"hannah.martin@dropbox.net","total":639},{"email":"madison.lewis@gmail.com","total":644},{"email":"abigail.smith@amerisave.com","total":622},{"email":"chloe.garcia@dropbox.net","total":608},{"email":"daniel.rodriguez@amerisave.com","total":649},{"email":"taylor.adams@gmail.com","total":621},{"email":"sarah.green@amerisave.com","total":625},{"email":"liam.gonzalez@me.com","total":632},{"email":"grace.moore@gmail.com","total":622},{"email":"nicholas.allen@microsoft.com","total":597},{"email":"tyler.nelson@microsoft.com","total":640},{"email":"andrew.miller@gmail.com","total":604},{"email":"samantha.scott@me.com","total":647},{"email":"jackson.white@gmail.com","total":635},{"email":"nathan.young@microsoft.com","total":601},{"email":"emma.thomas@me.com","total":619},{"email":"alexander.williams@gmail.com","total":588},{"email":"sophia.baker@dropbox.net","total":579},{"email":"elizabeth.martinez@dropbox.net","total":626},{"email":"logan.clark@dropbox.net","total":592},{"email":"lily.harris@gmail.com","total":618},{"email":"emily.taylor@gmail.com","total":649},{"email":"matthew.walker@amerisave.com","total":656},{"email":"jacob.lopez@dropbox.net","total":603},{"email":"aiden.johnson@microsoft.com","total":591},{"email":"alexis.brown@microsoft.com","total":617},{"email":"alyssa.jones@amerisave.com","total":628},{"email":"mia.perez@me.com","total":636},{"email":"ella.anderson@dropbox.net","total":631},{"email":"mason.robinson@amerisave.com","total":657},{"email":"dylan.wilson@gmail.com","total":620},{"email":"ava.davis@gmail.com","total":610},{"email":"jack.thompson@me.com","total":636},{"email":"ryan.king@dropbox.net","total":627},{"email":"ethan.hernandez@microsoft.com","total":607},{"email":"joshua.lee@gmail.com","total":624},{"email":"jackson.white@gmail.com","total":10},{"email":"chloe.garcia@dropbox.net","total":6},{"email":"daniel.rodriguez@amerisave.com","total":3},{"email":"michael.hall@dropbox.net","total":5},{"email":"elizabeth.martinez@dropbox.net","total":3},{"email":"abigail.smith@amerisave.com","total":7},{"email":"jack.thompson@me.com","total":12},{"email":"jack.thompson@me.com","total":11},{"email":"alexander.williams@gmail.com","total":3},{"email":"alyssa.jones@amerisave.com","total":8},{"email":"emily.taylor@gmail.com","total":11},{"email":"mia.perez@me.com","total":7},{"email":"nathan.young@microsoft.com","total":11},{"email":"logan.clark@dropbox.net","total":10},{"email":"hannah.martin@dropbox.net","total":8},{"email":"ryan.king@dropbox.net","total":7},{"email":"michael.hall@dropbox.net","total":4},{"email":"sophia.baker@dropbox.net","total":5},{"email":"samantha.scott@me.com","total":5},{"email":"logan.clark@dropbox.net","total":9},{"email":"emma.thomas@me.com","total":10},{"email":"isabella.jackson@amerisave.com","total":10},{"email":"samantha.scott@me.com","total":4},{"email":"nathan.young@microsoft.com","total":10},{"email":"alexis.brown@microsoft.com","total":4},{"email":"ella.anderson@dropbox.net","total":4},{"email":"ella.anderson@dropbox.net","total":3},{"email":"michael.hall@dropbox.net","total":3},{"email":"joshua.lee@gmail.com","total":7},{"email":"jack.thompson@me.com","total":10},{"email":"nathan.young@microsoft.com","total":9},{"email":"alyssa.jones@amerisave.com","total":7},{"email":"tyler.nelson@microsoft.com","total":7},{"email":"joshua.lee@gmail.com","total":6},{"email":"alexander.williams@gmail.com","total":2},{"email":"liam.gonzalez@me.com","total":8},{"email":"alyssa.jones@amerisave.com","total":6},{"email":"isabella.jackson@amerisave.com","total":9},{"email":"chloe.garcia@dropbox.net","total":5},{"email":"matthew.walker@amerisave.com","total":10},{"email":"isabella.jackson@amerisave.com","total":8},{"email":"tyler.nelson@microsoft.com","total":6},{"email":"madison.lewis@gmail.com","total":5},{"email":"mia.perez@me.com","total":6},{"email":"liam.gonzalez@me.com","total":7},{"email":"ava.davis@gmail.com","total":5},{"email":"nathan.young@microsoft.com","total":8},{"email":"chloe.garcia@dropbox.net","total":4},{"email":"alexis.brown@microsoft.com","total":3},{"email":"nicholas.allen@microsoft.com","total":10},{"email":"jack.thompson@me.com","total":9},{"email":"daniel.rodriguez@amerisave.com","total":2},{"email":"jack.thompson@me.com","total":8},{"email":"alexis.brown@microsoft.com","total":2},{"email":"aiden.johnson@microsoft.com","total":7},{"email":"andrew.miller@gmail.com","total":4},{"email":"alexis.brown@microsoft.com","total":1},{"email":"andrew.miller@gmail.com","total":3},{"email":"jacob.lopez@dropbox.net","total":6},{"email":"emma.thomas@me.com","total":9},{"email":"hannah.martin@dropbox.net","total":7},{"email":"nathan.young@microsoft.com","total":7},{"email":"matthew.walker@amerisave.com","total":9},{"email":"jack.thompson@me.com","total":7},{"email":"daniel.rodriguez@amerisave.com","total":1},{"email":"samantha.scott@me.com","total":3},{"email":"emily.taylor@gmail.com","total":10},{"email":"olivia.wright@gmail.com","total":4},{"email":"tyler.nelson@microsoft.com","total":5},{"email":"lily.harris@gmail.com","total":5},{"email":"michael.hall@dropbox.net","total":2},{"email":"liam.gonzalez@me.com","total":6},{"email":"jackson.white@gmail.com","total":9},{"email":"emma.thomas@me.com","total":8},{"email":"joshua.lee@gmail.com","total":5},{"email":"jacob.lopez@dropbox.net","total":5},{"email":"ava.davis@gmail.com","total":4},{"email":"sophia.baker@dropbox.net","total":4},{"email":"taylor.adams@gmail.com","total":7},{"email":"abigail.smith@amerisave.com","total":6},{"email":"jacob.lopez@dropbox.net","total":4},{"email":"hannah.martin@dropbox.net","total":6},{"email":"nathan.young@microsoft.com","total":6},{"email":"ava.davis@gmail.com","total":3},{"email":"michael.hall@dropbox.net","total":1},{"email":"tyler.nelson@microsoft.com","total":4},{"email":"aiden.johnson@microsoft.com","total":6},{"email":"abigail.smith@amerisave.com","total":5},{"email":"jackson.white@gmail.com","total":8},{"email":"taylor.adams@gmail.com","total":6},{"email":"matthew.walker@amerisave.com","total":8},{"email":"sarah.green@amerisave.com","total":7},{"email":"samantha.scott@me.com","total":2},{"email":"hannah.martin@dropbox.net","total":5},{"email":"jack.thompson@me.com","total":6},{"email":"ethan.hernandez@microsoft.com","total":6},{"email":"olivia.wright@gmail.com","total":3},{"email":"hannah.martin@dropbox.net","total":4},{"email":"jack.thompson@me.com","total":5},{"email":"sarah.green@amerisave.com","total":6},{"email":"mia.perez@me.com","total":5},{"email":"grace.moore@gmail.com","total":5},{"email":"olivia.wright@gmail.com","total":2},{"email":"andrew.miller@gmail.com","total":2},{"email":"aiden.johnson@microsoft.com","total":5},{"email":"sarah.green@amerisave.com","total":5},{"email":"matthew.walker@amerisave.com","total":7},{"email":"sarah.green@amerisave.com","total":4},{"email":"isabella.jackson@amerisave.com","total":7},{"email":"nicholas.allen@microsoft.com","total":9},{"email":"noah.sanchez@me.com","total":4},{"email":"emma.thomas@me.com","total":7},{"email":"liam.gonzalez@me.com","total":5},{"email":"lily.harris@gmail.com","total":4},{"email":"nicholas.allen@microsoft.com","total":8},{"email":"ryan.king@dropbox.net","total":6},{"email":"matthew.walker@amerisave.com","total":6},{"email":"emily.taylor@gmail.com","total":9},{"email":"abigail.smith@amerisave.com","total":4},{"email":"hannah.martin@dropbox.net","total":3},{"email":"isabella.jackson@amerisave.com","total":6},{"email":"nathan.young@microsoft.com","total":5},{"email":"matthew.walker@amerisave.com","total":5},{"email":"matthew.walker@amerisave.com","total":4},{"email":"taylor.adams@gmail.com","total":5},{"email":"liam.gonzalez@me.com","total":4},{"email":"taylor.adams@gmail.com","total":4},{"email":"madison.lewis@gmail.com","total":4},{"email":"matthew.walker@amerisave.com","total":3},{"email":"ava.davis@gmail.com","total":2},{"email":"abigail.smith@amerisave.com","total":3},{"email":"nicholas.allen@microsoft.com","total":7},{"email":"madison.lewis@gmail.com","total":3},{"email":"emily.taylor@gmail.com","total":8},{"email":"abigail.smith@amerisave.com","total":2},{"email":"ryan.king@dropbox.net","total":5},{"email":"jack.thompson@me.com","total":4},{"email":"aiden.johnson@microsoft.com","total":4},{"email":"alyssa.jones@amerisave.com","total":5},{"email":"chloe.garcia@dropbox.net","total":3},{"email":"mason.robinson@amerisave.com","total":5},{"email":"taylor.adams@gmail.com","total":3},{"email":"jack.thompson@me.com","total":3},{"email":"matthew.walker@amerisave.com","total":2},{"email":"emily.taylor@gmail.com","total":7},{"email":"mia.perez@me.com","total":4},{"email":"logan.clark@dropbox.net","total":8},{"email":"jackson.white@gmail.com","total":7},{"email":"jackson.white@gmail.com","total":6},{"email":"aiden.johnson@microsoft.com","total":3},{"email":"emily.taylor@gmail.com","total":6},{"email":"emma.thomas@me.com","total":6},{"email":"isabella.jackson@amerisave.com","total":5},{"email":"logan.clark@dropbox.net","total":7},{"email":"isabella.jackson@amerisave.com","total":4},{"email":"ryan.king@dropbox.net","total":4},{"email":"taylor.adams@gmail.com","total":2},{"email":"sophia.baker@dropbox.net","total":3},{"email":"sophia.baker@dropbox.net","total":2},{"email":"sarah.green@amerisave.com","total":3},{"email":"nicholas.allen@microsoft.com","total":6},{"email":"nathan.young@microsoft.com","total":4},{"email":"hannah.martin@dropbox.net","total":2},{"email":"ava.davis@gmail.com","total":1},{"email":"mia.perez@me.com","total":3},{"email":"nicholas.allen@microsoft.com","total":5},{"email":"taylor.adams@gmail.com","total":1},{"email":"logan.clark@dropbox.net","total":6},{"email":"nicholas.allen@microsoft.com","total":4},{"email":"nathan.young@microsoft.com","total":3},{"email":"emma.thomas@me.com","total":5},{"email":"logan.clark@dropbox.net","total":5},{"email":"nicholas.allen@microsoft.com","total":3},{"email":"nathan.young@microsoft.com","total":2},{"email":"grace.moore@gmail.com","total":4},{"email":"emma.thomas@me.com","total":4},{"email":"isabella.jackson@amerisave.com","total":3},{"email":"grace.moore@gmail.com","total":3},{"email":"lily.harris@gmail.com","total":3},{"email":"alyssa.jones@amerisave.com","total":4},{"email":"tyler.nelson@microsoft.com","total":3},{"email":"jacob.lopez@dropbox.net","total":3},{"email":"logan.clark@dropbox.net","total":4},{"email":"emily.taylor@gmail.com","total":5},{"email":"mason.robinson@amerisave.com","total":4},{"email":"emma.thomas@me.com","total":3},{"email":"alyssa.jones@amerisave.com","total":3},{"email":"emily.taylor@gmail.com","total":4},{"email":"olivia.wright@gmail.com","total":1},{"email":"grace.moore@gmail.com","total":2},{"email":"madison.lewis@gmail.com","total":2},{"email":"ethan.hernandez@microsoft.com","total":5},{"email":"andrew.miller@gmail.com","total":1},{"email":"alexander.williams@gmail.com","total":1},{"email":"alyssa.jones@amerisave.com","total":2},{"email":"noah.sanchez@me.com","total":3},{"email":"jackson.white@gmail.com","total":5},{"email":"chloe.garcia@dropbox.net","total":2},{"email":"isabella.jackson@amerisave.com","total":2},{"email":"jackson.white@gmail.com","total":4},{"email":"jack.thompson@me.com","total":2},{"email":"emily.taylor@gmail.com","total":3},{"email":"sophia.baker@dropbox.net","total":1},{"email":"ella.anderson@dropbox.net","total":2},{"email":"elizabeth.martinez@dropbox.net","total":2},{"email":"noah.sanchez@me.com","total":2},{"email":"lily.harris@gmail.com","total":2},{"email":"jacob.lopez@dropbox.net","total":2},{"email":"mia.perez@me.com","total":2},{"email":"ethan.hernandez@microsoft.com","total":4},{"email":"joshua.lee@gmail.com","total":4},{"email":"alyssa.jones@amerisave.com","total":1},{"email":"emily.taylor@gmail.com","total":2},{"email":"matthew.walker@amerisave.com","total":1},{"email":"nicholas.allen@microsoft.com","total":2},{"email":"emily.taylor@gmail.com","total":1},{"email":"nathan.young@microsoft.com","total":1},{"email":"ella.anderson@dropbox.net","total":1},{"email":"chloe.garcia@dropbox.net","total":1},{"email":"abigail.smith@amerisave.com","total":1},{"email":"sarah.green@amerisave.com","total":2},{"email":"ryan.king@dropbox.net","total":3},{"email":"logan.clark@dropbox.net","total":3},{"email":"liam.gonzalez@me.com","total":3},{"email":"jack.thompson@me.com","total":1},{"email":"sarah.green@amerisave.com","total":1},{"email":"ethan.hernandez@microsoft.com","total":3},{"email":"hannah.martin@dropbox.net","total":1},{"email":"mia.perez@me.com","total":1},{"email":"tyler.nelson@microsoft.com","total":2},{"email":"ethan.hernandez@microsoft.com","total":2},{"email":"joshua.lee@gmail.com","total":3},{"email":"emma.thomas@me.com","total":2},{"email":"mason.robinson@amerisave.com","total":3},{"email":"madison.lewis@gmail.com","total":1},{"email":"jacob.lopez@dropbox.net","total":1},{"email":"ryan.king@dropbox.net","total":2},{"email":"mason.robinson@amerisave.com","total":2},{"email":"dylan.wilson@gmail.com","total":3},{"email":"emma.thomas@me.com","total":1},{"email":"aiden.johnson@microsoft.com","total":2},{"email":"mason.robinson@amerisave.com","total":1},{"email":"logan.clark@dropbox.net","total":2},{"email":"jackson.white@gmail.com","total":3},{"email":"ethan.hernandez@microsoft.com","total":1},{"email":"ryan.king@dropbox.net","total":1},{"email":"joshua.lee@gmail.com","total":2},{"email":"isabella.jackson@amerisave.com","total":1},{"email":"dylan.wilson@gmail.com","total":2},{"email":"logan.clark@dropbox.net","total":1},{"email":"aiden.johnson@microsoft.com","total":1},{"email":"liam.gonzalez@me.com","total":2},{"email":"grace.moore@gmail.com","total":1},{"email":"tyler.nelson@microsoft.com","total":1},{"email":"noah.sanchez@me.com","total":1},{"email":"elizabeth.martinez@dropbox.net","total":1},{"email":"jackson.white@gmail.com","total":2},{"email":"samantha.scott@me.com","total":1},{"email":"joshua.lee@gmail.com","total":1},{"email":"nicholas.allen@microsoft.com","total":1},{"email":"liam.gonzalez@me.com","total":1},{"email":"lily.harris@gmail.com","total":1},{"email":"dylan.wilson@gmail.com","total":1},{"email":"jackson.white@gmail.com","total":1}]}