{"logs_id":"8e934850-ab15-46f4-a6bc-9e06af635c81","tally":[{"email":"noah.sanchez@me.com","total":568},{"email":"michael.hall@dropbox.net","total":613},{"email":"olivia.wright@gmail.com","total":632},{"email":"isabella.jackson@amerisave.com","total":631},{"email":"hannah.martin@dropbox.net","total":639},{"email":"madison.lewis@gmail.com","total":644},{"email":"abigail.smith@amerisave.com","total":622},{"email":"chloe.garcia@dropbox.net","total":608},{"email":"daniel.rodriguez@amerisave.com","total":649},{"email":"taylor.adams@gmail.com","total":621},{"email":"sarah.green@amerisave.com","total":625},{"email":"liam.gonzalez@me.com","total":632},{"email":"grace.moore@gmail.com","total":622},{"email":"nicholas.allen@microsoft.com","total":597},{"email":"tyler.nelson@microsoft.com","total":640},{"email":"andrew.miller@gmail.com","total":604},{"email":"samantha.scott@me.com","total":647},{"email":"jackson.white@gmail.com","total":635},{"email":"nathan.young@microsoft.com","total":601},{"email":"emma.thomas@me.com","total":619},{"email":"alexander.williams@gmail.com","total":588},{"email":"sophia.baker@dropbox.net","total":579},{"email":"elizabeth.martinez@dropbox.net","total":626},{"email":"logan.clark@dropbox.net","total":592},{"email":"lily.harris@gmail.com","total":618},{"email":"emily.taylor@gmail.com","total":649},{"email":"matthew.walker@amerisave.com","total":656},{"email":"jacob.lopez@dropbox.net","total":603},{"email":"aiden.johnson@microsoft.com","total":591},{"email":"alexis.brown@microsoft.com","total":617},{"email":"alyssa.jones@amerisave.com","total":628},{"email":"mia.perez@me.com","total":636},{"email":"ella.anderson@dropbox.net","total":631},{"email":"mason.robinson@amerisave.com","total":657},{"email":"dylan.wilson@gmail.com","total":620},{"email":"ava.davis@gmail.com","total":610},{"email":"jack.thompson@me.com","total":636},{"email":"ryan.king@dropbox.net","total":627},{"email":"ethan.hernandez@microsoft.com","total":607},{"email":"joshua.lee@gmail.com","total":624},{"email":"matthew.walker@amerisave.com","total":3},{"email":"jackson.white@gmail.com","total":9},{"email":"alexis.brown@microsoft.com","total":6},{"email":"emily.taylor@gmail.com","total":8},{"email":"lily.harris@gmail.com","total":12},{"email":"michael.hall@dropbox.net","total":7},{"email":"andrew.miller@gmail.com","total":12},{"email":"jackson.white@gmail.com","total":8},{"email":"ava.davis@gmail.com","total":2},{"email":"andrew.miller@gmail.com","total":11},{"email":"sophia.baker@dropbox.net","total":5},{"email":"logan.clark@dropbox.net","total":11},{"email":"alexander.williams@gmail.com","total":7},{"email":"sarah.green@amerisave.com","total":5},{"email":"noah.sanchez@me.com","total":9},{"email":"emma.thomas@me.com","total":9},{"email":"tyler.nelson@microsoft.com","total":4},{"email":"tyler.nelson@microsoft.com","total":3},{"email":"logan.clark@dropbox.net","total":10},{"email":"samantha.scott@me.com","total":10},{"email":"lily.harris@gmail.com","total":11},{"email":"olivia.wright@gmail.com","total":7},{"email":"elizabeth.martinez@dropbox.net","total":7},{"email":"olivia.wright@gmail.com","total":6},{"email":"nathan.young@microsoft.com","total":7},{"email":"daniel.rodriguez@amerisave.com","total":9},{"email":"lily.harris@gmail.com","total":10},{"email":"ella.anderson@dropbox.net","total":7},{"email":"hannah.martin@dropbox.net","total":6},{"email":"elizabeth.martinez@dropbox.net","total":6},{"email":"isabella.jackson@amerisave.com","total":3},{"email":"mason.robinson@amerisave.com","total":8},{"email":"joshua.lee@gmail.com","total":7},{"email":"alyssa.jones@amerisave.com","total":3},{"email":"jack.thompson@me.com","total":6},{"email":"chloe.garcia@dropbox.net","total":5},{"email":"logan.clark@dropbox.net","total":9},{"email":"olivia.wright@gmail.com","total":5},{"email":"lily.harris@gmail.com","total":9},{"email":"hannah.martin@dropbox.net","total":5},{"email":"isabella.jackson@amerisave.com","total":2},{"email":"sarah.green@amerisave.com","total":4},{"email":"madison.lewis@gmail.com","total":8},{"email":"madison.lewis@gmail.com","total":7},{"email":"sarah.green@amerisave.com","total":3},{"email":"noah.sanchez@me.com","total":8},{"email":"aiden.johnson@microsoft.com","total":11},{"email":"jack.thompson@me.com","total":5},{"email":"michael.hall@dropbox.net","total":6},{"email":"michael.hall@dropbox.net","total":5},{"email":"emily.taylor@gmail.com","total":7},{"email":"jackson.white@gmail.com","total":7},{"email":"daniel.rodriguez@amerisave.com","total":8},{"email":"aiden.johnson@microsoft.com","total":10},{"email":"taylor.adams@gmail.com","total":7},{"email":"noah.sanchez@me.com","total":7},{"email":"mia.perez@me.com","total":8},{"email":"dylan.wilson@gmail.com","total":12},{"email":"andrew.miller@gmail.com","total":10},{"email":"joshua.lee@gmail.com","total":6},{"email":"daniel.rodriguez@amerisave.com","total":7},{"email":"taylor.adams@gmail.com","total":6},{"email":"ella.anderson@dropbox.net","total":6},{"email":"liam.gonzalez@me.com","total":9},{"email":"emily.taylor@gmail.com","total":6},{"email":"andrew.miller@gmail.com","total":9},{"email":"tyler.nelson@microsoft.com","total":2},{"email":"logan.clark@dropbox.net","total":8},{"email":"dylan.wilson@gmail.com","total":11},{"email":"samantha.scott@me.com","total":9},{"email":"joshua.lee@gmail.com","total":5},{"email":"grace.moore@gmail.com","total":8},{"email":"abigail.smith@amerisave.com","total":6},{"email":"lily.harris@gmail.com","total":8},{"email":"taylor.adams@gmail.com","total":5},{"email":"dylan.wilson@gmail.com","total":10},{"email":"liam.gonzalez@me.com","total":8},{"email":"ethan.hernandez@microsoft.com","total":2},{"email":"madison.lewis@gmail.com","total":6},{"email":"emma.thomas@me.com","total":8},{"email":"nathan.young@microsoft.com","total":6},{"email":"taylor.adams@gmail.com","total":4},{"email":"emma.thomas@me.com","total":7},{"email":"elizabeth.martinez@dropbox.net","total":5},{"email":"jack.thompson@me.com","total":4},{"email":"jackson.white@gmail.com","total":6},{"email":"grace.moore@gmail.com","total":7},{"email":"samantha.scott@me.com","total":8},{"email":"jacob.lopez@dropbox.net","total":4},{"email":"lily.harris@gmail.com","total":7},{"email":"ella.anderson@dropbox.net","total":5},{"email":"liam.gonzalez@me.com","total":7},{"email":"andrew.miller@gmail.com","total":8},{"email":"alexander.williams@gmail.com","total":6},{"email":"ethan.hernandez@microsoft.com","total":1},{"email":"dylan.wilson@gmail.com","total":9},{"email":"aiden.johnson@microsoft.com","total":9},{"email":"dylan.wilson@gmail.com","total":8},{"email":"joshua.lee@gmail.com","total":4},{"email":"daniel.rodriguez@amerisave.com","total":6},{"email":"madison.lewis@gmail.com","total":5},{"email":"jacob.lopez@dropbox.net","total":3},{"email":"lily.harris@gmail.com","total":6},{"email":"grace.moore@gmail.com","total":6},{"email":"olivia.wright@gmail.com","total":4},{"email":"emma.thomas@me.com","total":6},{"email":"samantha.scott@me.com","total":7},{"email":"noah.sanchez@me.com","total":6},{"email":"matthew.walker@amerisave.com","total":2},{"email":"grace.moore@gmail.com","total":5},{"email":"nicholas.allen@microsoft.com","total":4},{"email":"andrew.miller@gmail.com","total":7},{"email":"alexis.brown@microsoft.com","total":5},{"email":"mason.robinson@amerisave.com","total":7},{"email":"abigail.smith@amerisave.com","total":5},{"email":"chloe.garcia@dropbox.net","total":4},{"email":"ryan.king@dropbox.net","total":3},{"email":"aiden.johnson@microsoft.com","total":8},{"email":"grace.moore@gmail.com","total":4},{"email":"alexis.brown@microsoft.com","total":4},{"email":"nicholas.allen@microsoft.com","total":3},{"email":"logan.clark@dropbox.net","total":7},{"email":"michael.hall@dropbox.net","total":4},{"email":"samantha.scott@me.com","total":6},{"email":"alyssa.jones@amerisave.com","total":2},{"email":"abigail.smith@amerisave.com","total":4},{"email":"ava.davis@gmail.com","total":1},{"email":"andrew.miller@gmail.com","total":6},{"email":"emily.taylor@gmail.com","total":5},{"email":"mia.perez@me.com","total":7},{"email":"sarah.green@amerisave.com","total":2},{"email":"sophia.baker@dropbox.net","total":4},{"email":"madison.lewis@gmail.com","total":4},{"email":"lily.harris@gmail.com","total":5},{"email":"taylor.adams@gmail.com","total":3},{"email":"logan.clark@dropbox.net","total":6},{"email":"emily.taylor@gmail.com","total":4},{"email":"samantha.scott@me.com","total":5},{"email":"mia.perez@me.com","total":6},{"email":"hannah.martin@dropbox.net","total":4},{"email":"samantha.scott@me.com","total":4},{"email":"liam.gonzalez@me.com","total":6},{"email":"noah.sanchez@me.com","total":5},{"email":"joshua.lee@gmail.com","total":3},{"email":"samantha.scott@me.com","total":3},{"email":"emma.thomas@me.com","total":5},{"email":"jackson.white@gmail.com","total":5},{"email":"nathan.young@microsoft.com","total":5},{"email":"nathan.young@microsoft.com","total":4},{"email":"jackson.white@gmail.com","total":4},{"email":"dylan.wilson@gmail.com","total":7},{"email":"ryan.king@dropbox.net","total":2},{"email":"daniel.rodriguez@amerisave.com","total":5},{"email":"nathan.young@microsoft.com","total":3},{"email":"logan.clark@dropbox.net","total":5},{"email":"ryan.king@dropbox.net","total":1},{"email":"matthew.walker@amerisave.com","total":1},{"email":"olivia.wright@gmail.com","total":3},{"email":"emily.taylor@gmail.com","total":3},{"email":"aiden.johnson@microsoft.com","total":7},{"email":"dylan.wilson@gmail.com","total":6},{"email":"nicholas.allen@microsoft.com","total":2},{"email":"jacob.lopez@dropbox.net","total":2},{"email":"mia.perez@me.com","total":5},{"email":"abigail.smith@amerisave.com","total":3},{"email":"olivia.wright@gmail.com","total":2},{"email":"chloe.garcia@dropbox.net","total":3},{"email":"elizabeth.martinez@dropbox.net","total":4},{"email":"liam.gonzalez@me.com","total":5},{"email":"madison.lewis@gmail.com","total":3},{"email":"mason.robinson@amerisave.com","total":6},{"email":"madison.lewis@gmail.com","total":2},{"email":"abigail.smith@amerisave.com","total":2},{"email":"aiden.johnson@microsoft.com","total":6},{"email":"jack.thompson@me.com","total":3},{"email":"chloe.garcia@dropbox.net","total":2},{"email":"michael.hall@dropbox.net","total":3},{"email":"alexander.williams@gmail.com","total":5},{"email":"nicholas.allen@microsoft.com","total":1},{"email":"hannah.martin@dropbox.net","total":3},{"email":"alexis.brown@microsoft.com","total":3},{"email":"hannah.martin@dropbox.net","total":2},{"email":"liam.gonzalez@me.com","total":4},{"email":"isabella.jackson@amerisave.com","total":1},{"email":"dylan.wilson@gmail.com","total":5},{"email":"daniel.rodriguez@amerisave.com","total":4},{"email":"taylor.adams@gmail.com","total":2},{"email":"madison.lewis@gmail.com","total":1},{"email":"mia.perez@me.com","total":4},{"email":"hannah.martin@dropbox.net","total":1},{"email":"mason.robinson@amerisave.com","total":5},{"email":"alexander.williams@gmail.com","total":4},{"email":"jackson.white@gmail.com","total":3},{"email":"alexis.brown@microsoft.com","total":2},{"email":"mason.robinson@amerisave.com","total":4},{"email":"aiden.johnson@microsoft.com","total":5},{"email":"ella.anderson@dropbox.net","total":4},{"email":"liam.gonzalez@me.com","total":3},{"email":"michael.hall@dropbox.net","total":2},{"email":"liam.gonzalez@me.com","total":2},{"email":"aiden.johnson@microsoft.com","total":4},{"email":"alyssa.jones@amerisave.com","total":1},{"email":"emily.taylor@gmail.com","total":2},{"email":"sophia.baker@dropbox.net","total":3},{"email":"lily.harris@gmail.com","total":4},{"email":"mia.perez@me.com","total":3},{"email":"alexander.williams@gmail.com","total":3},{"email":"andrew.miller@gmail.com","total":5},{"email":"daniel.rodriguez@amerisave.com","total":3},{"email":"andrew.miller@gmail.com","total":4},{"email":"samantha.scott@me.com","total":2},{"email":"noah.sanchez@me.com","total":4},{"email":"michael.hall@dropbox.net","total":1},{"email":"joshua.lee@gmail.com","total":2},{"email":"sophia.baker@dropbox.net","total":2},{"email":"noah.sanchez@me.com","total":3},{"email":"tyler.nelson@microsoft.com","total":1},{"email":"daniel.rodriguez@amerisave.com","total":2},{"email":"nathan.young@microsoft.com","total":2},{"email":"jack.thompson@me.com","total":2},{"email":"emma.thomas@me.com","total":4},{"email":"mia.perez@me.com","total":2},{"email":"elizabeth.martinez@dropbox.net","total":3},{"email":"liam.gonzalez@me.com","total":1},{"email":"mia.perez@me.com","total":1},{"email":"andrew.miller@gmail.com","total":3},{"email":"aiden.johnson@microsoft.com","total":3},{"email":"emily.taylor@gmail.com","total":1},{"email":"dylan.wilson@gmail.com","total":4},{"email":"andrew.miller@gmail.com","total":2},{"email":"alexis.brown@microsoft.com","total":1},{"email":"grace.moore@gmail.com","total":3},{"email":"daniel.rodriguez@amerisave.com","total":1},{"email":"ella.anderson@dropbox.net","total":3},{"email":"lily.harris@gmail.com","total":3},{"email":"emma.thomas@me.com","total":3},{"email":"grace.moore@gmail.com","total":2},{"email":"noah.sanchez@me.com","total":2},{"email":"joshua.lee@gmail.com","total":1},{"email":"abigail.smith@amerisave.com","total":1},{"email":"taylor.adams@gmail.com","total":1},{"email":"alexander.williams@gmail.com","total":2},{"email":"olivia.wright@gmail.com","total":1},{"email":"ella.anderson@dropbox.net","total":2},{"email":"aiden.johnson@microsoft.com","total":2},{"email":"emma.thomas@me.com","total":2},{"email":"aiden.johnson@microsoft.com","total":1},{"email":"logan.clark@dropbox.net","total":4},{"email":"dylan.wilson@gmail.com","total":3},{"email":"emma.thomas@me.com","total":1},{"email":"elizabeth.martinez@dropbox.net","total":2},{"email":"elizabeth.martinez@dropbox.net","total":1},{"email":"sarah.green@amerisave.com","total":1},{"email":"chloe.garcia@dropbox.net","total":1},{"email":"dylan.wilson@gmail.com","total":2},{"email":"dylan.wilson@gmail.com","total":1},{"email":"mason.robinson@amerisave.com","total":3},{"email":"sophia.baker@dropbox.net","total":1},{"email":"jack.thompson@me.com","total":1},{"email":"logan.clark@dropbox.net","total":3},{"email":"mason.robinson@amerisave.com","total":2},{"email":"grace.moore@gmail.com","total":1},{"email":"ella.anderson@dropbox.net","total":1},{"email":"jacob.lopez@dropbox.net","total":1},{"email":"logan.clark@dropbox.net","total":2},{"email":"lily.harris@gmail.com","total":2},{"email":"andrew.miller@gmail.com","total":1},{"email":"mason.robinson@amerisave.com","total":1},{"email":"samantha.scott@me.com","total":1},{"email":"jackson.white@gmail.com","total":2},{"email":"noah.sanchez@me.com","total":1},{"email":"logan.clark@dropbox.net","total":1},{"email":"lily.harris@gmail.com","total":1},{"email":"nathan.young@microsoft.com","total":1},{"email":"alexander.williams@gmail.com","total":1},{"email":"jackson.white@gmail.com","total":1}]}