{"logs_id":"7dc481f1-a58b-4683-8bba-daa88b41b52b","tally":[{"email":"noah.sanchez@me.com","total":568},{"email":"michael.hall@dropbox.net","total":613},{"email":"olivia.wright@gmail.com","total":632},{"email":"isabella.jackson@amerisave.com","total":631},{"email":"hannah.martin@dropbox.net","total":639},{"email":"madison.lewis@gmail.com","total":644},{"email":"abigail.smith@amerisave.com","total":622},{"email":"chloe.garcia@dropbox.net","total":608},{"email":"daniel.rodriguez@amerisave.com","total":649},{"email":"taylor.adams@gmail.com","total":621},{"email":"sarah.green@amerisave.com","total":625},{"email":"liam.gonzalez@me.com","total":632},{"email":"grace.moore@gmail.com","total":622},{"email":"nicholas.allen@microsoft.com","total":597},{"email":"tyler.nelson@microsoft.com","total":640},{"email":"andrew.miller@gmail.com","total":604},{"email":"samantha.scott@me.com","total":647},{"email":"jackson.white@gmail.com","total":635},{"email":"nathan.young@microsoft.com","total":601},{"email":"emma.thomas@me.com","total":619},{"email":"alexander.williams@gmail.com","total":588},{"email":"sophia.baker@dropbox.net","total":579},{"email":"elizabeth.martinez@dropbox.net","total":626},{"email":"logan.clark@dropbox.net","total":592},{"email":"lily.harris@gmail.com","total":618},{"email":"emily.taylor@gmail.com","total":649},{"email":"matthew.walker@amerisave.com","total":656},{"email":"jacob.lopez@dropbox.net","total":603},{"email":"aiden.johnson@microsoft.com","total":591},{"email":"alexis.brown@microsoft.com","total":617},{"email":"alyssa.jones@amerisave.com","total":628},{"email":"mia.perez@me.com","total":636},{"email":"ella.anderson@dropbox.net","total":631},{"email":"mason.robinson@amerisave.com","total":657},{"email":"dylan.wilson@gmail.com","total":620},{"email":"ava.davis@gmail.com","total":610},{"email":"jack.thompson@me.com","total":636},{"email":"ryan.king@dropbox.net","total":627},{"email":"ethan.hernandez@microsoft.com","total":607},{"email":"joshua.lee@gmail.com","total":624},{"email":"noah.sanchez@me.com","total":7},{"email":"abigail.smith@amerisave.com","total":15},{"email":"jackson.white@gmail.com","total":9},{"email":"logan.clark@dropbox.net","total":11},{"email":"matthew.walker@amerisave.com","total":12},{"email":"madison.lewis@gmail.com","total":10},{"email":"nathan.young@microsoft.com","total":12},{"email":"dylan.wilson@gmail.com","total":8},{"email":"andrew.miller@gmail.com","total":15},{"email":"alexis.brown@microsoft.com","total":12},{"email":"joshua.lee@gmail.com","total":7},{"email":"emily.taylor@gmail.com","total":14},{"email":"hannah.martin@dropbox.net","total":19},{"email":"taylor.adams@gmail.com","total":11},{"email":"isabella.jackson@amerisave.com","total":7},{"email":"dylan.wilson@gmail.com","total":7},{"email":"matthew.walker@amerisave.com","total":11},{"email":"andrew.miller@gmail.com","total":14},{"email":"sophia.baker@dropbox.net","total":11},{"email":"chloe.garcia@dropbox.net","total":15},{"email":"michael.hall@dropbox.net","total":12},{"email":"emma.thomas@me.com","total":14},{"email":"grace.moore@gmail.com","total":9},{"email":"hannah.martin@dropbox.net","total":18},{"email":"emma.thomas@me.com","total":13},{"email":"isabella.jackson@amerisave.com","total":6},{"email":"alexander.williams@gmail.com","total":8},{"email":"abigail.smith@amerisave.com","total":14},{"email":"michael.hall@dropbox.net","total":11},{"email":"sarah.green@amerisave.com","total":12},{"email":"ava.davis@gmail.com","total":12},{"email":"ryan.king@dropbox.net","total":11},{"email":"hannah.martin@dropbox.net","total":17},{"email":"matthew.walker@amerisave.com","total":10},{"email":"daniel.rodriguez@amerisave.com","total":11},{"email":"madison.lewis@gmail.com","total":9},{"email":"chloe.garcia@dropbox.net","total":14},{"email":"andrew.miller@gmail.com","total":13},{"email":"nathan.young@microsoft.com","total":11},{"email":"madison.lewis@gmail.com","total":8},{"email":"ethan.hernandez@microsoft.com","total":14},{"email":"abigail.smith@amerisave.com","total":13},{"email":"jack.thompson@me.com","total":9},{"email":"tyler.nelson@microsoft.com","total":7},{"email":"dylan.wilson@gmail.com","total":6},{"email":"liam.gonzalez@me.com","total":8},{"email":"noah.sanchez@me.com","total":6},{"email":"ethan.hernandez@microsoft.com","total":13},{"email":"jacob.lopez@dropbox.net","total":13},{"email":"alexander.williams@gmail.com","total":7},{"email":"tyler.nelson@microsoft.com","total":6},{"email":"jacob.lopez@dropbox.net","total":12},{"email":"isabella.jackson@amerisave.com","total":5},{"email":"lily.harris@gmail.com","total":8},{"email":"chloe.garcia@dropbox.net","total":13},{"email":"daniel.rodriguez@amerisave.com","total":10},{"email":"andrew.miller@gmail.com","total":12},{"email":"sarah.green@amerisave.com","total":11},{"email":"ryan.king@dropbox.net","total":10},{"email":"lily.harris@gmail.com","total":7},{"email":"emily.taylor@gmail.com","total":13},{"email":"aiden.johnson@microsoft.com","total":13},{"email":"abigail.smith@amerisave.com","total":12},{"email":"nathan.young@microsoft.com","total":10},{"email":"liam.gonzalez@me.com","total":7},{"email":"sophia.baker@dropbox.net","total":10},{"email":"olivia.wright@gmail.com","total":9},{"email":"alyssa.jones@amerisave.com","total":11},{"email":"emily.taylor@gmail.com","total":12},{"email":"alexis.brown@microsoft.com","total":11},{"email":"hannah.martin@dropbox.net","total":16},{"email":"mason.robinson@amerisave.com","total":12},{"email":"mason.robinson@amerisave.com","total":11},{"email":"alyssa.jones@amerisave.com","total":10},{"email":"dylan.wilson@gmail.com","total":5},{"email":"logan.clark@dropbox.net","total":10},{"email":"taylor.adams@gmail.com","total":10},{"email":"alyssa.jones@amerisave.com","total":9},{"email":"emma.thomas@me.com","total":12},{"email":"alyssa.jones@amerisave.com","total":8},{"email":"ryan.king@dropbox.net","total":9},{"email":"madison.lewis@gmail.com","total":7},{"email":"joshua.lee@gmail.com","total":6},{"email":"abigail.smith@amerisave.com","total":11},{"email":"matthew.walker@amerisave.com","total":9},{"email":"michael.hall@dropbox.net","total":10},{"email":"aiden.johnson@microsoft.com","total":12},{"email":"liam.gonzalez@me.com","total":6},{"email":"lily.harris@gmail.com","total":6},{"email":"liam.gonzalez@me.com","total":5},{"email":"jacob.lopez@dropbox.net","total":11},{"email":"olivia.wright@gmail.com","total":8},{"email":"jacob.lopez@dropbox.net","total":10},{"email":"taylor.adams@gmail.com","total":9},{"email":"daniel.rodriguez@amerisave.com","total":9},{"email":"andrew.miller@gmail.com","total":11},{"email":"ella.anderson@dropbox.net","total":7},{"email":"mason.robinson@amerisave.com","total":10},{"email":"daniel.rodriguez@amerisave.com","total":8},{"email":"mason.robinson@amerisave.com","total":9},{"email":"nicholas.allen@microsoft.com","total":11},{"email":"emma.thomas@me.com","total":11},{"email":"ethan.hernandez@microsoft.com","total":12},{"email":"ava.davis@gmail.com","total":11},{"email":"elizabeth.martinez@dropbox.net","total":12},{"email":"logan.clark@dropbox.net","total":9},{"email":"samantha.scott@me.com","total":6},{"email":"jacob.lopez@dropbox.net","total":9},{"email":"jacob.lopez@dropbox.net","total":8},{"email":"logan.clark@dropbox.net","total":8},{"email":"mia.perez@me.com","total":9},{"email":"nathan.young@microsoft.com","total":9},{"email":"chloe.garcia@dropbox.net","total":12},{"email":"matthew.walker@amerisave.com","total":8},{"email":"taylor.adams@gmail.com","total":8},{"email":"dylan.wilson@gmail.com","total":4},{"email":"grace.moore@gmail.com","total":8},{"email":"logan.clark@dropbox.net","total":7},{"email":"abigail.smith@amerisave.com","total":10},{"email":"logan.clark@dropbox.net","total":6},{"email":"nicholas.allen@microsoft.com","total":10},{"email":"aiden.johnson@microsoft.com","total":11},{"email":"hannah.martin@dropbox.net","total":15},{"email":"mason.robinson@amerisave.com","total":8},{"email":"jackson.white@gmail.com","total":8},{"email":"noah.sanchez@me.com","total":5},{"email":"emma.thomas@me.com","total":10},{"email":"mason.robinson@amerisave.com","total":7},{"email":"jackson.white@gmail.com","total":7},{"email":"taylor.adams@gmail.com","total":7},{"email":"aiden.johnson@microsoft.com","total":10},{"email":"nathan.young@microsoft.com","total":8},{"email":"elizabeth.martinez@dropbox.net","total":11},{"email":"alexis.brown@microsoft.com","total":10},{"email":"mia.perez@me.com","total":8},{"email":"sophia.baker@dropbox.net","total":9},{"email":"liam.gonzalez@me.com","total":4},{"email":"alyssa.jones@amerisave.com","total":7},{"email":"sarah.green@amerisave.com","total":10},{"email":"mia.perez@me.com","total":7},{"email":"logan.clark@dropbox.net","total":5},{"email":"madison.lewis@gmail.com","total":6},{"email":"abigail.smith@amerisave.com","total":9},{"email":"samantha.scott@me.com","total":5},{"email":"jack.thompson@me.com","total":8},{"email":"sarah.green@amerisave.com","total":9},{"email":"chloe.garcia@dropbox.net","total":11},{"email":"aiden.johnson@microsoft.com","total":9},{"email":"jacob.lopez@dropbox.net","total":7},{"email":"ethan.hernandez@microsoft.com","total":11},{"email":"sarah.green@amerisave.com","total":8},{"email":"liam.gonzalez@me.com","total":3},{"email":"elizabeth.martinez@dropbox.net","total":10},{"email":"sarah.green@amerisave.com","total":7},{"email":"nicholas.allen@microsoft.com","total":9},{"email":"jack.thompson@me.com","total":7},{"email":"chloe.garcia@dropbox.net","total":10},{"email":"nicholas.allen@microsoft.com","total":8},{"email":"ella.anderson@dropbox.net","total":6},{"email":"nathan.young@microsoft.com","total":7},{"email":"jack.thompson@me.com","total":6},{"email":"ava.davis@gmail.com","total":10},{"email":"jackson.white@gmail.com","total":6},{"email":"mason.robinson@amerisave.com","total":6},{"email":"noah.sanchez@me.com","total":4},{"email":"grace.moore@gmail.com","total":7},{"email":"jack.thompson@me.com","total":5},{"email":"logan.clark@dropbox.net","total":4},{"email":"alexander.williams@gmail.com","total":6},{"email":"ava.davis@gmail.com","total":9},{"email":"alexis.brown@microsoft.com","total":9},{"email":"daniel.rodriguez@amerisave.com","total":7},{"email":"alexis.brown@microsoft.com","total":8},{"email":"jackson.white@gmail.com","total":5},{"email":"andrew.miller@gmail.com","total":10},{"email":"matthew.walker@amerisave.com","total":7},{"email":"abigail.smith@amerisave.com","total":8},{"email":"joshua.lee@gmail.com","total":5},{"email":"daniel.rodriguez@amerisave.com","total":6},{"email":"abigail.smith@amerisave.com","total":7},{"email":"nathan.young@microsoft.com","total":6},{"email":"michael.hall@dropbox.net","total":9},{"email":"michael.hall@dropbox.net","total":8},{"email":"hannah.martin@dropbox.net","total":14},{"email":"alexander.williams@gmail.com","total":5},{"email":"sophia.baker@dropbox.net","total":8},{"email":"alyssa.jones@amerisave.com","total":6},{"email":"emily.taylor@gmail.com","total":11},{"email":"emily.taylor@gmail.com","total":10},{"email":"sarah.green@amerisave.com","total":6},{"email":"jacob.lopez@dropbox.net","total":6},{"email":"jack.thompson@me.com","total":4},{"email":"jackson.white@gmail.com","total":4},{"email":"abigail.smith@amerisave.com","total":6},{"email":"samantha.scott@me.com","total":4},{"email":"samantha.scott@me.com","total":3},{"email":"andrew.miller@gmail.com","total":9},{"email":"ryan.king@dropbox.net","total":8},{"email":"nathan.young@microsoft.com","total":5},{"email":"emily.taylor@gmail.com","total":9},{"email":"olivia.wright@gmail.com","total":7},{"email":"jack.thompson@me.com","total":3},{"email":"nicholas.allen@microsoft.com","total":7},{"email":"emily.taylor@gmail.com","total":8},{"email":"joshua.lee@gmail.com","total":4},{"email":"olivia.wright@gmail.com","total":6},{"email":"emily.taylor@gmail.com","total":7},{"email":"andrew.miller@gmail.com","total":8},{"email":"emma.thomas@me.com","total":9},{"email":"madison.lewis@gmail.com","total":5},{"email":"andrew.miller@gmail.com","total":7},{"email":"ava.davis@gmail.com","total":8},{"email":"chloe.garcia@dropbox.net","total":9},{"email":"hannah.martin@dropbox.net","total":13},{"email":"ethan.hernandez@microsoft.com","total":10},{"email":"grace.moore@gmail.com","total":6},{"email":"andrew.miller@gmail.com","total":6},{"email":"emma.thomas@me.com","total":8},{"email":"elizabeth.martinez@dropbox.net","total":9},{"email":"aiden.johnson@microsoft.com","total":8},{"email":"taylor.adams@gmail.com","total":6},{"email":"taylor.adams@gmail.com","total":5},{"email":"nicholas.allen@microsoft.com","total":6},{"email":"alexander.williams@gmail.com","total":4},{"email":"hannah.martin@dropbox.net","total":12},{"email":"dylan.wilson@gmail.com","total":3},{"email":"noah.sanchez@me.com","total":3},{"email":"chloe.garcia@dropbox.net","total":8},{"email":"daniel.rodriguez@amerisave.com","total":5},{"email":"nathan.young@microsoft.com","total":4},{"email":"jacob.lopez@dropbox.net","total":5},{"email":"elizabeth.martinez@dropbox.net","total":8},{"email":"aiden.johnson@microsoft.com","total":7},{"email":"isabella.jackson@amerisave.com","total":4},{"email":"andrew.miller@gmail.com","total":5},{"email":"emma.thomas@me.com","total":7},{"email":"grace.moore@gmail.com","total":5},{"email":"hannah.martin@dropbox.net","total":11},{"email":"hannah.martin@dropbox.net","total":10},{"email":"dylan.wilson@gmail.com","total":2},{"email":"ava.davis@gmail.com","total":7},{"email":"sarah.green@amerisave.com","total":5},{"email":"logan.clark@dropbox.net","total":3},{"email":"mia.perez@me.com","total":6},{"email":"matthew.walker@amerisave.com","total":6},{"email":"tyler.nelson@microsoft.com","total":5},{"email":"emma.thomas@me.com","total":6},{"email":"mia.perez@me.com","total":5},{"email":"ryan.king@dropbox.net","total":7},{"email":"jacob.lopez@dropbox.net","total":4},{"email":"logan.clark@dropbox.net","total":2},{"email":"chloe.garcia@dropbox.net","total":7},{"email":"daniel.rodriguez@amerisave.com","total":4},{"email":"nathan.young@microsoft.com","total":3},{"email":"alexander.williams@gmail.com","total":3},{"email":"mason.robinson@amerisave.com","total":5},{"email":"ethan.hernandez@microsoft.com","total":9},{"email":"aiden.johnson@microsoft.com","total":6},{"email":"nathan.young@microsoft.com","total":2},{"email":"hannah.martin@dropbox.net","total":9},{"email":"samantha.scott@me.com","total":2},{"email":"ryan.king@dropbox.net","total":6},{"email":"emily.taylor@gmail.com","total":6},{"email":"chloe.garcia@dropbox.net","total":6},{"email":"matthew.walker@amerisave.com","total":5},{"email":"andrew.miller@gmail.com","total":4},{"email":"isabella.jackson@amerisave.com","total":3},{"email":"ethan.hernandez@microsoft.com","total":8},{"email":"jacob.lopez@dropbox.net","total":3},{"email":"emma.thomas@me.com","total":5},{"email":"elizabeth.martinez@dropbox.net","total":7},{"email":"chloe.garcia@dropbox.net","total":5},{"email":"michael.hall@dropbox.net","total":7},{"email":"ethan.hernandez@microsoft.com","total":7},{"email":"jack.thompson@me.com","total":2},{"email":"hannah.martin@dropbox.net","total":8},{"email":"andrew.miller@gmail.com","total":3},{"email":"alexis.brown@microsoft.com","total":7},{"email":"sophia.baker@dropbox.net","total":7},{"email":"abigail.smith@amerisave.com","total":5},{"email":"sophia.baker@dropbox.net","total":6},{"email":"lily.harris@gmail.com","total":5},{"email":"tyler.nelson@microsoft.com","total":4},{"email":"jacob.lopez@dropbox.net","total":2},{"email":"ella.anderson@dropbox.net","total":5},{"email":"andrew.miller@gmail.com","total":2},{"email":"ava.davis@gmail.com","total":6},{"email":"ryan.king@dropbox.net","total":5},{"email":"elizabeth.martinez@dropbox.net","total":6},{"email":"sophia.baker@dropbox.net","total":5},{"email":"emma.thomas@me.com","total":4},{"email":"jacob.lopez@dropbox.net","total":1},{"email":"ryan.king@dropbox.net","total":4},{"email":"lily.harris@gmail.com","total":4},{"email":"emma.thomas@me.com","total":3},{"email":"jackson.white@gmail.com","total":3},{"email":"olivia.wright@gmail.com","total":5},{"email":"mia.perez@me.com","total":4},{"email":"taylor.adams@gmail.com","total":4},{"email":"nathan.young@microsoft.com","total":1},{"email":"michael.hall@dropbox.net","total":6},{"email":"elizabeth.martinez@dropbox.net","total":5},{"email":"ava.davis@gmail.com","total":5},{"email":"grace.moore@gmail.com","total":4},{"email":"lily.harris@gmail.com","total":3},{"email":"abigail.smith@amerisave.com","total":4},{"email":"mia.perez@me.com","total":3},{"email":"hannah.martin@dropbox.net","total":7},{"email":"logan.clark@dropbox.net","total":1},{"email":"liam.gonzalez@me.com","total":2},{"email":"michael.hall@dropbox.net","total":5},{"email":"jackson.white@gmail.com","total":2},{"email":"alexis.brown@microsoft.com","total":6},{"email":"ava.davis@gmail.com","total":4},{"email":"ava.davis@gmail.com","total":3},{"email":"jack.thompson@me.com","total":1},{"email":"ava.davis@gmail.com","total":2},{"email":"alexis.brown@microsoft.com","total":5},{"email":"noah.sanchez@me.com","total":2},{"email":"ella.anderson@dropbox.net","total":4},{"email":"hannah.martin@dropbox.net","total":6},{"email":"sarah.green@amerisave.com","total":4},{"email":"sophia.baker@dropbox.net","total":4},{"email":"daniel.rodriguez@amerisave.com","total":3},{"email":"alyssa.jones@amerisave.com","total":5},{"email":"aiden.johnson@microsoft.com","total":5},{"email":"alexander.williams@gmail.com","total":2},{"email":"michael.hall@dropbox.net","total":4},{"email":"daniel.rodriguez@amerisave.com","total":2},{"email":"elizabeth.martinez@dropbox.net","total":4},{"email":"mason.robinson@amerisave.com","total":4},{"email":"olivia.wright@gmail.com","total":4},{"email":"aiden.johnson@microsoft.com","total":4},{"email":"matthew.walker@amerisave.com","total":4},{"email":"chloe.garcia@dropbox.net","total":4},{"email":"grace.moore@gmail.com","total":3},{"email":"tyler.nelson@microsoft.com","total":3},{"email":"ethan.hernandez@microsoft.com","total":6},{"email":"aiden.johnson@microsoft.com","total":3},{"email":"emily.taylor@gmail.com","total":5},{"email":"joshua.lee@gmail.com","total":3},{"email":"ryan.king@dropbox.net","total":3},{"email":"michael.hall@dropbox.net","total":3},{"email":"samantha.scott@me.com","total":1},{"email":"joshua.lee@gmail.com","total":2},{"email":"ella.anderson@dropbox.net","total":3},{"email":"grace.moore@gmail.com","total":2},{"email":"nicholas.allen@microsoft.com","total":5},{"email":"nicholas.allen@microsoft.com","total":4},{"email":"emily.taylor@gmail.com","total":4},{"email":"alyssa.jones@amerisave.com","total":4},{"email":"tyler.nelson@microsoft.com","total":2},{"email":"mason.robinson@amerisave.com","total":3},{"email":"isabella.jackson@amerisave.com","total":2},{"email":"emily.taylor@gmail.com","total":3},{"email":"mason.robinson@amerisave.com","total":2},{"email":"grace.moore@gmail.com","total":1},{"email":"alexis.brown@microsoft.com","total":4},{"email":"taylor.adams@gmail.com","total":3},{"email":"chloe.garcia@dropbox.net","total":3},{"email":"dylan.wilson@gmail.com","total":1},{"email":"liam.gonzalez@me.com","total":1},{"email":"lily.harris@gmail.com","total":2},{"email":"noah.sanchez@me.com","total":1},{"email":"hannah.martin@dropbox.net","total":5},{"email":"ella.anderson@dropbox.net","total":2},{"email":"hannah.martin@dropbox.net","total":4},{"email":"michael.hall@dropbox.net","total":2},{"email":"ava.davis@gmail.com","total":1},{"email":"olivia.wright@gmail.com","total":3},{"email":"sarah.green@amerisave.com","total":3},{"email":"hannah.martin@dropbox.net","total":3},{"email":"joshua.lee@gmail.com","total":1},{"email":"ryan.king@dropbox.net","total":2},{"email":"isabella.jackson@amerisave.com","total":1},{"email":"mason.robinson@amerisave.com","total":1},{"email":"matthew.walker@amerisave.com","total":3},{"email":"abigail.smith@amerisave.com","total":3},{"email":"emma.thomas@me.com","total":2},{"email":"tyler.nelson@microsoft.com","total":1},{"email":"emma.thomas@me.com","total":1},{"email":"matthew.walker@amerisave.com","total":2},{"email":"madison.lewis@gmail.com","total":4},{"email":"andrew.miller@gmail.com","total":1},{"email":"sarah.green@amerisave.com","total":2},{"email":"emily.taylor@gmail.com","total":2},{"email":"madison.lewis@gmail.com","total":3},{"email":"abigail.smith@amerisave.com","total":2},{"email":"hannah.martin@dropbox.net","total":2},{"email":"ethan.hernandez@microsoft.com","total":5},{"email":"alyssa.jones@amerisave.com","total":3},{"email":"jackson.white@gmail.com","total":1},{"email":"ethan.hernandez@microsoft.com","total":4},{"email":"aiden.johnson@microsoft.com","total":2},{"email":"alexis.brown@microsoft.com","total":3},{"email":"lily.harris@gmail.com","total":1},{"email":"sophia.baker@dropbox.net","total":3},{"email":"chloe.garcia@dropbox.net","total":2},{"email":"ryan.king@dropbox.net","total":1},{"email":"nicholas.allen@microsoft.com","total":3},{"email":"sophia.baker@dropbox.net","total":2},{"email":"ethan.hernandez@microsoft.com","total":3},{"email":"mia.perez@me.com","total":2},{"email":"alexis.brown@microsoft.com","total":2},{"email":"alyssa.jones@amerisave.com","total":2},{"email":"aiden.johnson@microsoft.com","total":1},{"email":"sophia.baker@dropbox.net","total":1},{"email":"olivia.wright@gmail.com","total":2},{"email":"daniel.rodriguez@amerisave.com","total":1},{"email":"chloe.garcia@dropbox.net","total":1},{"email":"elizabeth.martinez@dropbox.net","total":3},{"email":"elizabeth.martinez@dropbox.net","total":2},{"email":"sarah.green@amerisave.com","total":1},{"email":"ethan.hernandez@microsoft.com","total":2},{"email":"alexander.williams@gmail.com","total":1},{"email":"mia.perez@me.com","total":1},{"email":"madison.lewis@gmail.com","total":2},{"email":"ella.anderson@dropbox.net","total":1},{"email":"elizabeth.martinez@dropbox.net","total":1},{"email":"taylor.adams@gmail.com","total":2},{"email":"ethan.hernandez@microsoft.com","total":1},{"email":"taylor.adams@gmail.com","total":1},{"email":"emily.taylor@gmail.com","total":1},{"email":"abigail.smith@amerisave.com","total":1},{"email":"olivia.wright@gmail.com","total":1},{"email":"hannah.martin@dropbox.net","total":1},{"email":"michael.hall@dropbox.net","total":1},{"email":"matthew.walker@amerisave.com","total":1},{"email":"nicholas.allen@microsoft.com","total":2},{"email":"alexis.brown@microsoft.com","total":1},{"email":"madison.lewis@gmail.com","total":1},{"email":"nicholas.allen@microsoft.com","total":1},{"email":"alyssa.jones@amerisave.com","total":1}]}