{"logs_id":"1f1f111f-5daf-4faa-83cf-c1ce17a3598e","tally":[{"email":"noah.sanchez@me.com","total":568},{"email":"michael.hall@dropbox.net","total":613},{"email":"olivia.wright@gmail.com","total":632},{"email":"isabella.jackson@amerisave.com","total":631},{"email":"hannah.martin@dropbox.net","total":639},{"email":"madison.lewis@gmail.com","total":644},{"email":"abigail.smith@amerisave.com","total":622},{"email":"chloe.garcia@dropbox.net","total":608},{"email":"daniel.rodriguez@amerisave.com","total":649},{"email":"taylor.adams@gmail.com","total":621},{"email":"sarah.green@amerisave.com","total":625},{"email":"liam.gonzalez@me.com","total":632},{"email":"grace.moore@gmail.com","total":622},{"email":"nicholas.allen@microsoft.com","total":597},{"email":"tyler.nelson@microsoft.com","total":640},{"email":"andrew.miller@gmail.com","total":604},{"email":"samantha.scott@me.com","total":647},{"email":"jackson.white@gmail.com","total":635},{"email":"nathan.young@microsoft.com","total":601},{"email":"emma.thomas@me.com","total":619},{"email":"alexander.williams@gmail.com","total":588},{"email":"sophia.baker@dropbox.net","total":579},{"email":"elizabeth.martinez@dropbox.net","total":626},{"email":"logan.clark@dropbox.net","total":592},{"email":"lily.harris@gmail.com","total":618},{"email":"emily.taylor@gmail.com","total":649},{"email":"matthew.walker@amerisave.com","total":656},{"email":"jacob.lopez@dropbox.net","total":603},{"email":"aiden.johnson@microsoft.com","total":591},{"email":"alexis.brown@microsoft.com","total":617},{"email":"alyssa.jones@amerisave.com","total":628},{"email":"mia.perez@me.com","total":636},{"email":"ella.anderson@dropbox.net","total":631},{"email":"mason.robinson@amerisave.com","total":657},{"email":"dylan.wilson@gmail.com","total":620},{"email":"ava.davis@gmail.com","total":610},{"email":"jack.thompson@me.com","total":636},{"email":"ryan.king@dropbox.net","total":627},{"email":"ethan.hernandez@microsoft.com","total":607},{"email":"joshua.lee@gmail.com","total":624},{"email":"mason.robinson@amerisave.com","total":2},{"email":"aiden.johnson@microsoft.com","total":1},{"email":"jacob.lopez@dropbox.net","total":2},{"email":"ethan.hernandez@microsoft.com","total":3},{"email":"alexis.brown@microsoft.com","total":3},{"email":"sophia.baker@dropbox.net","total":1},{"email":"alyssa.jones@amerisave.com","total":2},{"email":"emma.thomas@me.com","total":4},{"email":"alyssa.jones@amerisave.com","total":1},{"email":"ryan.king@dropbox.net","total":3},{"email":"jackson.white@gmail.com","total":1},{"email":"ryan.king@dropbox.net","total":2},{"email":"emma.thomas@me.com","total":3},{"email":"emma.thomas@me.com","total":2},{"email":"mia.perez@me.com","total":3},{"email":"jack.thompson@me.com","total":1},{"email":"michael.hall@dropbox.net","total":2},{"email":"isabella.jackson@amerisave.com","total":1},{"email":"chloe.garcia@dropbox.net","total":2},{"email":"logan.clark@dropbox.net","total":3},{"email":"michael.hall@dropbox.net","total":1},{"email":"alexander.williams@gmail.com","total":1},{"email":"nathan.young@microsoft.com","total":1},{"email":"emily.taylor@gmail.com","total":1},{"email":"alexis.brown@microsoft.com","total":2},{"email":"ethan.hernandez@microsoft.com","total":2},{"email":"madison.lewis@gmail.com","total":1},{"email":"alexis.brown@microsoft.com","total":1},{"email":"grace.moore@gmail.com","total":2},{"email":"ella.anderson@dropbox.net","total":1},{"email":"mia.perez@me.com","total":2},{"email":"daniel.rodriguez@amerisave.com","total":3},{"email":"lily.harris@gmail.com","total":1},{"email":"noah.sanchez@me.com","total":2},{"email":"noah.sanchez@me.com","total":1},{"email":"samantha.scott@me.com","total":2},{"email":"matthew.walker@amerisave.com","total":1},{"email":"joshua.lee@gmail.com","total":1},{"email":"ava.davis@gmail.com","total":2},{"email":"daniel.rodriguez@amerisave.com","total":2},{"email":"daniel.rodriguez@amerisave.com","total":1},{"email":"abigail.smith@amerisave.com","total":1},{"email":"mason.robinson@amerisave.com","total":1},{"email":"tyler.nelson@microsoft.com","total":1},{"email":"jacob.lopez@dropbox.net","total":1},{"email":"ethan.hernandez@microsoft.com","total":1},{"email":"elizabeth.martinez@dropbox.net","total":1},{"email":"samantha.scott@me.com","total":1},{"email":"logan.clark@dropbox.net","total":2},{"email":"ryan.king@dropbox.net","total":1},{"email":"grace.moore@gmail.com","total":1},{"email":"emma.thomas@me.com","total":1},{"email":"ava.davis@gmail.com","total":1},{"email":"mia.perez@me.com","total":1},{"email":"logan.clark@dropbox.net","total":1},{"email":"nicholas.allen@microsoft.com","total":1},{"email":"chloe.garcia@dropbox.net","total":1}]}