{"logs":[{"id":"9e75ff6d-8158-4cc2-b4a3-03922f63d191","email":"alexander.williams@gmail.com","message":"failed to process due to datastore timeout of 30 seconds.  operation took 111 seconds."},{"id":"96d05ed8-d1ab-4860-ba59-00d7b6089ec7","email":"dylan.wilson@gmail.com","message":"failed to process due to network exception."},{"id":"35b60bfd-34c7-4ec9-b8e0-8da9b2fab4d4","email":"jackson.white@gmail.com","message":"successfully parsed message, but message temporarily enqueued while system restarts."},{"id":"eaa443ef-c974-4420-a6b5-7c57ef2effc6","email":"nicholas.allen@microsoft.com","message":"successfully processed after 1998 milliseconds."},{"id":"275a849c-a54c-4e0c-b83d-c8b16d594d6b","email":"chloe.garcia@dropbox.net","message":"successfully processed after 4666 milliseconds."},{"id":"f267aab3-2aca-4e46-8ec1-f896dbe243f7","email":"sarah.green@amerisave.com","message":"successfully parsed message, but message temporarily enqueued while system restarts."},{"id":"8eb23443-0b90-4f78-bbd5-385ae05eb0dd","email":"alexis.brown@microsoft.com","message":"successfully parsed message, but message temporarily enqueued while system restarts."},{"id":"1d617a94-26a1-4130-9f5a-2a9eb8717664","email":"michael.hall@dropbox.net","message":"successfully parsed message, but message temporarily enqueued while system restarts."},{"id":"0b5b4818-f89e-480a-ac30-53b61865e772","email":"abigail.smith@amerisave.com","message":"successfully processed after 579 milliseconds."},{"id":"2b8623c1-d358-4d1d-966c-80e3b4444204","email":"emma.thomas@me.com","message":"failed to process due to network exception."},{"id":"dc265c76-0846-431f-8d6c-ef9e4581232c","email":"mason.robinson@amerisave.com","message":"failed to process due to datastore timeout of 30 seconds.  operation took 97 seconds."},{"id":"1fe8d986-9e16-48c9-8c7e-e8f6c248eddf","email":"sophia.baker@dropbox.net","message":"failed to process due to datastore timeout of 30 seconds.  operation took 79 seconds."},{"id":"30510c5c-7778-4127-8003-12d7010ee51b","email":"michael.hall@dropbox.net","message":"successfully handled skipped operation."},{"id":"f706c453-6df9-4a38-bbd7-86568658e054","email":"emma.thomas@me.com","message":"successfully handled skipped operation."},{"id":"47bbae65-5ba3-4d69-beca-5df369406ee9","email":"emily.taylor@gmail.com","message":"successfully processed after 5498 milliseconds."},{"id":"a7ae916c-322b-42a7-bcca-ba5cb1f1dce3","email":"samantha.scott@me.com","message":"successfully processed after 4841 milliseconds."},{"id":"6b03d2d9-1de8-4037-b2bd-c16cc7450039","email":"sophia.baker@dropbox.net","message":"failed to process due to network exception."},{"id":"f6f7b928-2e49-4889-8a80-f1bb951b8cea","email":"elizabeth.martinez@dropbox.net","message":"successfully parsed message, but message temporarily enqueued while system restarts."},{"id":"2dd6b866-6914-475d-ab92-d500c35053a2","email":"liam.gonzalez@me.com","message":"failed to process due to datastore timeout of 30 seconds.  operation took 58 seconds."},{"id":"77ed69d1-bdaf-41b6-844f-c12513f8c55b","email":"sarah.green@amerisave.com","message":"successfully parsed message, but message temporarily enqueued while system restarts."},{"id":"1668f9eb-9719-49b3-b7df-78404cdcf510","email":"ryan.king@dropbox.net","message":"failed to process due to network exception."},{"id":"0b79ff2b-46b3-4388-803d-d296213e6bd0","email":"hannah.martin@dropbox.net","message":"failed to process due to datastore timeout of 30 seconds.  operation took 68 seconds."},{"id":"b8059759-52cf-40c2-8eab-9417a598a9a0","email":"abigail.smith@amerisave.com","message":"successfully processed after 1868 milliseconds."},{"id":"d889f519-8abc-456f-932d-1e630758dcb5","email":"mia.perez@me.com","message":"failed to process due to datastore timeout of 30 seconds.  operation took 103 seconds."},{"id":"86b64f69-a29d-4b7b-898a-a1aa8c72a29d","email":"jacob.lopez@dropbox.net","message":"successfully parsed message, but message temporarily enqueued while system restarts."},{"id":"43f7c073-c192-42e2-95d6-22f4fead5a45","email":"ethan.hernandez@microsoft.com","message":"successfully parsed message, but message temporarily enqueued while system restarts."},{"id":"5a09f509-e833-4b44-aad3-d2df7b0657f2","email":"samantha.scott@me.com","message":"failed to process due to datastore timeout of 30 seconds.  operation took 76 seconds."},{"id":"1da67753-5e44-401a-812b-ec7e3be5184c","email":"taylor.adams@gmail.com","message":"failed to process due to network exception."},{"id":"e136fcdc-5414-413a-bd56-89126972faf7","email":"emma.thomas@me.com","message":"successfully processed after 823 milliseconds."},{"id":"e58d26cb-6c39-4f76-ab60-797ac1eb0ee9","email":"daniel.rodriguez@amerisave.com","message":"failed to process due to datastore timeout of 30 seconds.  operation took 90 seconds."},{"id":"dffd6552-b852-42df-aee2-b398f3074425","email":"elizabeth.martinez@dropbox.net","message":"successfully parsed message, but message temporarily enqueued while system restarts."},{"id":"5f5ee924-e7b2-4b85-9659-60101d1aa57a","email":"ryan.king@dropbox.net","message":"successfully parsed message, but message temporarily enqueued while system restarts."},{"id":"f9afdbf3-b85d-4c47-8109-7a26427acf07","email":"samantha.scott@me.com","message":"failed to process due to datastore timeout of 30 seconds.  operation took 78 seconds."},{"id":"2a85afab-ee98-49d7-baef-e25d20d37273","email":"jackson.white@gmail.com","message":"failed to process due to network exception."},{"id":"eff0d291-9c2e-4d14-b47a-b36ed3fb91d6","email":"emily.taylor@gmail.com","message":"successfully processed after 2036 milliseconds."},{"id":"8a25c156-a6a9-44a8-adbe-9b2306b1ae98","email":"chloe.garcia@dropbox.net","message":"failed to process due to datastore timeout of 30 seconds.  operation took 76 seconds."},{"id":"dbeb7296-2b16-4b52-bc29-a89dd9d85f98","email":"hannah.martin@dropbox.net","message":"failed to process due to network exception."},{"id":"d530b5f7-6ef0-4708-b097-3af8237d8716","email":"sarah.green@amerisave.com","message":"failed to process due to datastore timeout of 30 seconds.  operation took 42 seconds."},{"id":"b75e7827-0a37-4bef-991b-4ad012fecb1a","email":"alexis.brown@microsoft.com","message":"successfully parsed message, but message temporarily enqueued while system restarts."},{"id":"3e090bc2-1639-4892-a541-df2078388853","email":"sophia.baker@dropbox.net","message":"failed to process due to datastore timeout of 30 seconds.  operation took 46 seconds."},{"id":"6f9dfa45-9b61-4ff4-bdd7-bccf403f44f8","email":"noah.sanchez@me.com","message":"successfully handled skipped operation."},{"id":"67371951-760a-4eb8-bff7-2981174ebf65","email":"mia.perez@me.com","message":"successfully parsed message, but message temporarily enqueued while system restarts."},{"id":"abc61a07-d510-47ee-b5a0-573d362b9e45","email":"emily.taylor@gmail.com","message":"successfully parsed message, but message temporarily enqueued while system restarts."},{"id":"77040bff-4843-427b-834f-6eb28b5cab58","email":"dylan.wilson@gmail.com","message":"successfully handled skipped operation."},{"id":"c2791e3c-09a0-454c-94c7-f24b25f5b293","email":"daniel.rodriguez@amerisave.com","message":"failed to process due to datastore timeout of 30 seconds.  operation took 69 seconds."},{"id":"d85a84d0-9450-4de4-9aed-04276a7e67eb","email":"ella.anderson@dropbox.net","message":"failed to process due to network exception."},{"id":"e6881819-e2f3-47e1-9a08-0ba78fde839f","email":"daniel.rodriguez@amerisave.com","message":"successfully handled skipped operation."},{"id":"99280137-375d-4262-8c48-22b31e0b1889","email":"daniel.rodriguez@amerisave.com","message":"successfully parsed message, but message temporarily enqueued while system restarts."},{"id":"b77d6c7d-512f-41aa-8ab4-b5b2d5f7370a","email":"hannah.martin@dropbox.net","message":"failed to process due to network exception."},{"id":"56123ef4-b224-425b-af7e-417400848c4a","email":"samantha.scott@me.com","message":"failed to process due to network exception."},{"id":"bd1b54d0-5519-4511-9e23-a760cc0ba080","email":"ethan.hernandez@microsoft.com","message":"successfully handled skipped operation."},{"id":"fd9a9211-0b86-4759-bf68-4f2e621c1c1b","email":"madison.lewis@gmail.com","message":"failed to process due to network exception."},{"id":"1434a2d2-be80-4720-899a-4849dce9a774","email":"mason.robinson@amerisave.com","message":"failed to process due to network exception."},{"id":"383d4a73-1d69-47ba-9f29-72c03db567c6","email":"nicholas.allen@microsoft.com","message":"failed to process due to datastore timeout of 30 seconds.  operation took 46 seconds."},{"id":"6db84297-f3d2-4b81-97c7-f662f5634095","email":"sophia.baker@dropbox.net","message":"failed to process due to network exception."},{"id":"614a1f40-588e-4a91-80cc-6e94f311d34c","email":"jackson.white@gmail.com","message":"failed to process due to network exception."},{"id":"1a985d2b-acff-4373-9882-fb25388811ea","email":"ella.anderson@dropbox.net","message":"successfully parsed message, but message temporarily enqueued while system restarts."},{"id":"ecfd83ff-4802-4803-8221-cece0262c6ce","email":"alyssa.jones@amerisave.com","message":"failed to process due to datastore timeout of 30 seconds.  operation took 96 seconds."},{"id":"e954d0cc-8d53-4a78-864a-06519dc16b0e","email":"abigail.smith@amerisave.com","message":"successfully parsed message, but message temporarily enqueued while system restarts."},{"id":"b60df122-aa4f-4321-8169-a2093c563c97","email":"jacob.lopez@dropbox.net","message":"successfully handled skipped operation."},{"id":"b1ebe695-7152-412c-b839-ac6ce3e351e3","email":"olivia.wright@gmail.com","message":"failed to process due to datastore timeout of 30 seconds.  operation took 103 seconds."},{"id":"34eadd6e-ca5b-4140-8efe-3faba0519d17","email":"abigail.smith@amerisave.com","message":"failed to process due to network exception."},{"id":"cda9a8f5-ac26-41d7-9479-66248f08252c","email":"jacob.lopez@dropbox.net","message":"failed to process due to network exception."},{"id":"cb46752b-03e0-47a6-b843-1041371af490","email":"emma.thomas@me.com","message":"successfully processed after 1808 milliseconds."},{"id":"9e646054-5545-4f43-8e85-53bb123344b2","email":"joshua.lee@gmail.com","message":"successfully parsed message, but message temporarily enqueued while system restarts."},{"id":"a188a13b-c378-47eb-82b5-e525d0cf751c","email":"grace.moore@gmail.com","message":"successfully processed after 9985 milliseconds."},{"id":"6a2f4668-bd57-43e4-a17a-5b6e67da4260","email":"isabella.jackson@amerisave.com","message":"failed to process due to network exception."},{"id":"f28b5f81-9f0c-4425-9ff7-73abadf47654","email":"dylan.wilson@gmail.com","message":"successfully parsed message, but message temporarily enqueued while system restarts."},{"id":"df9d02af-267f-4490-adf0-918e6df88f2b","email":"sarah.green@amerisave.com","message":"failed to process due to network exception."},{"id":"249f0723-e2a9-4f1b-96ea-8f485d81c834","email":"elizabeth.martinez@dropbox.net","message":"successfully handled skipped operation."},{"id":"0f9a77fa-ee44-4c31-bd43-2e1022c42241","email":"chloe.garcia@dropbox.net","message":"successfully parsed message, but message temporarily enqueued while system restarts."},{"id":"33a41567-73d8-4c63-acbe-b0d880fedd3d","email":"alyssa.jones@amerisave.com","message":"successfully handled skipped operation."},{"id":"70b1167e-d378-4bc8-aad8-7f051f5fd663","email":"chloe.garcia@dropbox.net","message":"failed to process due to datastore timeout of 30 seconds.  operation took 75 seconds."},{"id":"ee114d83-ce2e-46e0-8a82-55e3d71b3c90","email":"hannah.martin@dropbox.net","message":"successfully processed after 3309 milliseconds."},{"id":"bc5047c3-7aba-40f6-aa0a-309a7e1f874c","email":"isabella.jackson@amerisave.com","message":"failed to process due to network exception."},{"id":"6d8c57f7-b7f8-4f5b-b630-830c3c4d18d5","email":"samantha.scott@me.com","message":"successfully parsed message, but message temporarily enqueued while system restarts."},{"id":"df698eab-6559-4d3a-a122-c348a775729e","email":"ethan.hernandez@microsoft.com","message":"successfully parsed message, but message temporarily enqueued while system restarts."},{"id":"778402cd-eb84-4d24-a5ed-89b4fcda3302","email":"joshua.lee@gmail.com","message":"successfully handled skipped operation."},{"id":"1dac4cfa-519c-41ca-9438-601687d455c5","email":"aiden.johnson@microsoft.com","message":"successfully processed after 2768 milliseconds."},{"id":"68d4dd4a-652a-411f-94f3-71fba07597ae","email":"aiden.johnson@microsoft.com","message":"failed to process due to network exception."},{"id":"1d869b21-86da-470f-862a-3b9b918ce734","email":"abigail.smith@amerisave.com","message":"failed to process due to network exception."},{"id":"d63c187d-1f86-49ef-a023-a0072e418d5a","email":"elizabeth.martinez@dropbox.net","message":"failed to process due to network exception."},{"id":"86e41e9b-a7d9-479e-9639-e2478a201c60","email":"sarah.green@amerisave.com","message":"failed to process due to network exception."},{"id":"a32bc382-5eb7-4ae4-9fec-d0642564b488","email":"nicholas.allen@microsoft.com","message":"successfully parsed message, but message temporarily enqueued while system restarts."},{"id":"a3963734-3227-482c-a72c-3f91480dc883","email":"ryan.king@dropbox.net","message":"successfully processed after 6338 milliseconds."},{"id":"54bf3f63-572c-48e3-bb2a-f0b5b897a72d","email":"aiden.johnson@microsoft.com","message":"successfully handled skipped operation."},{"id":"b6c6a470-1844-49ad-bf60-aa00e81d1d65","email":"jack.thompson@me.com","message":"failed to process due to network exception."},{"id":"2226df44-d6ed-4a57-b206-4afb19bdd68b","email":"isabella.jackson@amerisave.com","message":"failed to process due to network exception."},{"id":"b431f119-d876-42e4-a2b2-a515af1bb93c","email":"grace.moore@gmail.com","message":"successfully handled skipped operation."},{"id":"aab7eb10-0db5-4c0d-99a0-ae853f1fc1d2","email":"ella.anderson@dropbox.net","message":"successfully handled skipped operation."},{"id":"869e44fd-f7b8-4376-b76c-18b70328ab14","email":"abigail.smith@amerisave.com","message":"successfully handled skipped operation."},{"id":"1c678b60-08e2-43a4-8da2-08cf3027626e","email":"alexander.williams@gmail.com","message":"successfully processed after 1373 milliseconds."},{"id":"861cc1a1-cd52-4644-ac12-ea3e7b0e19bd","email":"joshua.lee@gmail.com","message":"successfully parsed message, but message temporarily enqueued while system restarts."},{"id":"d99eb22e-0a36-4c87-a55d-c692620a781e","email":"noah.sanchez@me.com","message":"failed to process due to network exception."},{"id":"e05ae5b3-893d-4ded-afc6-a01892b72ac3","email":"joshua.lee@gmail.com","message":"failed to process due to datastore timeout of 30 seconds.  operation took 83 seconds."},{"id":"8521017a-9b27-43f7-b3f7-26d86e28171a","email":"logan.clark@dropbox.net","message":"failed to process due to network exception."},{"id":"ec5b7cbd-c87d-47dc-9f1e-382e67d63efe","email":"nathan.young@microsoft.com","message":"failed to process due to network exception."},{"id":"90790c30-ea3b-4fa3-8d4f-aacd6158c534","email":"liam.gonzalez@me.com","message":"successfully handled skipped operation."},{"id":"4e27e040-846e-4ec0-a9d4-7ebcb132ddcc","email":"alexis.brown@microsoft.com","message":"failed to process due to network exception."},{"id":"da9e2c09-9a7c-4b56-965b-26fae6b1b7b1","email":"michael.hall@dropbox.net","message":"failed to process due to datastore timeout of 30 seconds.  operation took 33 seconds."},{"id":"0fe84861-3a39-4f2f-9c4d-30b1b28f2084","email":"samantha.scott@me.com","message":"successfully handled skipped operation."},{"id":"16feccee-d722-46f1-8daf-23f563607628","email":"jack.thompson@me.com","message":"successfully parsed message, but message temporarily enqueued while system restarts."},{"id":"fbd88d67-e595-495b-b51e-7d964edc395a","email":"sophia.baker@dropbox.net","message":"failed to process due to datastore timeout of 30 seconds.  operation took 125 seconds."},{"id":"3eb25284-d067-430f-9c65-7ee8d97fdec4","email":"liam.gonzalez@me.com","message":"failed to process due to network exception."},{"id":"d1519d87-0552-4164-b1fd-568942ff223f","email":"jackson.white@gmail.com","message":"failed to process due to datastore timeout of 30 seconds.  operation took 119 seconds."},{"id":"c25ee930-b0fe-4f90-93c6-90672c313d1b","email":"olivia.wright@gmail.com","message":"failed to process due to datastore timeout of 30 seconds.  operation took 65 seconds."},{"id":"c9d07bfd-831d-4ee8-9c09-1ee2a781ae7c","email":"emily.taylor@gmail.com","message":"successfully processed after 1434 milliseconds."},{"id":"9c4bd370-a22e-4cae-9ad1-f3d6c45e51b6","email":"ethan.hernandez@microsoft.com","message":"failed to process due to network exception."},{"id":"639808e6-19c0-4eb3-b2ac-4cec531a42ee","email":"jackson.white@gmail.com","message":"successfully handled skipped operation."},{"id":"88104669-1cea-4af2-92e7-0dd3f216799a","email":"ella.anderson@dropbox.net","message":"failed to process due to network exception."},{"id":"62fb1345-d326-4fd5-b9e7-ee2ea9925011","email":"nicholas.allen@microsoft.com","message":"failed to process due to network exception."},{"id":"adc842e4-1b99-495d-ab4c-2d45290966c1","email":"ella.anderson@dropbox.net","message":"successfully handled skipped operation."},{"id":"d635dc7e-9148-4149-b414-09eee12cd80c","email":"liam.gonzalez@me.com","message":"failed to process due to datastore timeout of 30 seconds.  operation took 103 seconds."},{"id":"5100bd27-5409-4d6a-af60-7771ac406341","email":"grace.moore@gmail.com","message":"successfully handled skipped operation."},{"id":"70a62a48-bd68-4f3d-8d02-9c3f6dc27a0e","email":"alyssa.jones@amerisave.com","message":"successfully processed after 3900 milliseconds."},{"id":"d86fa74a-728b-47c6-a260-5c678a59be9b","email":"andrew.miller@gmail.com","message":"successfully handled skipped operation."},{"id":"3aa41232-8d9b-46f3-8d1e-5cb2157db358","email":"liam.gonzalez@me.com","message":"failed to process due to datastore timeout of 30 seconds.  operation took 37 seconds."},{"id":"ee953bcb-04d2-4b74-837c-2c556a0f203b","email":"aiden.johnson@microsoft.com","message":"successfully processed after 509 milliseconds."},{"id":"a84a774c-00f2-4568-b152-2f92ff048836","email":"ethan.hernandez@microsoft.com","message":"failed to process due to network exception."},{"id":"cf50bf5d-bddb-4f08-b8d6-7ab68358d92d","email":"mason.robinson@amerisave.com","message":"failed to process due to datastore timeout of 30 seconds.  operation took 52 seconds."},{"id":"d8198e43-a738-4ac7-b38e-111376a79ad0","email":"michael.hall@dropbox.net","message":"successfully parsed message, but message temporarily enqueued while system restarts."},{"id":"0e87af5d-0260-4802-a2b7-1027bd4a7fa4","email":"abigail.smith@amerisave.com","message":"successfully processed after 3411 milliseconds."},{"id":"88eae8ea-c6c9-4ab2-a831-120876fb134c","email":"emma.thomas@me.com","message":"failed to process due to network exception."},{"id":"93be299a-648a-4313-818a-9821d5725a86","email":"olivia.wright@gmail.com","message":"failed to process due to network exception."},{"id":"ad6585a9-3347-4de2-b4e1-2dd28a45cfb7","email":"daniel.rodriguez@amerisave.com","message":"successfully parsed message, but message temporarily enqueued while system restarts."},{"id":"a170c08d-0aa8-4a52-91d4-fec9eaa25e2c","email":"abigail.smith@amerisave.com","message":"successfully handled skipped operation."},{"id":"5b1f0be8-ba6c-4e57-b226-0f6bef1ef7df","email":"michael.hall@dropbox.net","message":"failed to process due to network exception."},{"id":"db4a0125-b31a-4090-a864-aec5bd4d8805","email":"mason.robinson@amerisave.com","message":"successfully processed after 2775 milliseconds."},{"id":"8e581942-0e0d-4f2e-9c12-2366402ff510","email":"liam.gonzalez@me.com","message":"failed to process due to datastore timeout of 30 seconds.  operation took 38 seconds."},{"id":"71c175a0-14a6-4a3b-9381-d4417bdfdf17","email":"elizabeth.martinez@dropbox.net","message":"successfully handled skipped operation."},{"id":"7ccfc962-9d77-4654-ab57-771cc0e7e3c4","email":"aiden.johnson@microsoft.com","message":"failed to process due to network exception."},{"id":"c10f693e-8717-4113-82cc-7c25ff170d74","email":"emma.thomas@me.com","message":"successfully processed after 6575 milliseconds."},{"id":"615f9533-a9b5-4487-ba3e-3ce5302fc404","email":"mason.robinson@amerisave.com","message":"successfully parsed message, but message temporarily enqueued while system restarts."},{"id":"5af8cd14-8145-4a5a-8177-072eb2a0ae17","email":"tyler.nelson@microsoft.com","message":"failed to process due to network exception."},{"id":"fac48b24-04f7-499c-bebe-4e790e8d0908","email":"emily.taylor@gmail.com","message":"failed to process due to network exception."},{"id":"8e47dae7-f4b7-4628-a6b0-ac9c3a4ede47","email":"matthew.walker@amerisave.com","message":"successfully parsed message, but message temporarily enqueued while system restarts."},{"id":"7169f9d5-6d09-4c13-b086-cd07c2545248","email":"nicholas.allen@microsoft.com","message":"successfully processed after 8070 milliseconds."},{"id":"5c5dee2a-1175-426b-b9cf-d2c2a432d97b","email":"aiden.johnson@microsoft.com","message":"failed to process due to network exception."},{"id":"d0573721-fd47-4d15-bdce-9af422f62b36","email":"ethan.hernandez@microsoft.com","message":"failed to process due to datastore timeout of 30 seconds.  operation took 118 seconds."},{"id":"3b81bed5-d8ba-4ea2-89f2-06f652d6db03","email":"aiden.johnson@microsoft.com","message":"failed to process due to datastore timeout of 30 seconds.  operation took 81 seconds."},{"id":"4001799e-7488-42fd-99d8-4eb59a591a8a","email":"hannah.martin@dropbox.net","message":"successfully parsed message, but message temporarily enqueued while system restarts."},{"id":"ec69f2e8-0d93-4868-83e7-cfc8938d7d2c","email":"matthew.walker@amerisave.com","message":"successfully processed after 7810 milliseconds."},{"id":"e26516f4-8ac7-4228-a837-f4362a7e930c","email":"nathan.young@microsoft.com","message":"failed to process due to network exception."},{"id":"a07a2a3b-d813-4b7a-b529-ed39d2b3d6b5","email":"olivia.wright@gmail.com","message":"failed to process due to network exception."},{"id":"c1910401-41f0-4469-857e-2f0788c55f1f","email":"sophia.baker@dropbox.net","message":"successfully parsed message, but message temporarily enqueued while system restarts."},{"id":"a395ca7d-eb55-4544-9d72-b5bdf6deede1","email":"michael.hall@dropbox.net","message":"successfully handled skipped operation."},{"id":"cd302028-245e-4a60-90ac-dc9b9c64719b","email":"madison.lewis@gmail.com","message":"failed to process due to network exception."},{"id":"15e18035-f1ae-4c21-8f03-88cc28256c81","email":"andrew.miller@gmail.com","message":"failed to process due to datastore timeout of 30 seconds.  operation took 47 seconds."},{"id":"2c06acf5-35e8-486d-9268-a70cb2de66e6","email":"sophia.baker@dropbox.net","message":"failed to process due to datastore timeout of 30 seconds.  operation took 39 seconds."},{"id":"972027f6-f7cc-4d69-850b-692bf2a4075e","email":"emma.thomas@me.com","message":"failed to process due to datastore timeout of 30 seconds.  operation took 84 seconds."},{"id":"e996f184-dd63-461d-8f43-80527ed83872","email":"jackson.white@gmail.com","message":"successfully handled skipped operation."},{"id":"c5511ab2-340d-4424-91d7-681e9095be8a","email":"alexis.brown@microsoft.com","message":"failed to process due to datastore timeout of 30 seconds.  operation took 76 seconds."},{"id":"8fb9dc85-cc61-4f9f-a1e3-428a211ce5d8","email":"tyler.nelson@microsoft.com","message":"successfully parsed message, but message temporarily enqueued while system restarts."},{"id":"2317143f-f206-43b3-aad5-e566d0ca05b3","email":"sarah.green@amerisave.com","message":"successfully handled skipped operation."},{"id":"0a8aa032-1e89-4e95-a9d7-a18677598f7b","email":"ella.anderson@dropbox.net","message":"successfully parsed message, but message temporarily enqueued while system restarts."},{"id":"0d2f6b45-6e11-4333-b0a3-5684c4587804","email":"alyssa.jones@amerisave.com","message":"failed to process due to datastore timeout of 30 seconds.  operation took 106 seconds."},{"id":"fed2827b-d707-47ef-9482-d0415bdcce98","email":"noah.sanchez@me.com","message":"successfully processed after 3526 milliseconds."},{"id":"e0f5764a-bb4f-4f00-b6a0-5d1832e8bc8c","email":"alexander.williams@gmail.com","message":"successfully parsed message, but message temporarily enqueued while system restarts."},{"id":"cdab6c67-8310-47c2-8abc-9107ac6fc9a7","email":"ava.davis@gmail.com","message":"successfully parsed message, but message temporarily enqueued while system restarts."},{"id":"a6579818-ff4f-4516-8ce7-f30c45d06ee5","email":"chloe.garcia@dropbox.net","message":"successfully processed after 2385 milliseconds."},{"id":"462ce796-0f1b-4535-a0e6-fff4ec40ccf6","email":"alyssa.jones@amerisave.com","message":"successfully handled skipped operation."},{"id":"a083f223-0b4e-42e7-aac7-001e437cdd6e","email":"olivia.wright@gmail.com","message":"successfully handled skipped operation."},{"id":"16a4717b-0dd4-4469-b176-6255ea1a6569","email":"lily.harris@gmail.com","message":"failed to process due to datastore timeout of 30 seconds.  operation took 53 seconds."},{"id":"89efd0f4-ea26-4294-8ab1-abf1c6c7a263","email":"samantha.scott@me.com","message":"successfully processed after 598 milliseconds."},{"id":"c30edcb4-982b-45ce-81d1-bc0f3e58fc66","email":"jack.thompson@me.com","message":"successfully processed after 5445 milliseconds."},{"id":"fe3cac10-31df-4509-96f2-a5f843c7deff","email":"nathan.young@microsoft.com","message":"successfully parsed message, but message temporarily enqueued while system restarts."},{"id":"29d7cf43-eb11-40fa-bc40-90935c195e91","email":"nathan.young@microsoft.com","message":"successfully processed after 8992 milliseconds."},{"id":"2cec7ec3-b9ef-4912-8905-fd5332e74030","email":"noah.sanchez@me.com","message":"successfully handled skipped operation."},{"id":"5b905231-0931-477c-b6db-bb4621e3cbdb","email":"jack.thompson@me.com","message":"successfully handled skipped operation."},{"id":"a838883e-7ef4-43e7-b201-4513cc3c5265","email":"dylan.wilson@gmail.com","message":"failed to process due to datastore timeout of 30 seconds.  operation took 73 seconds."},{"id":"5094b0db-3cd2-4078-bd8b-cff2baa68847","email":"elizabeth.martinez@dropbox.net","message":"successfully processed after 190 milliseconds."},{"id":"2060446c-2641-4b1f-bb93-8789e0e17dc1","email":"elizabeth.martinez@dropbox.net","message":"failed to process due to network exception."},{"id":"855e9dd6-ed28-4bd7-b6bb-af999acd0a67","email":"olivia.wright@gmail.com","message":"successfully handled skipped operation."},{"id":"2c9d8b2c-a464-4c10-9c89-3e3ceb1d812d","email":"chloe.garcia@dropbox.net","message":"successfully handled skipped operation."},{"id":"5bb865d7-f91c-4b1e-8746-64cbe4b9d76f","email":"ava.davis@gmail.com","message":"successfully processed after 8623 milliseconds."},{"id":"4a67e4ad-586f-4029-87fe-448cb0ff5a6b","email":"alexis.brown@microsoft.com","message":"successfully processed after 3578 milliseconds."},{"id":"89722779-75e9-4d08-b843-1164910865be","email":"jackson.white@gmail.com","message":"failed to process due to datastore timeout of 30 seconds.  operation took 45 seconds."},{"id":"72de6fac-aa9b-409f-acdf-65731826d686","email":"alexander.williams@gmail.com","message":"failed to process due to datastore timeout of 30 seconds.  operation took 77 seconds."},{"id":"4923ab3d-7f76-4b14-b03e-c39f6f6d1110","email":"alexis.brown@microsoft.com","message":"failed to process due to datastore timeout of 30 seconds.  operation took 103 seconds."},{"id":"35ce9dc8-c835-4764-ad3f-e7a2c78eec58","email":"aiden.johnson@microsoft.com","message":"failed to process due to datastore timeout of 30 seconds.  operation took 64 seconds."},{"id":"2ede2074-6216-4398-b968-dbc371e2d68a","email":"nicholas.allen@microsoft.com","message":"failed to process due to datastore timeout of 30 seconds.  operation took 122 seconds."},{"id":"b2ccf6e8-36ca-4a72-9e90-85fab1afed72","email":"ethan.hernandez@microsoft.com","message":"successfully parsed message, but message temporarily enqueued while system restarts."},{"id":"cbbf424b-d5d5-435a-a463-5a924b95a028","email":"aiden.johnson@microsoft.com","message":"successfully processed after 7439 milliseconds."},{"id":"ac505ebf-0f64-4a5c-82df-dacba6c5bfbb","email":"grace.moore@gmail.com","message":"successfully processed after 7422 milliseconds."},{"id":"b4c494fd-e1e6-475c-8582-aa94d74f8212","email":"alexander.williams@gmail.com","message":"failed to process due to network exception."},{"id":"ee488351-be8f-4035-bec8-b69d0ae3c5fb","email":"grace.moore@gmail.com","message":"failed to process due to network exception."},{"id":"92efb14b-b646-46e7-9b90-2cee3cf33e2e","email":"andrew.miller@gmail.com","message":"failed to process due to datastore timeout of 30 seconds.  operation took 107 seconds."},{"id":"98407c98-3d14-4a28-806c-a64ff94e7a3f","email":"chloe.garcia@dropbox.net","message":"successfully processed after 8647 milliseconds."},{"id":"e6357ba6-e7e1-47de-9aa8-849b3a2c1818","email":"chloe.garcia@dropbox.net","message":"failed to process due to network exception."},{"id":"02c37c17-be18-4d90-a992-9a1330186ff9","email":"chloe.garcia@dropbox.net","message":"successfully parsed message, but message temporarily enqueued while system restarts."},{"id":"625e7208-1104-4cef-a928-c3b330de6eb5","email":"grace.moore@gmail.com","message":"failed to process due to network exception."},{"id":"e552481b-e9af-4033-bea1-5e6812f4db9e","email":"noah.sanchez@me.com","message":"failed to process due to network exception."},{"id":"3173cc4a-4724-4885-bab3-4aa8499bec2d","email":"hannah.martin@dropbox.net","message":"successfully handled skipped operation."},{"id":"23bfab43-ebab-4c46-b0a6-841dce0142d8","email":"aiden.johnson@microsoft.com","message":"failed to process due to network exception."},{"id":"aa0d014f-685c-4d8b-bfa8-aff52c350e29","email":"sophia.baker@dropbox.net","message":"failed to process due to datastore timeout of 30 seconds.  operation took 74 seconds."},{"id":"1f86ab2e-deb3-4ca5-81a6-0b664bb194ea","email":"daniel.rodriguez@amerisave.com","message":"successfully handled skipped operation."},{"id":"4651b5e3-f6b0-4206-8c21-3e9a74362bb2","email":"samantha.scott@me.com","message":"successfully processed after 7362 milliseconds."},{"id":"57579a01-27bb-4cad-bb86-b9e9923287b1","email":"matthew.walker@amerisave.com","message":"successfully parsed message, but message temporarily enqueued while system restarts."},{"id":"ccb22444-5bcd-46f0-b6fe-b31dd36d4c29","email":"isabella.jackson@amerisave.com","message":"failed to process due to datastore timeout of 30 seconds.  operation took 87 seconds."},{"id":"31c9070a-752e-4a08-9ebd-c1c9d4e8f6f3","email":"matthew.walker@amerisave.com","message":"failed to process due to network exception."},{"id":"dc94edc7-a90a-455d-90eb-5ff6c4436b35","email":"joshua.lee@gmail.com","message":"failed to process due to datastore timeout of 30 seconds.  operation took 76 seconds."},{"id":"19490fb1-4a8d-4804-9be4-25584c46dd6b","email":"nicholas.allen@microsoft.com","message":"failed to process due to datastore timeout of 30 seconds.  operation took 74 seconds."},{"id":"9233821a-8670-4b94-8cad-64aabeeb0acb","email":"madison.lewis@gmail.com","message":"failed to process due to datastore timeout of 30 seconds.  operation took 72 seconds."},{"id":"054c1701-d58b-4f4e-bff9-c5daa0773227","email":"dylan.wilson@gmail.com","message":"successfully parsed message, but message temporarily enqueued while system restarts."},{"id":"070325e8-9a11-40b2-80d9-37ebf837fc52","email":"tyler.nelson@microsoft.com","message":"successfully handled skipped operation."},{"id":"5d7cedfd-619b-4a53-b23e-28ee2ad1277d","email":"sarah.green@amerisave.com","message":"failed to process due to datastore timeout of 30 seconds.  operation took 64 seconds."},{"id":"47bb5d17-84ef-469b-8356-bc2de5396b8d","email":"lily.harris@gmail.com","message":"successfully handled skipped operation."},{"id":"3fba7d9b-5872-4fff-81da-f0c3d6d245f2","email":"alyssa.jones@amerisave.com","message":"failed to process due to datastore timeout of 30 seconds.  operation took 128 seconds."}],"id":"53190cf9-de1c-4330-9ddd-dfa7d5708b5f"}