{"logs":[{"id":"09c00e4a-c58f-4482-a34c-2d63e89b513c","email":"ethan.hernandez@microsoft.com","message":"successfully handled skipped operation."},{"id":"e09138f4-9029-41a9-b489-88cca44d0d05","email":"ava.davis@gmail.com","message":"failed to process due to datastore timeout of 30 seconds.  operation took 62 seconds."},{"id":"5d432732-ed5f-451f-8121-bd7d4771d9e6","email":"aiden.johnson@microsoft.com","message":"failed to process due to datastore timeout of 30 seconds.  operation took 125 seconds."},{"id":"c91a6c06-b3c5-4dc7-a0af-797940c813d2","email":"hannah.martin@dropbox.net","message":"successfully parsed message, but message temporarily enqueued while system restarts."},{"id":"b6c14d72-ce87-487a-96a6-c1b9604e28ba","email":"joshua.lee@gmail.com","message":"failed to process due to datastore timeout of 30 seconds.  operation took 68 seconds."},{"id":"263e4f4e-45ba-44db-b78e-5ebd6f660a52","email":"dylan.wilson@gmail.com","message":"failed to process due to datastore timeout of 30 seconds.  operation took 94 seconds."},{"id":"0a9cd2d0-81f6-4d45-8285-23a254c0f6ff","email":"isabella.jackson@amerisave.com","message":"successfully processed after 2448 milliseconds."},{"id":"23a897b6-5e79-44da-8908-97bacdb184bb","email":"nicholas.allen@microsoft.com","message":"successfully processed after 1107 milliseconds."},{"id":"8ccddb25-90c8-460d-bcdc-6c7f51ba4adb","email":"taylor.adams@gmail.com","message":"failed to process due to datastore timeout of 30 seconds.  operation took 94 seconds."},{"id":"66a4f489-87f6-4646-89cb-10ad86855e1b","email":"sarah.green@amerisave.com","message":"successfully parsed message, but message temporarily enqueued while system restarts."},{"id":"ed7a69be-0c7c-4ade-a6b1-65f79d81d137","email":"madison.lewis@gmail.com","message":"successfully handled skipped operation."},{"id":"4e5f8c14-17bc-4b85-983e-72695a9475ce","email":"logan.clark@dropbox.net","message":"successfully processed after 9255 milliseconds."},{"id":"e228eca7-42cd-49ef-9ce3-e1a163a8c419","email":"elizabeth.martinez@dropbox.net","message":"successfully handled skipped operation."},{"id":"f3752d05-96a4-4560-a88a-7052a2e8772b","email":"tyler.nelson@microsoft.com","message":"failed to process due to network exception."},{"id":"19b05ed6-f844-4dfa-b8da-aed4e59d7bb1","email":"nicholas.allen@microsoft.com","message":"successfully parsed message, but message temporarily enqueued while system restarts."},{"id":"d4e7ab0e-7aaa-4f6c-8cc0-4dbfb907ae68","email":"madison.lewis@gmail.com","message":"successfully processed after 2385 milliseconds."},{"id":"78d9e7af-10b0-4eaa-a031-8f47d5dae09a","email":"daniel.rodriguez@amerisave.com","message":"successfully handled skipped operation."},{"id":"467a03cd-a24b-46ac-9a90-aaaab3a6cf6d","email":"samantha.scott@me.com","message":"failed to process due to network exception."},{"id":"02076632-f881-4bd1-9c6a-5a7efaa11142","email":"madison.lewis@gmail.com","message":"successfully handled skipped operation."},{"id":"ec0ddaa1-d4b4-45a0-9f0e-c5e37e90b7ce","email":"ella.anderson@dropbox.net","message":"successfully processed after 1631 milliseconds."},{"id":"ec7bc675-9008-41e1-a01b-5744b21ca2ef","email":"ella.anderson@dropbox.net","message":"failed to process due to datastore timeout of 30 seconds.  operation took 73 seconds."},{"id":"4fad1caa-d80f-46ff-ac39-beb1370ce9c1","email":"olivia.wright@gmail.com","message":"failed to process due to datastore timeout of 30 seconds.  operation took 42 seconds."},{"id":"b0b397c8-472b-41eb-8771-c44285cedddc","email":"joshua.lee@gmail.com","message":"successfully processed after 6711 milliseconds."},{"id":"5b1745ec-5366-4cb6-903a-8e9cfeb3e00a","email":"aiden.johnson@microsoft.com","message":"successfully parsed message, but message temporarily enqueued while system restarts."},{"id":"d4492eed-895c-4289-8b49-1d1575e318f2","email":"nicholas.allen@microsoft.com","message":"successfully parsed message, but message temporarily enqueued while system restarts."},{"id":"709fa702-6858-4587-99ec-71a17cc1f9a9","email":"aiden.johnson@microsoft.com","message":"successfully handled skipped operation."},{"id":"762144b1-fb9d-4a17-a7c4-bf0a3aa99bb9","email":"ava.davis@gmail.com","message":"failed to process due to datastore timeout of 30 seconds.  operation took 60 seconds."},{"id":"3a160ea9-f25c-48e4-ab9b-4207400db212","email":"alexis.brown@microsoft.com","message":"successfully handled skipped operation."},{"id":"8ce17416-801e-4310-980f-055942866113","email":"chloe.garcia@dropbox.net","message":"successfully parsed message, but message temporarily enqueued while system restarts."},{"id":"f17dc660-30d2-40f8-828e-bda48ac10a38","email":"jacob.lopez@dropbox.net","message":"failed to process due to network exception."},{"id":"7564f8a8-d86c-443e-8b58-c2cb35010ebd","email":"elizabeth.martinez@dropbox.net","message":"successfully parsed message, but message temporarily enqueued while system restarts."},{"id":"199d8803-0812-4b74-99a8-7db3c24141be","email":"tyler.nelson@microsoft.com","message":"successfully handled skipped operation."},{"id":"7ebf4a04-74b0-4da7-96b7-6ea024c3f4d3","email":"ryan.king@dropbox.net","message":"successfully parsed message, but message temporarily enqueued while system restarts."},{"id":"40cb78b6-f775-43ab-807e-379828e6994c","email":"jack.thompson@me.com","message":"successfully parsed message, but message temporarily enqueued while system restarts."},{"id":"412562c2-77a9-4083-a2f7-fc2dfd25d7fc","email":"emily.taylor@gmail.com","message":"successfully processed after 9667 milliseconds."},{"id":"f289320d-e066-4938-ad58-85a76ad95f89","email":"emily.taylor@gmail.com","message":"successfully processed after 3225 milliseconds."},{"id":"cae93cd3-8257-49ff-aa6e-8a33b1cff995","email":"nathan.young@microsoft.com","message":"successfully processed after 9096 milliseconds."},{"id":"f6817817-ba38-4a2b-b73c-d9185506d98d","email":"elizabeth.martinez@dropbox.net","message":"successfully parsed message, but message temporarily enqueued while system restarts."},{"id":"14215109-cddd-420c-b2e4-c3479a74d78a","email":"alexis.brown@microsoft.com","message":"successfully processed after 9247 milliseconds."},{"id":"2b58a09c-d90f-4370-a7fa-5637b2c6332a","email":"mason.robinson@amerisave.com","message":"failed to process due to network exception."},{"id":"a01920c3-e0fe-4471-8c32-21976fffb729","email":"matthew.walker@amerisave.com","message":"successfully parsed message, but message temporarily enqueued while system restarts."},{"id":"a3761f56-30b1-4b52-b075-180563146857","email":"logan.clark@dropbox.net","message":"successfully handled skipped operation."},{"id":"435534c3-b73b-463b-bf33-e3f7121e1cdf","email":"emma.thomas@me.com","message":"failed to process due to network exception."},{"id":"bd0f36ce-d29f-407e-a9c3-1b1c09624e87","email":"taylor.adams@gmail.com","message":"successfully processed after 6434 milliseconds."},{"id":"41292149-9447-4716-ac5c-73dbe5e129a4","email":"ryan.king@dropbox.net","message":"failed to process due to network exception."},{"id":"1b929942-406c-40fc-8319-b06ad9817d3d","email":"nathan.young@microsoft.com","message":"successfully processed after 3008 milliseconds."},{"id":"4afb7672-9f5c-4e1f-b9bd-a17741a134c9","email":"abigail.smith@amerisave.com","message":"failed to process due to datastore timeout of 30 seconds.  operation took 66 seconds."},{"id":"58871e4d-8a2e-4259-a8e3-e3730090f8d6","email":"jack.thompson@me.com","message":"successfully parsed message, but message temporarily enqueued while system restarts."},{"id":"abd5bcb1-0a70-478b-b0cc-c98b5e2c8341","email":"mason.robinson@amerisave.com","message":"failed to process due to network exception."},{"id":"d8348060-c316-420f-8738-283206bcfca3","email":"hannah.martin@dropbox.net","message":"failed to process due to datastore timeout of 30 seconds.  operation took 91 seconds."},{"id":"d236f2d1-507d-44cb-b9a9-a5b6c97f77bb","email":"isabella.jackson@amerisave.com","message":"successfully parsed message, but message temporarily enqueued while system restarts."},{"id":"cd6db88b-1d34-432d-ad4d-43de189888a9","email":"jackson.white@gmail.com","message":"successfully handled skipped operation."},{"id":"e859c72e-14b6-400d-80d4-26f083a585ec","email":"nicholas.allen@microsoft.com","message":"successfully processed after 3075 milliseconds."},{"id":"771fb49d-9f32-4657-a680-aa3781a5b2e4","email":"jacob.lopez@dropbox.net","message":"successfully processed after 1145 milliseconds."},{"id":"dbaed9a2-3b5f-4423-a52d-fa4b665c3220","email":"ryan.king@dropbox.net","message":"failed to process due to network exception."},{"id":"40067c4a-ae32-46cc-b395-c0dc1b569d72","email":"nicholas.allen@microsoft.com","message":"successfully handled skipped operation."},{"id":"14e5ca4f-e326-4798-852d-b8f8dc7b94dd","email":"andrew.miller@gmail.com","message":"successfully parsed message, but message temporarily enqueued while system restarts."},{"id":"c3ceaa99-9d01-48b4-bbcd-2845c543cee2","email":"noah.sanchez@me.com","message":"successfully parsed message, but message temporarily enqueued while system restarts."},{"id":"4506f9fa-301c-4731-86c3-07615a5587c2","email":"alexander.williams@gmail.com","message":"successfully processed after 1817 milliseconds."},{"id":"e45f2ce5-c08a-47f3-98f6-648fc0df3daa","email":"lily.harris@gmail.com","message":"failed to process due to datastore timeout of 30 seconds.  operation took 115 seconds."},{"id":"f0b184ff-e796-45d3-b3b2-719f72478801","email":"jackson.white@gmail.com","message":"failed to process due to datastore timeout of 30 seconds.  operation took 114 seconds."},{"id":"c48f5534-68aa-4429-aeab-5010b19eebe9","email":"dylan.wilson@gmail.com","message":"successfully parsed message, but message temporarily enqueued while system restarts."},{"id":"a0056b1b-8c26-4ca5-a86a-aa37a3b88249","email":"jackson.white@gmail.com","message":"successfully handled skipped operation."},{"id":"18d0ac18-ebc9-41cf-b7a3-b8035edf8267","email":"emily.taylor@gmail.com","message":"successfully handled skipped operation."},{"id":"4598b6ff-2cda-45e3-84e7-2f5049dbecdc","email":"michael.hall@dropbox.net","message":"successfully parsed message, but message temporarily enqueued while system restarts."},{"id":"6377296f-b1ea-4491-8b55-1a0b46847816","email":"dylan.wilson@gmail.com","message":"successfully parsed message, but message temporarily enqueued while system restarts."},{"id":"666f08b8-4fd3-40b8-9480-a8c7ff3f4f84","email":"ava.davis@gmail.com","message":"successfully handled skipped operation."},{"id":"9518aec5-64c0-455c-8bae-e08c5ea57de9","email":"ryan.king@dropbox.net","message":"successfully processed after 706 milliseconds."},{"id":"88a3ee68-9726-43af-b3f5-d53e70a2339f","email":"alyssa.jones@amerisave.com","message":"successfully processed after 7598 milliseconds."},{"id":"726f3348-8812-489b-aae8-1568e4f1b02a","email":"jacob.lopez@dropbox.net","message":"successfully parsed message, but message temporarily enqueued while system restarts."},{"id":"55f05411-a1d1-46ae-bdfd-7566f0642e43","email":"liam.gonzalez@me.com","message":"successfully handled skipped operation."},{"id":"b256904e-b8b4-454c-bdd2-e41b53f5dde8","email":"ella.anderson@dropbox.net","message":"successfully parsed message, but message temporarily enqueued while system restarts."},{"id":"b1114d94-a572-4a64-ad34-f89f3f6b9518","email":"taylor.adams@gmail.com","message":"failed to process due to datastore timeout of 30 seconds.  operation took 127 seconds."},{"id":"5c178604-21a9-43ba-9f69-b12bfffe0f77","email":"dylan.wilson@gmail.com","message":"successfully processed after 4085 milliseconds."},{"id":"0ae6fd42-118f-4eba-a7dc-7a50fe4d6110","email":"logan.clark@dropbox.net","message":"successfully processed after 2105 milliseconds."},{"id":"e315a12f-954b-4c8f-8d83-e828e73fb2aa","email":"hannah.martin@dropbox.net","message":"successfully processed after 6895 milliseconds."},{"id":"6cedef70-838f-49e5-909b-634e06e40a58","email":"ryan.king@dropbox.net","message":"failed to process due to datastore timeout of 30 seconds.  operation took 107 seconds."},{"id":"d31603a6-d134-4274-9a43-dc0321958148","email":"grace.moore@gmail.com","message":"successfully handled skipped operation."},{"id":"0ac425e8-3e3f-488c-9d23-70555702d30f","email":"dylan.wilson@gmail.com","message":"successfully processed after 600 milliseconds."},{"id":"4c5f71ed-69e7-45a9-8985-4f57f579127d","email":"abigail.smith@amerisave.com","message":"successfully handled skipped operation."},{"id":"d404dea2-e0b9-431f-8d7d-0c04739b13ac","email":"liam.gonzalez@me.com","message":"failed to process due to datastore timeout of 30 seconds.  operation took 36 seconds."},{"id":"095728c4-e6ea-4a36-9150-334b4ff3dc3c","email":"lily.harris@gmail.com","message":"successfully parsed message, but message temporarily enqueued while system restarts."},{"id":"c0e46080-9501-4b96-9363-f492b8de9033","email":"olivia.wright@gmail.com","message":"successfully parsed message, but message temporarily enqueued while system restarts."},{"id":"e3f01675-0036-43d0-88ba-4c0c555947a7","email":"chloe.garcia@dropbox.net","message":"failed to process due to datastore timeout of 30 seconds.  operation took 86 seconds."},{"id":"5f0a6719-9738-4ba2-ab49-c23f0a558425","email":"joshua.lee@gmail.com","message":"successfully processed after 2407 milliseconds."},{"id":"e23ed7f8-54db-47cd-8462-5ddd1d20fe5d","email":"jacob.lopez@dropbox.net","message":"failed to process due to network exception."},{"id":"a9582b6c-d174-4635-83b8-17c69ae9c8db","email":"chloe.garcia@dropbox.net","message":"successfully parsed message, but message temporarily enqueued while system restarts."},{"id":"6dac19e9-2b7e-4e0e-91cd-623ba9cd0cbc","email":"madison.lewis@gmail.com","message":"failed to process due to network exception."},{"id":"017e7419-ec03-4e3c-8812-004b11c6906b","email":"joshua.lee@gmail.com","message":"successfully parsed message, but message temporarily enqueued while system restarts."},{"id":"4d7d93bb-fe98-4845-b9c2-2fcef66c5a47","email":"nicholas.allen@microsoft.com","message":"failed to process due to network exception."},{"id":"7c70cd61-bd91-4f4c-9c3a-0b81f8f3ecd9","email":"alexis.brown@microsoft.com","message":"failed to process due to datastore timeout of 30 seconds.  operation took 98 seconds."},{"id":"7a02b2d9-e1e7-4dd4-8ca9-1c9ab50fb77d","email":"jackson.white@gmail.com","message":"successfully parsed message, but message temporarily enqueued while system restarts."},{"id":"7d13eda0-73a7-4055-b522-945256d6ca33","email":"tyler.nelson@microsoft.com","message":"successfully processed after 6254 milliseconds."},{"id":"3a418a36-ecd4-46c4-9980-6c8df122cdd2","email":"alexander.williams@gmail.com","message":"failed to process due to datastore timeout of 30 seconds.  operation took 61 seconds."},{"id":"71bb211f-a9c2-4763-8107-dbbda422fc0e","email":"liam.gonzalez@me.com","message":"failed to process due to network exception."},{"id":"58fc7d48-fbac-42ec-8b0b-0947e05a8c72","email":"taylor.adams@gmail.com","message":"failed to process due to datastore timeout of 30 seconds.  operation took 67 seconds."},{"id":"7b45db70-1128-4ec9-ac7d-508666ce5322","email":"mia.perez@me.com","message":"failed to process due to datastore timeout of 30 seconds.  operation took 119 seconds."},{"id":"86f162b2-b371-48eb-8ca8-7dc934beef7c","email":"elizabeth.martinez@dropbox.net","message":"failed to process due to network exception."},{"id":"e0edaae9-9d13-4317-9688-b6857939d984","email":"isabella.jackson@amerisave.com","message":"successfully handled skipped operation."},{"id":"7e75361e-c071-402b-8090-ef55274cdc57","email":"grace.moore@gmail.com","message":"successfully processed after 7321 milliseconds."},{"id":"ff74f96c-e879-4e4f-9093-2beeff68b9cd","email":"ryan.king@dropbox.net","message":"successfully parsed message, but message temporarily enqueued while system restarts."},{"id":"b41e6e3e-b195-40d1-9840-b31ed2f81b5f","email":"mia.perez@me.com","message":"failed to process due to network exception."},{"id":"25bc55da-4b7f-49d0-956e-713fefb874f1","email":"taylor.adams@gmail.com","message":"failed to process due to datastore timeout of 30 seconds.  operation took 46 seconds."},{"id":"c6985730-95fd-48b7-8966-dcab64c272d1","email":"ella.anderson@dropbox.net","message":"successfully parsed message, but message temporarily enqueued while system restarts."},{"id":"bac3f8a6-d534-49a7-9550-739bd1c04dca","email":"mia.perez@me.com","message":"successfully handled skipped operation."},{"id":"a1325dfc-58aa-4da6-b562-02e69a0a4bdb","email":"emma.thomas@me.com","message":"successfully parsed message, but message temporarily enqueued while system restarts."},{"id":"646923bd-bb28-4c55-ad0f-d3b6c9030732","email":"olivia.wright@gmail.com","message":"successfully parsed message, but message temporarily enqueued while system restarts."},{"id":"77c0d408-9472-433e-b3bb-a080d3b93b8d","email":"lily.harris@gmail.com","message":"failed to process due to network exception."},{"id":"6a4a3aa2-ec74-4b4e-8e9e-3a1755969c9b","email":"jack.thompson@me.com","message":"failed to process due to network exception."},{"id":"29f2b7ef-24b4-4cd7-8f15-4dcf6141b906","email":"nicholas.allen@microsoft.com","message":"successfully handled skipped operation."},{"id":"bf2b4929-e0a9-44a9-bf07-2c65746f0412","email":"alexis.brown@microsoft.com","message":"successfully parsed message, but message temporarily enqueued while system restarts."},{"id":"e074aa93-310d-45ee-86a4-8054d4239782","email":"daniel.rodriguez@amerisave.com","message":"successfully parsed message, but message temporarily enqueued while system restarts."},{"id":"7487190d-3819-4054-947c-c443de4ab26f","email":"matthew.walker@amerisave.com","message":"failed to process due to datastore timeout of 30 seconds.  operation took 56 seconds."},{"id":"f34bda69-aeb9-49ae-88d5-7dc6f5c05db1","email":"liam.gonzalez@me.com","message":"failed to process due to network exception."},{"id":"a3df5496-c3c6-41c2-af58-0a92bfce69e6","email":"abigail.smith@amerisave.com","message":"failed to process due to datastore timeout of 30 seconds.  operation took 84 seconds."},{"id":"44996621-310d-43b3-8a53-cfd5c87f774b","email":"jackson.white@gmail.com","message":"failed to process due to network exception."},{"id":"ae8ef8cd-5668-4716-9bc6-6b0f3f156260","email":"aiden.johnson@microsoft.com","message":"failed to process due to network exception."},{"id":"23712faf-fb8e-4b78-aec9-3d58b17e845b","email":"ryan.king@dropbox.net","message":"successfully processed after 393 milliseconds."},{"id":"148fa78a-68d9-49db-aedb-308616af3c20","email":"michael.hall@dropbox.net","message":"failed to process due to network exception."},{"id":"b5e58544-ef40-45c0-9a7d-dcf36ffe1b69","email":"joshua.lee@gmail.com","message":"successfully handled skipped operation."},{"id":"646c7452-65f2-423f-b5c0-57bdb6e85a1e","email":"alexis.brown@microsoft.com","message":"failed to process due to datastore timeout of 30 seconds.  operation took 44 seconds."},{"id":"b611fbb8-3523-4e48-b537-1bc329f410cb","email":"liam.gonzalez@me.com","message":"successfully handled skipped operation."},{"id":"44b34123-c737-4cab-981c-8e6864920fe4","email":"noah.sanchez@me.com","message":"successfully processed after 4749 milliseconds."},{"id":"1aab2f25-901c-4f26-ac7a-547eca12bc8a","email":"liam.gonzalez@me.com","message":"successfully parsed message, but message temporarily enqueued while system restarts."},{"id":"f39498a9-3351-447b-8ef7-44523c34f16e","email":"madison.lewis@gmail.com","message":"successfully processed after 5468 milliseconds."},{"id":"3db453cc-0ad3-40bd-b8da-ef0044dee837","email":"jack.thompson@me.com","message":"successfully handled skipped operation."},{"id":"a0e57a89-532b-4842-9299-d3301c298f3d","email":"lily.harris@gmail.com","message":"successfully parsed message, but message temporarily enqueued while system restarts."},{"id":"abb45886-301d-47ed-8334-d12a963a55f4","email":"mia.perez@me.com","message":"failed to process due to datastore timeout of 30 seconds.  operation took 38 seconds."},{"id":"02ec8b32-b181-43d6-a6c6-9467cf1f870f","email":"ella.anderson@dropbox.net","message":"failed to process due to datastore timeout of 30 seconds.  operation took 46 seconds."},{"id":"0c132fe5-1ce9-4576-82f2-3919db9e3756","email":"andrew.miller@gmail.com","message":"failed to process due to network exception."},{"id":"5d330938-88bb-49c5-abe5-f43b5dfc51d0","email":"aiden.johnson@microsoft.com","message":"failed to process due to network exception."},{"id":"e7ae94b5-a90d-4bd7-bd7e-c5d9edb62e84","email":"isabella.jackson@amerisave.com","message":"successfully parsed message, but message temporarily enqueued while system restarts."},{"id":"07d05140-87dd-4bd0-8878-8455988f78c5","email":"hannah.martin@dropbox.net","message":"failed to process due to datastore timeout of 30 seconds.  operation took 92 seconds."},{"id":"1572e558-2784-4be5-98d3-a81398c241e4","email":"ella.anderson@dropbox.net","message":"successfully processed after 5452 milliseconds."},{"id":"8fa89c64-5802-49ea-ade0-10a0d559f9a8","email":"nicholas.allen@microsoft.com","message":"failed to process due to datastore timeout of 30 seconds.  operation took 79 seconds."},{"id":"15d88d94-e854-46ea-8bb9-685aa6e1faac","email":"ella.anderson@dropbox.net","message":"successfully processed after 6059 milliseconds."},{"id":"41cc0680-6042-4735-819b-73d361377151","email":"grace.moore@gmail.com","message":"successfully handled skipped operation."},{"id":"e393217f-4b81-498a-b8f4-2f59cd0b7b8b","email":"logan.clark@dropbox.net","message":"successfully parsed message, but message temporarily enqueued while system restarts."},{"id":"5f58678e-bd33-4ce6-bd25-235a4f43a6b8","email":"mia.perez@me.com","message":"successfully processed after 5258 milliseconds."},{"id":"bc17be6d-eec8-487e-9147-782f835a921a","email":"tyler.nelson@microsoft.com","message":"failed to process due to network exception."},{"id":"88d07338-e5fb-40d6-b650-cccfd9d646a9","email":"taylor.adams@gmail.com","message":"successfully handled skipped operation."},{"id":"9602657b-07c6-4d24-a7fd-158bbde40b65","email":"emily.taylor@gmail.com","message":"successfully parsed message, but message temporarily enqueued while system restarts."},{"id":"959149ee-29df-4412-95b2-3137cbb69a94","email":"jackson.white@gmail.com","message":"failed to process due to datastore timeout of 30 seconds.  operation took 63 seconds."},{"id":"faf20d77-d770-4cb5-828f-672b9540fdbd","email":"grace.moore@gmail.com","message":"failed to process due to datastore timeout of 30 seconds.  operation took 106 seconds."},{"id":"c9cc7121-d8b0-4b59-a411-a7de2c685058","email":"aiden.johnson@microsoft.com","message":"successfully parsed message, but message temporarily enqueued while system restarts."},{"id":"13899fd1-21df-45cb-ad83-e34abfdc63db","email":"ava.davis@gmail.com","message":"failed to process due to datastore timeout of 30 seconds.  operation took 87 seconds."},{"id":"e9b2489b-1fe3-413f-8743-864963900571","email":"nicholas.allen@microsoft.com","message":"successfully parsed message, but message temporarily enqueued while system restarts."},{"id":"f5fae8b3-fd98-4033-b032-9fa90b725546","email":"sophia.baker@dropbox.net","message":"failed to process due to datastore timeout of 30 seconds.  operation took 64 seconds."},{"id":"67110350-9521-43fe-93af-9f17f3808527","email":"chloe.garcia@dropbox.net","message":"successfully parsed message, but message temporarily enqueued while system restarts."},{"id":"1fa3f311-d3a6-4850-914c-fbca23106cca","email":"logan.clark@dropbox.net","message":"failed to process due to datastore timeout of 30 seconds.  operation took 114 seconds."},{"id":"a3e73ddc-fff5-49c1-bc76-da26d7577a8d","email":"taylor.adams@gmail.com","message":"successfully parsed message, but message temporarily enqueued while system restarts."},{"id":"ce1155ff-32bb-4597-ad87-f3494b553234","email":"michael.hall@dropbox.net","message":"successfully handled skipped operation."},{"id":"b73ab354-10b2-49fa-bc9e-99b8b73f4606","email":"madison.lewis@gmail.com","message":"successfully processed after 1043 milliseconds."},{"id":"523d6e8b-3a9a-4cca-b081-3b7fe9d70d81","email":"chloe.garcia@dropbox.net","message":"successfully processed after 8660 milliseconds."},{"id":"7ee4867c-a5e0-496f-bbb9-126640868719","email":"sophia.baker@dropbox.net","message":"failed to process due to network exception."},{"id":"8fbce667-880e-4c2d-b6aa-e02417f09f0e","email":"ethan.hernandez@microsoft.com","message":"successfully parsed message, but message temporarily enqueued while system restarts."},{"id":"4c886a2e-3820-493b-a808-86aa220448be","email":"abigail.smith@amerisave.com","message":"successfully handled skipped operation."},{"id":"1f147efb-6e4e-4a1f-9861-687b016cf91d","email":"mason.robinson@amerisave.com","message":"successfully processed after 8172 milliseconds."},{"id":"100df9a6-d86b-4cdc-9237-26c9e71eaede","email":"olivia.wright@gmail.com","message":"successfully processed after 8389 milliseconds."},{"id":"8fe9bbe2-ac03-4490-8c79-a4b5078f2c90","email":"andrew.miller@gmail.com","message":"successfully processed after 6682 milliseconds."},{"id":"d67a467d-ca1e-46ad-ad8a-e487d090b498","email":"mason.robinson@amerisave.com","message":"successfully parsed message, but message temporarily enqueued while system restarts."},{"id":"e8fafad5-3298-497b-9cb7-0c65223d6547","email":"daniel.rodriguez@amerisave.com","message":"successfully parsed message, but message temporarily enqueued while system restarts."},{"id":"961ecc82-3cf8-49e0-b46a-0d70d482e3b5","email":"lily.harris@gmail.com","message":"failed to process due to network exception."},{"id":"9509e34a-05b4-44c3-8300-feef43b7a32f","email":"emily.taylor@gmail.com","message":"failed to process due to datastore timeout of 30 seconds.  operation took 111 seconds."},{"id":"25eeea7d-b8f0-4ad8-88f3-66957113062b","email":"isabella.jackson@amerisave.com","message":"successfully parsed message, but message temporarily enqueued while system restarts."},{"id":"6cc6db03-0142-422b-af1b-a76359a170b5","email":"ethan.hernandez@microsoft.com","message":"successfully parsed message, but message temporarily enqueued while system restarts."},{"id":"b0b60b03-04d4-412f-9ebb-5f731c5e3a87","email":"tyler.nelson@microsoft.com","message":"successfully handled skipped operation."},{"id":"f58db53e-e684-4657-aedf-8d7749d024da","email":"madison.lewis@gmail.com","message":"failed to process due to network exception."},{"id":"c2da5f52-fa94-4db6-8a4a-ab74b4a06e75","email":"jackson.white@gmail.com","message":"failed to process due to network exception."},{"id":"176deaea-4bfa-48ac-9c64-1bb7db628f58","email":"isabella.jackson@amerisave.com","message":"failed to process due to datastore timeout of 30 seconds.  operation took 90 seconds."},{"id":"2e8b62f2-6662-40ad-b35f-e59b97d02b1b","email":"sarah.green@amerisave.com","message":"successfully processed after 4816 milliseconds."},{"id":"404e1f3c-5521-43cd-94cb-2066176b4a6b","email":"noah.sanchez@me.com","message":"failed to process due to network exception."},{"id":"9accf1b6-dbd8-49d0-8fbc-3ff75e9115e2","email":"ava.davis@gmail.com","message":"failed to process due to datastore timeout of 30 seconds.  operation took 86 seconds."},{"id":"55687af1-b5ad-4d4e-9655-a24eedb5680c","email":"samantha.scott@me.com","message":"successfully processed after 8637 milliseconds."},{"id":"7b155756-6c36-4753-8e93-a14aeaaed87c","email":"mason.robinson@amerisave.com","message":"failed to process due to network exception."},{"id":"5ee770da-018f-4ab2-989f-1454fb48a55d","email":"grace.moore@gmail.com","message":"failed to process due to network exception."},{"id":"bfe85284-d2ff-4726-9d00-4f809a318963","email":"tyler.nelson@microsoft.com","message":"successfully parsed message, but message temporarily enqueued while system restarts."},{"id":"1dc03c91-0c6c-42b4-b81d-08be9a190b36","email":"madison.lewis@gmail.com","message":"failed to process due to network exception."},{"id":"54a3218a-4b86-4eab-a434-70771d78684a","email":"mia.perez@me.com","message":"successfully handled skipped operation."},{"id":"dc3ceee5-2a47-4161-8a57-8663acb23be7","email":"logan.clark@dropbox.net","message":"successfully parsed message, but message temporarily enqueued while system restarts."},{"id":"447a3632-180e-4be4-ac65-7d5273654ed8","email":"ava.davis@gmail.com","message":"successfully handled skipped operation."},{"id":"a6979ce6-8af9-480b-8cf3-b7a4c9cc2f7e","email":"isabella.jackson@amerisave.com","message":"successfully parsed message, but message temporarily enqueued while system restarts."},{"id":"ece2db0b-e02d-4b82-83d1-a032107e7b11","email":"michael.hall@dropbox.net","message":"successfully processed after 540 milliseconds."},{"id":"2cf3d3d1-ddc7-4fe3-a87e-138f7da10c20","email":"sophia.baker@dropbox.net","message":"failed to process due to network exception."},{"id":"6c98b471-0c1b-4ef9-b736-6fd48f9be0a7","email":"sophia.baker@dropbox.net","message":"failed to process due to network exception."},{"id":"85883ee0-df35-4cff-999c-620f30effd6c","email":"hannah.martin@dropbox.net","message":"failed to process due to datastore timeout of 30 seconds.  operation took 90 seconds."},{"id":"de6ca317-a375-48d4-9e12-eca30dd950d2","email":"elizabeth.martinez@dropbox.net","message":"failed to process due to datastore timeout of 30 seconds.  operation took 95 seconds."},{"id":"6393d670-b3e2-4bd7-a9cc-7fbf10881748","email":"elizabeth.martinez@dropbox.net","message":"failed to process due to network exception."},{"id":"1c9ae08b-062a-40e2-9593-a2133000a253","email":"ella.anderson@dropbox.net","message":"failed to process due to network exception."},{"id":"09835319-c7b0-425a-86d6-b09e0fd84c9e","email":"matthew.walker@amerisave.com","message":"successfully processed after 8449 milliseconds."},{"id":"47067f1c-155a-4a93-9df5-8b812ec633ae","email":"andrew.miller@gmail.com","message":"successfully processed after 1124 milliseconds."},{"id":"9b9fe4cd-bec1-4fac-9b22-4019bb5ae097","email":"liam.gonzalez@me.com","message":"failed to process due to network exception."},{"id":"34480b8b-4031-4c10-8e79-1dcc3602fee1","email":"grace.moore@gmail.com","message":"successfully parsed message, but message temporarily enqueued while system restarts."},{"id":"a48ded50-cb7f-43ec-8147-3cb4c29c2775","email":"matthew.walker@amerisave.com","message":"successfully processed after 9750 milliseconds."},{"id":"a931e9fe-ede6-4fa6-a211-f452d99acde3","email":"mia.perez@me.com","message":"successfully processed after 2651 milliseconds."},{"id":"98ece7b8-cf8a-4666-8b41-2fb0caae3848","email":"joshua.lee@gmail.com","message":"successfully handled skipped operation."},{"id":"bfa84ac3-6baa-4edd-99e5-65d7085c5e35","email":"jack.thompson@me.com","message":"failed to process due to datastore timeout of 30 seconds.  operation took 80 seconds."},{"id":"04cf28f8-4dbf-417e-b556-24cfc74fdfd0","email":"emma.thomas@me.com","message":"failed to process due to network exception."},{"id":"a07e0a76-ed62-4a03-b3a5-6fdba6e5a626","email":"logan.clark@dropbox.net","message":"successfully handled skipped operation."},{"id":"0bfacea5-a26f-4fca-bd6a-7a646ac54c37","email":"mason.robinson@amerisave.com","message":"failed to process due to datastore timeout of 30 seconds.  operation took 107 seconds."},{"id":"9e887518-1e54-4512-b4e0-b931f53cd73e","email":"emma.thomas@me.com","message":"failed to process due to datastore timeout of 30 seconds.  operation took 106 seconds."},{"id":"35db2508-95e9-4ea7-8889-8372feb85f45","email":"ryan.king@dropbox.net","message":"failed to process due to network exception."},{"id":"63c5bc39-f7cf-4555-86f7-a338f7390914","email":"jacob.lopez@dropbox.net","message":"successfully processed after 6960 milliseconds."},{"id":"82c34b20-e7d3-4eee-997d-c4a3ee67887e","email":"chloe.garcia@dropbox.net","message":"successfully handled skipped operation."},{"id":"a289713b-40fa-4a06-931c-2f2fc0f09430","email":"chloe.garcia@dropbox.net","message":"failed to process due to datastore timeout of 30 seconds.  operation took 98 seconds."},{"id":"c763b251-7693-4a05-9c39-92d2fd64e380","email":"alyssa.jones@amerisave.com","message":"successfully processed after 5977 milliseconds."},{"id":"7f0a42d8-42df-4879-8003-f4e391ab5ee3","email":"grace.moore@gmail.com","message":"successfully processed after 4554 milliseconds."},{"id":"366d3b93-de82-4776-bc49-19544ecf4f3c","email":"jacob.lopez@dropbox.net","message":"successfully processed after 3781 milliseconds."},{"id":"bff80d79-6e10-4564-975c-0fbfb71941af","email":"jack.thompson@me.com","message":"failed to process due to datastore timeout of 30 seconds.  operation took 34 seconds."},{"id":"c53a5213-5bf5-4dc4-a97c-82febe92c766","email":"samantha.scott@me.com","message":"successfully processed after 709 milliseconds."},{"id":"c6d84145-7142-4c3f-beda-52de9cf008da","email":"isabella.jackson@amerisave.com","message":"failed to process due to network exception."},{"id":"7e2bc50e-a4c0-49ff-b262-1ecb5bb68cf1","email":"ryan.king@dropbox.net","message":"successfully parsed message, but message temporarily enqueued while system restarts."},{"id":"2e1d5784-1740-449e-b030-ebb46824e087","email":"tyler.nelson@microsoft.com","message":"failed to process due to network exception."},{"id":"0d079108-29ed-48f7-8ebd-158f1a1cf4fe","email":"chloe.garcia@dropbox.net","message":"successfully parsed message, but message temporarily enqueued while system restarts."},{"id":"ba11c723-32b2-4d31-ba38-b61426702870","email":"grace.moore@gmail.com","message":"successfully parsed message, but message temporarily enqueued while system restarts."},{"id":"c7823331-9ce5-46fd-a7d5-c043a3773ffb","email":"michael.hall@dropbox.net","message":"failed to process due to network exception."},{"id":"0f16570f-ad51-4244-9317-bd3b19fb0c82","email":"michael.hall@dropbox.net","message":"failed to process due to datastore timeout of 30 seconds.  operation took 105 seconds."},{"id":"af8a731b-1533-4ea7-ac45-4ee44c49d092","email":"tyler.nelson@microsoft.com","message":"successfully processed after 8858 milliseconds."},{"id":"d7ff377b-e5c8-4dac-bbb9-0383a31da3dc","email":"emma.thomas@me.com","message":"failed to process due to datastore timeout of 30 seconds.  operation took 101 seconds."},{"id":"f2d8dbdd-d510-477c-9f7c-04197baccc2c","email":"lily.harris@gmail.com","message":"successfully handled skipped operation."},{"id":"50e9b84c-86e1-48d9-8777-8029490f14b8","email":"aiden.johnson@microsoft.com","message":"successfully processed after 9473 milliseconds."},{"id":"eefb1cd4-0c9a-4d2f-9ceb-4f61e525af1d","email":"aiden.johnson@microsoft.com","message":"successfully processed after 3772 milliseconds."},{"id":"4b0cf8af-2d44-4a73-89b5-1df176397dbc","email":"dylan.wilson@gmail.com","message":"successfully handled skipped operation."},{"id":"b1e13946-552e-4262-94b9-ae6c9cce3f94","email":"andrew.miller@gmail.com","message":"failed to process due to network exception."},{"id":"1fa16626-317b-4b36-aab1-8c27ba13cc09","email":"elizabeth.martinez@dropbox.net","message":"failed to process due to network exception."},{"id":"b2b9658c-9c2b-4471-aa96-ac3777891063","email":"nicholas.allen@microsoft.com","message":"failed to process due to datastore timeout of 30 seconds.  operation took 49 seconds."},{"id":"5c06e152-839d-407a-a464-dd74731a9442","email":"chloe.garcia@dropbox.net","message":"failed to process due to network exception."},{"id":"8a5da2e8-bc86-49fd-84f8-0ec93afb791d","email":"ava.davis@gmail.com","message":"successfully handled skipped operation."},{"id":"4dfa0b67-18cf-4a27-a2cb-5064f9be936b","email":"dylan.wilson@gmail.com","message":"successfully processed after 5309 milliseconds."},{"id":"f8887bab-b256-459f-bd3e-031bf9802406","email":"abigail.smith@amerisave.com","message":"successfully processed after 5386 milliseconds."},{"id":"bcc6c867-3c21-4e94-af5b-e374da9a0073","email":"taylor.adams@gmail.com","message":"successfully handled skipped operation."},{"id":"75c54b99-d54b-4fcb-b6ae-ae7a2cced140","email":"matthew.walker@amerisave.com","message":"failed to process due to datastore timeout of 30 seconds.  operation took 130 seconds."},{"id":"55542baa-d361-446f-bbd8-2d7d5f6bcf54","email":"andrew.miller@gmail.com","message":"successfully parsed message, but message temporarily enqueued while system restarts."},{"id":"bd041e51-fa19-4234-8b13-843f1b23320c","email":"jackson.white@gmail.com","message":"failed to process due to datastore timeout of 30 seconds.  operation took 37 seconds."},{"id":"68ead6b5-9269-44ca-934c-b4896b690fe4","email":"ella.anderson@dropbox.net","message":"successfully handled skipped operation."},{"id":"38465e81-28f7-4e10-95f5-dc9d0661333e","email":"ryan.king@dropbox.net","message":"successfully handled skipped operation."},{"id":"ee4b3d15-c29c-4caf-874b-90291794ae4d","email":"andrew.miller@gmail.com","message":"failed to process due to network exception."},{"id":"e4cd0f36-104c-4fa0-8c89-d43858b508ca","email":"emma.thomas@me.com","message":"successfully handled skipped operation."},{"id":"7d198bf3-d217-4128-99d4-cf891cfb7ce8","email":"nicholas.allen@microsoft.com","message":"successfully parsed message, but message temporarily enqueued while system restarts."},{"id":"28d9b289-7486-4dad-ae87-d1d78e8b5bf8","email":"elizabeth.martinez@dropbox.net","message":"successfully processed after 2033 milliseconds."},{"id":"1bfa082e-c119-495c-872a-ea1aef95fc9c","email":"sophia.baker@dropbox.net","message":"successfully parsed message, but message temporarily enqueued while system restarts."},{"id":"e14f1ac7-3e30-4af4-9114-f9818aa955c8","email":"lily.harris@gmail.com","message":"failed to process due to datastore timeout of 30 seconds.  operation took 39 seconds."},{"id":"6edd27d4-9b1e-4372-9147-b835591fa58d","email":"samantha.scott@me.com","message":"failed to process due to network exception."},{"id":"2c986d8d-f7d9-41f3-b9ee-fda3328f72ad","email":"alyssa.jones@amerisave.com","message":"successfully parsed message, but message temporarily enqueued while system restarts."},{"id":"eaab31cd-b521-49ff-aafe-826ab8df50db","email":"sarah.green@amerisave.com","message":"successfully processed after 5628 milliseconds."},{"id":"c5238e5a-ce36-4954-8d9f-cfed5e9ae1f3","email":"joshua.lee@gmail.com","message":"successfully parsed message, but message temporarily enqueued while system restarts."},{"id":"f112a10e-d0ca-4b88-bb54-1ae13f08bffb","email":"lily.harris@gmail.com","message":"failed to process due to datastore timeout of 30 seconds.  operation took 123 seconds."},{"id":"e5ef2740-ab59-4fb3-9f99-99b73b363a47","email":"jacob.lopez@dropbox.net","message":"successfully processed after 2097 milliseconds."},{"id":"d0d48198-7247-4b4b-9d8b-97b4c671421c","email":"ethan.hernandez@microsoft.com","message":"successfully processed after 4371 milliseconds."},{"id":"ed2c37a4-5b96-46ba-a620-cccd0e1f05af","email":"lily.harris@gmail.com","message":"successfully parsed message, but message temporarily enqueued while system restarts."},{"id":"f852eb12-95a2-412e-8c73-2ca2a559dcb5","email":"jacob.lopez@dropbox.net","message":"successfully handled skipped operation."},{"id":"cb87764c-578a-4ffa-bfe2-0bde17ed3452","email":"chloe.garcia@dropbox.net","message":"successfully handled skipped operation."},{"id":"04b13c45-664e-450f-b128-49d558541d94","email":"jack.thompson@me.com","message":"successfully handled skipped operation."},{"id":"02459cea-67b1-4cc3-96da-bf295fdb8579","email":"mason.robinson@amerisave.com","message":"successfully processed after 9480 milliseconds."},{"id":"f391cc91-b9c9-4601-b706-88be30927da2","email":"taylor.adams@gmail.com","message":"failed to process due to network exception."},{"id":"d101b21b-86fa-4cca-bdd1-e21287e5ee54","email":"abigail.smith@amerisave.com","message":"failed to process due to network exception."},{"id":"ec0fbf63-5643-47ad-86d1-96a64846773c","email":"jacob.lopez@dropbox.net","message":"failed to process due to network exception."},{"id":"ac9367ab-d9ff-424f-882c-88eed1ec7971","email":"chloe.garcia@dropbox.net","message":"failed to process due to datastore timeout of 30 seconds.  operation took 60 seconds."},{"id":"9ffadd52-e38b-4347-b928-df13eb5fba10","email":"joshua.lee@gmail.com","message":"failed to process due to datastore timeout of 30 seconds.  operation took 103 seconds."},{"id":"d22fefad-be23-494e-a47c-4d54000d9a3b","email":"olivia.wright@gmail.com","message":"successfully handled skipped operation."},{"id":"126ee5d7-54b7-4e3a-b22a-6ff0750749f2","email":"aiden.johnson@microsoft.com","message":"failed to process due to network exception."},{"id":"51ba0591-d6b3-4194-a3f7-9eb4930af266","email":"sophia.baker@dropbox.net","message":"failed to process due to network exception."},{"id":"d3ec94b3-0022-4ae4-b916-d6879329bc46","email":"olivia.wright@gmail.com","message":"successfully parsed message, but message temporarily enqueued while system restarts."},{"id":"3e3fcf32-8f98-41d4-ae7e-eaae268ba704","email":"nathan.young@microsoft.com","message":"successfully processed after 6557 milliseconds."},{"id":"d7150e82-ed3e-4913-9c69-ee3c4e4e7538","email":"michael.hall@dropbox.net","message":"successfully parsed message, but message temporarily enqueued while system restarts."},{"id":"4ae9b2fd-9f0b-493a-a426-2d76caeb8ce4","email":"mia.perez@me.com","message":"successfully handled skipped operation."},{"id":"e6d506b8-9541-4360-812a-f2c2686de675","email":"dylan.wilson@gmail.com","message":"successfully parsed message, but message temporarily enqueued while system restarts."},{"id":"4f889a6f-0a91-4304-8bb7-448541d3f987","email":"mia.perez@me.com","message":"successfully processed after 5415 milliseconds."},{"id":"6dda4080-8401-40eb-bb59-06d94cf80a77","email":"madison.lewis@gmail.com","message":"successfully processed after 833 milliseconds."},{"id":"33c5988e-88a0-40e6-a929-dcc516ba95e0","email":"alexis.brown@microsoft.com","message":"failed to process due to network exception."},{"id":"f1bc23f9-7725-418e-88d6-cc497ef32290","email":"noah.sanchez@me.com","message":"successfully handled skipped operation."},{"id":"6fa9e8f6-9e6c-4f30-aef3-4d49d0570fe7","email":"hannah.martin@dropbox.net","message":"failed to process due to network exception."},{"id":"6c1faef8-4f11-4eb4-ab38-31da267d8c47","email":"dylan.wilson@gmail.com","message":"successfully handled skipped operation."},{"id":"c9d9f7ec-aa83-43ee-9f17-d3951a5dd12f","email":"olivia.wright@gmail.com","message":"successfully handled skipped operation."},{"id":"9e2c57dc-e022-47bd-b322-d2e8bd86c527","email":"dylan.wilson@gmail.com","message":"failed to process due to network exception."},{"id":"e1c810d0-0e5e-4d37-b576-eb61441cd59f","email":"ryan.king@dropbox.net","message":"successfully handled skipped operation."},{"id":"b65534a1-6a28-4352-8909-9e3b42d27418","email":"emily.taylor@gmail.com","message":"failed to process due to datastore timeout of 30 seconds.  operation took 98 seconds."},{"id":"7c9b6a53-a71c-4162-a8e2-eb9f884e26ed","email":"lily.harris@gmail.com","message":"successfully processed after 2069 milliseconds."},{"id":"a6788303-228b-45c4-bfd5-a44c5ab6461a","email":"joshua.lee@gmail.com","message":"successfully parsed message, but message temporarily enqueued while system restarts."},{"id":"b42b7ccf-72ea-42d2-922b-1550282d07eb","email":"abigail.smith@amerisave.com","message":"failed to process due to network exception."},{"id":"122fd5da-ae7d-41ed-a449-7bda79734e01","email":"alyssa.jones@amerisave.com","message":"failed to process due to datastore timeout of 30 seconds.  operation took 73 seconds."},{"id":"2d53dc85-ab34-4b8b-ae37-d6d2a04dcb57","email":"dylan.wilson@gmail.com","message":"failed to process due to network exception."},{"id":"a2686629-6b58-413c-8865-ff7944c95ec7","email":"sarah.green@amerisave.com","message":"failed to process due to datastore timeout of 30 seconds.  operation took 48 seconds."},{"id":"c503205d-c7d1-484f-8d0d-88f5d23f96ea","email":"chloe.garcia@dropbox.net","message":"successfully parsed message, but message temporarily enqueued while system restarts."},{"id":"7656ad59-e074-4748-b800-928df071c6c4","email":"ethan.hernandez@microsoft.com","message":"successfully parsed message, but message temporarily enqueued while system restarts."},{"id":"206aec48-2631-4064-a7a2-93090dbaa72c","email":"sophia.baker@dropbox.net","message":"successfully processed after 172 milliseconds."},{"id":"c7cc3909-e01a-4f40-b37e-de8527c3b267","email":"nathan.young@microsoft.com","message":"successfully handled skipped operation."},{"id":"94b713ef-1af8-4d1a-ab40-07a2fdecfe02","email":"jacob.lopez@dropbox.net","message":"successfully processed after 5381 milliseconds."},{"id":"8e0bb200-e38c-48e5-9c5c-773cb4fb7ef6","email":"ethan.hernandez@microsoft.com","message":"successfully handled skipped operation."},{"id":"3d37b306-e63b-4ec8-9c46-bd7ce488b820","email":"alexander.williams@gmail.com","message":"failed to process due to datastore timeout of 30 seconds.  operation took 58 seconds."},{"id":"dc2ac0c5-5961-454e-aa5f-a319104973ee","email":"emily.taylor@gmail.com","message":"successfully handled skipped operation."},{"id":"1eb879d0-da25-45ae-b752-f459b950a06a","email":"madison.lewis@gmail.com","message":"failed to process due to datastore timeout of 30 seconds.  operation took 32 seconds."},{"id":"ff49dc25-e18a-4d0e-a81a-9667f1aacb02","email":"madison.lewis@gmail.com","message":"failed to process due to network exception."},{"id":"710d48c0-d3cf-4935-b338-459102b76547","email":"ava.davis@gmail.com","message":"failed to process due to datastore timeout of 30 seconds.  operation took 85 seconds."},{"id":"4b08119e-c142-4e21-b658-57d43a2c814c","email":"jacob.lopez@dropbox.net","message":"successfully processed after 1177 milliseconds."},{"id":"fa6d957f-c321-4f80-a21a-1fc409c79c57","email":"olivia.wright@gmail.com","message":"successfully handled skipped operation."},{"id":"489c779f-de73-4be8-bc40-03c05e823c34","email":"matthew.walker@amerisave.com","message":"successfully handled skipped operation."},{"id":"d0c3fbcb-01c7-4e0f-a7f2-86501eafeb2f","email":"alexander.williams@gmail.com","message":"failed to process due to network exception."},{"id":"b81967a9-dc1b-4293-80dd-8f7fe5fe6622","email":"ethan.hernandez@microsoft.com","message":"successfully parsed message, but message temporarily enqueued while system restarts."},{"id":"cf1039ba-bf9f-4ae2-a99a-91e2b82cc0a3","email":"matthew.walker@amerisave.com","message":"successfully handled skipped operation."},{"id":"cde4d46e-65c3-47de-b6a5-752fb3b4ce89","email":"joshua.lee@gmail.com","message":"successfully processed after 8117 milliseconds."},{"id":"bffeb974-2090-42c9-8777-4bd0071dd3ba","email":"abigail.smith@amerisave.com","message":"failed to process due to datastore timeout of 30 seconds.  operation took 128 seconds."},{"id":"e34e330f-4d2e-4672-8f66-3fba08826fc1","email":"chloe.garcia@dropbox.net","message":"failed to process due to network exception."},{"id":"bcce4a33-1a05-4334-b930-47ca1346b621","email":"olivia.wright@gmail.com","message":"failed to process due to network exception."},{"id":"bc84d66b-f81f-454b-b237-c76bf191dc6d","email":"mason.robinson@amerisave.com","message":"failed to process due to datastore timeout of 30 seconds.  operation took 104 seconds."},{"id":"ddc23887-a751-49c3-8565-f9d15ac3c552","email":"liam.gonzalez@me.com","message":"successfully parsed message, but message temporarily enqueued while system restarts."},{"id":"a841a887-590f-4dbf-960d-e811a8b64f1e","email":"dylan.wilson@gmail.com","message":"successfully processed after 4887 milliseconds."},{"id":"6a845c7e-77bc-402d-ac50-20819ead143e","email":"sophia.baker@dropbox.net","message":"failed to process due to network exception."},{"id":"1dec064a-6f5a-411e-8d60-3bd2569241db","email":"alyssa.jones@amerisave.com","message":"successfully handled skipped operation."},{"id":"8e269478-e341-49d2-87c1-70ba8feda773","email":"logan.clark@dropbox.net","message":"failed to process due to datastore timeout of 30 seconds.  operation took 99 seconds."},{"id":"6618e004-a6c3-405d-a947-b410cc1a57e8","email":"alexander.williams@gmail.com","message":"successfully handled skipped operation."},{"id":"e0ab5c09-3ec0-42e4-a88e-f8f86d495efe","email":"taylor.adams@gmail.com","message":"successfully handled skipped operation."},{"id":"a02c0019-bc6d-4324-8e64-f4c158977966","email":"madison.lewis@gmail.com","message":"failed to process due to datastore timeout of 30 seconds.  operation took 118 seconds."},{"id":"b7121195-1c1d-45e1-b070-2935ccb879a9","email":"ava.davis@gmail.com","message":"successfully processed after 2095 milliseconds."},{"id":"d7777e2a-a910-4b8f-b2b7-5eaf4bf62792","email":"joshua.lee@gmail.com","message":"failed to process due to datastore timeout of 30 seconds.  operation took 127 seconds."},{"id":"bfd0b35d-9fb8-420a-8acd-1791f9de82ac","email":"logan.clark@dropbox.net","message":"successfully processed after 6538 milliseconds."},{"id":"5823d7c1-79ba-431e-8354-9e2b92a5b913","email":"jacob.lopez@dropbox.net","message":"successfully parsed message, but message temporarily enqueued while system restarts."},{"id":"5b6b4414-d421-4b72-89b3-272066a8c3b6","email":"nathan.young@microsoft.com","message":"successfully handled skipped operation."},{"id":"15de9c14-6061-4630-a50b-672ddfa5f4ae","email":"liam.gonzalez@me.com","message":"failed to process due to datastore timeout of 30 seconds.  operation took 35 seconds."},{"id":"576dd637-a965-4ddd-935f-3fd8d87461f5","email":"tyler.nelson@microsoft.com","message":"failed to process due to network exception."},{"id":"a84b9312-4321-48c8-8b69-fc28ac7fe616","email":"ryan.king@dropbox.net","message":"successfully parsed message, but message temporarily enqueued while system restarts."},{"id":"b6eb720e-2503-4d86-8a07-415ec943f588","email":"alexander.williams@gmail.com","message":"failed to process due to network exception."},{"id":"e732d1c6-2b3c-4bb6-a45a-272e9713a554","email":"matthew.walker@amerisave.com","message":"successfully processed after 4818 milliseconds."},{"id":"f20f1f98-bdec-4702-ad4c-312b58640062","email":"nicholas.allen@microsoft.com","message":"successfully processed after 578 milliseconds."},{"id":"baabf13d-adfc-4ebc-915b-7ccb0917b70e","email":"hannah.martin@dropbox.net","message":"successfully handled skipped operation."},{"id":"bd86992b-4d30-45f8-a2f1-8d22add14cd7","email":"emma.thomas@me.com","message":"failed to process due to datastore timeout of 30 seconds.  operation took 130 seconds."},{"id":"74e72221-f832-4b38-9d72-ea1946057613","email":"olivia.wright@gmail.com","message":"successfully processed after 5759 milliseconds."},{"id":"4064bdbb-ddc0-4af6-8959-661873bcea03","email":"samantha.scott@me.com","message":"successfully processed after 8364 milliseconds."},{"id":"d2944983-926e-48ed-82c5-30f01ca8c6ae","email":"alyssa.jones@amerisave.com","message":"failed to process due to datastore timeout of 30 seconds.  operation took 95 seconds."},{"id":"ac402111-58cd-41a0-8030-82775d6b7a79","email":"olivia.wright@gmail.com","message":"successfully handled skipped operation."},{"id":"e2ef6793-8065-4430-9cc4-38f1af7aafc9","email":"isabella.jackson@amerisave.com","message":"successfully handled skipped operation."},{"id":"20cde54c-7c23-47b5-ba5b-66176330aa01","email":"jackson.white@gmail.com","message":"successfully processed after 7356 milliseconds."},{"id":"2d8dedcb-1300-4131-bf01-8c91a825d3b9","email":"chloe.garcia@dropbox.net","message":"successfully processed after 7908 milliseconds."},{"id":"b5f7076e-fe4e-4d2e-9856-756d670997db","email":"grace.moore@gmail.com","message":"failed to process due to network exception."},{"id":"c7c349d2-b195-4085-b64a-5ea3fe25a325","email":"grace.moore@gmail.com","message":"successfully processed after 8415 milliseconds."},{"id":"e0f6822a-4412-4e1b-ab77-63d1d2a15ab0","email":"taylor.adams@gmail.com","message":"failed to process due to network exception."},{"id":"ae2d1c0c-b60c-4194-bf50-edd45bf6156c","email":"mason.robinson@amerisave.com","message":"successfully processed after 4817 milliseconds."},{"id":"a6297c4d-f12c-44c0-8da5-e30839df73ab","email":"sarah.green@amerisave.com","message":"successfully processed after 6707 milliseconds."},{"id":"84c115aa-8db8-4951-bd49-b5aaf424d6c4","email":"sophia.baker@dropbox.net","message":"failed to process due to network exception."},{"id":"034b95a6-9807-4dda-a199-5910503941f7","email":"ella.anderson@dropbox.net","message":"successfully handled skipped operation."},{"id":"635d6efb-6add-4f53-ab75-5a83061da35d","email":"madison.lewis@gmail.com","message":"successfully handled skipped operation."},{"id":"c6b9af68-c6cf-4a81-b411-4d7a62bc34b9","email":"elizabeth.martinez@dropbox.net","message":"successfully handled skipped operation."},{"id":"abb439b9-09d5-48be-9e05-2728a3c61874","email":"tyler.nelson@microsoft.com","message":"successfully handled skipped operation."},{"id":"e08fc542-d507-4f78-8e79-6313b1f535ab","email":"nicholas.allen@microsoft.com","message":"successfully handled skipped operation."},{"id":"2a6666d3-23a7-4888-95cc-fb9fb3329018","email":"samantha.scott@me.com","message":"successfully handled skipped operation."},{"id":"1f359b34-7d4c-470f-a897-5922f3d0233c","email":"emily.taylor@gmail.com","message":"successfully processed after 8175 milliseconds."},{"id":"77913f58-4397-4a1d-92d2-471f0e070376","email":"hannah.martin@dropbox.net","message":"successfully handled skipped operation."},{"id":"69e5cfea-29eb-4f14-a7e0-ea2cd0f08367","email":"logan.clark@dropbox.net","message":"successfully processed after 4182 milliseconds."},{"id":"137fc5bf-0282-4210-9dc0-4e001bc4c40b","email":"matthew.walker@amerisave.com","message":"failed to process due to datastore timeout of 30 seconds.  operation took 62 seconds."},{"id":"5789aceb-a52c-4cb2-ab9f-416ddcbac350","email":"aiden.johnson@microsoft.com","message":"successfully parsed message, but message temporarily enqueued while system restarts."},{"id":"05ce5580-6f3b-44ed-81be-259495fab3bb","email":"andrew.miller@gmail.com","message":"failed to process due to network exception."},{"id":"612ddf84-d1d7-4e64-aa68-b03d39c24ffd","email":"hannah.martin@dropbox.net","message":"failed to process due to datastore timeout of 30 seconds.  operation took 81 seconds."},{"id":"72114fdc-07be-49df-8e88-ec698d3c747c","email":"mia.perez@me.com","message":"successfully processed after 3976 milliseconds."},{"id":"de072444-cb69-4f85-adbd-d3be209a41e2","email":"tyler.nelson@microsoft.com","message":"successfully processed after 1496 milliseconds."},{"id":"9703f80b-d4ee-4235-a774-8e2044610035","email":"ethan.hernandez@microsoft.com","message":"successfully handled skipped operation."},{"id":"67e3b680-8efc-4fb4-8e69-6c90fa8af8d0","email":"daniel.rodriguez@amerisave.com","message":"successfully parsed message, but message temporarily enqueued while system restarts."},{"id":"fd6ab788-69de-4118-81dd-a304b1afecea","email":"isabella.jackson@amerisave.com","message":"failed to process due to datastore timeout of 30 seconds.  operation took 63 seconds."},{"id":"a484b507-0567-401b-a90b-2dfdf72bdaa2","email":"andrew.miller@gmail.com","message":"successfully handled skipped operation."},{"id":"4cfd403a-e661-4718-8ddb-0b43ff8c0572","email":"noah.sanchez@me.com","message":"failed to process due to datastore timeout of 30 seconds.  operation took 64 seconds."},{"id":"d50585d0-5696-4936-ab55-e0b819f11e51","email":"joshua.lee@gmail.com","message":"successfully handled skipped operation."},{"id":"3774cb8a-f6af-4c13-8d6d-240b57d5efb6","email":"ella.anderson@dropbox.net","message":"successfully handled skipped operation."},{"id":"6499c847-4e89-41d3-9b25-57cbfc32bd2c","email":"liam.gonzalez@me.com","message":"successfully processed after 4273 milliseconds."},{"id":"cc4cc0b4-243a-45b3-a7a8-9af6fd0c43cc","email":"michael.hall@dropbox.net","message":"successfully processed after 2431 milliseconds."},{"id":"7b6f187a-1e9b-45da-a970-7f7a4452a7c4","email":"jackson.white@gmail.com","message":"successfully parsed message, but message temporarily enqueued while system restarts."},{"id":"5e76b49e-ac3b-4881-a8c0-9bb465c8b195","email":"alyssa.jones@amerisave.com","message":"failed to process due to datastore timeout of 30 seconds.  operation took 98 seconds."},{"id":"77e93cc5-92c1-446c-8fbc-acfc43339518","email":"olivia.wright@gmail.com","message":"successfully parsed message, but message temporarily enqueued while system restarts."},{"id":"22db2a5c-5773-45ad-9464-40db10aef7c1","email":"dylan.wilson@gmail.com","message":"failed to process due to datastore timeout of 30 seconds.  operation took 130 seconds."},{"id":"e6f3200c-ab79-4b3f-b28a-9b2f3986292b","email":"emma.thomas@me.com","message":"successfully processed after 1026 milliseconds."},{"id":"7134e30c-ca9d-4ae1-b08b-33f2b791a4e1","email":"abigail.smith@amerisave.com","message":"failed to process due to datastore timeout of 30 seconds.  operation took 42 seconds."},{"id":"9aac622b-da14-4808-b53f-ec0d070fc14a","email":"sarah.green@amerisave.com","message":"successfully handled skipped operation."},{"id":"7f563185-1087-4dda-b310-9446c9237dd4","email":"taylor.adams@gmail.com","message":"failed to process due to datastore timeout of 30 seconds.  operation took 120 seconds."},{"id":"a44cf101-e71a-46d2-a4c6-488b30fb1456","email":"logan.clark@dropbox.net","message":"successfully parsed message, but message temporarily enqueued while system restarts."},{"id":"9d79698c-591c-4a6d-9c16-dd779679782e","email":"ethan.hernandez@microsoft.com","message":"successfully processed after 5848 milliseconds."},{"id":"0c5c929a-12af-41cb-90b7-4baeab97de78","email":"taylor.adams@gmail.com","message":"successfully handled skipped operation."},{"id":"1cc45e90-6eb1-46f7-8bce-a95f61889a57","email":"matthew.walker@amerisave.com","message":"failed to process due to datastore timeout of 30 seconds.  operation took 76 seconds."},{"id":"1292dbc3-17ed-4d92-baa3-2b9c6760d9b0","email":"emma.thomas@me.com","message":"failed to process due to datastore timeout of 30 seconds.  operation took 122 seconds."},{"id":"ed336ab9-8d6b-4e4b-9326-bab14ad2158c","email":"mia.perez@me.com","message":"failed to process due to network exception."},{"id":"7a186ac6-a32c-4066-91f6-ad564951d8d6","email":"ethan.hernandez@microsoft.com","message":"successfully handled skipped operation."},{"id":"ea98c611-bac2-4bdc-ac14-e02df50712ed","email":"mia.perez@me.com","message":"successfully parsed message, but message temporarily enqueued while system restarts."},{"id":"15d3f950-f629-4a31-b841-c019a9530527","email":"mia.perez@me.com","message":"failed to process due to network exception."},{"id":"b17b3af8-009e-4ccf-81f8-1e1c07caa7a6","email":"alexander.williams@gmail.com","message":"failed to process due to datastore timeout of 30 seconds.  operation took 110 seconds."},{"id":"40de34e7-352d-4b1d-8690-d549380fff0e","email":"mason.robinson@amerisave.com","message":"successfully handled skipped operation."},{"id":"6f86e3fc-c386-4a16-a49a-72af6a53f29e","email":"madison.lewis@gmail.com","message":"successfully parsed message, but message temporarily enqueued while system restarts."},{"id":"82173b4f-8881-45b3-b03c-ef507df6e7cc","email":"nathan.young@microsoft.com","message":"failed to process due to network exception."},{"id":"d57896a2-46d4-4d03-b3df-786fe4444418","email":"chloe.garcia@dropbox.net","message":"successfully processed after 9148 milliseconds."},{"id":"4ef38b2b-11a5-4178-88af-b34ff1473d1c","email":"samantha.scott@me.com","message":"successfully parsed message, but message temporarily enqueued while system restarts."},{"id":"7926a965-376f-427d-b97f-d13c2b159474","email":"alyssa.jones@amerisave.com","message":"failed to process due to network exception."},{"id":"c36b8e8c-fa30-4125-918c-8bcb8ef6fe2c","email":"liam.gonzalez@me.com","message":"successfully parsed message, but message temporarily enqueued while system restarts."},{"id":"6014a768-40c4-408e-9904-d8d540e7685b","email":"mia.perez@me.com","message":"successfully handled skipped operation."},{"id":"db011253-5c1a-490c-ac2f-c30bbf7fa62c","email":"lily.harris@gmail.com","message":"failed to process due to network exception."},{"id":"584e026f-14ff-4bca-a3d8-4358ff8dc288","email":"nicholas.allen@microsoft.com","message":"failed to process due to datastore timeout of 30 seconds.  operation took 32 seconds."},{"id":"a14a0baa-55f8-460b-8c9b-45efc1daec42","email":"nicholas.allen@microsoft.com","message":"failed to process due to datastore timeout of 30 seconds.  operation took 39 seconds."},{"id":"65ce5b01-6555-4e40-9e6e-f25e0f0d7d64","email":"jacob.lopez@dropbox.net","message":"failed to process due to network exception."},{"id":"f89e96c4-d31b-4ad3-9cdc-5a1149a2a5cf","email":"mia.perez@me.com","message":"failed to process due to datastore timeout of 30 seconds.  operation took 97 seconds."},{"id":"48fdb84d-47b2-4fb7-9575-0a6d81677b68","email":"ryan.king@dropbox.net","message":"successfully parsed message, but message temporarily enqueued while system restarts."},{"id":"0f2d3c0a-3088-403c-958b-c7d7318b293c","email":"chloe.garcia@dropbox.net","message":"successfully processed after 8135 milliseconds."},{"id":"c7db7f6b-7f3c-4714-a2d7-33f2fdc58ee6","email":"elizabeth.martinez@dropbox.net","message":"failed to process due to datastore timeout of 30 seconds.  operation took 101 seconds."},{"id":"a7ef7580-6b7d-4114-8b2c-b0548c2c37cd","email":"alexis.brown@microsoft.com","message":"failed to process due to datastore timeout of 30 seconds.  operation took 105 seconds."},{"id":"4f2bf591-23ef-4019-8f41-9815a6d88fc5","email":"sarah.green@amerisave.com","message":"failed to process due to datastore timeout of 30 seconds.  operation took 55 seconds."},{"id":"3434192b-e937-4cab-9c66-5754cae115f7","email":"isabella.jackson@amerisave.com","message":"successfully processed after 4101 milliseconds."},{"id":"bf9e3915-ec6b-493c-802a-bc47dcb473b6","email":"mia.perez@me.com","message":"failed to process due to network exception."}],"id":"0e3af10b-765a-48a4-b002-9c31e212c17a"}