{"logs":[{"id":"48bb6f7c-56a5-46de-b092-de3ae33f8aa4","email":"hannah.martin@dropbox.net","message":"successfully processed after 9528 milliseconds."},{"id":"bc9a227f-bd31-4118-814b-1a8ba75914ec","email":"ella.anderson@dropbox.net","message":"successfully handled skipped operation."},{"id":"c4292e82-9d0f-462c-81e0-cad210a2e684","email":"alyssa.jones@amerisave.com","message":"successfully handled skipped operation."},{"id":"611be3d9-0342-4072-8442-35e54ef4c842","email":"jacob.lopez@dropbox.net","message":"failed to process due to datastore timeout of 30 seconds.  operation took 67 seconds."},{"id":"8e67603c-6101-4519-ab10-20647cbab901","email":"taylor.adams@gmail.com","message":"failed to process due to datastore timeout of 30 seconds.  operation took 116 seconds."},{"id":"c9da05b8-1913-403d-8ffd-b4fcffa7024f","email":"emma.thomas@me.com","message":"successfully processed after 7209 milliseconds."},{"id":"016fb520-cf3b-46cf-8ee3-92c3a7c90cef","email":"alexander.williams@gmail.com","message":"failed to process due to datastore timeout of 30 seconds.  operation took 108 seconds."},{"id":"78a6fa6d-4e28-4f22-b01c-6eebd2032772","email":"michael.hall@dropbox.net","message":"successfully processed after 8457 milliseconds."},{"id":"1bd111bd-73d5-41eb-a640-6835fe3bd387","email":"jack.thompson@me.com","message":"successfully handled skipped operation."},{"id":"06f504ca-f384-4262-9e65-320af67843fd","email":"samantha.scott@me.com","message":"failed to process due to network exception."},{"id":"3c9b88c0-7612-4f04-9295-70ed0ae1822b","email":"mason.robinson@amerisave.com","message":"successfully handled skipped operation."},{"id":"9f1c8ebf-3a87-4219-bab7-23f6401485ea","email":"nathan.young@microsoft.com","message":"failed to process due to network exception."},{"id":"14eaf6c1-1a29-4d4b-bb86-cdda92bf8b94","email":"jacob.lopez@dropbox.net","message":"successfully processed after 2914 milliseconds."},{"id":"2d37d64d-68b5-4660-b366-ab5dc3ecd3a4","email":"jackson.white@gmail.com","message":"successfully handled skipped operation."},{"id":"e205f347-df4e-4707-94da-94878e9437ac","email":"sarah.green@amerisave.com","message":"successfully parsed message, but message temporarily enqueued while system restarts."},{"id":"6ffa84ac-57c0-484e-a326-47cb8e9cedac","email":"hannah.martin@dropbox.net","message":"successfully processed after 166 milliseconds."},{"id":"bf2e7f37-7958-428b-a8c8-1cb5bcd22588","email":"olivia.wright@gmail.com","message":"successfully parsed message, but message temporarily enqueued while system restarts."},{"id":"d354684f-2b47-47ba-9b51-262ae972d501","email":"samantha.scott@me.com","message":"failed to process due to datastore timeout of 30 seconds.  operation took 41 seconds."},{"id":"1ba2571d-054e-4ee4-9315-19411df0c19f","email":"alexis.brown@microsoft.com","message":"successfully processed after 4335 milliseconds."},{"id":"4b0362a1-d077-4c0a-bc15-9244430c465a","email":"andrew.miller@gmail.com","message":"successfully parsed message, but message temporarily enqueued while system restarts."},{"id":"b943a6d3-ca25-451a-855e-60fa952b1e49","email":"ethan.hernandez@microsoft.com","message":"successfully handled skipped operation."},{"id":"e99de310-2d5a-4183-96ec-41cb74b0e01d","email":"grace.moore@gmail.com","message":"successfully processed after 7655 milliseconds."},{"id":"1dd89eb8-4b05-4e11-9113-a75691235877","email":"lily.harris@gmail.com","message":"failed to process due to network exception."},{"id":"866b3b12-8a82-4dda-915f-257020aae20b","email":"lily.harris@gmail.com","message":"successfully processed after 3365 milliseconds."},{"id":"85515878-d042-4d7f-8e3d-f45314d17774","email":"alexander.williams@gmail.com","message":"successfully handled skipped operation."},{"id":"4266a74e-d0c9-4bc6-ab61-5b05e257393d","email":"lily.harris@gmail.com","message":"failed to process due to datastore timeout of 30 seconds.  operation took 121 seconds."},{"id":"e97a2721-0238-49a5-b5a8-7dc60bf9520a","email":"emily.taylor@gmail.com","message":"successfully handled skipped operation."},{"id":"788dd460-1d14-4698-901a-b3175b6d92a3","email":"aiden.johnson@microsoft.com","message":"successfully handled skipped operation."},{"id":"1b83fe2b-6ca9-4a65-948a-49eb1c1bf051","email":"nicholas.allen@microsoft.com","message":"successfully handled skipped operation."},{"id":"55c7e1e5-bc93-4dd0-bf25-ef857de5643c","email":"jack.thompson@me.com","message":"successfully handled skipped operation."},{"id":"d00526ad-6681-4cfc-a9e3-a0a706c0f3b3","email":"grace.moore@gmail.com","message":"successfully processed after 3092 milliseconds."},{"id":"6c5ac195-c3c9-4fb2-9444-1834ea18a9a4","email":"alexander.williams@gmail.com","message":"failed to process due to network exception."},{"id":"7c3dad2e-582d-44a8-ae25-99c8994aebae","email":"taylor.adams@gmail.com","message":"failed to process due to network exception."},{"id":"1b5e85ee-3259-4b97-9b6a-79a0b11a8345","email":"isabella.jackson@amerisave.com","message":"failed to process due to network exception."},{"id":"0c684370-4877-4b5d-a945-cbf2a26b22b0","email":"alexis.brown@microsoft.com","message":"failed to process due to datastore timeout of 30 seconds.  operation took 90 seconds."},{"id":"b38cfda7-432e-44aa-9042-f97ba614c928","email":"alyssa.jones@amerisave.com","message":"successfully handled skipped operation."},{"id":"5400d205-f399-4ee4-b670-4e15052d4935","email":"daniel.rodriguez@amerisave.com","message":"successfully processed after 1037 milliseconds."},{"id":"3cb96326-e05b-4781-82c6-99909c251656","email":"joshua.lee@gmail.com","message":"failed to process due to network exception."},{"id":"5c8457b3-1802-4c9e-8052-e44ae6ff85a4","email":"ella.anderson@dropbox.net","message":"failed to process due to network exception."},{"id":"20a081fc-e1f4-47ba-b543-ebacc713a90c","email":"ethan.hernandez@microsoft.com","message":"successfully handled skipped operation."},{"id":"bdcbe84f-aa40-4f24-9f8e-b0226a18f66f","email":"alexis.brown@microsoft.com","message":"successfully parsed message, but message temporarily enqueued while system restarts."},{"id":"5044ffb0-cfb9-459c-b1ff-c1ff5a67a2e5","email":"noah.sanchez@me.com","message":"successfully processed after 8861 milliseconds."},{"id":"7d0efc7a-ab7e-477f-85f4-43fa2bf3cbbb","email":"taylor.adams@gmail.com","message":"failed to process due to network exception."},{"id":"260f9b54-7de6-4762-aaf1-230afc678005","email":"sophia.baker@dropbox.net","message":"failed to process due to datastore timeout of 30 seconds.  operation took 42 seconds."},{"id":"e11aada9-7fc3-49f4-96c0-6142d7f0c0ed","email":"samantha.scott@me.com","message":"successfully parsed message, but message temporarily enqueued while system restarts."},{"id":"d9fb8d2c-2e99-45b4-9514-5539e1864407","email":"abigail.smith@amerisave.com","message":"failed to process due to datastore timeout of 30 seconds.  operation took 60 seconds."},{"id":"952b5f11-8d98-4c70-b0b7-871debceba7d","email":"sophia.baker@dropbox.net","message":"failed to process due to datastore timeout of 30 seconds.  operation took 104 seconds."},{"id":"bf5f80ce-5e9f-4cdc-a0a1-bc1f52dd5d4e","email":"grace.moore@gmail.com","message":"failed to process due to datastore timeout of 30 seconds.  operation took 33 seconds."},{"id":"8f800863-e0aa-4eb7-b839-3bed9153c3ce","email":"andrew.miller@gmail.com","message":"successfully processed after 5506 milliseconds."},{"id":"1ab48702-234d-480a-bf20-e58c5bbc56c1","email":"liam.gonzalez@me.com","message":"successfully processed after 36 milliseconds."},{"id":"57aa916f-4a42-42d1-a557-6a32f4d48fa7","email":"dylan.wilson@gmail.com","message":"successfully processed after 3866 milliseconds."},{"id":"766fb609-48ba-41e3-b719-e4f4f3272778","email":"matthew.walker@amerisave.com","message":"successfully parsed message, but message temporarily enqueued while system restarts."},{"id":"e87c6abf-a950-462c-9eaa-4e205fc8e6f3","email":"samantha.scott@me.com","message":"successfully handled skipped operation."},{"id":"d981de19-84d8-4282-8b4c-1584818dd92a","email":"abigail.smith@amerisave.com","message":"failed to process due to network exception."},{"id":"b2c79bda-86ac-4691-9120-6e1cd7d164df","email":"madison.lewis@gmail.com","message":"successfully processed after 9505 milliseconds."},{"id":"bd44aabd-d302-452a-9c9f-f6011a873004","email":"emma.thomas@me.com","message":"failed to process due to datastore timeout of 30 seconds.  operation took 94 seconds."},{"id":"df324f31-46c3-4a43-b873-641944b6f14e","email":"chloe.garcia@dropbox.net","message":"failed to process due to network exception."},{"id":"07592679-f6f7-43f1-94b5-6cb42daea7fb","email":"jack.thompson@me.com","message":"successfully parsed message, but message temporarily enqueued while system restarts."},{"id":"7240d8c4-707c-4073-aa31-6f739f3e262e","email":"taylor.adams@gmail.com","message":"successfully processed after 579 milliseconds."},{"id":"fe06e475-0274-4fbc-8f43-a3a549c01fe5","email":"mason.robinson@amerisave.com","message":"failed to process due to network exception."},{"id":"c66d846a-5076-4dbb-a814-5a17d4772013","email":"lily.harris@gmail.com","message":"successfully processed after 3264 milliseconds."},{"id":"a7a7daea-bdbe-4f04-a48b-ba72b01f32b3","email":"isabella.jackson@amerisave.com","message":"successfully parsed message, but message temporarily enqueued while system restarts."},{"id":"f3d73622-66b2-4efe-aa8f-02fbccdda969","email":"liam.gonzalez@me.com","message":"successfully processed after 1887 milliseconds."},{"id":"cd3c7b9d-5ce0-48c3-9b18-bb21ca79b482","email":"nathan.young@microsoft.com","message":"failed to process due to network exception."},{"id":"ad3e93df-2a77-44d0-b5cf-f28ed1d92714","email":"mason.robinson@amerisave.com","message":"successfully parsed message, but message temporarily enqueued while system restarts."},{"id":"fd074e47-42bf-4b5e-bf8d-a55953f7a2ef","email":"ethan.hernandez@microsoft.com","message":"failed to process due to datastore timeout of 30 seconds.  operation took 34 seconds."},{"id":"b8485f72-c9bd-4228-b94b-8de840e0c453","email":"michael.hall@dropbox.net","message":"successfully parsed message, but message temporarily enqueued while system restarts."},{"id":"f5e3c027-2a67-4bba-8681-0fdeea82c66e","email":"jacob.lopez@dropbox.net","message":"successfully handled skipped operation."},{"id":"b5052589-927f-4d37-88a1-71e9a277b5c3","email":"isabella.jackson@amerisave.com","message":"successfully parsed message, but message temporarily enqueued while system restarts."},{"id":"20629f3e-2096-4239-a76b-ddd2db47f8de","email":"samantha.scott@me.com","message":"successfully parsed message, but message temporarily enqueued while system restarts."},{"id":"349375fd-974c-4df0-a4d7-41572da77c24","email":"nathan.young@microsoft.com","message":"successfully handled skipped operation."},{"id":"ed6e759c-db01-4417-8156-7ae19e2cbe0c","email":"jackson.white@gmail.com","message":"failed to process due to network exception."},{"id":"1e8f537d-689f-40c0-9e5e-f2bf03bfabb9","email":"emily.taylor@gmail.com","message":"failed to process due to datastore timeout of 30 seconds.  operation took 101 seconds."},{"id":"bf95a15e-8cf2-4d41-9ae4-a2835e664930","email":"logan.clark@dropbox.net","message":"failed to process due to network exception."},{"id":"35add959-84a9-4d88-b7ea-855a0f911432","email":"noah.sanchez@me.com","message":"successfully handled skipped operation."},{"id":"9a7bc10b-5dd4-4a62-ac06-c8e5302f6946","email":"emily.taylor@gmail.com","message":"successfully parsed message, but message temporarily enqueued while system restarts."},{"id":"e87b6341-a2d4-46c5-9100-bd463b026c7d","email":"logan.clark@dropbox.net","message":"successfully handled skipped operation."},{"id":"a8d10da5-0d47-4448-934c-91c68643ab73","email":"alexander.williams@gmail.com","message":"successfully parsed message, but message temporarily enqueued while system restarts."},{"id":"ff98134c-c1b0-4711-8363-8aa98b45f5dc","email":"chloe.garcia@dropbox.net","message":"successfully handled skipped operation."},{"id":"96c8211f-c987-4383-8d68-45c558b3604d","email":"aiden.johnson@microsoft.com","message":"failed to process due to network exception."},{"id":"d2d144bd-f875-4d26-a8a3-777019df142a","email":"lily.harris@gmail.com","message":"successfully parsed message, but message temporarily enqueued while system restarts."},{"id":"22ed0a8b-a7c6-43a5-935f-76d0f6ef7f9e","email":"jack.thompson@me.com","message":"failed to process due to datastore timeout of 30 seconds.  operation took 60 seconds."},{"id":"f0439a7c-2425-4c5e-9c80-e0e1002b524e","email":"michael.hall@dropbox.net","message":"successfully parsed message, but message temporarily enqueued while system restarts."},{"id":"c0062d35-6f32-4a90-9df5-b70805b08ac2","email":"matthew.walker@amerisave.com","message":"successfully parsed message, but message temporarily enqueued while system restarts."},{"id":"4398317a-7bc4-475b-bb27-44bf4a1365f1","email":"jackson.white@gmail.com","message":"successfully parsed message, but message temporarily enqueued while system restarts."},{"id":"b81297db-3d3e-49dd-b14f-472413435619","email":"emily.taylor@gmail.com","message":"failed to process due to network exception."},{"id":"c8c27852-2101-497a-8c55-ceab55737ada","email":"chloe.garcia@dropbox.net","message":"failed to process due to network exception."},{"id":"944150a0-d18a-4c24-a85f-df99bbfc1693","email":"matthew.walker@amerisave.com","message":"successfully parsed message, but message temporarily enqueued while system restarts."},{"id":"573d73f1-da4e-4e95-9d58-7c1cb9d6aa17","email":"logan.clark@dropbox.net","message":"failed to process due to network exception."},{"id":"860ee9ad-374b-4627-aa9a-b717cddb863f","email":"alexander.williams@gmail.com","message":"successfully handled skipped operation."},{"id":"dfc26ebf-7c48-41df-b2df-c3cf14457b60","email":"sophia.baker@dropbox.net","message":"successfully handled skipped operation."},{"id":"955f6d64-9648-4a1f-97f1-746ea8402781","email":"elizabeth.martinez@dropbox.net","message":"successfully processed after 5128 milliseconds."},{"id":"69ed5e19-eb4d-43ab-93dd-d7d60273f72b","email":"mia.perez@me.com","message":"failed to process due to datastore timeout of 30 seconds.  operation took 83 seconds."},{"id":"cbdef013-2b3f-48b0-9e78-fa1bdc8e537f","email":"noah.sanchez@me.com","message":"successfully parsed message, but message temporarily enqueued while system restarts."},{"id":"f09437be-d206-4bde-b558-695519878721","email":"chloe.garcia@dropbox.net","message":"successfully processed after 6852 milliseconds."},{"id":"6e5a7b39-110c-46bc-addd-b17821d8013f","email":"jacob.lopez@dropbox.net","message":"successfully parsed message, but message temporarily enqueued while system restarts."},{"id":"3a17b62d-ff74-4cbb-a2eb-c24c8e62884f","email":"emma.thomas@me.com","message":"failed to process due to datastore timeout of 30 seconds.  operation took 64 seconds."},{"id":"07f727f5-8725-4210-a5bd-b01bbd736da1","email":"andrew.miller@gmail.com","message":"successfully handled skipped operation."},{"id":"afdf50c3-1199-40d6-9161-f0954dc9dcf5","email":"ella.anderson@dropbox.net","message":"successfully parsed message, but message temporarily enqueued while system restarts."},{"id":"f8f52dff-1f06-4ecd-bd26-d778f34dec10","email":"sarah.green@amerisave.com","message":"successfully processed after 3334 milliseconds."},{"id":"dc1aa24f-21af-4c60-aa12-b2dba8c5121a","email":"madison.lewis@gmail.com","message":"successfully parsed message, but message temporarily enqueued while system restarts."},{"id":"41c0cd55-e1ee-4dd3-9eb2-4385d00a0664","email":"mia.perez@me.com","message":"successfully parsed message, but message temporarily enqueued while system restarts."},{"id":"a4dd03e4-09e8-4019-a6dc-68bfcfc968a8","email":"andrew.miller@gmail.com","message":"failed to process due to network exception."},{"id":"82eab96f-c383-44f6-b9a3-287426394f3f","email":"alexander.williams@gmail.com","message":"failed to process due to datastore timeout of 30 seconds.  operation took 72 seconds."},{"id":"4747c7b7-8388-48fa-9369-c7c2ccfdd2d3","email":"ella.anderson@dropbox.net","message":"failed to process due to network exception."},{"id":"478e0762-fb49-41a6-8832-163e8b1afda9","email":"ava.davis@gmail.com","message":"failed to process due to network exception."},{"id":"18948b64-a40c-4f71-8722-e9261f277096","email":"tyler.nelson@microsoft.com","message":"successfully parsed message, but message temporarily enqueued while system restarts."},{"id":"71486e5c-4353-4d95-93f4-610dd91cf2a6","email":"andrew.miller@gmail.com","message":"failed to process due to network exception."},{"id":"e2606113-f31d-4cc9-a9ca-63277be78488","email":"madison.lewis@gmail.com","message":"successfully processed after 8057 milliseconds."},{"id":"30fcc56e-23d1-4a2c-b57b-c6a5ec4f16bc","email":"mia.perez@me.com","message":"failed to process due to network exception."},{"id":"27579fed-1349-480f-81a3-ac50d426f1fe","email":"jack.thompson@me.com","message":"failed to process due to datastore timeout of 30 seconds.  operation took 86 seconds."},{"id":"9af7169f-b8db-4fac-8a99-8617e71444e0","email":"ella.anderson@dropbox.net","message":"failed to process due to network exception."},{"id":"2cd4ab3d-5170-4fea-9c77-e2004f3189da","email":"tyler.nelson@microsoft.com","message":"failed to process due to network exception."},{"id":"3b9b0fd2-d971-425d-8caa-0a28ca8483f6","email":"jackson.white@gmail.com","message":"successfully processed after 8595 milliseconds."},{"id":"e9324cc6-07c8-4397-8e60-16edff6350e5","email":"michael.hall@dropbox.net","message":"successfully handled skipped operation."},{"id":"febfddd9-304d-4b9c-9e46-074032f9ce3e","email":"hannah.martin@dropbox.net","message":"failed to process due to datastore timeout of 30 seconds.  operation took 110 seconds."},{"id":"fc7057f7-4838-4288-af3b-f051ba3c90c2","email":"jacob.lopez@dropbox.net","message":"failed to process due to datastore timeout of 30 seconds.  operation took 51 seconds."},{"id":"6d689d48-b635-4117-8671-5e1b077f4da5","email":"nicholas.allen@microsoft.com","message":"successfully processed after 6907 milliseconds."},{"id":"ba02260b-8ae3-48e5-8863-c83d3ccdacc1","email":"daniel.rodriguez@amerisave.com","message":"failed to process due to datastore timeout of 30 seconds.  operation took 96 seconds."},{"id":"99508e92-fefc-4192-bad3-2162aaf6e633","email":"noah.sanchez@me.com","message":"successfully parsed message, but message temporarily enqueued while system restarts."},{"id":"2e7aaff2-f238-4661-8396-8066c5d95121","email":"grace.moore@gmail.com","message":"successfully parsed message, but message temporarily enqueued while system restarts."},{"id":"63c40c86-f51c-4831-b4c2-0b4edcb4d17a","email":"mason.robinson@amerisave.com","message":"successfully handled skipped operation."},{"id":"724c4b83-83c5-4b3e-b4e5-cbdb491fa8eb","email":"isabella.jackson@amerisave.com","message":"failed to process due to datastore timeout of 30 seconds.  operation took 90 seconds."},{"id":"88f1ed9c-c6ca-4fee-a857-bf07b50e787e","email":"matthew.walker@amerisave.com","message":"failed to process due to network exception."},{"id":"db347b5d-c968-43a3-81c9-e04b45fb9ffb","email":"elizabeth.martinez@dropbox.net","message":"successfully processed after 4937 milliseconds."},{"id":"b7d09f97-6824-43f6-8aa0-893acafe408a","email":"sophia.baker@dropbox.net","message":"failed to process due to network exception."},{"id":"433101c1-74c2-4e90-887b-3a1c7d0055e2","email":"ava.davis@gmail.com","message":"failed to process due to network exception."},{"id":"2ba3ac37-ae3d-42d0-9afb-65cf3772fcc3","email":"madison.lewis@gmail.com","message":"failed to process due to network exception."},{"id":"b704d302-c1a9-416c-9ab0-21de2bf971b6","email":"chloe.garcia@dropbox.net","message":"successfully processed after 4915 milliseconds."},{"id":"17ba5b93-aae3-45a1-a335-d276eeb365eb","email":"ryan.king@dropbox.net","message":"successfully parsed message, but message temporarily enqueued while system restarts."},{"id":"048aec2e-7801-4dfc-bba5-16418b12104a","email":"matthew.walker@amerisave.com","message":"failed to process due to datastore timeout of 30 seconds.  operation took 72 seconds."},{"id":"0db4c702-caee-4bec-b79b-d57860842dd9","email":"isabella.jackson@amerisave.com","message":"failed to process due to datastore timeout of 30 seconds.  operation took 84 seconds."},{"id":"1bf21cef-7fa7-4556-a879-da87d8caf392","email":"chloe.garcia@dropbox.net","message":"successfully processed after 5952 milliseconds."},{"id":"f12c40fd-7b86-4f4b-a8c8-670ae0338d88","email":"jack.thompson@me.com","message":"failed to process due to network exception."},{"id":"7e0d6e9a-5da7-4f8a-9105-f4a27f880cdb","email":"ella.anderson@dropbox.net","message":"successfully handled skipped operation."},{"id":"9da93a14-c880-4e66-94d5-8342d7271bf1","email":"alyssa.jones@amerisave.com","message":"successfully processed after 4638 milliseconds."},{"id":"dc64f0a6-8980-47ba-8ec9-d2136d89fe66","email":"mia.perez@me.com","message":"successfully handled skipped operation."},{"id":"ad2994b8-3e39-4588-a8ec-3c3db5da9146","email":"mia.perez@me.com","message":"successfully parsed message, but message temporarily enqueued while system restarts."},{"id":"4f75d697-b0b9-4deb-b79e-f6af2130bdc3","email":"emma.thomas@me.com","message":"failed to process due to datastore timeout of 30 seconds.  operation took 127 seconds."},{"id":"f01b630f-de8e-4994-8070-f5a23d152538","email":"hannah.martin@dropbox.net","message":"failed to process due to network exception."},{"id":"9c4e4ee1-4642-4c91-88d5-f14baaf43dbd","email":"elizabeth.martinez@dropbox.net","message":"successfully handled skipped operation."},{"id":"217f002f-42a6-4534-9fd9-8b5986f82fde","email":"emily.taylor@gmail.com","message":"successfully parsed message, but message temporarily enqueued while system restarts."},{"id":"71354261-69b9-4df6-be29-99e686689ed6","email":"alexis.brown@microsoft.com","message":"successfully handled skipped operation."},{"id":"7e4b2d44-7d47-4abe-9ed5-5ccbf1c3c4c1","email":"nicholas.allen@microsoft.com","message":"successfully processed after 4096 milliseconds."},{"id":"9b99d2eb-d1d2-4961-ac63-feb8c6608243","email":"sophia.baker@dropbox.net","message":"successfully processed after 3229 milliseconds."},{"id":"0a73dc36-4c27-4d71-8204-5b68e9df4e36","email":"emma.thomas@me.com","message":"failed to process due to datastore timeout of 30 seconds.  operation took 77 seconds."},{"id":"b119b157-8820-4843-a787-f364ee2b8ff3","email":"samantha.scott@me.com","message":"successfully handled skipped operation."},{"id":"f43da05d-c41c-4b27-83e3-6da47b0fe2e7","email":"alexis.brown@microsoft.com","message":"successfully processed after 2830 milliseconds."},{"id":"d36c6962-6f34-4e1b-b05c-1956d3d946dd","email":"jackson.white@gmail.com","message":"failed to process due to network exception."},{"id":"46c21cb7-da7f-4358-bc68-81e62fad8309","email":"jackson.white@gmail.com","message":"successfully handled skipped operation."},{"id":"cb0c94d4-90a8-4883-8431-3deeae59349d","email":"logan.clark@dropbox.net","message":"failed to process due to datastore timeout of 30 seconds.  operation took 91 seconds."},{"id":"73de1220-b61e-4ac0-8cf1-5ed04bb2e01f","email":"nicholas.allen@microsoft.com","message":"successfully parsed message, but message temporarily enqueued while system restarts."},{"id":"30effc0b-0d06-4c7c-b8e0-8cd054f5edcf","email":"nicholas.allen@microsoft.com","message":"successfully processed after 5701 milliseconds."},{"id":"eafadc37-1060-4570-9d03-dd40297110ed","email":"emily.taylor@gmail.com","message":"successfully handled skipped operation."},{"id":"8bda76f8-9fd2-4a53-a1ee-4a913f091f83","email":"matthew.walker@amerisave.com","message":"failed to process due to datastore timeout of 30 seconds.  operation took 92 seconds."},{"id":"1c440593-0bb3-4fd8-93a7-5557432c4ba5","email":"ethan.hernandez@microsoft.com","message":"successfully parsed message, but message temporarily enqueued while system restarts."},{"id":"f6738eb1-bcbf-43e4-8611-187bd50d7346","email":"joshua.lee@gmail.com","message":"failed to process due to network exception."},{"id":"eaec7844-1959-4191-8c4f-b8370fb622b7","email":"chloe.garcia@dropbox.net","message":"successfully parsed message, but message temporarily enqueued while system restarts."},{"id":"1c0f502b-5e02-4abc-88a6-2aadc20c82d5","email":"sophia.baker@dropbox.net","message":"failed to process due to datastore timeout of 30 seconds.  operation took 41 seconds."},{"id":"5535f565-a850-492c-8ce5-1772d48fdd29","email":"noah.sanchez@me.com","message":"successfully processed after 4476 milliseconds."},{"id":"a8d793f1-12cb-4569-b974-a58c16361304","email":"mason.robinson@amerisave.com","message":"successfully processed after 7497 milliseconds."},{"id":"e32572ad-8404-4498-9be4-bef1f802bb03","email":"aiden.johnson@microsoft.com","message":"failed to process due to network exception."},{"id":"7d983914-2f65-4d9c-ace9-5bb626d35a2e","email":"ryan.king@dropbox.net","message":"successfully parsed message, but message temporarily enqueued while system restarts."},{"id":"006e9088-4db4-42a4-b5e1-05a98c85c659","email":"alexander.williams@gmail.com","message":"failed to process due to datastore timeout of 30 seconds.  operation took 111 seconds."},{"id":"85a5e4d1-af35-4eee-89b4-594d833df50d","email":"emma.thomas@me.com","message":"successfully parsed message, but message temporarily enqueued while system restarts."},{"id":"1c6eac63-4ba4-4b55-99d4-8f71dac58d94","email":"aiden.johnson@microsoft.com","message":"successfully processed after 518 milliseconds."},{"id":"34ad0642-9d0e-47a5-82b8-0f75e2f6f575","email":"jackson.white@gmail.com","message":"successfully parsed message, but message temporarily enqueued while system restarts."},{"id":"d7ba61a2-9477-4ef4-940f-ec401e37ede7","email":"daniel.rodriguez@amerisave.com","message":"failed to process due to datastore timeout of 30 seconds.  operation took 55 seconds."},{"id":"fbe5476d-30aa-4923-9e5a-9dcea572765b","email":"ella.anderson@dropbox.net","message":"failed to process due to datastore timeout of 30 seconds.  operation took 47 seconds."},{"id":"fa242ccd-01f2-4533-aeb5-926c881120f4","email":"grace.moore@gmail.com","message":"successfully processed after 8641 milliseconds."},{"id":"84f3697e-5a0c-4729-ab16-9e9832c29a77","email":"olivia.wright@gmail.com","message":"failed to process due to network exception."},{"id":"b77358e0-d4da-41fd-aaa8-573d6139a5a8","email":"ryan.king@dropbox.net","message":"failed to process due to datastore timeout of 30 seconds.  operation took 61 seconds."},{"id":"876a6484-416a-442a-b704-228a1573dc46","email":"elizabeth.martinez@dropbox.net","message":"failed to process due to network exception."},{"id":"66354f50-ec8a-46ff-be3b-764c9869a67e","email":"nicholas.allen@microsoft.com","message":"successfully handled skipped operation."},{"id":"106226f8-96fb-4f12-9a26-ff08358fe870","email":"ryan.king@dropbox.net","message":"successfully processed after 9950 milliseconds."},{"id":"ac3f6bf1-4009-43e3-b11e-4c1316134426","email":"isabella.jackson@amerisave.com","message":"successfully handled skipped operation."},{"id":"20fd5e0c-f06b-4273-b0f4-54c0f2c35064","email":"alyssa.jones@amerisave.com","message":"failed to process due to network exception."},{"id":"143b1fae-43ae-42d9-a0fb-252ea44a8e16","email":"sarah.green@amerisave.com","message":"successfully parsed message, but message temporarily enqueued while system restarts."},{"id":"7dcef4d1-095e-4c11-bd8a-4848bf54e01b","email":"andrew.miller@gmail.com","message":"successfully parsed message, but message temporarily enqueued while system restarts."},{"id":"b03afee5-3181-4bb5-bdf6-a2fcc9007ef9","email":"aiden.johnson@microsoft.com","message":"successfully parsed message, but message temporarily enqueued while system restarts."},{"id":"fe3b9438-c87f-4099-a189-85a756ae7bed","email":"sarah.green@amerisave.com","message":"failed to process due to network exception."},{"id":"9aa686df-78ca-4565-8235-d1e4c5ba9663","email":"mia.perez@me.com","message":"successfully processed after 9869 milliseconds."},{"id":"17cc1b1e-318f-489f-847a-3509ade7a307","email":"ella.anderson@dropbox.net","message":"failed to process due to datastore timeout of 30 seconds.  operation took 56 seconds."},{"id":"aa2d3aec-7542-4b3c-95c6-f335fd28d1fc","email":"jack.thompson@me.com","message":"failed to process due to datastore timeout of 30 seconds.  operation took 126 seconds."},{"id":"09400313-0777-4531-a5fc-5330e675c558","email":"ava.davis@gmail.com","message":"failed to process due to network exception."},{"id":"6074e0d7-c41d-486b-b60f-9d80c207003f","email":"daniel.rodriguez@amerisave.com","message":"successfully handled skipped operation."},{"id":"f1756576-f921-495b-b7d3-7f5c0cb1cbd6","email":"lily.harris@gmail.com","message":"failed to process due to datastore timeout of 30 seconds.  operation took 40 seconds."},{"id":"2377eee9-e673-4ff2-a683-a0c521024054","email":"aiden.johnson@microsoft.com","message":"successfully parsed message, but message temporarily enqueued while system restarts."},{"id":"1a9fbcbb-0c69-43e4-acd6-2618c95e114f","email":"chloe.garcia@dropbox.net","message":"failed to process due to datastore timeout of 30 seconds.  operation took 33 seconds."},{"id":"8c5cebc9-5478-4b61-a98a-71897a377ce3","email":"grace.moore@gmail.com","message":"successfully processed after 4636 milliseconds."},{"id":"d7eab975-3312-42e7-a2fa-4d91e157b12b","email":"tyler.nelson@microsoft.com","message":"failed to process due to network exception."},{"id":"f907f854-c5ba-4a84-be14-8d79d3759fa3","email":"logan.clark@dropbox.net","message":"successfully parsed message, but message temporarily enqueued while system restarts."},{"id":"61acb99d-f133-4d89-bc87-e5564f8bf603","email":"emily.taylor@gmail.com","message":"successfully handled skipped operation."},{"id":"8cb3741d-94ed-4f00-af59-573a6b73e28f","email":"andrew.miller@gmail.com","message":"successfully handled skipped operation."},{"id":"557ffab0-d60f-417e-8e9e-e08589996fec","email":"ryan.king@dropbox.net","message":"successfully processed after 6997 milliseconds."},{"id":"e520daf6-85b5-4034-8383-6641dd82e7f6","email":"ava.davis@gmail.com","message":"successfully handled skipped operation."},{"id":"5e6ba2e6-ad2f-4b20-a309-c9999d589d47","email":"mason.robinson@amerisave.com","message":"successfully handled skipped operation."},{"id":"04d7fdad-eb3c-476a-802c-9241f4c5873a","email":"dylan.wilson@gmail.com","message":"successfully processed after 175 milliseconds."},{"id":"01aa9674-8f39-447f-be47-730cdbfe15ac","email":"sophia.baker@dropbox.net","message":"successfully parsed message, but message temporarily enqueued while system restarts."},{"id":"b0793604-7174-4598-8234-38afe258cad3","email":"emma.thomas@me.com","message":"successfully handled skipped operation."},{"id":"5abc4e2a-d384-4866-bb0d-282d6c3ee40f","email":"olivia.wright@gmail.com","message":"successfully processed after 4063 milliseconds."},{"id":"5508b9b5-5f35-456e-8390-86e7888cfcdc","email":"lily.harris@gmail.com","message":"successfully handled skipped operation."},{"id":"4e70e649-e25a-4af0-889e-854e8faf9081","email":"mason.robinson@amerisave.com","message":"successfully handled skipped operation."},{"id":"b3eb2408-897b-49a1-a7c7-a85fd2b72a9d","email":"sarah.green@amerisave.com","message":"failed to process due to datastore timeout of 30 seconds.  operation took 121 seconds."},{"id":"289c635a-25c5-4ab9-bbd7-9b0ce008e1db","email":"ryan.king@dropbox.net","message":"successfully processed after 226 milliseconds."},{"id":"3ac4fd44-bd13-4036-ad02-14be6f24160f","email":"jacob.lopez@dropbox.net","message":"successfully handled skipped operation."},{"id":"5bd413bd-1094-4f73-89df-617dea3dc012","email":"alyssa.jones@amerisave.com","message":"successfully handled skipped operation."},{"id":"9853a53c-9181-4d53-ab99-52eeeafeff9a","email":"mason.robinson@amerisave.com","message":"successfully parsed message, but message temporarily enqueued while system restarts."},{"id":"8335f880-7b58-4508-8f42-51770b48a961","email":"aiden.johnson@microsoft.com","message":"successfully parsed message, but message temporarily enqueued while system restarts."},{"id":"5c0982df-49d4-4767-848b-58fc3306757b","email":"emily.taylor@gmail.com","message":"failed to process due to network exception."},{"id":"a5b02fd5-09c4-4f49-bccb-2aafc3f05f52","email":"noah.sanchez@me.com","message":"successfully parsed message, but message temporarily enqueued while system restarts."},{"id":"4aed90b4-29f9-40ac-80f1-1993937ea851","email":"ryan.king@dropbox.net","message":"successfully handled skipped operation."},{"id":"0d9077fb-8c84-4dfc-86f3-f3b06a53939f","email":"michael.hall@dropbox.net","message":"successfully parsed message, but message temporarily enqueued while system restarts."},{"id":"d5691443-2519-4ec8-a113-ec391e780fac","email":"andrew.miller@gmail.com","message":"failed to process due to network exception."},{"id":"b191d600-ece7-42f4-a6d0-4536f1e89b4b","email":"alexis.brown@microsoft.com","message":"successfully handled skipped operation."},{"id":"37e201bd-d40b-4e15-aba2-e7428367817f","email":"logan.clark@dropbox.net","message":"successfully parsed message, but message temporarily enqueued while system restarts."},{"id":"10f736d2-14da-46a6-a7b3-6ebf389bae95","email":"alexander.williams@gmail.com","message":"successfully parsed message, but message temporarily enqueued while system restarts."},{"id":"d5f5ff6e-7fd0-4252-bab2-83202ebc7ee4","email":"jackson.white@gmail.com","message":"successfully processed after 2337 milliseconds."},{"id":"63a9593b-2e7e-47df-8b7f-f4de544cad72","email":"elizabeth.martinez@dropbox.net","message":"successfully parsed message, but message temporarily enqueued while system restarts."},{"id":"807e730a-bced-440c-8437-606a8f029c3c","email":"ryan.king@dropbox.net","message":"failed to process due to datastore timeout of 30 seconds.  operation took 32 seconds."},{"id":"1fd34c1c-279a-4f75-b05c-4cd4e76ee0ec","email":"jacob.lopez@dropbox.net","message":"successfully parsed message, but message temporarily enqueued while system restarts."},{"id":"b33aa230-ac51-4de8-8ba8-915fffe79052","email":"ava.davis@gmail.com","message":"failed to process due to datastore timeout of 30 seconds.  operation took 42 seconds."},{"id":"39f4a710-3de5-42af-96da-7971c8cc0ed3","email":"logan.clark@dropbox.net","message":"successfully processed after 1497 milliseconds."},{"id":"72543bf5-2c46-42c7-9fb7-960f63033e73","email":"dylan.wilson@gmail.com","message":"successfully parsed message, but message temporarily enqueued while system restarts."},{"id":"a0faa6bc-85e5-4758-982d-3aea7c5ee92d","email":"samantha.scott@me.com","message":"failed to process due to network exception."},{"id":"cfa8f017-33a4-4af5-92d2-2a052912c5ec","email":"alexander.williams@gmail.com","message":"successfully processed after 8704 milliseconds."},{"id":"efae4c2c-691c-46a0-8bc6-64f9668cbefb","email":"elizabeth.martinez@dropbox.net","message":"successfully handled skipped operation."},{"id":"dd745c6b-0b79-4f3f-a369-45c47cdf10ba","email":"samantha.scott@me.com","message":"failed to process due to network exception."},{"id":"9052a3ef-82ec-4040-b82b-d80739489804","email":"sarah.green@amerisave.com","message":"successfully parsed message, but message temporarily enqueued while system restarts."},{"id":"5ccc0281-5ac4-4349-b3f4-19034c484d59","email":"tyler.nelson@microsoft.com","message":"failed to process due to network exception."},{"id":"260e4f0b-65c2-43f7-acd8-51e1dc983333","email":"ethan.hernandez@microsoft.com","message":"successfully parsed message, but message temporarily enqueued while system restarts."},{"id":"dd6bab75-50a0-4c7f-8cc6-08d146844c46","email":"ava.davis@gmail.com","message":"failed to process due to network exception."},{"id":"eab4c367-ed59-454b-ba41-7b58631db76e","email":"alexander.williams@gmail.com","message":"failed to process due to datastore timeout of 30 seconds.  operation took 93 seconds."},{"id":"1403bf28-048e-436f-adfe-71ed701baf3d","email":"mia.perez@me.com","message":"failed to process due to network exception."},{"id":"db55d30b-efa5-4678-90b4-f2ab2419ae1f","email":"sophia.baker@dropbox.net","message":"successfully handled skipped operation."},{"id":"3d3999e2-0eff-45c2-ba96-1016253231d9","email":"aiden.johnson@microsoft.com","message":"successfully parsed message, but message temporarily enqueued while system restarts."},{"id":"fbd614d2-1c27-454d-8094-ba34e4484d11","email":"ava.davis@gmail.com","message":"failed to process due to network exception."},{"id":"aae0d24b-8314-41c5-bef2-15dee7659654","email":"grace.moore@gmail.com","message":"successfully processed after 8373 milliseconds."},{"id":"498cbac2-582f-4392-86e3-13326ff0e638","email":"madison.lewis@gmail.com","message":"successfully handled skipped operation."},{"id":"372692a4-ca42-4966-94ab-09253919a352","email":"jack.thompson@me.com","message":"failed to process due to datastore timeout of 30 seconds.  operation took 35 seconds."},{"id":"9e85f1d5-9b76-4561-845a-78c6aa7788a6","email":"liam.gonzalez@me.com","message":"successfully processed after 294 milliseconds."},{"id":"059e302e-fe0f-43e2-8b34-5585595e03fc","email":"liam.gonzalez@me.com","message":"successfully parsed message, but message temporarily enqueued while system restarts."},{"id":"bc67b4ac-eeb8-497a-9c57-cf5510a04da7","email":"madison.lewis@gmail.com","message":"failed to process due to datastore timeout of 30 seconds.  operation took 89 seconds."},{"id":"933b9b1b-c2f9-4b21-b776-97f7f87843b2","email":"taylor.adams@gmail.com","message":"failed to process due to network exception."},{"id":"525faa4d-d03a-49fd-9cca-755921879ac7","email":"jack.thompson@me.com","message":"successfully processed after 5870 milliseconds."},{"id":"d2d56c65-8764-4a7e-a56f-5e9bbea9eea0","email":"michael.hall@dropbox.net","message":"failed to process due to network exception."},{"id":"5fef6109-5a91-42b2-8227-408e9e80f44e","email":"taylor.adams@gmail.com","message":"successfully parsed message, but message temporarily enqueued while system restarts."},{"id":"a0c6a42c-bbc9-442c-a73c-3d92cff4b43c","email":"joshua.lee@gmail.com","message":"failed to process due to network exception."},{"id":"5d4b0ed9-a2f1-4361-8828-181e5ad5787d","email":"mia.perez@me.com","message":"failed to process due to network exception."},{"id":"5ab9aa21-6322-4ec0-8eca-9018cdd9ad3e","email":"isabella.jackson@amerisave.com","message":"successfully handled skipped operation."},{"id":"0ff64078-42e0-47ee-90ee-c875a6892833","email":"mia.perez@me.com","message":"successfully handled skipped operation."},{"id":"691e46ce-afb7-4e76-888a-92a598300e6f","email":"chloe.garcia@dropbox.net","message":"failed to process due to datastore timeout of 30 seconds.  operation took 118 seconds."},{"id":"b00854e8-b878-47e7-b62d-61c829d9ddf7","email":"alyssa.jones@amerisave.com","message":"successfully processed after 2660 milliseconds."},{"id":"ecc53891-317d-4236-9602-ccc894235187","email":"nathan.young@microsoft.com","message":"failed to process due to network exception."},{"id":"95b6bd55-b0d1-4a3e-8834-2ad11faea3e1","email":"mason.robinson@amerisave.com","message":"failed to process due to network exception."},{"id":"c00c0f1d-0169-40e5-bfa1-a9d5f7eb7c1c","email":"michael.hall@dropbox.net","message":"successfully handled skipped operation."},{"id":"2df00042-3e33-4465-bf72-a3da142509bb","email":"jack.thompson@me.com","message":"failed to process due to datastore timeout of 30 seconds.  operation took 108 seconds."},{"id":"8df7a57c-765d-4bca-a32f-fbbd709923d5","email":"noah.sanchez@me.com","message":"successfully processed after 1750 milliseconds."},{"id":"24cdfdd3-d35f-4eea-a31a-2211745a7ea5","email":"nicholas.allen@microsoft.com","message":"failed to process due to datastore timeout of 30 seconds.  operation took 84 seconds."},{"id":"21fc3dff-1da4-4277-bbe1-11b82f26a5f8","email":"alyssa.jones@amerisave.com","message":"successfully processed after 5398 milliseconds."},{"id":"e6e74f2c-29a8-4151-9210-b2339552b7a4","email":"joshua.lee@gmail.com","message":"successfully handled skipped operation."},{"id":"94c3fad8-2c84-4ecf-a7e0-f384dff7f777","email":"alexander.williams@gmail.com","message":"successfully processed after 6144 milliseconds."},{"id":"d5fcce9d-ddea-465c-af80-de684f57e746","email":"elizabeth.martinez@dropbox.net","message":"failed to process due to network exception."},{"id":"42e30d80-300e-4851-8085-c72f48810278","email":"jackson.white@gmail.com","message":"successfully processed after 6764 milliseconds."},{"id":"e2235490-7c8c-4702-abb0-5378a2fd8c82","email":"isabella.jackson@amerisave.com","message":"successfully parsed message, but message temporarily enqueued while system restarts."},{"id":"60db0faf-b741-4111-90df-dd1df03f5a6a","email":"taylor.adams@gmail.com","message":"failed to process due to datastore timeout of 30 seconds.  operation took 114 seconds."},{"id":"ac4d8951-3fc1-46aa-9dfa-bd46aad63066","email":"logan.clark@dropbox.net","message":"successfully parsed message, but message temporarily enqueued while system restarts."},{"id":"43228e00-c118-40ef-8251-879e49f54f96","email":"mason.robinson@amerisave.com","message":"failed to process due to network exception."},{"id":"93c68b73-e363-4824-8829-cec117e17d21","email":"jackson.white@gmail.com","message":"successfully handled skipped operation."},{"id":"ef83cb40-e1ea-4528-b033-dee5ee36b369","email":"ava.davis@gmail.com","message":"failed to process due to datastore timeout of 30 seconds.  operation took 35 seconds."},{"id":"bbfc9698-d26c-43eb-8420-4bc064d620a6","email":"jacob.lopez@dropbox.net","message":"failed to process due to network exception."},{"id":"5ce192e2-efe6-4f80-b59a-44817c46ea3d","email":"nicholas.allen@microsoft.com","message":"successfully handled skipped operation."},{"id":"f202dd87-6650-40eb-b69a-ec940c5ee225","email":"dylan.wilson@gmail.com","message":"successfully processed after 5897 milliseconds."},{"id":"55aaba4e-331a-4b5c-92b8-f922a34ddd95","email":"jack.thompson@me.com","message":"successfully handled skipped operation."},{"id":"065dfc87-097f-4961-bb94-c2dc96492dca","email":"mason.robinson@amerisave.com","message":"successfully handled skipped operation."},{"id":"3b1a18d8-ba5e-4533-a9e4-5b6b33474071","email":"taylor.adams@gmail.com","message":"successfully processed after 3780 milliseconds."},{"id":"1a0eb500-a022-4bda-9ca4-b51eca863dd6","email":"ethan.hernandez@microsoft.com","message":"successfully parsed message, but message temporarily enqueued while system restarts."},{"id":"bfb2a9ed-1460-4ad2-948b-5d2e805f003e","email":"logan.clark@dropbox.net","message":"failed to process due to network exception."},{"id":"d0f97f09-0a26-47d4-a910-eb50595aeb81","email":"jackson.white@gmail.com","message":"successfully parsed message, but message temporarily enqueued while system restarts."},{"id":"43b7d92b-3b1b-4079-bcb6-00ffde31097c","email":"noah.sanchez@me.com","message":"failed to process due to datastore timeout of 30 seconds.  operation took 37 seconds."},{"id":"8ad76c91-f222-4cee-bb28-06900b424a75","email":"grace.moore@gmail.com","message":"failed to process due to datastore timeout of 30 seconds.  operation took 55 seconds."},{"id":"472b818f-e4da-4910-9dd7-4555038b7c60","email":"ella.anderson@dropbox.net","message":"failed to process due to datastore timeout of 30 seconds.  operation took 61 seconds."},{"id":"3e114c80-7034-430f-b60a-59468e1f2e47","email":"matthew.walker@amerisave.com","message":"successfully processed after 7176 milliseconds."},{"id":"21d7ce4c-a180-4301-9702-99471b5b536f","email":"ella.anderson@dropbox.net","message":"successfully processed after 7934 milliseconds."},{"id":"1d53645b-98fe-49aa-9b2b-8a14aaaea514","email":"matthew.walker@amerisave.com","message":"successfully processed after 7786 milliseconds."},{"id":"85d6d0b4-0d92-45bc-8577-8e0109b7999e","email":"liam.gonzalez@me.com","message":"successfully processed after 5434 milliseconds."},{"id":"4a7e0a5e-2935-427d-b3f0-dc2fa484356e","email":"elizabeth.martinez@dropbox.net","message":"successfully processed after 7897 milliseconds."},{"id":"3446b40d-181d-4ffe-a33d-76bc0f5f6cd1","email":"nicholas.allen@microsoft.com","message":"successfully processed after 9178 milliseconds."},{"id":"eae96890-8f17-4862-a9da-3199668b2017","email":"jackson.white@gmail.com","message":"failed to process due to network exception."},{"id":"0fd4bb8b-0ef7-423d-898c-79bf33605fbd","email":"nicholas.allen@microsoft.com","message":"successfully parsed message, but message temporarily enqueued while system restarts."},{"id":"eb0f7489-27cc-4aba-af76-e5679bf966a0","email":"olivia.wright@gmail.com","message":"successfully processed after 8037 milliseconds."},{"id":"79076115-0ee7-4a76-98e9-506399f57cfb","email":"lily.harris@gmail.com","message":"failed to process due to datastore timeout of 30 seconds.  operation took 113 seconds."},{"id":"dbdfcd33-41c3-4867-a0ec-c216ffff5bbf","email":"mason.robinson@amerisave.com","message":"successfully processed after 2508 milliseconds."},{"id":"49c1f7f9-5ac0-4659-9aac-0a3f2fb28e31","email":"abigail.smith@amerisave.com","message":"successfully handled skipped operation."},{"id":"8b4fde55-785f-4c32-bbfb-275227bb25da","email":"alexis.brown@microsoft.com","message":"successfully handled skipped operation."},{"id":"bd76abae-941d-4943-9b71-035c15b083cc","email":"sophia.baker@dropbox.net","message":"failed to process due to network exception."},{"id":"dca7b046-c2a2-41b1-9166-8fc640b0c79b","email":"daniel.rodriguez@amerisave.com","message":"successfully processed after 323 milliseconds."},{"id":"a85cf58a-3ce8-4c8d-b1fe-7eb51ffee18d","email":"alyssa.jones@amerisave.com","message":"successfully handled skipped operation."},{"id":"f3756e58-1c3d-4b60-a649-f9d783e57315","email":"mia.perez@me.com","message":"failed to process due to datastore timeout of 30 seconds.  operation took 53 seconds."},{"id":"8daa5423-9aa4-4230-9808-e8d0ba454d5f","email":"ella.anderson@dropbox.net","message":"successfully processed after 2949 milliseconds."},{"id":"52f3f8ea-3eac-49de-9248-1fc3d2fa92bd","email":"jacob.lopez@dropbox.net","message":"failed to process due to datastore timeout of 30 seconds.  operation took 102 seconds."},{"id":"769d63a0-dbc1-4e29-b2d8-77b29f3ca638","email":"noah.sanchez@me.com","message":"successfully handled skipped operation."},{"id":"d997f71f-9fe7-4025-93c2-86f308fc617c","email":"grace.moore@gmail.com","message":"successfully parsed message, but message temporarily enqueued while system restarts."},{"id":"d5a43232-c9e6-4339-9d55-5784b7152d9b","email":"taylor.adams@gmail.com","message":"successfully parsed message, but message temporarily enqueued while system restarts."},{"id":"1eaca833-d05a-4283-bdb3-cb2331b1059e","email":"lily.harris@gmail.com","message":"failed to process due to datastore timeout of 30 seconds.  operation took 116 seconds."},{"id":"357bb580-7d0c-44c3-b1c6-6b4a81af1cb2","email":"alexis.brown@microsoft.com","message":"successfully parsed message, but message temporarily enqueued while system restarts."},{"id":"0523ebbe-8e9b-4846-bdda-2b3300c1a565","email":"mason.robinson@amerisave.com","message":"successfully parsed message, but message temporarily enqueued while system restarts."},{"id":"d669a354-17bd-49b0-a038-b641fb938ded","email":"grace.moore@gmail.com","message":"successfully processed after 4546 milliseconds."},{"id":"2378bb05-eb16-4e34-9224-61653e33c66f","email":"emily.taylor@gmail.com","message":"successfully parsed message, but message temporarily enqueued while system restarts."},{"id":"60ae256a-595e-4378-9308-23e45558e778","email":"elizabeth.martinez@dropbox.net","message":"failed to process due to network exception."},{"id":"92af496b-81f3-478f-b4b1-d9d4359b409a","email":"alexander.williams@gmail.com","message":"successfully processed after 2280 milliseconds."},{"id":"2903d068-0b90-46de-ac7b-4d1db4bddb8b","email":"taylor.adams@gmail.com","message":"failed to process due to network exception."},{"id":"027f081f-2d3d-404d-a9ff-336970cbc334","email":"emma.thomas@me.com","message":"failed to process due to network exception."},{"id":"881c7a34-8005-4512-9f4d-3f5118cd7844","email":"mason.robinson@amerisave.com","message":"successfully handled skipped operation."},{"id":"21f17120-110e-4b29-b148-35d119258cd8","email":"matthew.walker@amerisave.com","message":"failed to process due to network exception."},{"id":"77605248-d167-4fca-9a87-8053326cbc69","email":"noah.sanchez@me.com","message":"successfully parsed message, but message temporarily enqueued while system restarts."},{"id":"fdb83566-2180-45f1-bf32-82d399ccfc77","email":"aiden.johnson@microsoft.com","message":"failed to process due to datastore timeout of 30 seconds.  operation took 111 seconds."},{"id":"c1577e20-d571-4a8d-95ce-03d752ef81ca","email":"mason.robinson@amerisave.com","message":"failed to process due to datastore timeout of 30 seconds.  operation took 121 seconds."},{"id":"8311c930-b5de-4d48-bf8e-924370558356","email":"tyler.nelson@microsoft.com","message":"failed to process due to network exception."},{"id":"860d756b-f1b0-4564-8e01-73d594fb39e1","email":"logan.clark@dropbox.net","message":"failed to process due to network exception."},{"id":"359a2239-94fe-4e92-ba66-9c3431c665a8","email":"tyler.nelson@microsoft.com","message":"successfully processed after 473 milliseconds."},{"id":"95f9a2dd-f24a-401e-b496-29139396796a","email":"alexis.brown@microsoft.com","message":"failed to process due to datastore timeout of 30 seconds.  operation took 92 seconds."},{"id":"afecd6f6-db85-4730-8649-370f1e54364c","email":"taylor.adams@gmail.com","message":"failed to process due to network exception."},{"id":"497e09b5-6978-4ce7-b251-fd6c760e12e8","email":"abigail.smith@amerisave.com","message":"successfully processed after 1980 milliseconds."},{"id":"bff83d4d-bd5b-4966-b409-cca4ff437a1f","email":"liam.gonzalez@me.com","message":"successfully handled skipped operation."},{"id":"530dbd5f-0a12-44f4-9f17-0815649df658","email":"olivia.wright@gmail.com","message":"successfully handled skipped operation."},{"id":"9acf429c-d241-4170-a0e5-b3849407fd77","email":"logan.clark@dropbox.net","message":"successfully parsed message, but message temporarily enqueued while system restarts."},{"id":"a70ad097-6a60-4116-a1ab-d6d8b0518d7e","email":"nicholas.allen@microsoft.com","message":"successfully parsed message, but message temporarily enqueued while system restarts."},{"id":"755dc57b-16ec-45b2-93f5-35228332edef","email":"jack.thompson@me.com","message":"successfully processed after 7692 milliseconds."},{"id":"fed5b352-b593-4c9a-bfec-97971d58f03f","email":"alexander.williams@gmail.com","message":"successfully handled skipped operation."},{"id":"836b7bb0-090e-4a11-8969-9603dfe537ed","email":"jack.thompson@me.com","message":"successfully handled skipped operation."},{"id":"b5aa29f5-adc1-4678-a274-69d3e1ab1ba0","email":"logan.clark@dropbox.net","message":"successfully processed after 2044 milliseconds."},{"id":"65356573-9f7f-4a31-ba65-1b99658e8cd6","email":"isabella.jackson@amerisave.com","message":"successfully processed after 7038 milliseconds."},{"id":"c161f1fe-1d69-476b-a0b2-de8ef6e40e0f","email":"jackson.white@gmail.com","message":"successfully parsed message, but message temporarily enqueued while system restarts."},{"id":"e3825e71-86b9-431d-929a-fd8257035e4f","email":"mason.robinson@amerisave.com","message":"failed to process due to network exception."},{"id":"f775ef49-4cd3-4bf3-9b56-717fd8a0e638","email":"samantha.scott@me.com","message":"successfully handled skipped operation."},{"id":"bc49bfe3-10f7-46fd-8a1b-9cec4709e273","email":"matthew.walker@amerisave.com","message":"successfully parsed message, but message temporarily enqueued while system restarts."},{"id":"4cc0ff13-c354-4d7d-bed7-65c11fd88737","email":"liam.gonzalez@me.com","message":"successfully handled skipped operation."},{"id":"17a4cd58-0606-47c1-a92d-9023c6bebdf9","email":"michael.hall@dropbox.net","message":"successfully handled skipped operation."},{"id":"c1604827-434f-453a-b7d4-e7a4d0194ef6","email":"nathan.young@microsoft.com","message":"successfully handled skipped operation."},{"id":"7dc7f7e0-634c-42aa-8359-ee62f6982041","email":"liam.gonzalez@me.com","message":"failed to process due to network exception."},{"id":"b9680616-37f5-4b06-90c8-00b19b57b69b","email":"alexis.brown@microsoft.com","message":"failed to process due to network exception."},{"id":"6238299d-3c25-4421-bab2-b34a886e6c6e","email":"tyler.nelson@microsoft.com","message":"successfully processed after 5464 milliseconds."},{"id":"3ae4eb23-7ee2-4141-a58a-990f889e48bc","email":"hannah.martin@dropbox.net","message":"failed to process due to network exception."},{"id":"18bf76dc-5054-4da9-aa99-cf860c08714a","email":"dylan.wilson@gmail.com","message":"successfully handled skipped operation."},{"id":"3b681334-007b-4fa5-8736-ff15207e96aa","email":"logan.clark@dropbox.net","message":"failed to process due to datastore timeout of 30 seconds.  operation took 128 seconds."},{"id":"b6c5e43e-d2dc-43d3-8fa0-dffe390dd4e5","email":"andrew.miller@gmail.com","message":"failed to process due to datastore timeout of 30 seconds.  operation took 119 seconds."},{"id":"a47dc8b1-f081-42cf-846b-c307095b8dbf","email":"elizabeth.martinez@dropbox.net","message":"successfully parsed message, but message temporarily enqueued while system restarts."},{"id":"f75febac-dfec-4352-9088-643aeddc77fb","email":"olivia.wright@gmail.com","message":"successfully parsed message, but message temporarily enqueued while system restarts."},{"id":"613f9c8d-5690-4b9a-a500-9851d06c3a8d","email":"dylan.wilson@gmail.com","message":"successfully parsed message, but message temporarily enqueued while system restarts."},{"id":"643db1fe-9f43-4dc3-8c01-e46358b1ee65","email":"ella.anderson@dropbox.net","message":"successfully parsed message, but message temporarily enqueued while system restarts."},{"id":"1e026c03-e435-4e03-aea0-1fd5427b6ecb","email":"madison.lewis@gmail.com","message":"successfully processed after 6030 milliseconds."},{"id":"05e751b5-d78f-458a-a17b-b3e4a3e63770","email":"grace.moore@gmail.com","message":"successfully processed after 8337 milliseconds."},{"id":"40be7965-4a67-4878-9f10-e2216a90b432","email":"logan.clark@dropbox.net","message":"successfully processed after 2590 milliseconds."},{"id":"b2ced9f4-89da-4524-a11e-38524c705f8e","email":"dylan.wilson@gmail.com","message":"successfully processed after 9985 milliseconds."},{"id":"221d5626-04b4-47be-8d07-b25440537b72","email":"michael.hall@dropbox.net","message":"failed to process due to datastore timeout of 30 seconds.  operation took 75 seconds."},{"id":"7411986a-1622-4d6a-8c7c-421e0a24ff46","email":"hannah.martin@dropbox.net","message":"failed to process due to network exception."},{"id":"cb797f91-a8bb-4828-980c-91c8156b8909","email":"nicholas.allen@microsoft.com","message":"successfully parsed message, but message temporarily enqueued while system restarts."},{"id":"d1253c8d-8194-4050-911f-f4c46b7053e6","email":"emma.thomas@me.com","message":"successfully processed after 874 milliseconds."},{"id":"207cbd0b-0854-400e-a723-3db3ef49c954","email":"alexis.brown@microsoft.com","message":"failed to process due to network exception."},{"id":"bc4389f5-063d-47e2-b876-60adbb810f13","email":"olivia.wright@gmail.com","message":"failed to process due to datastore timeout of 30 seconds.  operation took 119 seconds."},{"id":"fc52d744-bdf2-4227-9763-f90903eb5cee","email":"liam.gonzalez@me.com","message":"failed to process due to network exception."},{"id":"c4491f58-1326-4040-9dee-ac1329cae643","email":"ethan.hernandez@microsoft.com","message":"failed to process due to datastore timeout of 30 seconds.  operation took 60 seconds."},{"id":"e18ae025-7460-49ba-a1e6-e1383338cceb","email":"ryan.king@dropbox.net","message":"successfully processed after 2603 milliseconds."},{"id":"7d086fd9-631c-44a0-a705-2fa5fd112698","email":"matthew.walker@amerisave.com","message":"successfully handled skipped operation."},{"id":"abbb0034-49f2-4e4f-8547-30f3710c16f8","email":"grace.moore@gmail.com","message":"failed to process due to datastore timeout of 30 seconds.  operation took 41 seconds."},{"id":"06be9868-c7d5-4b16-90ad-252f3e84961d","email":"joshua.lee@gmail.com","message":"successfully processed after 7322 milliseconds."},{"id":"cc1f0f16-9f55-46af-b4c5-79460207cdad","email":"jacob.lopez@dropbox.net","message":"successfully parsed message, but message temporarily enqueued while system restarts."},{"id":"ebb5b35f-8062-4460-b67f-8495c2ac2bdc","email":"elizabeth.martinez@dropbox.net","message":"successfully handled skipped operation."},{"id":"a03935e5-55cc-4e4b-89ed-6c80a037d3ce","email":"jacob.lopez@dropbox.net","message":"successfully processed after 8168 milliseconds."},{"id":"fe3dcb67-d8b0-44ab-9391-96efe6e5ba67","email":"hannah.martin@dropbox.net","message":"successfully processed after 7896 milliseconds."},{"id":"94476353-8163-4671-81fb-ab25baeab65a","email":"matthew.walker@amerisave.com","message":"failed to process due to datastore timeout of 30 seconds.  operation took 121 seconds."},{"id":"9a1abc47-f32b-4e1f-9d8d-eadc007e0074","email":"olivia.wright@gmail.com","message":"failed to process due to network exception."},{"id":"8eb6f7c1-76ae-4700-ae6b-a728df1711fd","email":"sophia.baker@dropbox.net","message":"successfully parsed message, but message temporarily enqueued while system restarts."},{"id":"c3274fae-bd25-448e-80b6-ebb2a1d5e1dc","email":"emma.thomas@me.com","message":"successfully processed after 1173 milliseconds."},{"id":"e2ac111a-e7a4-4b76-8fe9-9b83faa136dd","email":"daniel.rodriguez@amerisave.com","message":"failed to process due to datastore timeout of 30 seconds.  operation took 127 seconds."},{"id":"67eff85d-3c7d-46b5-b728-8ceffa981f23","email":"lily.harris@gmail.com","message":"successfully processed after 6691 milliseconds."},{"id":"8b117f73-e91c-41a3-a4a1-c79b62920d6f","email":"jack.thompson@me.com","message":"failed to process due to datastore timeout of 30 seconds.  operation took 115 seconds."},{"id":"f8790563-ef83-44f0-86bd-55d0e4a76318","email":"joshua.lee@gmail.com","message":"failed to process due to datastore timeout of 30 seconds.  operation took 97 seconds."},{"id":"b7166174-cb9a-4422-9587-1891eb54fc1e","email":"aiden.johnson@microsoft.com","message":"failed to process due to datastore timeout of 30 seconds.  operation took 125 seconds."},{"id":"8015bb68-d4ad-4947-86f1-95f43a14875e","email":"hannah.martin@dropbox.net","message":"failed to process due to network exception."},{"id":"7bc476aa-7857-4db6-9705-8f06d9d9b5d7","email":"madison.lewis@gmail.com","message":"successfully processed after 3264 milliseconds."},{"id":"e34750e3-6993-4f83-bf4e-f7568c268ea7","email":"tyler.nelson@microsoft.com","message":"successfully processed after 5681 milliseconds."},{"id":"c00604d9-6f56-4b26-923c-96aed69cfa3d","email":"logan.clark@dropbox.net","message":"failed to process due to datastore timeout of 30 seconds.  operation took 116 seconds."},{"id":"218f54d6-b06a-4298-80ad-fbd5bef37184","email":"abigail.smith@amerisave.com","message":"successfully parsed message, but message temporarily enqueued while system restarts."},{"id":"027497bf-7d36-4109-98b1-e8930814375f","email":"dylan.wilson@gmail.com","message":"successfully processed after 8523 milliseconds."},{"id":"70751bbd-28bf-4a10-b1e1-d8737a552857","email":"taylor.adams@gmail.com","message":"successfully handled skipped operation."},{"id":"e6231d96-6200-4d04-ab19-ba37e9dffde3","email":"ryan.king@dropbox.net","message":"successfully processed after 7934 milliseconds."},{"id":"20eadead-0412-4b82-96c6-3ded476e0014","email":"sarah.green@amerisave.com","message":"failed to process due to datastore timeout of 30 seconds.  operation took 128 seconds."},{"id":"27ac4940-73c9-4307-bcf2-29a12596e0a0","email":"noah.sanchez@me.com","message":"successfully handled skipped operation."},{"id":"e3a896d5-790d-42c9-872f-768bf914a217","email":"alexis.brown@microsoft.com","message":"successfully handled skipped operation."},{"id":"a33d5485-f864-41ad-be1f-58e07df48cd5","email":"alexis.brown@microsoft.com","message":"successfully parsed message, but message temporarily enqueued while system restarts."},{"id":"4e4ae4ff-1b92-4dc3-b9e7-30e23076820b","email":"chloe.garcia@dropbox.net","message":"failed to process due to datastore timeout of 30 seconds.  operation took 118 seconds."},{"id":"29242749-4d92-4a8e-8550-faea3b9f02ab","email":"andrew.miller@gmail.com","message":"successfully parsed message, but message temporarily enqueued while system restarts."},{"id":"b2d46145-e49f-4483-8098-622e81fdbfad","email":"nicholas.allen@microsoft.com","message":"successfully parsed message, but message temporarily enqueued while system restarts."},{"id":"6ebf42b0-fc90-4e3a-989f-85be50ddbc97","email":"lily.harris@gmail.com","message":"failed to process due to network exception."},{"id":"176e8e0a-096f-4c94-837c-af0d351727c0","email":"ella.anderson@dropbox.net","message":"successfully handled skipped operation."},{"id":"46ece3fa-2adc-4f06-b58a-ac12dc2fba24","email":"liam.gonzalez@me.com","message":"failed to process due to network exception."},{"id":"515cef6f-9e41-4fdb-a0f9-834021239e15","email":"alexander.williams@gmail.com","message":"failed to process due to datastore timeout of 30 seconds.  operation took 110 seconds."},{"id":"e03c1fba-fa3f-440f-80ed-f5d9e42d9e33","email":"nicholas.allen@microsoft.com","message":"successfully parsed message, but message temporarily enqueued while system restarts."},{"id":"51356074-01e4-4317-9cbe-1325a9feacca","email":"sarah.green@amerisave.com","message":"failed to process due to network exception."},{"id":"9ea4d502-3f1d-4679-92c9-1e23bd1e59ce","email":"olivia.wright@gmail.com","message":"successfully parsed message, but message temporarily enqueued while system restarts."},{"id":"e707c615-83e4-445c-9fd7-1dd3b55733ca","email":"nathan.young@microsoft.com","message":"successfully handled skipped operation."},{"id":"564c32d9-200f-4792-9b31-219ac1ebfbe1","email":"sarah.green@amerisave.com","message":"failed to process due to network exception."},{"id":"f6e12356-0a39-462f-b795-eb5c3f6eea9a","email":"joshua.lee@gmail.com","message":"failed to process due to network exception."},{"id":"1c6d4bb7-52d2-413d-91ed-bd6031a71ffe","email":"michael.hall@dropbox.net","message":"successfully handled skipped operation."},{"id":"2dd6ed72-0dbf-4c73-8149-bb97308cea76","email":"liam.gonzalez@me.com","message":"successfully handled skipped operation."},{"id":"75a801da-eaba-4046-a548-8fe83c7922c4","email":"samantha.scott@me.com","message":"failed to process due to network exception."},{"id":"25ffbcda-b2c6-4aa0-824d-1373dc532241","email":"ella.anderson@dropbox.net","message":"successfully processed after 4857 milliseconds."},{"id":"e15a5fd1-1058-47d5-bfbf-1bcb18d3f678","email":"tyler.nelson@microsoft.com","message":"failed to process due to network exception."},{"id":"88f9b7b7-8bee-4102-90ca-7e8f94bebcc2","email":"sophia.baker@dropbox.net","message":"failed to process due to datastore timeout of 30 seconds.  operation took 115 seconds."},{"id":"8a3e5ab0-6627-4792-bfeb-a1658009ba8b","email":"lily.harris@gmail.com","message":"successfully parsed message, but message temporarily enqueued while system restarts."},{"id":"10bd63a0-c4d8-4d77-8166-2c9f7647be6f","email":"emma.thomas@me.com","message":"failed to process due to network exception."},{"id":"63316653-1da9-4e0e-984a-bca6a73e0927","email":"mia.perez@me.com","message":"successfully processed after 7379 milliseconds."},{"id":"4a411c3f-4786-40cc-ad33-4c24664897e0","email":"sarah.green@amerisave.com","message":"successfully parsed message, but message temporarily enqueued while system restarts."},{"id":"dfb12c67-f8cc-4804-8a27-f57c9af69e1b","email":"madison.lewis@gmail.com","message":"successfully parsed message, but message temporarily enqueued while system restarts."},{"id":"656ce25f-720d-4c81-9b2b-4a3036b6ed9a","email":"logan.clark@dropbox.net","message":"failed to process due to datastore timeout of 30 seconds.  operation took 90 seconds."},{"id":"69b9ce65-8fba-4269-a414-95380df044aa","email":"nathan.young@microsoft.com","message":"failed to process due to network exception."},{"id":"9c0dcd02-ad8b-4d2c-bf3c-574261bdb523","email":"sophia.baker@dropbox.net","message":"successfully handled skipped operation."},{"id":"c95e538a-6617-4a32-83e6-c7e417c1c8a5","email":"sophia.baker@dropbox.net","message":"failed to process due to network exception."},{"id":"5b79756d-fead-4379-8558-b417663fd3e6","email":"ethan.hernandez@microsoft.com","message":"successfully handled skipped operation."},{"id":"0cc22c97-d533-440d-bf01-e86393b014b3","email":"jacob.lopez@dropbox.net","message":"successfully processed after 6018 milliseconds."},{"id":"72d4939e-f68c-4108-aab7-6dcf890d7b9a","email":"logan.clark@dropbox.net","message":"successfully parsed message, but message temporarily enqueued while system restarts."},{"id":"db7c6335-8c21-4b99-a048-9aa131d99f61","email":"mason.robinson@amerisave.com","message":"successfully handled skipped operation."},{"id":"f161adaf-74a5-4fa8-9f33-22c85965ce37","email":"chloe.garcia@dropbox.net","message":"failed to process due to network exception."},{"id":"b87d5d70-fb46-45e7-a2dc-6f5d2198b88a","email":"sarah.green@amerisave.com","message":"failed to process due to datastore timeout of 30 seconds.  operation took 124 seconds."},{"id":"0b0df4ab-9523-4f93-8e44-13f0ed261884","email":"daniel.rodriguez@amerisave.com","message":"successfully parsed message, but message temporarily enqueued while system restarts."},{"id":"c65304fe-71a2-4a78-8f81-7df59fc6de5d","email":"mason.robinson@amerisave.com","message":"successfully parsed message, but message temporarily enqueued while system restarts."},{"id":"226e68f0-6185-438c-8a92-89056c724134","email":"ethan.hernandez@microsoft.com","message":"successfully handled skipped operation."},{"id":"004e19eb-fcd4-4c16-98a9-06a75c0ade56","email":"nicholas.allen@microsoft.com","message":"failed to process due to datastore timeout of 30 seconds.  operation took 59 seconds."},{"id":"43dfcd1f-9425-4126-9977-f57b60f8d1b9","email":"sophia.baker@dropbox.net","message":"failed to process due to network exception."},{"id":"9844bcdf-9cc7-49fb-a78f-f4d8c60d6abd","email":"tyler.nelson@microsoft.com","message":"failed to process due to datastore timeout of 30 seconds.  operation took 76 seconds."},{"id":"062a89be-3622-4e98-94a7-c2d7b8bd3e96","email":"mia.perez@me.com","message":"successfully processed after 1645 milliseconds."},{"id":"431d2e2d-4acc-4d01-93fc-46bb4e8df035","email":"daniel.rodriguez@amerisave.com","message":"successfully processed after 1192 milliseconds."},{"id":"3f4adc57-30a2-41b8-8b95-63017d18a4f5","email":"nathan.young@microsoft.com","message":"successfully parsed message, but message temporarily enqueued while system restarts."},{"id":"237b9769-b866-4899-bbf2-4b824891d9f2","email":"alyssa.jones@amerisave.com","message":"successfully parsed message, but message temporarily enqueued while system restarts."},{"id":"90670f7f-2b98-4e44-8fe1-ea8d31cb84b5","email":"nathan.young@microsoft.com","message":"successfully parsed message, but message temporarily enqueued while system restarts."},{"id":"dc607276-5bee-4731-a2a9-b5c1c148ea49","email":"alyssa.jones@amerisave.com","message":"successfully parsed message, but message temporarily enqueued while system restarts."},{"id":"76fddfc4-812f-483d-af03-4304eceb4bc8","email":"nathan.young@microsoft.com","message":"failed to process due to datastore timeout of 30 seconds.  operation took 33 seconds."},{"id":"d5d635fa-ba14-4c8a-a6ad-28c2ff25eb6a","email":"michael.hall@dropbox.net","message":"successfully handled skipped operation."},{"id":"c47183be-82a4-4b85-975b-ad0ce177ada7","email":"hannah.martin@dropbox.net","message":"failed to process due to network exception."},{"id":"c497e4cd-5ef4-471b-b460-b1dfd1eea87c","email":"dylan.wilson@gmail.com","message":"failed to process due to network exception."},{"id":"d25e4a57-72af-459b-9d87-d63039156a89","email":"grace.moore@gmail.com","message":"failed to process due to datastore timeout of 30 seconds.  operation took 32 seconds."},{"id":"9a479dda-6393-4fe9-8ad6-5e944de13d6c","email":"olivia.wright@gmail.com","message":"failed to process due to datastore timeout of 30 seconds.  operation took 79 seconds."},{"id":"2febca9a-361d-4fc3-aa01-34b4c70c6d15","email":"michael.hall@dropbox.net","message":"failed to process due to network exception."},{"id":"a463cb1a-9126-4173-bc4f-8db296220679","email":"dylan.wilson@gmail.com","message":"failed to process due to datastore timeout of 30 seconds.  operation took 117 seconds."},{"id":"78a7676b-0022-4ea4-a12a-63f50d4b81ad","email":"mason.robinson@amerisave.com","message":"successfully parsed message, but message temporarily enqueued while system restarts."},{"id":"f40c8cac-04bc-43e3-8605-9a5558ed0a54","email":"emma.thomas@me.com","message":"successfully parsed message, but message temporarily enqueued while system restarts."},{"id":"ef69ae5c-62b9-4f86-8a78-591d86f8cc81","email":"nathan.young@microsoft.com","message":"failed to process due to datastore timeout of 30 seconds.  operation took 93 seconds."},{"id":"8e97427f-66b6-4de3-afc6-c21ed476310b","email":"sophia.baker@dropbox.net","message":"failed to process due to network exception."},{"id":"517c8d09-9d64-45a0-8c89-9431870fdc51","email":"sarah.green@amerisave.com","message":"successfully processed after 1736 milliseconds."},{"id":"ea628b82-2646-4b1d-af8f-cf810ec47169","email":"sarah.green@amerisave.com","message":"successfully processed after 7977 milliseconds."},{"id":"3c79fe57-583e-41dc-98c0-ada478c5ced9","email":"aiden.johnson@microsoft.com","message":"successfully handled skipped operation."}],"id":"8ea9aa70-a8af-4b89-8809-9777e056443a"}