{"logs":[{"id":"92b6f5cc-ac53-4631-8a84-7a7b77481f03","email":"noah.sanchez@me.com","message":"successfully processed after 4067 milliseconds."},{"id":"6852fdee-bc0c-4635-92ca-141ba4ea29b1","email":"samantha.scott@me.com","message":"failed to process due to datastore timeout of 30 seconds.  operation took 93 seconds."},{"id":"1fc7ceda-a767-4b69-b37a-6168ba6d8f27","email":"daniel.rodriguez@amerisave.com","message":"successfully parsed message, but message temporarily enqueued while system restarts."},{"id":"6c784bee-287f-4642-ac2d-c6e8ae0b18a3","email":"elizabeth.martinez@dropbox.net","message":"successfully parsed message, but message temporarily enqueued while system restarts."},{"id":"6acf86fd-cfa7-4dda-a540-890c86ca902b","email":"jack.thompson@me.com","message":"successfully handled skipped operation."},{"id":"d4c54aa6-40b6-4e0c-ace4-0fe249d434c2","email":"nicholas.allen@microsoft.com","message":"successfully processed after 2345 milliseconds."},{"id":"ce8d824c-6469-4349-be66-3408d693618e","email":"emma.thomas@me.com","message":"successfully parsed message, but message temporarily enqueued while system restarts."},{"id":"fcfdd4e0-315c-433f-9d8b-658b88617e94","email":"joshua.lee@gmail.com","message":"successfully parsed message, but message temporarily enqueued while system restarts."},{"id":"104a9206-dcaf-44bd-a823-78d567232a3a","email":"ava.davis@gmail.com","message":"successfully parsed message, but message temporarily enqueued while system restarts."},{"id":"ab5adbd4-2f03-42a3-9620-ea3e982cbdfc","email":"sarah.green@amerisave.com","message":"successfully processed after 1820 milliseconds."},{"id":"c1d933ad-51a0-4638-a67d-7c9622ef840a","email":"jacob.lopez@dropbox.net","message":"failed to process due to datastore timeout of 30 seconds.  operation took 87 seconds."},{"id":"cbf8ba1f-5875-4e4c-b159-2fa5bc9d74d5","email":"ethan.hernandez@microsoft.com","message":"successfully handled skipped operation."},{"id":"737cb824-50fa-4e3b-81b5-797c505132c7","email":"abigail.smith@amerisave.com","message":"successfully processed after 6011 milliseconds."},{"id":"d4248ab5-faf6-4e5b-b4df-a18f5ae34fd6","email":"alexander.williams@gmail.com","message":"failed to process due to datastore timeout of 30 seconds.  operation took 32 seconds."},{"id":"9939f8f7-4634-4270-b9e8-7890d72e204c","email":"daniel.rodriguez@amerisave.com","message":"successfully processed after 5258 milliseconds."},{"id":"f4d34ae8-3dee-42c7-9538-57be98b97462","email":"nathan.young@microsoft.com","message":"successfully processed after 9216 milliseconds."},{"id":"8f2b7ae5-b1c0-4f9e-aa76-225cf73bdd6f","email":"alexander.williams@gmail.com","message":"failed to process due to datastore timeout of 30 seconds.  operation took 42 seconds."},{"id":"d06bf912-97a3-462c-873f-5194ac0a733c","email":"nathan.young@microsoft.com","message":"successfully parsed message, but message temporarily enqueued while system restarts."},{"id":"e6f0d853-ec80-4c4a-af05-21442d4cb34e","email":"liam.gonzalez@me.com","message":"failed to process due to datastore timeout of 30 seconds.  operation took 36 seconds."},{"id":"3c5441e6-9fec-412c-a594-9c11a871cdd5","email":"lily.harris@gmail.com","message":"successfully parsed message, but message temporarily enqueued while system restarts."},{"id":"f6aded0a-2b17-427e-879e-53b6b389e43b","email":"hannah.martin@dropbox.net","message":"successfully parsed message, but message temporarily enqueued while system restarts."},{"id":"c035ecda-12d1-4bf1-b145-0d5444417712","email":"nicholas.allen@microsoft.com","message":"successfully parsed message, but message temporarily enqueued while system restarts."},{"id":"356cd8c6-d836-4265-abd2-014868b2edb6","email":"hannah.martin@dropbox.net","message":"successfully handled skipped operation."},{"id":"b9843afc-616e-4ed9-918b-0f15c22279e2","email":"alyssa.jones@amerisave.com","message":"failed to process due to network exception."},{"id":"8199f3d5-4b7b-4c7e-9ded-37cea6c5a42e","email":"emily.taylor@gmail.com","message":"successfully handled skipped operation."},{"id":"70956d2d-027e-4c97-9154-7a0d6af36aed","email":"jackson.white@gmail.com","message":"successfully processed after 6280 milliseconds."},{"id":"ed3465db-9820-4ad0-8603-b483981d251b","email":"samantha.scott@me.com","message":"successfully processed after 8951 milliseconds."},{"id":"f5a78dec-aa1a-45a5-8bfc-abdab2670dd5","email":"jacob.lopez@dropbox.net","message":"successfully processed after 2523 milliseconds."},{"id":"d1a577d4-26c6-49e3-b6da-6d015cc79649","email":"nathan.young@microsoft.com","message":"successfully processed after 4984 milliseconds."},{"id":"90f60a78-b2ae-4928-a939-b620571a56be","email":"ryan.king@dropbox.net","message":"successfully processed after 6709 milliseconds."},{"id":"f7a1ec08-946a-41de-afe3-f6c1bc2e4944","email":"liam.gonzalez@me.com","message":"successfully parsed message, but message temporarily enqueued while system restarts."},{"id":"6b4d27ca-2384-4e34-943e-3c5f6b31bb49","email":"sarah.green@amerisave.com","message":"failed to process due to network exception."},{"id":"23cc2e0b-660b-4ea4-90b7-5d475835cab3","email":"nathan.young@microsoft.com","message":"failed to process due to datastore timeout of 30 seconds.  operation took 49 seconds."},{"id":"7b48a871-bf71-475c-b2aa-b28ce5313856","email":"mason.robinson@amerisave.com","message":"failed to process due to network exception."},{"id":"998ac023-0971-4b7f-a1f4-9b8460e87636","email":"jackson.white@gmail.com","message":"successfully processed after 8888 milliseconds."},{"id":"2d6737b4-b270-44ff-a651-6572d491a11b","email":"michael.hall@dropbox.net","message":"successfully parsed message, but message temporarily enqueued while system restarts."},{"id":"abee52a8-999e-4677-97a8-97e1fa7f1108","email":"samantha.scott@me.com","message":"failed to process due to datastore timeout of 30 seconds.  operation took 69 seconds."},{"id":"70d5262b-5a61-4d4f-8a15-02e5d39027b1","email":"sarah.green@amerisave.com","message":"successfully processed after 5660 milliseconds."},{"id":"595cb3fb-85d2-4be5-88d2-f68fa5e4f1d9","email":"grace.moore@gmail.com","message":"successfully handled skipped operation."},{"id":"7f3761fe-9c60-4802-9a76-8c1f76202311","email":"daniel.rodriguez@amerisave.com","message":"failed to process due to datastore timeout of 30 seconds.  operation took 95 seconds."},{"id":"23d33f6c-4b97-4fdb-acad-f6ecaaa8db31","email":"olivia.wright@gmail.com","message":"failed to process due to datastore timeout of 30 seconds.  operation took 124 seconds."},{"id":"e75a39cb-7bc8-4aed-ad1f-8e9cb6a54c84","email":"liam.gonzalez@me.com","message":"successfully parsed message, but message temporarily enqueued while system restarts."},{"id":"57094365-1f5b-46f8-af2a-dff7b7113cb3","email":"nicholas.allen@microsoft.com","message":"failed to process due to network exception."},{"id":"27e206cf-8e8e-4545-a791-a0ed85431732","email":"alexander.williams@gmail.com","message":"failed to process due to datastore timeout of 30 seconds.  operation took 107 seconds."},{"id":"756062c4-fbdb-4761-b7d9-6dfaad5e4b0e","email":"liam.gonzalez@me.com","message":"failed to process due to datastore timeout of 30 seconds.  operation took 39 seconds."},{"id":"a2b08b26-b633-4ce9-a9e3-5f56485f1fe2","email":"nicholas.allen@microsoft.com","message":"successfully parsed message, but message temporarily enqueued while system restarts."},{"id":"be075638-6fb4-4255-ae5d-eb7075566286","email":"joshua.lee@gmail.com","message":"failed to process due to network exception."},{"id":"8eb104fa-0846-4161-91a9-03e766da5bf8","email":"chloe.garcia@dropbox.net","message":"failed to process due to network exception."},{"id":"30344d8f-cf5e-433f-ae62-85919f3292e3","email":"sarah.green@amerisave.com","message":"successfully parsed message, but message temporarily enqueued while system restarts."},{"id":"e98eb655-2e4f-4b8f-ae29-6723db465728","email":"chloe.garcia@dropbox.net","message":"failed to process due to network exception."},{"id":"8eff7a64-5661-4c35-ab45-e8b6f08040a8","email":"isabella.jackson@amerisave.com","message":"successfully processed after 4927 milliseconds."},{"id":"44385ecd-2741-4fd0-b44b-8bfeac7f9489","email":"nicholas.allen@microsoft.com","message":"failed to process due to network exception."},{"id":"1eaea08e-a508-4d2e-b3c4-b6dbd7d2a71f","email":"logan.clark@dropbox.net","message":"failed to process due to datastore timeout of 30 seconds.  operation took 36 seconds."},{"id":"a832e4a2-36cd-4bd2-bea5-407473cb5784","email":"daniel.rodriguez@amerisave.com","message":"successfully handled skipped operation."},{"id":"c7021b81-30d6-4277-922f-53a6a7aad485","email":"ethan.hernandez@microsoft.com","message":"successfully handled skipped operation."},{"id":"f6ecfb70-9a13-4770-9ce4-33fed187da99","email":"jack.thompson@me.com","message":"successfully handled skipped operation."},{"id":"de30fcf9-023b-4186-814b-a307427d7836","email":"jacob.lopez@dropbox.net","message":"successfully parsed message, but message temporarily enqueued while system restarts."},{"id":"2215c4b4-8d41-48cb-b9f8-a7c6ccc9008d","email":"joshua.lee@gmail.com","message":"successfully parsed message, but message temporarily enqueued while system restarts."},{"id":"3b7851e0-2437-4937-b2d4-ab2d648ac04c","email":"olivia.wright@gmail.com","message":"successfully processed after 7536 milliseconds."},{"id":"7d3ccdb3-c9e5-4433-a7a5-ea8b3d67e4d0","email":"tyler.nelson@microsoft.com","message":"successfully handled skipped operation."},{"id":"696c47e8-ba16-4882-9c89-0a071df2e555","email":"grace.moore@gmail.com","message":"failed to process due to network exception."},{"id":"f8e511d6-b0dd-4711-b3cb-5f2cdf5f06db","email":"jacob.lopez@dropbox.net","message":"successfully parsed message, but message temporarily enqueued while system restarts."},{"id":"8acb6b1a-821f-431a-8170-eedb61c2edef","email":"ryan.king@dropbox.net","message":"failed to process due to datastore timeout of 30 seconds.  operation took 123 seconds."},{"id":"5b65d30b-1ceb-422b-8356-6bffc5e73d4f","email":"andrew.miller@gmail.com","message":"successfully parsed message, but message temporarily enqueued while system restarts."},{"id":"292557c1-e0ab-4628-83a4-eceb6d8b3bc5","email":"ryan.king@dropbox.net","message":"successfully parsed message, but message temporarily enqueued while system restarts."},{"id":"d03c69ee-31e4-4006-a06d-f27eeba1b67c","email":"joshua.lee@gmail.com","message":"successfully processed after 570 milliseconds."},{"id":"806360a9-4e5d-48eb-980c-06b803e2cc59","email":"alyssa.jones@amerisave.com","message":"successfully handled skipped operation."},{"id":"3ad7600e-0cae-4fd5-8d11-9e0f47270ed9","email":"alexis.brown@microsoft.com","message":"successfully handled skipped operation."},{"id":"29e02ac9-e8d1-4769-b698-0b06b2f99afe","email":"chloe.garcia@dropbox.net","message":"successfully parsed message, but message temporarily enqueued while system restarts."},{"id":"9f660a9d-b86c-4391-950d-5096111ae66e","email":"lily.harris@gmail.com","message":"failed to process due to datastore timeout of 30 seconds.  operation took 84 seconds."},{"id":"ae1649ed-861a-4eaf-bb37-c1a602864155","email":"ella.anderson@dropbox.net","message":"successfully handled skipped operation."},{"id":"d6f8d8c4-354f-4089-9b75-afb1f00fcd8f","email":"sophia.baker@dropbox.net","message":"failed to process due to datastore timeout of 30 seconds.  operation took 123 seconds."},{"id":"6355a9c6-c681-404c-8582-c0f818b83cf5","email":"ryan.king@dropbox.net","message":"successfully parsed message, but message temporarily enqueued while system restarts."},{"id":"e7e3ebe2-cad6-49c8-ad10-a3257e400dcc","email":"hannah.martin@dropbox.net","message":"successfully parsed message, but message temporarily enqueued while system restarts."},{"id":"464dede1-212f-459a-8110-0a808550cb92","email":"jack.thompson@me.com","message":"successfully handled skipped operation."},{"id":"b2e3ee73-e495-48b2-a874-bcdf251539a9","email":"aiden.johnson@microsoft.com","message":"successfully handled skipped operation."},{"id":"fac0798b-f380-40ad-a49f-19af59d27baa","email":"michael.hall@dropbox.net","message":"successfully handled skipped operation."},{"id":"da4337cd-797e-4683-937d-23af2dcd968a","email":"elizabeth.martinez@dropbox.net","message":"failed to process due to network exception."},{"id":"45bcbcbd-c513-45a0-9b17-cd9cda3e74b6","email":"mia.perez@me.com","message":"successfully parsed message, but message temporarily enqueued while system restarts."},{"id":"6570db52-df6e-4cf0-a1a8-bc8cb9ccebee","email":"lily.harris@gmail.com","message":"failed to process due to datastore timeout of 30 seconds.  operation took 64 seconds."},{"id":"718ee772-0a86-4578-ba1d-69dd9db98d85","email":"hannah.martin@dropbox.net","message":"successfully handled skipped operation."},{"id":"18d7d503-c408-4a55-8d52-933ff833d6dd","email":"grace.moore@gmail.com","message":"failed to process due to network exception."},{"id":"7dafc43f-e057-4771-b50e-f52a886bfdb5","email":"ava.davis@gmail.com","message":"successfully parsed message, but message temporarily enqueued while system restarts."},{"id":"7be3c068-2bc9-4ddc-bc2c-4c42efd8e1e0","email":"tyler.nelson@microsoft.com","message":"successfully parsed message, but message temporarily enqueued while system restarts."},{"id":"db1373af-2f51-48ff-8998-b309b7113fae","email":"chloe.garcia@dropbox.net","message":"successfully processed after 5534 milliseconds."},{"id":"79fb9abe-fd6a-4974-b6ee-cf0e78b0ca5f","email":"michael.hall@dropbox.net","message":"successfully processed after 5066 milliseconds."},{"id":"5a5f589a-755a-4b11-ac67-9fcfcd82ddc6","email":"matthew.walker@amerisave.com","message":"successfully parsed message, but message temporarily enqueued while system restarts."},{"id":"5dae87b2-052a-405b-b757-728d91b97ce7","email":"jack.thompson@me.com","message":"failed to process due to datastore timeout of 30 seconds.  operation took 80 seconds."},{"id":"7c93cc01-8ec5-4ac0-8f6c-9584de5e9d71","email":"jacob.lopez@dropbox.net","message":"successfully parsed message, but message temporarily enqueued while system restarts."},{"id":"23023f7e-fdab-4249-b972-29f4ec41f734","email":"taylor.adams@gmail.com","message":"failed to process due to datastore timeout of 30 seconds.  operation took 94 seconds."},{"id":"8682ec8e-c4d9-48cd-a199-501335d7ea89","email":"ryan.king@dropbox.net","message":"successfully processed after 8151 milliseconds."},{"id":"1bddd367-f0bb-4394-9777-fbe3e9b1e617","email":"samantha.scott@me.com","message":"successfully parsed message, but message temporarily enqueued while system restarts."},{"id":"77d1c00b-cf78-49b3-9c06-01acb0b02366","email":"liam.gonzalez@me.com","message":"successfully processed after 6393 milliseconds."},{"id":"cd102c09-0ed9-4025-ab5a-fb05888cf595","email":"taylor.adams@gmail.com","message":"successfully handled skipped operation."},{"id":"87d25155-d397-445f-aff6-0e31250cb635","email":"joshua.lee@gmail.com","message":"successfully handled skipped operation."},{"id":"7004e5d7-14b1-4748-a92d-38f91674c949","email":"samantha.scott@me.com","message":"failed to process due to datastore timeout of 30 seconds.  operation took 33 seconds."},{"id":"f7d0d973-8c8d-4cc6-bd4f-183fa7bdf3ff","email":"daniel.rodriguez@amerisave.com","message":"failed to process due to datastore timeout of 30 seconds.  operation took 58 seconds."},{"id":"558b646c-f7a4-450b-bed0-3f9b0de9113d","email":"elizabeth.martinez@dropbox.net","message":"successfully handled skipped operation."},{"id":"016ba210-cf21-4e69-b379-075ea4776713","email":"abigail.smith@amerisave.com","message":"successfully handled skipped operation."},{"id":"b5b5694d-9199-4a6b-b256-d8e2785b5a10","email":"joshua.lee@gmail.com","message":"successfully processed after 6404 milliseconds."},{"id":"ae2382e6-3487-4890-812d-e0cf7f7d499e","email":"michael.hall@dropbox.net","message":"successfully parsed message, but message temporarily enqueued while system restarts."},{"id":"0e111636-4f58-4ce0-a982-2539963dae8d","email":"jackson.white@gmail.com","message":"failed to process due to datastore timeout of 30 seconds.  operation took 99 seconds."},{"id":"568cc767-d92f-4c31-b130-6146edf5c9c0","email":"nicholas.allen@microsoft.com","message":"failed to process due to network exception."},{"id":"b7bc0cc5-9c7f-454c-a664-2c223bdaaed0","email":"lily.harris@gmail.com","message":"failed to process due to datastore timeout of 30 seconds.  operation took 109 seconds."},{"id":"bdaa8f53-1e56-48e2-b7a1-d305e7a3502c","email":"matthew.walker@amerisave.com","message":"successfully parsed message, but message temporarily enqueued while system restarts."},{"id":"3ed586b0-ba53-47c0-83c6-f58ad0b37551","email":"liam.gonzalez@me.com","message":"successfully handled skipped operation."},{"id":"be240104-8492-43a6-89e5-fbe06dba0937","email":"ella.anderson@dropbox.net","message":"successfully processed after 4148 milliseconds."},{"id":"e000e7b0-f577-4f30-9d97-a5606e34fd36","email":"isabella.jackson@amerisave.com","message":"successfully processed after 1876 milliseconds."},{"id":"7c1fc86d-110b-4684-b5e8-b626d14ef364","email":"alexander.williams@gmail.com","message":"failed to process due to network exception."},{"id":"6deaf331-b220-4df1-8391-07945d1a0527","email":"logan.clark@dropbox.net","message":"successfully handled skipped operation."},{"id":"56b0c2f9-fe40-4176-b05b-50f9ac6749d0","email":"mia.perez@me.com","message":"successfully parsed message, but message temporarily enqueued while system restarts."},{"id":"fe92d350-e2c2-48bd-b90a-6bff4bc7f2f4","email":"ryan.king@dropbox.net","message":"successfully handled skipped operation."},{"id":"10b32854-0c08-43bd-9633-deb5bc79086d","email":"ryan.king@dropbox.net","message":"failed to process due to network exception."},{"id":"5cf47d7a-4727-4a6f-93a5-76c3fc7c24fe","email":"emily.taylor@gmail.com","message":"failed to process due to network exception."},{"id":"af3f780a-19e3-4c4d-a444-8deb618c2cb1","email":"noah.sanchez@me.com","message":"failed to process due to network exception."},{"id":"d1de553f-c4f1-4e5d-b0cc-c8fb86b59ff3","email":"elizabeth.martinez@dropbox.net","message":"successfully processed after 1247 milliseconds."},{"id":"f658644d-44c8-4cff-99fe-642962d188c2","email":"emily.taylor@gmail.com","message":"successfully handled skipped operation."},{"id":"bfc92f3f-4011-4452-ad10-ef4a5ef65ec7","email":"andrew.miller@gmail.com","message":"failed to process due to network exception."},{"id":"c85a2131-861d-4c74-9b6b-e39767ab0cbd","email":"ryan.king@dropbox.net","message":"successfully processed after 9424 milliseconds."},{"id":"3c9e5d45-8d58-437e-bc52-fca20a87f581","email":"jackson.white@gmail.com","message":"successfully processed after 1286 milliseconds."},{"id":"0f009bf3-e4be-4984-a2a4-1394a19f47fa","email":"hannah.martin@dropbox.net","message":"successfully processed after 4035 milliseconds."},{"id":"234ec5a1-d08e-4845-b460-b19f453e4c30","email":"olivia.wright@gmail.com","message":"successfully handled skipped operation."},{"id":"f12d6e0d-5420-44c8-a23e-8bf83e393f6c","email":"daniel.rodriguez@amerisave.com","message":"successfully processed after 5945 milliseconds."},{"id":"d771f13c-0bde-41e6-9ae9-09ebcd026b9d","email":"taylor.adams@gmail.com","message":"successfully processed after 9897 milliseconds."},{"id":"45f1075d-03dd-4e00-bbfe-72a0091849c2","email":"emma.thomas@me.com","message":"failed to process due to network exception."},{"id":"8a4abb95-f50d-47bf-9903-5536dcea5425","email":"andrew.miller@gmail.com","message":"successfully handled skipped operation."},{"id":"08f80895-6823-42f8-a69c-980db5c64c49","email":"taylor.adams@gmail.com","message":"failed to process due to network exception."},{"id":"de892c11-f611-457c-8ceb-38f131826021","email":"aiden.johnson@microsoft.com","message":"failed to process due to datastore timeout of 30 seconds.  operation took 97 seconds."},{"id":"aa200aad-4883-4827-b79f-a03efca2ecd6","email":"daniel.rodriguez@amerisave.com","message":"failed to process due to network exception."},{"id":"ccee4788-7dcb-4b07-92d9-19957e251acd","email":"isabella.jackson@amerisave.com","message":"failed to process due to network exception."},{"id":"b3b6b5cd-64b9-46e3-a98a-ca952307c0d7","email":"isabella.jackson@amerisave.com","message":"failed to process due to datastore timeout of 30 seconds.  operation took 71 seconds."},{"id":"ab6e260c-e707-4223-ac4c-f8f42a065307","email":"grace.moore@gmail.com","message":"successfully processed after 4647 milliseconds."},{"id":"5538b22b-e639-4389-a5f8-68edb5eac7ba","email":"dylan.wilson@gmail.com","message":"failed to process due to datastore timeout of 30 seconds.  operation took 76 seconds."},{"id":"0a911e05-3deb-4c6c-9505-2c8546b8c8f0","email":"taylor.adams@gmail.com","message":"successfully parsed message, but message temporarily enqueued while system restarts."},{"id":"86a15b26-7747-4ec0-b1d8-3d5c3a54edbc","email":"taylor.adams@gmail.com","message":"failed to process due to network exception."},{"id":"9d4da673-d4ed-404b-8495-bef423b5fe5d","email":"sophia.baker@dropbox.net","message":"successfully handled skipped operation."},{"id":"d26d89bc-a056-42b2-8427-31bd2269044f","email":"isabella.jackson@amerisave.com","message":"failed to process due to datastore timeout of 30 seconds.  operation took 47 seconds."},{"id":"d18d6f13-d592-4268-be4a-afef1ed8bc4a","email":"emma.thomas@me.com","message":"successfully processed after 8729 milliseconds."},{"id":"dc8b1374-7790-47eb-980b-7af38236bd1a","email":"jacob.lopez@dropbox.net","message":"successfully processed after 9802 milliseconds."},{"id":"09d69fe9-8772-4e2c-a4ba-3fd2ca346329","email":"lily.harris@gmail.com","message":"successfully parsed message, but message temporarily enqueued while system restarts."},{"id":"095b8fc7-538b-441e-8501-45d3717d03df","email":"jacob.lopez@dropbox.net","message":"successfully parsed message, but message temporarily enqueued while system restarts."},{"id":"09c06c94-0897-4652-910c-1030d929d737","email":"matthew.walker@amerisave.com","message":"failed to process due to datastore timeout of 30 seconds.  operation took 69 seconds."},{"id":"3d61b9aa-5b9b-4a8e-957a-521570fe6ee1","email":"ethan.hernandez@microsoft.com","message":"successfully handled skipped operation."},{"id":"2e691359-352e-408e-8785-b06c2c1149f1","email":"grace.moore@gmail.com","message":"failed to process due to network exception."},{"id":"1fa45518-d3a0-45ea-b6c9-9101278afe4b","email":"alexander.williams@gmail.com","message":"successfully handled skipped operation."},{"id":"ec723faa-33f7-46b4-9973-a2e56e9e22fd","email":"ethan.hernandez@microsoft.com","message":"failed to process due to datastore timeout of 30 seconds.  operation took 119 seconds."},{"id":"ff8c61c2-0170-4a42-9c39-7fef6f3180e8","email":"michael.hall@dropbox.net","message":"successfully parsed message, but message temporarily enqueued while system restarts."},{"id":"72d01be7-8d41-4908-81a9-024d55e3337e","email":"ava.davis@gmail.com","message":"successfully parsed message, but message temporarily enqueued while system restarts."},{"id":"00b823c4-c8d1-4b13-9cb0-03a6176ace57","email":"chloe.garcia@dropbox.net","message":"successfully handled skipped operation."},{"id":"4ddce0fa-b2cd-4c17-b218-e812e6c7b09b","email":"andrew.miller@gmail.com","message":"successfully handled skipped operation."},{"id":"9b844478-4b1d-4e57-8162-d449d44d463f","email":"samantha.scott@me.com","message":"successfully processed after 9414 milliseconds."},{"id":"b089c621-d541-4eac-94bc-f3a5d2ecf070","email":"aiden.johnson@microsoft.com","message":"successfully parsed message, but message temporarily enqueued while system restarts."},{"id":"eeda3d92-612b-4ce3-a0a0-c78aff5a33ad","email":"samantha.scott@me.com","message":"successfully parsed message, but message temporarily enqueued while system restarts."},{"id":"afc80624-4a89-442d-a736-86399c527693","email":"nathan.young@microsoft.com","message":"successfully processed after 1033 milliseconds."},{"id":"2a680347-f1fb-4828-9189-b64bda55b3e5","email":"nicholas.allen@microsoft.com","message":"successfully processed after 2537 milliseconds."},{"id":"1a0a1483-4d82-4d60-b870-865fd6b4f260","email":"matthew.walker@amerisave.com","message":"successfully parsed message, but message temporarily enqueued while system restarts."},{"id":"e671aa10-5357-4ae0-aa5b-0502c35b7792","email":"andrew.miller@gmail.com","message":"failed to process due to datastore timeout of 30 seconds.  operation took 70 seconds."},{"id":"75204efa-0682-49a1-ab7c-4cfcf8d00580","email":"dylan.wilson@gmail.com","message":"successfully processed after 3408 milliseconds."},{"id":"e9c49cb5-60a8-4713-8290-3ed04d578aab","email":"mia.perez@me.com","message":"failed to process due to datastore timeout of 30 seconds.  operation took 76 seconds."},{"id":"be9932ce-1dab-41ef-a0da-90a17d1385f8","email":"jackson.white@gmail.com","message":"successfully handled skipped operation."},{"id":"54e612ce-c14a-4ca5-9b3d-96af98cbbe0a","email":"isabella.jackson@amerisave.com","message":"successfully handled skipped operation."},{"id":"14d0424b-293c-48d4-bac1-8843e3f0257f","email":"chloe.garcia@dropbox.net","message":"successfully parsed message, but message temporarily enqueued while system restarts."},{"id":"79e9dbbb-2f06-46b4-a155-203b6e8a0cfd","email":"daniel.rodriguez@amerisave.com","message":"successfully processed after 8775 milliseconds."},{"id":"75534651-a1ac-425f-9b28-391101daf3b4","email":"logan.clark@dropbox.net","message":"successfully parsed message, but message temporarily enqueued while system restarts."},{"id":"e3f30636-63f4-4248-93ff-1e6c44433ca8","email":"ryan.king@dropbox.net","message":"successfully handled skipped operation."},{"id":"46eaad6d-4f0c-4952-bea8-40974aaaeb4d","email":"andrew.miller@gmail.com","message":"successfully processed after 1409 milliseconds."},{"id":"73ed3dd0-ee9f-498a-a097-fcc2bb0eec9a","email":"emily.taylor@gmail.com","message":"successfully processed after 7736 milliseconds."},{"id":"249ed62c-9273-48a1-9c8b-fc45c87f5e27","email":"daniel.rodriguez@amerisave.com","message":"failed to process due to datastore timeout of 30 seconds.  operation took 110 seconds."},{"id":"6fdd369d-81de-4ffd-977a-6e851491478d","email":"jack.thompson@me.com","message":"successfully parsed message, but message temporarily enqueued while system restarts."},{"id":"08ad9008-f523-4aca-b1cf-6eb81070ac66","email":"nicholas.allen@microsoft.com","message":"failed to process due to network exception."},{"id":"80433a90-ee3a-4c54-82b2-8baebd098597","email":"sarah.green@amerisave.com","message":"successfully parsed message, but message temporarily enqueued while system restarts."},{"id":"c8aec1f5-0b1a-419c-8e1f-83bcfce2fab5","email":"joshua.lee@gmail.com","message":"successfully handled skipped operation."},{"id":"9d88b206-40ff-4047-b66b-9f1b7a8b6c58","email":"ethan.hernandez@microsoft.com","message":"successfully processed after 2809 milliseconds."},{"id":"434c91bb-42b9-4aa7-a65e-b040115859d8","email":"tyler.nelson@microsoft.com","message":"successfully processed after 4407 milliseconds."},{"id":"4d3c51ed-1bad-49ee-93cf-64f1a4a46ac0","email":"ella.anderson@dropbox.net","message":"successfully handled skipped operation."},{"id":"7344362f-415b-4d42-b85e-a52980e44ded","email":"dylan.wilson@gmail.com","message":"failed to process due to network exception."},{"id":"b652e55b-a6dd-41c3-8c28-c77ef8ef9084","email":"michael.hall@dropbox.net","message":"failed to process due to network exception."},{"id":"94936031-5a91-4607-a1a6-4115c9748a04","email":"mason.robinson@amerisave.com","message":"failed to process due to network exception."},{"id":"4a764ca8-e61d-48ce-90f8-3b3a29c4f7b5","email":"jacob.lopez@dropbox.net","message":"successfully parsed message, but message temporarily enqueued while system restarts."},{"id":"f0a5288b-b53f-42d1-a434-a59697f3282b","email":"ryan.king@dropbox.net","message":"failed to process due to network exception."},{"id":"0ce890c6-e2b5-4238-af96-ff45a254fe9f","email":"grace.moore@gmail.com","message":"successfully handled skipped operation."},{"id":"b7d782d2-76b8-4b48-8ff6-a0d1380efaa3","email":"olivia.wright@gmail.com","message":"successfully parsed message, but message temporarily enqueued while system restarts."},{"id":"7ce971a4-6837-48a2-b7f9-fe4ec602372d","email":"jacob.lopez@dropbox.net","message":"failed to process due to network exception."},{"id":"946c2d89-c639-4e2e-a92e-0c6f32c9bde8","email":"noah.sanchez@me.com","message":"successfully parsed message, but message temporarily enqueued while system restarts."},{"id":"aa95819c-bbe1-418d-804d-8660f1731ad9","email":"madison.lewis@gmail.com","message":"failed to process due to datastore timeout of 30 seconds.  operation took 92 seconds."},{"id":"a433c297-4d7e-45bb-939a-c2e1420e1209","email":"mia.perez@me.com","message":"successfully processed after 848 milliseconds."},{"id":"9d0de2ad-bc57-472a-b887-109843cdc34e","email":"michael.hall@dropbox.net","message":"successfully parsed message, but message temporarily enqueued while system restarts."},{"id":"89f41c81-bed1-41fa-a6a1-97dcbf534866","email":"jackson.white@gmail.com","message":"successfully parsed message, but message temporarily enqueued while system restarts."},{"id":"c5f30478-7fc5-4aaf-97f7-0551b9adfda4","email":"daniel.rodriguez@amerisave.com","message":"failed to process due to network exception."},{"id":"eb73975e-58a6-4fe6-976b-9c8481edd690","email":"ava.davis@gmail.com","message":"failed to process due to network exception."},{"id":"8eb90f55-26f9-48ed-a47b-916675590c6d","email":"michael.hall@dropbox.net","message":"successfully processed after 7365 milliseconds."},{"id":"1648ef5f-ac26-4fef-ae3b-54e8101a0320","email":"nicholas.allen@microsoft.com","message":"failed to process due to network exception."},{"id":"85c6f249-6585-4f46-a37d-1298f5670fe8","email":"joshua.lee@gmail.com","message":"failed to process due to network exception."},{"id":"cd175c61-8a81-4889-bd37-3dda203deaa5","email":"alexander.williams@gmail.com","message":"failed to process due to network exception."},{"id":"1bf9392a-b4b3-4029-8c10-52ba2f795757","email":"alexander.williams@gmail.com","message":"successfully processed after 2759 milliseconds."},{"id":"e6bf07d3-385e-4d3e-9d45-b78d06e4df35","email":"abigail.smith@amerisave.com","message":"failed to process due to network exception."},{"id":"4d58ee59-90ec-4b29-b3ee-6b12f31fa86c","email":"emily.taylor@gmail.com","message":"failed to process due to network exception."},{"id":"6ddd9a42-c6c5-4ae1-a4ea-ade3a2b859d1","email":"jack.thompson@me.com","message":"successfully handled skipped operation."},{"id":"77b3178b-fed8-4c2c-982f-b645da806fd0","email":"emma.thomas@me.com","message":"failed to process due to datastore timeout of 30 seconds.  operation took 117 seconds."},{"id":"0525fb27-59c4-46ac-a6e7-b51ae210e039","email":"mia.perez@me.com","message":"failed to process due to network exception."},{"id":"487116a9-56e6-4a83-8c3e-00b310fb18cc","email":"emma.thomas@me.com","message":"failed to process due to network exception."},{"id":"2fb6a9ea-8bb0-4992-8f2b-ca8a46451e3f","email":"ethan.hernandez@microsoft.com","message":"failed to process due to network exception."},{"id":"c63b97b1-8c75-4f1f-b04b-35eb09566183","email":"isabella.jackson@amerisave.com","message":"failed to process due to network exception."},{"id":"e53e8f80-5253-4aeb-ab25-7fd7d90228b7","email":"tyler.nelson@microsoft.com","message":"successfully handled skipped operation."},{"id":"be39f10f-a65c-4e53-a02c-9ea28f449d42","email":"taylor.adams@gmail.com","message":"successfully handled skipped operation."},{"id":"9afba120-c3b3-46e7-bf81-37b9ee0bb998","email":"nicholas.allen@microsoft.com","message":"successfully handled skipped operation."},{"id":"7b19c784-7233-4a22-83e9-422484bd1802","email":"elizabeth.martinez@dropbox.net","message":"successfully parsed message, but message temporarily enqueued while system restarts."},{"id":"edd3fb00-e67d-47d6-b75e-6e9a28058716","email":"noah.sanchez@me.com","message":"failed to process due to datastore timeout of 30 seconds.  operation took 69 seconds."},{"id":"03246f62-2d00-418b-941f-4a9491ebadbd","email":"samantha.scott@me.com","message":"successfully parsed message, but message temporarily enqueued while system restarts."},{"id":"43cfdf5d-2b1b-4880-b82d-1c08271b9400","email":"emily.taylor@gmail.com","message":"failed to process due to network exception."},{"id":"fd5b884e-a944-4e7b-8752-180cfd2b9e30","email":"matthew.walker@amerisave.com","message":"successfully parsed message, but message temporarily enqueued while system restarts."},{"id":"1b8e31d9-df6a-4389-a262-fc8fddc8c328","email":"abigail.smith@amerisave.com","message":"successfully handled skipped operation."},{"id":"91453941-9c95-44c4-b4d6-f0803106e01c","email":"sophia.baker@dropbox.net","message":"failed to process due to datastore timeout of 30 seconds.  operation took 61 seconds."},{"id":"7ddfc5e5-5b7b-4f43-bf26-7fd8233dccaf","email":"andrew.miller@gmail.com","message":"failed to process due to network exception."},{"id":"ffe6ffb9-34a3-4ba9-9a2e-7b5af4242548","email":"nathan.young@microsoft.com","message":"successfully parsed message, but message temporarily enqueued while system restarts."},{"id":"1ee90736-ae31-4b72-b49d-93ab6cdd5c86","email":"abigail.smith@amerisave.com","message":"successfully handled skipped operation."},{"id":"596bb744-9c4d-4d2c-b207-d925939e3043","email":"elizabeth.martinez@dropbox.net","message":"failed to process due to network exception."},{"id":"123bb3ff-11cc-4f56-8008-169652eae406","email":"abigail.smith@amerisave.com","message":"successfully parsed message, but message temporarily enqueued while system restarts."},{"id":"9d64f7c7-1eb5-42b3-b387-f1f668cdf96a","email":"andrew.miller@gmail.com","message":"failed to process due to datastore timeout of 30 seconds.  operation took 48 seconds."},{"id":"54353223-d160-4912-b306-d7618c5a44d7","email":"emily.taylor@gmail.com","message":"failed to process due to datastore timeout of 30 seconds.  operation took 38 seconds."},{"id":"ff87170f-3ab6-458d-8f87-e0b34d5e049a","email":"ryan.king@dropbox.net","message":"successfully handled skipped operation."},{"id":"20b53c71-c650-453e-aad9-c65667c8abea","email":"sophia.baker@dropbox.net","message":"successfully handled skipped operation."},{"id":"ec338b5b-8beb-495b-9cf0-c0cb11ad856c","email":"nathan.young@microsoft.com","message":"failed to process due to network exception."},{"id":"e3ed4bb6-4e7e-4b44-af39-e75948de107a","email":"ava.davis@gmail.com","message":"successfully handled skipped operation."},{"id":"29fd24ed-858c-4430-9201-23102dd6aca9","email":"andrew.miller@gmail.com","message":"failed to process due to network exception."},{"id":"aae90ffe-0cf5-497a-9de4-753c3e380120","email":"dylan.wilson@gmail.com","message":"failed to process due to network exception."},{"id":"9e625354-53cf-4e8a-b3b1-e015586f88a8","email":"jack.thompson@me.com","message":"successfully parsed message, but message temporarily enqueued while system restarts."},{"id":"e28c2ad5-195c-4954-88d9-6ae2d9def8e8","email":"olivia.wright@gmail.com","message":"successfully parsed message, but message temporarily enqueued while system restarts."},{"id":"71fae084-fc05-4f89-b2f8-26f461b091c9","email":"samantha.scott@me.com","message":"successfully parsed message, but message temporarily enqueued while system restarts."},{"id":"689c5322-f0d4-4473-921a-9eb5e7b2267e","email":"mia.perez@me.com","message":"failed to process due to network exception."},{"id":"3c8ffef6-d99a-47a7-879d-2208288052e8","email":"aiden.johnson@microsoft.com","message":"failed to process due to network exception."},{"id":"11eb1014-5c42-414e-86c6-93fb76aa89a8","email":"emma.thomas@me.com","message":"successfully parsed message, but message temporarily enqueued while system restarts."},{"id":"d72607da-89c9-4540-9026-842a5b8d2315","email":"ella.anderson@dropbox.net","message":"successfully processed after 5738 milliseconds."},{"id":"f074eff3-65c6-4aa2-a0e6-7a1ee2cccca1","email":"logan.clark@dropbox.net","message":"successfully parsed message, but message temporarily enqueued while system restarts."},{"id":"4559781d-cd4c-4ce4-9f51-f84bce41aaf8","email":"ethan.hernandez@microsoft.com","message":"successfully processed after 5337 milliseconds."},{"id":"332eae0f-4964-4e1a-89d1-921052cd1c2d","email":"samantha.scott@me.com","message":"successfully parsed message, but message temporarily enqueued while system restarts."},{"id":"a3a57be9-f4c4-4499-9558-1f82748c999c","email":"ryan.king@dropbox.net","message":"successfully processed after 9682 milliseconds."},{"id":"fd4bde5a-b478-408a-be69-7d34ae2d765b","email":"isabella.jackson@amerisave.com","message":"successfully handled skipped operation."},{"id":"2cc717fa-f762-4674-834c-e7cc97c0c455","email":"jackson.white@gmail.com","message":"successfully processed after 2336 milliseconds."},{"id":"c3aeaa38-8b79-422d-aed8-a4eab3a3eefd","email":"nathan.young@microsoft.com","message":"successfully handled skipped operation."},{"id":"3e449504-e80d-4f87-9f27-3bbbf9780910","email":"alyssa.jones@amerisave.com","message":"successfully handled skipped operation."},{"id":"b68806cc-2276-453e-9281-7df1fcd858a4","email":"jacob.lopez@dropbox.net","message":"failed to process due to datastore timeout of 30 seconds.  operation took 87 seconds."},{"id":"24960276-088e-4ab5-accd-f35c7450f30b","email":"tyler.nelson@microsoft.com","message":"failed to process due to network exception."},{"id":"76da9f7d-b99b-42b7-976c-8878ed5fb99d","email":"taylor.adams@gmail.com","message":"failed to process due to datastore timeout of 30 seconds.  operation took 96 seconds."},{"id":"f2058515-5a65-4689-a3d3-828c3a5c6266","email":"jacob.lopez@dropbox.net","message":"failed to process due to network exception."},{"id":"b865bac9-6132-4e83-9510-8f3853b76cff","email":"andrew.miller@gmail.com","message":"successfully parsed message, but message temporarily enqueued while system restarts."},{"id":"23f1a08e-6ece-4733-a7bc-a40204ec5126","email":"alexis.brown@microsoft.com","message":"successfully parsed message, but message temporarily enqueued while system restarts."},{"id":"8882b638-66b7-4c86-a4c0-819cbae106e3","email":"taylor.adams@gmail.com","message":"failed to process due to datastore timeout of 30 seconds.  operation took 38 seconds."},{"id":"e6d7a3e0-4ea8-4b4e-8fa3-40f9e1a34e5f","email":"andrew.miller@gmail.com","message":"failed to process due to network exception."},{"id":"bdc0c8c2-9f63-428c-bfbf-e4d62064fbbd","email":"matthew.walker@amerisave.com","message":"successfully processed after 3177 milliseconds."},{"id":"5a5393dd-ab7f-4d2a-9efc-ab0235773954","email":"grace.moore@gmail.com","message":"successfully processed after 5150 milliseconds."},{"id":"bee4b967-438d-4743-909d-ac20dcc1bc54","email":"isabella.jackson@amerisave.com","message":"successfully handled skipped operation."},{"id":"64e06ec4-cfa1-4315-914a-850ae95cb073","email":"dylan.wilson@gmail.com","message":"successfully processed after 2089 milliseconds."},{"id":"911bfb83-2f6b-47b1-b4f2-1257483bf8cd","email":"liam.gonzalez@me.com","message":"successfully parsed message, but message temporarily enqueued while system restarts."},{"id":"7529f82d-fb9d-43dd-8aca-a4ccaa4d5091","email":"mason.robinson@amerisave.com","message":"failed to process due to datastore timeout of 30 seconds.  operation took 119 seconds."},{"id":"fc20a058-8fea-461c-a0ce-519c9392c1d3","email":"matthew.walker@amerisave.com","message":"successfully parsed message, but message temporarily enqueued while system restarts."},{"id":"9b76b20a-b74e-4aa8-94f0-99700575d48a","email":"abigail.smith@amerisave.com","message":"successfully parsed message, but message temporarily enqueued while system restarts."},{"id":"1d46318e-dd8e-44ff-8a3d-4891ee0676fe","email":"taylor.adams@gmail.com","message":"successfully handled skipped operation."},{"id":"d1e5bf4a-0895-452a-b753-4ba6c2148a01","email":"michael.hall@dropbox.net","message":"successfully parsed message, but message temporarily enqueued while system restarts."},{"id":"28b8f1bc-d169-4ba0-ba2b-edd907522d24","email":"taylor.adams@gmail.com","message":"successfully processed after 4637 milliseconds."},{"id":"50902a67-ad2a-4060-b0ea-25cface54b08","email":"tyler.nelson@microsoft.com","message":"successfully processed after 2506 milliseconds."},{"id":"34730cd0-733f-49ac-b05a-0557e3a30c6f","email":"olivia.wright@gmail.com","message":"failed to process due to network exception."},{"id":"7025439c-b773-411e-9324-686597111604","email":"ethan.hernandez@microsoft.com","message":"successfully processed after 8453 milliseconds."},{"id":"2116bf1d-f73d-48d6-97ed-c8b8ba67c875","email":"dylan.wilson@gmail.com","message":"failed to process due to datastore timeout of 30 seconds.  operation took 122 seconds."},{"id":"0606bbf4-932b-4f35-9fef-49bef4e5c570","email":"matthew.walker@amerisave.com","message":"successfully parsed message, but message temporarily enqueued while system restarts."},{"id":"d1c1da4c-2dab-4305-b164-f69f08efab02","email":"mason.robinson@amerisave.com","message":"successfully processed after 7362 milliseconds."},{"id":"dcfd96e3-5fd3-4118-86cf-0183f9fd1af6","email":"emma.thomas@me.com","message":"failed to process due to datastore timeout of 30 seconds.  operation took 106 seconds."},{"id":"dac3ac92-08e8-4fdf-a6d6-a5e0e207844a","email":"alexis.brown@microsoft.com","message":"successfully parsed message, but message temporarily enqueued while system restarts."},{"id":"15c629d1-f010-44f5-8882-6615ef3dd698","email":"sarah.green@amerisave.com","message":"successfully processed after 5685 milliseconds."},{"id":"edb68b53-df33-4650-9286-81bc771c3967","email":"mia.perez@me.com","message":"failed to process due to datastore timeout of 30 seconds.  operation took 120 seconds."},{"id":"170339f9-d8a1-4502-bfd7-de4559f505b6","email":"abigail.smith@amerisave.com","message":"failed to process due to datastore timeout of 30 seconds.  operation took 114 seconds."},{"id":"9a3b00c6-9f56-488f-b786-3bae3de10a01","email":"isabella.jackson@amerisave.com","message":"failed to process due to network exception."},{"id":"b7cf2e91-a139-468b-a531-154147266278","email":"logan.clark@dropbox.net","message":"successfully parsed message, but message temporarily enqueued while system restarts."},{"id":"95f6f9c0-4d2a-4981-9a44-086c1b1a6308","email":"sophia.baker@dropbox.net","message":"successfully processed after 5536 milliseconds."},{"id":"38051c54-e9c0-4c0e-98b8-3aadddfb6a2c","email":"tyler.nelson@microsoft.com","message":"failed to process due to network exception."},{"id":"640ce3c9-d2e9-481e-ae02-50b2f344bb8d","email":"mia.perez@me.com","message":"successfully handled skipped operation."},{"id":"faddde91-7235-4c94-8043-578acce4ead9","email":"elizabeth.martinez@dropbox.net","message":"failed to process due to network exception."},{"id":"63810eac-804f-4744-a48f-2e4b82ad1a98","email":"nicholas.allen@microsoft.com","message":"failed to process due to network exception."},{"id":"5d571002-8f3b-4acb-ac83-75a7ea32ffc7","email":"sarah.green@amerisave.com","message":"successfully processed after 4740 milliseconds."},{"id":"d2e352dd-6d04-40c1-bcea-c128aab7b5be","email":"sarah.green@amerisave.com","message":"failed to process due to network exception."},{"id":"87ce6936-8c06-4974-b4bd-b77eb854a5b0","email":"ava.davis@gmail.com","message":"failed to process due to datastore timeout of 30 seconds.  operation took 107 seconds."},{"id":"5914d232-b1e2-48b3-979a-9425fe90d835","email":"ava.davis@gmail.com","message":"successfully parsed message, but message temporarily enqueued while system restarts."},{"id":"41c1765e-d342-45bd-b549-33d771ee3cbd","email":"aiden.johnson@microsoft.com","message":"successfully handled skipped operation."},{"id":"7010c7d1-e29e-4b0b-a0bf-a672f0b18689","email":"hannah.martin@dropbox.net","message":"failed to process due to datastore timeout of 30 seconds.  operation took 96 seconds."},{"id":"180390c3-2e61-434f-a9af-bdde26490a4e","email":"joshua.lee@gmail.com","message":"failed to process due to network exception."},{"id":"eb1827f8-45d7-4145-b3ac-b849ad7ba50c","email":"jack.thompson@me.com","message":"failed to process due to network exception."},{"id":"8ec58efb-c119-456d-804d-2dd5e3b96878","email":"jackson.white@gmail.com","message":"failed to process due to network exception."},{"id":"c549ceff-9b16-4e8c-a6cd-9593438111a3","email":"aiden.johnson@microsoft.com","message":"failed to process due to datastore timeout of 30 seconds.  operation took 70 seconds."},{"id":"1a114f7d-4439-4c5d-8eaf-050024b1a7d2","email":"jackson.white@gmail.com","message":"successfully parsed message, but message temporarily enqueued while system restarts."},{"id":"1e06aa05-6ba4-4006-a9f3-da99496cbdd5","email":"emily.taylor@gmail.com","message":"successfully handled skipped operation."},{"id":"1b5e9bc3-6824-494d-a105-daa69f93740e","email":"ethan.hernandez@microsoft.com","message":"successfully handled skipped operation."},{"id":"ee106d8d-16c1-4ab7-97a9-78fecbc49a38","email":"taylor.adams@gmail.com","message":"failed to process due to network exception."},{"id":"38c652d9-8dbc-4d84-b15f-6231a16e0a35","email":"isabella.jackson@amerisave.com","message":"failed to process due to network exception."},{"id":"3cde47b7-416a-4845-a932-e597787651e2","email":"liam.gonzalez@me.com","message":"successfully handled skipped operation."},{"id":"f6f71370-3516-4bad-b68c-27908d2f0359","email":"ella.anderson@dropbox.net","message":"failed to process due to datastore timeout of 30 seconds.  operation took 93 seconds."},{"id":"2f5f85dc-2857-480c-ab17-b332dda9f2ff","email":"emily.taylor@gmail.com","message":"successfully processed after 9755 milliseconds."},{"id":"7abb52db-5b45-4027-9f32-bbd7a35e19a3","email":"dylan.wilson@gmail.com","message":"failed to process due to network exception."},{"id":"06a0d0d8-432c-42a2-a79f-11ceaeff3334","email":"elizabeth.martinez@dropbox.net","message":"successfully parsed message, but message temporarily enqueued while system restarts."},{"id":"168ad3df-7361-4328-8c4b-874531b33402","email":"daniel.rodriguez@amerisave.com","message":"successfully handled skipped operation."},{"id":"86285eff-a12e-4fb5-9d8e-ab47385b0515","email":"mason.robinson@amerisave.com","message":"failed to process due to datastore timeout of 30 seconds.  operation took 38 seconds."},{"id":"ca6b6da7-c7d9-46fa-b5a2-7e54067f8f13","email":"alyssa.jones@amerisave.com","message":"successfully parsed message, but message temporarily enqueued while system restarts."},{"id":"b3ced663-958a-4315-90a9-9d5819e248b6","email":"joshua.lee@gmail.com","message":"successfully parsed message, but message temporarily enqueued while system restarts."},{"id":"87162115-ceed-4477-b562-8b25e99d4a48","email":"olivia.wright@gmail.com","message":"successfully parsed message, but message temporarily enqueued while system restarts."},{"id":"784adc64-af08-4b25-b9a4-4ad554c6ca24","email":"noah.sanchez@me.com","message":"failed to process due to network exception."},{"id":"c7d5bff1-bbaa-45fc-8f45-36a876b3fbfd","email":"ryan.king@dropbox.net","message":"failed to process due to datastore timeout of 30 seconds.  operation took 62 seconds."},{"id":"3147381f-bad9-4f4f-bd74-3b7117c70db4","email":"chloe.garcia@dropbox.net","message":"failed to process due to datastore timeout of 30 seconds.  operation took 93 seconds."},{"id":"ab5cba44-71db-427d-92fb-63d99e8d868a","email":"lily.harris@gmail.com","message":"successfully handled skipped operation."},{"id":"16b99565-31ea-41a1-8842-4c26f4b12f5a","email":"matthew.walker@amerisave.com","message":"successfully handled skipped operation."},{"id":"fce11dfe-c535-478f-8e96-5a98d44ddcfc","email":"emily.taylor@gmail.com","message":"successfully processed after 9172 milliseconds."},{"id":"0c156564-b9c6-4b92-ba19-b0ac4115fb35","email":"emily.taylor@gmail.com","message":"successfully processed after 4040 milliseconds."},{"id":"383c03fa-2332-4654-a644-b9e6f6849afe","email":"grace.moore@gmail.com","message":"successfully parsed message, but message temporarily enqueued while system restarts."},{"id":"b96ce6fb-3526-4990-abdb-6ecdfa240dfe","email":"ryan.king@dropbox.net","message":"failed to process due to datastore timeout of 30 seconds.  operation took 40 seconds."},{"id":"6bdcd1b6-fc12-4acc-bf3b-8fe3f1ae22d7","email":"alyssa.jones@amerisave.com","message":"failed to process due to datastore timeout of 30 seconds.  operation took 72 seconds."},{"id":"c9f5d4ce-537f-4fa0-b89f-6159405e0dd5","email":"grace.moore@gmail.com","message":"successfully handled skipped operation."},{"id":"df8dc1bf-63f7-4fd5-b7d5-d2454a62947b","email":"chloe.garcia@dropbox.net","message":"successfully processed after 4072 milliseconds."},{"id":"20a8cb6b-809d-4abb-840b-769ab0a73f38","email":"matthew.walker@amerisave.com","message":"successfully handled skipped operation."},{"id":"c38d03a8-f73d-44e4-b6d4-1bad78d2fb22","email":"dylan.wilson@gmail.com","message":"successfully processed after 5688 milliseconds."},{"id":"32650576-d457-4d62-9aa6-092cad9e3af8","email":"daniel.rodriguez@amerisave.com","message":"failed to process due to network exception."},{"id":"12f89ab8-1085-4895-8d0b-32578ac0b065","email":"jack.thompson@me.com","message":"successfully parsed message, but message temporarily enqueued while system restarts."},{"id":"494710cf-707c-4c88-b1e4-be4e87905362","email":"abigail.smith@amerisave.com","message":"successfully processed after 6104 milliseconds."},{"id":"d04f38e9-249e-4902-b0a2-5516894e3610","email":"joshua.lee@gmail.com","message":"failed to process due to datastore timeout of 30 seconds.  operation took 47 seconds."},{"id":"ed6fbf79-c44c-480b-9bff-3fd918200530","email":"ava.davis@gmail.com","message":"failed to process due to datastore timeout of 30 seconds.  operation took 57 seconds."},{"id":"10167b60-0c08-4d21-b9b7-a5ed5d5424a5","email":"jackson.white@gmail.com","message":"failed to process due to network exception."},{"id":"e7b4b97f-ae67-4116-b4f9-10e234d53f66","email":"abigail.smith@amerisave.com","message":"failed to process due to datastore timeout of 30 seconds.  operation took 46 seconds."},{"id":"57c53c29-d179-4705-b84d-0cb717d10435","email":"alexis.brown@microsoft.com","message":"successfully processed after 8982 milliseconds."},{"id":"bce11ecf-ab1e-4783-b1c8-b177e84041b3","email":"jack.thompson@me.com","message":"failed to process due to network exception."},{"id":"615bb563-d3a9-41d2-8407-31dcebe1ad33","email":"abigail.smith@amerisave.com","message":"successfully handled skipped operation."},{"id":"526ed5a4-2197-4838-8743-43dc6bde81a2","email":"nicholas.allen@microsoft.com","message":"failed to process due to network exception."},{"id":"1523cc92-12e3-4962-b4e0-1a2824462246","email":"lily.harris@gmail.com","message":"failed to process due to network exception."},{"id":"93f5e722-380e-42c9-b547-8bf9624eb66a","email":"joshua.lee@gmail.com","message":"failed to process due to network exception."},{"id":"62d53d26-6add-4323-80ff-ca62cc24b7ff","email":"joshua.lee@gmail.com","message":"successfully parsed message, but message temporarily enqueued while system restarts."},{"id":"f231bb0a-98b1-4ce8-887d-76bd314815df","email":"dylan.wilson@gmail.com","message":"failed to process due to network exception."},{"id":"5abfae61-09fd-4678-94a6-4bab9b5589a8","email":"grace.moore@gmail.com","message":"failed to process due to network exception."},{"id":"dfedcfae-4572-4e82-8f33-3765d55c07b3","email":"isabella.jackson@amerisave.com","message":"successfully parsed message, but message temporarily enqueued while system restarts."},{"id":"4aaf6cd5-3086-4234-b123-402de85654f8","email":"ava.davis@gmail.com","message":"successfully handled skipped operation."},{"id":"63fd1084-a6a1-437d-8b2f-71f22371be0a","email":"chloe.garcia@dropbox.net","message":"successfully parsed message, but message temporarily enqueued while system restarts."},{"id":"cb9dd854-8377-4ccb-ac6a-01d4c10bd7f7","email":"taylor.adams@gmail.com","message":"successfully processed after 6985 milliseconds."},{"id":"4abd10ae-1f74-4f2b-904f-9cfe05f64b12","email":"olivia.wright@gmail.com","message":"successfully processed after 3864 milliseconds."},{"id":"c40197fe-9f52-4071-a333-622af66e6b7f","email":"ryan.king@dropbox.net","message":"successfully processed after 2283 milliseconds."},{"id":"5912af70-bd7e-47f7-ab30-449811cea807","email":"elizabeth.martinez@dropbox.net","message":"failed to process due to datastore timeout of 30 seconds.  operation took 73 seconds."},{"id":"06675864-75c3-4ce4-aabc-ef663084c709","email":"michael.hall@dropbox.net","message":"failed to process due to network exception."},{"id":"acfdaead-ea4e-4392-a630-27936747f469","email":"sarah.green@amerisave.com","message":"successfully processed after 3035 milliseconds."},{"id":"384fea48-0059-4dde-9a76-2c9a741c769b","email":"noah.sanchez@me.com","message":"successfully parsed message, but message temporarily enqueued while system restarts."},{"id":"1a5e25b2-1250-40a6-b608-964e7d0ac504","email":"ava.davis@gmail.com","message":"successfully parsed message, but message temporarily enqueued while system restarts."},{"id":"8b72e23e-6f41-46ca-9936-61be41868a4f","email":"ava.davis@gmail.com","message":"successfully parsed message, but message temporarily enqueued while system restarts."},{"id":"38846713-7029-41b8-9455-96bad7ef560d","email":"alexis.brown@microsoft.com","message":"failed to process due to datastore timeout of 30 seconds.  operation took 78 seconds."},{"id":"e4e14b8e-6667-4ce2-ac66-527359f94712","email":"matthew.walker@amerisave.com","message":"failed to process due to network exception."},{"id":"353cdac2-95b3-41ba-bf17-70d745d38e5c","email":"lily.harris@gmail.com","message":"successfully processed after 7296 milliseconds."},{"id":"ed3cfc4d-0d7e-4d1b-a34f-e3c93acef81c","email":"samantha.scott@me.com","message":"successfully processed after 8472 milliseconds."},{"id":"c10c231c-7570-4b31-93dc-487b972e68a3","email":"mia.perez@me.com","message":"successfully parsed message, but message temporarily enqueued while system restarts."},{"id":"a67c9270-d708-47a4-9115-dedce0d83cad","email":"ella.anderson@dropbox.net","message":"successfully processed after 5508 milliseconds."},{"id":"60c96fee-acc7-46f0-908c-2ed6fe587021","email":"lily.harris@gmail.com","message":"failed to process due to network exception."},{"id":"00fcfba0-8f3e-4f26-a008-032c9dac6266","email":"isabella.jackson@amerisave.com","message":"successfully handled skipped operation."},{"id":"95df35da-6a9c-48df-b191-48e9c49b6ed4","email":"noah.sanchez@me.com","message":"successfully parsed message, but message temporarily enqueued while system restarts."},{"id":"e6e24523-3eba-4422-92c7-64f064c86dbd","email":"chloe.garcia@dropbox.net","message":"successfully processed after 6788 milliseconds."},{"id":"70348b7b-c51e-4401-b5dd-568aaf2fdbd7","email":"jackson.white@gmail.com","message":"successfully parsed message, but message temporarily enqueued while system restarts."},{"id":"26ba55c6-0256-4493-b5c2-a41a8a4b5004","email":"ethan.hernandez@microsoft.com","message":"successfully processed after 872 milliseconds."},{"id":"dc9ca004-4a5a-4ff3-804f-b6de7ba0e9cc","email":"tyler.nelson@microsoft.com","message":"failed to process due to datastore timeout of 30 seconds.  operation took 63 seconds."},{"id":"b36c9e35-a303-4463-a82f-78ba5e6e9e0a","email":"lily.harris@gmail.com","message":"successfully processed after 1660 milliseconds."},{"id":"205821e6-98be-46ca-94eb-e3e074fa05db","email":"ava.davis@gmail.com","message":"successfully processed after 1942 milliseconds."},{"id":"3fbd2e3d-7c8d-44e3-b107-75e1c551604f","email":"elizabeth.martinez@dropbox.net","message":"failed to process due to datastore timeout of 30 seconds.  operation took 65 seconds."},{"id":"052dc77b-6145-4d5c-9b37-1c6e6b1fd13d","email":"dylan.wilson@gmail.com","message":"failed to process due to network exception."},{"id":"b5150397-99ae-4f17-935a-49aae17365f0","email":"madison.lewis@gmail.com","message":"failed to process due to network exception."},{"id":"a8bf249f-0677-45be-8deb-f4c54ef1cc77","email":"alexis.brown@microsoft.com","message":"failed to process due to network exception."},{"id":"9ae976df-8f8d-4bc9-8394-b43599d190f4","email":"emma.thomas@me.com","message":"successfully parsed message, but message temporarily enqueued while system restarts."},{"id":"c4035882-5949-4540-a0e2-3865c6f9f0b8","email":"matthew.walker@amerisave.com","message":"successfully handled skipped operation."},{"id":"11af2e88-bc3e-40ee-a4a5-92da962067a9","email":"taylor.adams@gmail.com","message":"successfully processed after 1895 milliseconds."},{"id":"98b9b496-2147-47ac-b46d-e38a80bc3703","email":"alexander.williams@gmail.com","message":"successfully handled skipped operation."},{"id":"cfb7c214-4e24-426e-a7dd-7a288ef33481","email":"mia.perez@me.com","message":"failed to process due to network exception."},{"id":"8671901e-d54f-4b4f-94fd-3f791851af57","email":"elizabeth.martinez@dropbox.net","message":"successfully parsed message, but message temporarily enqueued while system restarts."},{"id":"64c971fc-e37a-4b57-9e38-6d2f05532fc4","email":"nathan.young@microsoft.com","message":"failed to process due to datastore timeout of 30 seconds.  operation took 119 seconds."},{"id":"e4b44abe-1520-4824-8a9e-53d798b51f30","email":"alexis.brown@microsoft.com","message":"failed to process due to datastore timeout of 30 seconds.  operation took 46 seconds."},{"id":"4a6371c3-3511-4a01-8beb-e826297bbba0","email":"hannah.martin@dropbox.net","message":"failed to process due to datastore timeout of 30 seconds.  operation took 66 seconds."},{"id":"ce45f5a2-2174-4e11-b541-a7d0aeaf457e","email":"elizabeth.martinez@dropbox.net","message":"failed to process due to datastore timeout of 30 seconds.  operation took 31 seconds."},{"id":"43f38342-0138-4ed4-8367-0f07a698e9c8","email":"dylan.wilson@gmail.com","message":"successfully processed after 1851 milliseconds."},{"id":"7748ea3c-7f87-4ca9-94a5-f3a75bdd0fde","email":"joshua.lee@gmail.com","message":"failed to process due to datastore timeout of 30 seconds.  operation took 78 seconds."},{"id":"d75b0b99-9b80-4dd2-94a0-fe15dad2ab9b","email":"taylor.adams@gmail.com","message":"failed to process due to network exception."},{"id":"66f1e47e-5c59-49db-80ec-988a2daf5c4b","email":"grace.moore@gmail.com","message":"successfully handled skipped operation."},{"id":"582a2422-bc82-4c58-9816-43a627d6b908","email":"alyssa.jones@amerisave.com","message":"failed to process due to datastore timeout of 30 seconds.  operation took 129 seconds."},{"id":"0eca2f19-3a54-4c07-8472-c89e665d6700","email":"chloe.garcia@dropbox.net","message":"failed to process due to datastore timeout of 30 seconds.  operation took 75 seconds."},{"id":"fb75502f-75b1-4b44-a9dd-e70d5e8ff12c","email":"ella.anderson@dropbox.net","message":"failed to process due to network exception."},{"id":"f4f99784-4f7e-40cb-bbc9-fce8d257a258","email":"liam.gonzalez@me.com","message":"successfully handled skipped operation."},{"id":"5725b06e-7072-42cb-b5bf-f618474ed963","email":"michael.hall@dropbox.net","message":"successfully processed after 8064 milliseconds."},{"id":"0ad151ad-f722-43cf-b9f9-e53c33ba097f","email":"michael.hall@dropbox.net","message":"successfully processed after 5567 milliseconds."},{"id":"8165cc8b-84e1-4fc0-82ab-875b950e5f01","email":"ella.anderson@dropbox.net","message":"failed to process due to network exception."},{"id":"4a01714f-6797-454a-9515-6710de6613ae","email":"liam.gonzalez@me.com","message":"successfully handled skipped operation."},{"id":"98ca9e1d-08bf-4258-a123-6649002392d7","email":"samantha.scott@me.com","message":"successfully parsed message, but message temporarily enqueued while system restarts."},{"id":"76484b05-4696-4af3-b6d6-e8d45f834828","email":"jack.thompson@me.com","message":"successfully processed after 645 milliseconds."},{"id":"e2b0f9c6-ff26-45d9-8ae2-27ceb607f0b7","email":"grace.moore@gmail.com","message":"failed to process due to datastore timeout of 30 seconds.  operation took 53 seconds."},{"id":"c34ac890-3677-43db-8fd8-5a10ec156baf","email":"abigail.smith@amerisave.com","message":"failed to process due to network exception."},{"id":"a63e91e9-7367-401e-9022-1ea703dcd669","email":"abigail.smith@amerisave.com","message":"failed to process due to datastore timeout of 30 seconds.  operation took 63 seconds."},{"id":"fb1578b0-41f8-49ce-b89c-152323bba17a","email":"nicholas.allen@microsoft.com","message":"successfully parsed message, but message temporarily enqueued while system restarts."},{"id":"d1b46b07-f8a0-49c2-83db-f1a48529f3f9","email":"abigail.smith@amerisave.com","message":"failed to process due to datastore timeout of 30 seconds.  operation took 107 seconds."},{"id":"bebbbbeb-207c-49df-be85-3ec77a961b9e","email":"sophia.baker@dropbox.net","message":"failed to process due to datastore timeout of 30 seconds.  operation took 58 seconds."},{"id":"91e622a5-a022-4086-9489-5783d813905b","email":"isabella.jackson@amerisave.com","message":"successfully handled skipped operation."},{"id":"2b42da6a-b6b1-498f-bcd2-d0bc947c5005","email":"taylor.adams@gmail.com","message":"failed to process due to network exception."},{"id":"fb502bbb-d98e-4d46-b4a5-d7e419a511c8","email":"sarah.green@amerisave.com","message":"successfully processed after 7949 milliseconds."},{"id":"9dff8c56-ebaf-4898-b0f7-ca8e877568b6","email":"mason.robinson@amerisave.com","message":"failed to process due to network exception."},{"id":"d65e7c97-4ad9-498e-a3d3-ebacfec794cb","email":"logan.clark@dropbox.net","message":"failed to process due to network exception."},{"id":"133f438a-3e22-4233-964a-f18bf27c54d6","email":"emma.thomas@me.com","message":"failed to process due to datastore timeout of 30 seconds.  operation took 42 seconds."},{"id":"7ae15670-76af-4ef7-837c-fb6fca954f20","email":"alexander.williams@gmail.com","message":"failed to process due to network exception."},{"id":"a96b39e0-e896-4698-96f5-2f344bac0437","email":"jack.thompson@me.com","message":"failed to process due to datastore timeout of 30 seconds.  operation took 56 seconds."},{"id":"fd1a7c50-aa20-4494-b738-9d69e0635054","email":"tyler.nelson@microsoft.com","message":"successfully handled skipped operation."},{"id":"d05f90e1-7cfe-4466-a765-deafd7a831c7","email":"ethan.hernandez@microsoft.com","message":"successfully parsed message, but message temporarily enqueued while system restarts."},{"id":"458d2a91-1923-48f8-940c-0c64a4db9a41","email":"jackson.white@gmail.com","message":"failed to process due to datastore timeout of 30 seconds.  operation took 43 seconds."},{"id":"3079ab6d-ef7b-49ed-9a70-4e13267b3ea3","email":"alexander.williams@gmail.com","message":"successfully processed after 2073 milliseconds."},{"id":"79165dd2-5ed1-4797-935e-c596d8534b55","email":"ethan.hernandez@microsoft.com","message":"successfully handled skipped operation."},{"id":"0342ec4f-37bb-46b6-b19b-5ea4355f8851","email":"grace.moore@gmail.com","message":"failed to process due to network exception."},{"id":"afee599d-ce3e-48e6-9290-564df15a7037","email":"andrew.miller@gmail.com","message":"failed to process due to datastore timeout of 30 seconds.  operation took 99 seconds."},{"id":"37e081d2-cba3-4496-93bc-43d92947eb21","email":"michael.hall@dropbox.net","message":"failed to process due to network exception."},{"id":"d97efba6-63f6-4997-b238-38fb938deb2a","email":"lily.harris@gmail.com","message":"successfully processed after 301 milliseconds."},{"id":"06ff83de-1f97-416a-95a0-1f03d287a8e5","email":"lily.harris@gmail.com","message":"successfully processed after 2335 milliseconds."},{"id":"e570e1bc-8df7-46a5-90fa-e886b386f3b9","email":"jackson.white@gmail.com","message":"successfully parsed message, but message temporarily enqueued while system restarts."},{"id":"ec0c18e4-f2b9-4013-b263-96b456efd2a4","email":"michael.hall@dropbox.net","message":"successfully processed after 2775 milliseconds."},{"id":"3c5dc414-d989-4016-8490-af8b57fd2119","email":"olivia.wright@gmail.com","message":"successfully handled skipped operation."},{"id":"a4f9c0b1-30ca-4c4f-becb-4d450b219381","email":"mason.robinson@amerisave.com","message":"successfully processed after 4588 milliseconds."},{"id":"83e79a22-2087-4a1c-a388-24706392a280","email":"nathan.young@microsoft.com","message":"failed to process due to network exception."},{"id":"677debf1-fce7-4d78-92ca-2422bb46ba21","email":"jack.thompson@me.com","message":"successfully processed after 2246 milliseconds."},{"id":"d177ada5-8ebc-42de-866e-57d2e4275386","email":"taylor.adams@gmail.com","message":"successfully processed after 2015 milliseconds."},{"id":"c280fd04-93ea-4c9f-8e61-4f51b8eebfd0","email":"elizabeth.martinez@dropbox.net","message":"failed to process due to network exception."},{"id":"acad78d7-34ba-49e8-a011-5ed95aae04ea","email":"nathan.young@microsoft.com","message":"failed to process due to network exception."},{"id":"5f2c94ac-3f5f-4555-8ef8-eb6a4fc7a55d","email":"noah.sanchez@me.com","message":"failed to process due to network exception."},{"id":"b37f238a-fd94-4305-809b-e4000d601116","email":"jacob.lopez@dropbox.net","message":"successfully processed after 7950 milliseconds."},{"id":"e4ff2f5d-c8e1-4e10-8dab-46b01d187eed","email":"nicholas.allen@microsoft.com","message":"successfully handled skipped operation."},{"id":"29661e48-0dd9-42c3-8eb9-4a708cb79a7a","email":"ethan.hernandez@microsoft.com","message":"successfully processed after 6240 milliseconds."},{"id":"7d07b1a6-1cd1-46be-9034-8c461fe8fef2","email":"logan.clark@dropbox.net","message":"failed to process due to datastore timeout of 30 seconds.  operation took 48 seconds."},{"id":"86a324f9-ee9a-48b8-9bf9-c1524a1883b3","email":"jack.thompson@me.com","message":"failed to process due to network exception."},{"id":"7d5178cd-2ab8-4bcf-8382-3ab46a74681b","email":"jackson.white@gmail.com","message":"successfully parsed message, but message temporarily enqueued while system restarts."},{"id":"cec57b94-1590-4d57-9679-a81bdcedb34e","email":"elizabeth.martinez@dropbox.net","message":"failed to process due to network exception."},{"id":"d4f951a0-aa89-4978-84a0-240654e554a0","email":"joshua.lee@gmail.com","message":"successfully handled skipped operation."},{"id":"33a9f681-3d81-40c9-b278-4980381ca676","email":"chloe.garcia@dropbox.net","message":"failed to process due to datastore timeout of 30 seconds.  operation took 50 seconds."},{"id":"1c0642d6-a5b4-45b1-99ea-70e392b5ccb1","email":"noah.sanchez@me.com","message":"failed to process due to network exception."},{"id":"ceef5c02-0407-4951-b071-6530260c304e","email":"jacob.lopez@dropbox.net","message":"successfully handled skipped operation."},{"id":"70e27572-624e-4c5c-a5f2-2a6a19da93cd","email":"ryan.king@dropbox.net","message":"failed to process due to datastore timeout of 30 seconds.  operation took 95 seconds."},{"id":"a97ff02a-90b5-4e01-b0c0-4854f894253e","email":"elizabeth.martinez@dropbox.net","message":"successfully handled skipped operation."},{"id":"eb115b85-09b9-4458-a66a-dd2894a74280","email":"taylor.adams@gmail.com","message":"failed to process due to network exception."},{"id":"a0ee7d48-5f64-462e-bbbb-90d0bbeafcd7","email":"alexis.brown@microsoft.com","message":"failed to process due to network exception."},{"id":"a749f120-45a6-46ba-aa23-76167754f302","email":"joshua.lee@gmail.com","message":"successfully processed after 6823 milliseconds."},{"id":"665d8b31-1b7e-4158-b125-a8dfda4a3ddc","email":"ella.anderson@dropbox.net","message":"successfully parsed message, but message temporarily enqueued while system restarts."},{"id":"38560f87-1ef1-47fd-a6c7-286ac9a7164f","email":"jacob.lopez@dropbox.net","message":"failed to process due to datastore timeout of 30 seconds.  operation took 85 seconds."},{"id":"efe1e6ea-fbd4-4e10-8ffd-c349b9c54ee8","email":"jacob.lopez@dropbox.net","message":"failed to process due to datastore timeout of 30 seconds.  operation took 69 seconds."},{"id":"15449b80-0e5e-432b-9fa3-9e857866f83c","email":"emily.taylor@gmail.com","message":"successfully handled skipped operation."},{"id":"92595a0c-f55d-4308-bb7b-cb2f02b6ead7","email":"jack.thompson@me.com","message":"successfully processed after 8718 milliseconds."},{"id":"68c78014-5e4f-430d-b435-13e2c38c0654","email":"chloe.garcia@dropbox.net","message":"failed to process due to network exception."},{"id":"5526a068-b82d-40b5-ab64-48741f1e65e9","email":"tyler.nelson@microsoft.com","message":"successfully parsed message, but message temporarily enqueued while system restarts."},{"id":"3fc473f2-013a-4a3d-be5a-4b8eba1d37f9","email":"nathan.young@microsoft.com","message":"failed to process due to datastore timeout of 30 seconds.  operation took 124 seconds."},{"id":"bc47c6bf-3cf6-4772-b6c8-a3a69a956b1f","email":"madison.lewis@gmail.com","message":"failed to process due to datastore timeout of 30 seconds.  operation took 37 seconds."},{"id":"bf1f186f-ea1b-4192-9d09-551d3d6cbee6","email":"michael.hall@dropbox.net","message":"failed to process due to network exception."},{"id":"27408207-9cc7-4f02-8199-1d574134498e","email":"michael.hall@dropbox.net","message":"failed to process due to network exception."},{"id":"133132fd-9567-471f-9a42-ee6023c4c55b","email":"sophia.baker@dropbox.net","message":"failed to process due to datastore timeout of 30 seconds.  operation took 119 seconds."},{"id":"b0980940-f3ea-41d9-813e-70904b4ea63c","email":"daniel.rodriguez@amerisave.com","message":"successfully parsed message, but message temporarily enqueued while system restarts."},{"id":"78f8d9e4-978b-4250-8e02-0eb78de6bb5f","email":"isabella.jackson@amerisave.com","message":"successfully processed after 2809 milliseconds."},{"id":"d70df3da-e42f-4f29-8b3f-fd8c895c3295","email":"elizabeth.martinez@dropbox.net","message":"successfully parsed message, but message temporarily enqueued while system restarts."},{"id":"d5fef633-696b-402a-9ac0-2cc1f5237873","email":"jacob.lopez@dropbox.net","message":"successfully handled skipped operation."},{"id":"2c3bc883-3d68-45db-8d5f-03835f9409cb","email":"ella.anderson@dropbox.net","message":"successfully handled skipped operation."},{"id":"d93a533d-eea5-4d8b-b179-77067cd37165","email":"noah.sanchez@me.com","message":"failed to process due to network exception."},{"id":"bf159dd7-29c5-4c68-ad87-0dd734b82cf7","email":"ella.anderson@dropbox.net","message":"successfully processed after 5403 milliseconds."},{"id":"9ba421f9-2bf8-4b5d-ba48-47f66423db7c","email":"andrew.miller@gmail.com","message":"failed to process due to datastore timeout of 30 seconds.  operation took 59 seconds."},{"id":"2f8477dc-c186-4030-a298-27d33c0578e5","email":"grace.moore@gmail.com","message":"failed to process due to datastore timeout of 30 seconds.  operation took 40 seconds."},{"id":"e19f5f74-0297-4401-87d5-abf1e93de3f9","email":"samantha.scott@me.com","message":"successfully parsed message, but message temporarily enqueued while system restarts."},{"id":"550b87af-54a8-4486-b683-03a65d7eb205","email":"elizabeth.martinez@dropbox.net","message":"failed to process due to network exception."},{"id":"4d9318ef-8738-438b-82ef-d3b23e4dfe69","email":"abigail.smith@amerisave.com","message":"successfully processed after 8937 milliseconds."},{"id":"28c3db3c-6815-466d-8707-b91e755b8e49","email":"hannah.martin@dropbox.net","message":"successfully processed after 9265 milliseconds."},{"id":"016e86dd-0e33-49be-a3ea-ae5cb900e85f","email":"dylan.wilson@gmail.com","message":"successfully processed after 4206 milliseconds."},{"id":"b7f7ab98-d21e-4236-8f5e-4c7ec057a4b8","email":"alexander.williams@gmail.com","message":"successfully parsed message, but message temporarily enqueued while system restarts."},{"id":"d2430e51-9458-479e-8b0a-778bf72a40c4","email":"matthew.walker@amerisave.com","message":"successfully handled skipped operation."},{"id":"674e6a82-2078-4a78-ba72-0c808dc84248","email":"nathan.young@microsoft.com","message":"successfully processed after 3237 milliseconds."},{"id":"9b926e58-38dc-4dae-aef1-aa8a4580c8bc","email":"ava.davis@gmail.com","message":"successfully handled skipped operation."},{"id":"9d95992e-cff2-4807-9e17-bcfc6ccb8c09","email":"noah.sanchez@me.com","message":"successfully handled skipped operation."},{"id":"79ddfef8-6fca-4a79-8ef5-6f721e9e6bf6","email":"alyssa.jones@amerisave.com","message":"successfully parsed message, but message temporarily enqueued while system restarts."},{"id":"e39b5ae8-554c-402b-b47f-3a858a64fccf","email":"ava.davis@gmail.com","message":"successfully processed after 6671 milliseconds."},{"id":"0123025a-98b8-44b2-a1e2-48f7c44fc8fd","email":"sarah.green@amerisave.com","message":"successfully parsed message, but message temporarily enqueued while system restarts."},{"id":"2f6ad600-280a-49b8-a5fb-3f20bf978de7","email":"emily.taylor@gmail.com","message":"failed to process due to datastore timeout of 30 seconds.  operation took 121 seconds."},{"id":"b0cb1932-6929-44b8-9298-afe6bda5fe43","email":"alexis.brown@microsoft.com","message":"successfully processed after 5941 milliseconds."},{"id":"f15b0547-3be6-4a2d-aa5f-0039d590d823","email":"liam.gonzalez@me.com","message":"successfully handled skipped operation."},{"id":"b3ddc247-4dc7-4700-90fe-5bb67f463416","email":"ava.davis@gmail.com","message":"failed to process due to datastore timeout of 30 seconds.  operation took 105 seconds."},{"id":"064ef474-a29b-497f-b766-f815a1736654","email":"ethan.hernandez@microsoft.com","message":"failed to process due to network exception."},{"id":"427868a6-062b-4860-8278-783120792606","email":"noah.sanchez@me.com","message":"failed to process due to network exception."},{"id":"f397ad87-5d6c-400b-b24c-f0792e9fda23","email":"matthew.walker@amerisave.com","message":"successfully parsed message, but message temporarily enqueued while system restarts."},{"id":"40f0ab82-3b07-47b2-bf5d-6928a11e7292","email":"alyssa.jones@amerisave.com","message":"successfully processed after 4758 milliseconds."},{"id":"597d9fe0-7b32-41a1-849a-58530e9640fb","email":"grace.moore@gmail.com","message":"successfully handled skipped operation."},{"id":"fbe15845-e4bc-4a03-aa54-29fef0a65c99","email":"grace.moore@gmail.com","message":"successfully parsed message, but message temporarily enqueued while system restarts."},{"id":"c01d176c-e1b3-4f2f-9fb3-509754e08b0f","email":"daniel.rodriguez@amerisave.com","message":"failed to process due to network exception."},{"id":"36d40fd6-4528-4870-84e1-8b8157b246d1","email":"dylan.wilson@gmail.com","message":"successfully parsed message, but message temporarily enqueued while system restarts."},{"id":"d6fe763d-f32a-423e-bcc5-f79827292dbc","email":"jack.thompson@me.com","message":"successfully processed after 4301 milliseconds."},{"id":"52257308-8de0-4a4d-a3b4-77cb2b0626ac","email":"grace.moore@gmail.com","message":"failed to process due to datastore timeout of 30 seconds.  operation took 60 seconds."},{"id":"a07258f4-10bd-4bf4-bfa5-eba0300f5d17","email":"samantha.scott@me.com","message":"failed to process due to datastore timeout of 30 seconds.  operation took 70 seconds."},{"id":"43501636-ddeb-4c57-8b40-1b79988f675a","email":"ava.davis@gmail.com","message":"failed to process due to network exception."}],"id":"375e10dd-74a1-42bf-a277-1fa379d7c334"}