{"logs":[{"id":"3e43f9da-973d-43ab-9656-22e501d8eaf7","email":"jackson.white@gmail.com","message":"failed to process due to datastore timeout of 30 seconds.  operation took 107 seconds."},{"id":"f3cc7105-35bc-49cc-abc7-35e14f9ee890","email":"isabella.jackson@amerisave.com","message":"successfully processed after 502 milliseconds."},{"id":"e998721a-246c-4e16-82a1-a4f6a1891e85","email":"emily.taylor@gmail.com","message":"successfully processed after 9590 milliseconds."},{"id":"08e9a93a-92fa-465b-8e4c-80adf94bdad5","email":"sarah.green@amerisave.com","message":"failed to process due to datastore timeout of 30 seconds.  operation took 56 seconds."},{"id":"78e33f75-64ae-4f04-9480-137b63665049","email":"nicholas.allen@microsoft.com","message":"successfully processed after 7839 milliseconds."},{"id":"667230ae-d8eb-46a6-80eb-a696f3e600cb","email":"alexis.brown@microsoft.com","message":"successfully parsed message, but message temporarily enqueued while system restarts."},{"id":"78534128-84ad-448e-9ba0-304022c4afec","email":"aiden.johnson@microsoft.com","message":"successfully parsed message, but message temporarily enqueued while system restarts."},{"id":"c7dccdb5-47fd-4505-996e-e9bc4dbcb5bc","email":"isabella.jackson@amerisave.com","message":"successfully parsed message, but message temporarily enqueued while system restarts."},{"id":"36b35c64-0f8c-4f6a-bc52-b5385c1f43fb","email":"samantha.scott@me.com","message":"failed to process due to network exception."},{"id":"1d781c39-b98e-424d-8376-71927ada1642","email":"michael.hall@dropbox.net","message":"failed to process due to datastore timeout of 30 seconds.  operation took 102 seconds."},{"id":"f7101ca7-48b8-45d1-b1a7-0b48c8c4b2d1","email":"jackson.white@gmail.com","message":"failed to process due to network exception."},{"id":"b69fa125-74bc-49c0-a84c-6e36125db261","email":"sophia.baker@dropbox.net","message":"failed to process due to network exception."},{"id":"f7ba69b6-72c5-4c2f-b918-7b8e107763be","email":"grace.moore@gmail.com","message":"failed to process due to network exception."},{"id":"0b347752-e535-4b15-b5a5-0f0bcca07249","email":"daniel.rodriguez@amerisave.com","message":"failed to process due to network exception."},{"id":"e13e5d4e-0799-4f89-8997-321645eb793c","email":"abigail.smith@amerisave.com","message":"successfully handled skipped operation."},{"id":"7825b925-ffa4-4bb0-82a6-b5bf6de3dd5d","email":"liam.gonzalez@me.com","message":"successfully handled skipped operation."},{"id":"8378eaa7-e525-4ab8-aed1-cb1f126bfb2e","email":"ryan.king@dropbox.net","message":"successfully parsed message, but message temporarily enqueued while system restarts."},{"id":"325d79aa-d576-4142-85e7-19f4cd737354","email":"jackson.white@gmail.com","message":"successfully processed after 4441 milliseconds."},{"id":"9a3ae219-6da9-4f96-a4a8-2beb689676d3","email":"aiden.johnson@microsoft.com","message":"successfully parsed message, but message temporarily enqueued while system restarts."},{"id":"2b04b347-354e-495c-ba05-95b8b3dd49c6","email":"elizabeth.martinez@dropbox.net","message":"successfully handled skipped operation."},{"id":"a8dc09c2-fcd4-42ef-a267-57c45acbd35f","email":"joshua.lee@gmail.com","message":"failed to process due to datastore timeout of 30 seconds.  operation took 51 seconds."},{"id":"3368cfff-56fc-429e-9511-27b66d9d6070","email":"nicholas.allen@microsoft.com","message":"failed to process due to network exception."},{"id":"09f72635-49f2-4b9b-9dd2-6c9fa44f1aea","email":"alexander.williams@gmail.com","message":"successfully handled skipped operation."},{"id":"cf700a23-5731-484b-bf20-f85fe6d9ee6a","email":"ryan.king@dropbox.net","message":"successfully handled skipped operation."},{"id":"62525a39-2b11-4442-b1a9-61ae014126c2","email":"ethan.hernandez@microsoft.com","message":"successfully parsed message, but message temporarily enqueued while system restarts."},{"id":"97695279-7b09-4419-b386-06400e14dd33","email":"ethan.hernandez@microsoft.com","message":"failed to process due to network exception."},{"id":"818e8028-473e-49c9-9bf4-9de964e0d457","email":"ethan.hernandez@microsoft.com","message":"failed to process due to network exception."},{"id":"21390d1d-c6c9-4112-bd17-111a4006aac4","email":"abigail.smith@amerisave.com","message":"successfully parsed message, but message temporarily enqueued while system restarts."},{"id":"2c4d7c6d-47fa-4776-b19f-7d6e4b0d4fae","email":"aiden.johnson@microsoft.com","message":"successfully processed after 5987 milliseconds."},{"id":"6b4ee4d2-d49a-4a13-918f-51925216f4ed","email":"lily.harris@gmail.com","message":"successfully handled skipped operation."},{"id":"ce41a541-da41-4d13-8939-a03a97c9ed70","email":"lily.harris@gmail.com","message":"failed to process due to network exception."},{"id":"975bd21e-71aa-4213-a767-2e7ad6e3a5e6","email":"taylor.adams@gmail.com","message":"successfully processed after 4261 milliseconds."},{"id":"e0f009bf-d94b-4a54-967d-6ed57b383ebd","email":"taylor.adams@gmail.com","message":"failed to process due to datastore timeout of 30 seconds.  operation took 118 seconds."},{"id":"2402f0b3-21fd-4b8f-bfeb-8f3a1a455c31","email":"noah.sanchez@me.com","message":"failed to process due to network exception."},{"id":"edfff28e-7fa4-46c1-91be-104d36c764b8","email":"chloe.garcia@dropbox.net","message":"failed to process due to network exception."},{"id":"142e58f9-8af2-48fb-b942-3c56c03daaca","email":"emma.thomas@me.com","message":"failed to process due to network exception."},{"id":"ef60b1c8-2c0f-43b5-8545-a2c0ea6a5f2f","email":"daniel.rodriguez@amerisave.com","message":"successfully processed after 7746 milliseconds."},{"id":"a1722a91-ae51-4ecb-9feb-66ea981035b1","email":"ethan.hernandez@microsoft.com","message":"failed to process due to datastore timeout of 30 seconds.  operation took 47 seconds."},{"id":"2853f5aa-5ab3-42b0-b83b-ec473eac24aa","email":"dylan.wilson@gmail.com","message":"successfully processed after 2922 milliseconds."},{"id":"c89d6e9f-c10a-49db-b7c1-ff91725a316a","email":"sarah.green@amerisave.com","message":"failed to process due to datastore timeout of 30 seconds.  operation took 112 seconds."},{"id":"72a819ef-8855-4b10-a404-599e2c483047","email":"logan.clark@dropbox.net","message":"successfully parsed message, but message temporarily enqueued while system restarts."},{"id":"121b21b8-029a-4bb0-aade-92b50801eb62","email":"hannah.martin@dropbox.net","message":"successfully processed after 7389 milliseconds."},{"id":"64f38991-e1fc-4508-bb88-0b2655373b70","email":"lily.harris@gmail.com","message":"failed to process due to network exception."},{"id":"a216ea37-d78c-48bd-902b-0a8b18ae3a37","email":"mason.robinson@amerisave.com","message":"failed to process due to datastore timeout of 30 seconds.  operation took 80 seconds."},{"id":"ffc01994-0deb-4568-8218-150a7e2dcb7b","email":"sarah.green@amerisave.com","message":"successfully processed after 6829 milliseconds."},{"id":"8e91c9f2-337f-4235-b68e-c9199dad7dac","email":"noah.sanchez@me.com","message":"successfully parsed message, but message temporarily enqueued while system restarts."},{"id":"d0ebff7f-2b26-4d3c-b4d4-9e4d784d6a25","email":"alexis.brown@microsoft.com","message":"successfully processed after 5470 milliseconds."},{"id":"7a2bf68e-33b2-4295-b41c-3ed96c6e1f4e","email":"jacob.lopez@dropbox.net","message":"failed to process due to datastore timeout of 30 seconds.  operation took 32 seconds."},{"id":"d3287e60-e7aa-4d9f-985e-d77ca8ea4fad","email":"logan.clark@dropbox.net","message":"successfully parsed message, but message temporarily enqueued while system restarts."},{"id":"9c2c457a-2100-4841-85cc-3a928ef2b676","email":"andrew.miller@gmail.com","message":"successfully handled skipped operation."},{"id":"ce747604-142c-4a3d-94d7-db144169ee78","email":"emma.thomas@me.com","message":"successfully handled skipped operation."},{"id":"0b478e3e-5bc1-4c20-a5d5-f32a9c509a1d","email":"abigail.smith@amerisave.com","message":"successfully handled skipped operation."},{"id":"8ccc35e1-4b80-4b4d-9b6c-1beb5c7de5d3","email":"daniel.rodriguez@amerisave.com","message":"failed to process due to network exception."},{"id":"444e1f5d-0b8f-42e1-bad9-ae84566bb891","email":"nathan.young@microsoft.com","message":"successfully parsed message, but message temporarily enqueued while system restarts."},{"id":"0a59cdeb-0e89-443d-8698-5cb9929f6036","email":"grace.moore@gmail.com","message":"successfully parsed message, but message temporarily enqueued while system restarts."},{"id":"cc963802-1e3e-4927-a436-4c62c30d033d","email":"olivia.wright@gmail.com","message":"successfully processed after 9739 milliseconds."},{"id":"87e21641-e3c8-4b07-9312-e3cb8b05f7e9","email":"chloe.garcia@dropbox.net","message":"failed to process due to network exception."},{"id":"de32b9f3-c18b-4b8c-8c7f-f3daa5ecb5b5","email":"liam.gonzalez@me.com","message":"failed to process due to network exception."},{"id":"b4ee1a02-a245-4781-ab89-04b1e5832443","email":"aiden.johnson@microsoft.com","message":"successfully parsed message, but message temporarily enqueued while system restarts."},{"id":"57134fdb-8f1b-41f0-9c80-66ec99300721","email":"logan.clark@dropbox.net","message":"failed to process due to network exception."},{"id":"7c58a045-b2e2-421d-94ea-74bcbc834f5a","email":"grace.moore@gmail.com","message":"failed to process due to network exception."},{"id":"13d1f4c7-3b8e-4c8e-9cd8-d09b82990c0c","email":"ryan.king@dropbox.net","message":"failed to process due to network exception."},{"id":"8b4c4015-0959-46b3-8463-7c2a50b4a6e3","email":"madison.lewis@gmail.com","message":"successfully parsed message, but message temporarily enqueued while system restarts."},{"id":"67e6e236-fca7-4f1e-9553-49ad5759658c","email":"daniel.rodriguez@amerisave.com","message":"successfully parsed message, but message temporarily enqueued while system restarts."},{"id":"56114d52-9de1-429b-bdac-903dabfeb673","email":"madison.lewis@gmail.com","message":"successfully parsed message, but message temporarily enqueued while system restarts."},{"id":"11dbe1e6-f7d6-459d-ae4f-0fa03305e203","email":"jack.thompson@me.com","message":"failed to process due to datastore timeout of 30 seconds.  operation took 91 seconds."},{"id":"e8520a0e-a89e-4769-80a1-1803a1235501","email":"abigail.smith@amerisave.com","message":"successfully processed after 4037 milliseconds."},{"id":"587e14c6-5135-4182-921b-b7e1374fdcda","email":"hannah.martin@dropbox.net","message":"successfully processed after 2525 milliseconds."},{"id":"ab6e625c-cdf3-4e6d-b9f3-121672f7b9ac","email":"alexis.brown@microsoft.com","message":"successfully parsed message, but message temporarily enqueued while system restarts."},{"id":"280104b5-e437-4aa0-b467-865845ef2dc6","email":"sophia.baker@dropbox.net","message":"failed to process due to network exception."},{"id":"9719f809-3507-4c35-80a2-0bd8e0ec8af9","email":"dylan.wilson@gmail.com","message":"successfully handled skipped operation."},{"id":"864e6783-93f9-4712-aeeb-c85b4688faa7","email":"abigail.smith@amerisave.com","message":"successfully parsed message, but message temporarily enqueued while system restarts."},{"id":"0a858de4-2522-4538-bff3-15742270438b","email":"alexander.williams@gmail.com","message":"successfully parsed message, but message temporarily enqueued while system restarts."},{"id":"88592b0a-c97d-4252-9e54-f49bdc6dde87","email":"alexander.williams@gmail.com","message":"successfully processed after 7301 milliseconds."},{"id":"994366de-7ddb-4db5-a7fb-0707e037fac4","email":"abigail.smith@amerisave.com","message":"successfully processed after 3936 milliseconds."},{"id":"bb8c9f80-ebce-4ee8-b806-4ba1ebad63a2","email":"elizabeth.martinez@dropbox.net","message":"successfully handled skipped operation."},{"id":"6a529565-8fb6-40c7-b759-846c7148022c","email":"hannah.martin@dropbox.net","message":"successfully handled skipped operation."},{"id":"274518d8-7e05-4ae8-96f9-5977a846879e","email":"hannah.martin@dropbox.net","message":"successfully handled skipped operation."},{"id":"dcfdf7f5-4b43-4599-ad55-2ee3174c500b","email":"liam.gonzalez@me.com","message":"failed to process due to datastore timeout of 30 seconds.  operation took 103 seconds."},{"id":"1a83bcfa-7f67-4d54-ae00-7dbfbd2b71c5","email":"olivia.wright@gmail.com","message":"successfully processed after 3450 milliseconds."},{"id":"ab1dd364-c465-4a4e-98f2-2e37637064b3","email":"nicholas.allen@microsoft.com","message":"failed to process due to datastore timeout of 30 seconds.  operation took 82 seconds."},{"id":"caa7e5b6-4528-4bc5-9b07-d8d1e69d8be4","email":"tyler.nelson@microsoft.com","message":"failed to process due to datastore timeout of 30 seconds.  operation took 55 seconds."},{"id":"37523677-1e9b-4b39-bf09-a65687d83ded","email":"chloe.garcia@dropbox.net","message":"successfully parsed message, but message temporarily enqueued while system restarts."},{"id":"ccbf751a-8994-47cf-ba6a-e214cfbbdbfc","email":"emma.thomas@me.com","message":"failed to process due to network exception."},{"id":"5cae59d4-90d7-44e4-befa-bb6399bb675c","email":"ryan.king@dropbox.net","message":"failed to process due to network exception."},{"id":"7c7b4a7e-19c2-481d-83b9-21ae86bc4d8e","email":"jacob.lopez@dropbox.net","message":"successfully processed after 7818 milliseconds."},{"id":"a408753c-589b-4c40-965c-ada2b8387b77","email":"emily.taylor@gmail.com","message":"successfully parsed message, but message temporarily enqueued while system restarts."},{"id":"06bc76ee-0cfe-4fa9-b976-72bdbed0ba73","email":"joshua.lee@gmail.com","message":"successfully processed after 8569 milliseconds."},{"id":"c747d45e-9424-4ee7-bf03-7f3b1e52f651","email":"taylor.adams@gmail.com","message":"failed to process due to datastore timeout of 30 seconds.  operation took 129 seconds."},{"id":"2bdb97bc-8200-430b-9fb5-dd5ed49001de","email":"ryan.king@dropbox.net","message":"failed to process due to datastore timeout of 30 seconds.  operation took 90 seconds."},{"id":"0536bf6a-b2ab-4498-ae8a-bc5cde0e41ac","email":"hannah.martin@dropbox.net","message":"failed to process due to network exception."},{"id":"0ce02002-6609-48e3-bede-ef30b198af54","email":"ava.davis@gmail.com","message":"failed to process due to network exception."},{"id":"67cff1b2-7edd-433c-8da5-d00212abf637","email":"taylor.adams@gmail.com","message":"successfully processed after 4510 milliseconds."},{"id":"3789d471-a276-4e36-ad76-2558aacca969","email":"chloe.garcia@dropbox.net","message":"successfully processed after 4612 milliseconds."},{"id":"70ef662b-0e5f-40a2-851f-29a47946243c","email":"samantha.scott@me.com","message":"failed to process due to datastore timeout of 30 seconds.  operation took 69 seconds."},{"id":"2a81c96c-ae0a-4e3a-8860-46d40e581a38","email":"aiden.johnson@microsoft.com","message":"successfully handled skipped operation."},{"id":"992890dc-ee00-46f1-8891-1dd58339a391","email":"jack.thompson@me.com","message":"failed to process due to datastore timeout of 30 seconds.  operation took 31 seconds."},{"id":"207591a2-e65b-4e21-b489-1b777e80456b","email":"ethan.hernandez@microsoft.com","message":"successfully handled skipped operation."},{"id":"40f321b5-b8ca-48f5-8a3f-1c3cc088062f","email":"mason.robinson@amerisave.com","message":"failed to process due to network exception."},{"id":"0b758fbc-2192-4ad1-b19d-88d8cca61715","email":"michael.hall@dropbox.net","message":"successfully processed after 2181 milliseconds."},{"id":"b8d67695-1cdc-41a8-a0c4-3d8e2117a2a5","email":"ryan.king@dropbox.net","message":"successfully handled skipped operation."},{"id":"aba68c48-9faf-4849-88c5-8ab68b389592","email":"nicholas.allen@microsoft.com","message":"failed to process due to network exception."},{"id":"f4a36043-0665-4593-b01e-6996146be815","email":"joshua.lee@gmail.com","message":"failed to process due to network exception."},{"id":"c1630f0f-7d7f-4e9a-9140-4c616c7b4a6d","email":"daniel.rodriguez@amerisave.com","message":"failed to process due to datastore timeout of 30 seconds.  operation took 74 seconds."},{"id":"7cafc052-50cb-4fcc-b243-ff5f006c4ede","email":"liam.gonzalez@me.com","message":"failed to process due to datastore timeout of 30 seconds.  operation took 40 seconds."},{"id":"e63ace80-ab4c-48dc-a7fc-6957c7287cdb","email":"elizabeth.martinez@dropbox.net","message":"successfully handled skipped operation."},{"id":"4f072b28-1e2e-43b3-bb95-3a322a82df09","email":"alexander.williams@gmail.com","message":"successfully handled skipped operation."},{"id":"f5fa334d-24c4-46fd-bb4e-f7ed1a834915","email":"liam.gonzalez@me.com","message":"successfully handled skipped operation."},{"id":"7985b303-312f-4b6e-b7f6-f92711534667","email":"dylan.wilson@gmail.com","message":"successfully handled skipped operation."},{"id":"0ca28d33-582c-4546-aa4d-0cfcb7844cfb","email":"noah.sanchez@me.com","message":"failed to process due to network exception."},{"id":"31f6ff65-240c-40dd-869f-cb02f293fa59","email":"daniel.rodriguez@amerisave.com","message":"failed to process due to datastore timeout of 30 seconds.  operation took 60 seconds."},{"id":"9c86386d-f7bc-4875-9f00-107767ec3cdc","email":"nathan.young@microsoft.com","message":"failed to process due to datastore timeout of 30 seconds.  operation took 92 seconds."},{"id":"6c2ec510-2acd-47aa-a3dc-058caa765cac","email":"ethan.hernandez@microsoft.com","message":"failed to process due to datastore timeout of 30 seconds.  operation took 120 seconds."},{"id":"cccc7605-9c56-4d43-a05f-5728e19fafd2","email":"tyler.nelson@microsoft.com","message":"successfully parsed message, but message temporarily enqueued while system restarts."},{"id":"57bc7ea4-2f75-44cc-9f8d-d31fde360a12","email":"nathan.young@microsoft.com","message":"successfully handled skipped operation."},{"id":"97e80354-17a9-471b-b068-a99472c68f48","email":"grace.moore@gmail.com","message":"successfully handled skipped operation."},{"id":"c3cfb0ce-19bf-4bb3-8327-1c3b92001f58","email":"alexander.williams@gmail.com","message":"failed to process due to network exception."},{"id":"3f46698c-5461-43b7-8c78-9dc65ef08aa0","email":"jack.thompson@me.com","message":"successfully parsed message, but message temporarily enqueued while system restarts."},{"id":"59e79d2f-a7a9-4283-868c-95b26f0c8cad","email":"sophia.baker@dropbox.net","message":"failed to process due to datastore timeout of 30 seconds.  operation took 124 seconds."},{"id":"614d8729-7830-4f52-9bd1-759ed2237291","email":"sarah.green@amerisave.com","message":"failed to process due to network exception."},{"id":"ccd645ef-7ef1-4ea7-9960-2f541c040e30","email":"sarah.green@amerisave.com","message":"successfully processed after 7987 milliseconds."},{"id":"a4468439-968a-4f06-b3e5-299e790f7539","email":"mason.robinson@amerisave.com","message":"successfully parsed message, but message temporarily enqueued while system restarts."},{"id":"60d1a7bc-413f-4467-892e-0ca82c03fabb","email":"alexis.brown@microsoft.com","message":"successfully processed after 2182 milliseconds."},{"id":"b1b3309e-f3fb-4dc3-9c69-72343895fe9b","email":"madison.lewis@gmail.com","message":"failed to process due to datastore timeout of 30 seconds.  operation took 32 seconds."},{"id":"0bb0f44c-1542-49e2-aeab-a7c3c774afce","email":"liam.gonzalez@me.com","message":"failed to process due to network exception."},{"id":"30025c1e-3aed-4d84-a803-c262f8b846b6","email":"olivia.wright@gmail.com","message":"successfully parsed message, but message temporarily enqueued while system restarts."},{"id":"415c36ce-75a4-4d57-b470-5c65d58d7408","email":"abigail.smith@amerisave.com","message":"successfully processed after 6302 milliseconds."},{"id":"3bbb5d51-1442-48fe-b2c3-bb326825b7a0","email":"noah.sanchez@me.com","message":"successfully processed after 2826 milliseconds."},{"id":"cbdc14b4-69bd-4c17-ad6e-318f1e2082f9","email":"ryan.king@dropbox.net","message":"failed to process due to network exception."},{"id":"7f707e29-13f2-412e-b92e-cde57f83c054","email":"jack.thompson@me.com","message":"successfully parsed message, but message temporarily enqueued while system restarts."},{"id":"b7d485eb-b60d-46f5-9b86-0e41300d9f90","email":"elizabeth.martinez@dropbox.net","message":"successfully parsed message, but message temporarily enqueued while system restarts."},{"id":"e105102e-34c6-4477-88be-badf96ac6ef1","email":"lily.harris@gmail.com","message":"successfully parsed message, but message temporarily enqueued while system restarts."},{"id":"3c369577-36e5-4cb3-b07c-c86c40c2cdfd","email":"hannah.martin@dropbox.net","message":"successfully handled skipped operation."},{"id":"1f42f038-d4ed-47bc-8941-455032b3aa69","email":"matthew.walker@amerisave.com","message":"failed to process due to network exception."},{"id":"02883b44-3144-4f09-a107-9d1ed3f7794d","email":"grace.moore@gmail.com","message":"failed to process due to network exception."},{"id":"1f5c20c4-2e85-406e-b75e-7614ed7912d7","email":"isabella.jackson@amerisave.com","message":"successfully processed after 8534 milliseconds."},{"id":"a8cde280-ae13-4079-8063-1d6903312bce","email":"emily.taylor@gmail.com","message":"successfully processed after 2645 milliseconds."},{"id":"e7385996-0dcf-41b5-a6c7-0db516641344","email":"tyler.nelson@microsoft.com","message":"successfully parsed message, but message temporarily enqueued while system restarts."},{"id":"1fc0f577-4de5-4c82-91ca-627fe23649eb","email":"alexis.brown@microsoft.com","message":"failed to process due to datastore timeout of 30 seconds.  operation took 99 seconds."},{"id":"87339b12-04d5-49d9-9f43-3169671a74aa","email":"michael.hall@dropbox.net","message":"successfully processed after 6161 milliseconds."},{"id":"55c3d11e-d8f0-456d-9715-8a7f5f879846","email":"ryan.king@dropbox.net","message":"failed to process due to network exception."},{"id":"ff007a97-7c20-4cfb-b064-7d9b9038d0e4","email":"nathan.young@microsoft.com","message":"failed to process due to network exception."},{"id":"b3e16b81-f47b-42a8-a6d0-d8f5d6ef840d","email":"sarah.green@amerisave.com","message":"failed to process due to network exception."},{"id":"cd58130f-7e79-4600-a183-ba64c8722031","email":"jacob.lopez@dropbox.net","message":"successfully parsed message, but message temporarily enqueued while system restarts."},{"id":"683ed57b-576c-40e0-b8e9-11c9222a65f1","email":"ryan.king@dropbox.net","message":"failed to process due to network exception."},{"id":"966c2dd4-da27-4a42-9b2e-d6b38f35ec2d","email":"noah.sanchez@me.com","message":"failed to process due to network exception."},{"id":"b71af3ed-c0e6-42d1-9fb1-bc7e2d511008","email":"samantha.scott@me.com","message":"failed to process due to datastore timeout of 30 seconds.  operation took 126 seconds."},{"id":"0a963a09-63b1-4d97-9b43-56f618c9eb42","email":"tyler.nelson@microsoft.com","message":"successfully handled skipped operation."},{"id":"928d49da-356e-449a-90ce-4a62da81e57d","email":"emma.thomas@me.com","message":"failed to process due to network exception."},{"id":"dc2aeddf-4589-4107-ae03-6762a618914b","email":"jackson.white@gmail.com","message":"successfully processed after 9781 milliseconds."},{"id":"6e6bcfdd-439e-45b5-b873-8d1e207e0ffc","email":"taylor.adams@gmail.com","message":"successfully parsed message, but message temporarily enqueued while system restarts."},{"id":"4d459519-cd2a-4320-99e4-423fe15b5cca","email":"abigail.smith@amerisave.com","message":"successfully handled skipped operation."},{"id":"35f298af-1364-4bef-94f1-55102f83267e","email":"abigail.smith@amerisave.com","message":"successfully parsed message, but message temporarily enqueued while system restarts."},{"id":"7ad4fd55-0e5e-4a69-9f45-dead0300a36b","email":"aiden.johnson@microsoft.com","message":"successfully parsed message, but message temporarily enqueued while system restarts."},{"id":"cf18864d-525b-4140-a751-c5371e3c42ac","email":"daniel.rodriguez@amerisave.com","message":"failed to process due to network exception."},{"id":"ac2bdccc-d63c-4084-b1f5-1846e2d21e85","email":"joshua.lee@gmail.com","message":"failed to process due to datastore timeout of 30 seconds.  operation took 49 seconds."},{"id":"86c73a7a-b63c-4db4-9442-4a12af113969","email":"mia.perez@me.com","message":"failed to process due to datastore timeout of 30 seconds.  operation took 38 seconds."},{"id":"42afd089-82c6-4102-9a76-5e6d0f59786e","email":"sarah.green@amerisave.com","message":"successfully parsed message, but message temporarily enqueued while system restarts."},{"id":"3cb77ef2-92dd-4d1a-91c5-d01b1158d13f","email":"nathan.young@microsoft.com","message":"successfully processed after 1409 milliseconds."},{"id":"0a72a54e-23eb-4e84-992a-34cab16f8301","email":"hannah.martin@dropbox.net","message":"successfully handled skipped operation."},{"id":"87db0b16-c546-470e-9722-83f20d64efe5","email":"liam.gonzalez@me.com","message":"failed to process due to datastore timeout of 30 seconds.  operation took 92 seconds."},{"id":"718c2ffb-bb39-4f66-9ccf-e663b84ccb4f","email":"lily.harris@gmail.com","message":"successfully handled skipped operation."},{"id":"e02e8440-529d-460a-83eb-8a89e057192f","email":"samantha.scott@me.com","message":"failed to process due to network exception."},{"id":"9f3b9197-6f03-434a-846d-8ea4236f9386","email":"alyssa.jones@amerisave.com","message":"successfully processed after 9068 milliseconds."},{"id":"c6fd0863-320f-4124-89ad-a39f7aef3b4b","email":"matthew.walker@amerisave.com","message":"successfully handled skipped operation."},{"id":"36d69d0b-00b4-4a8e-b6e0-7c3dcd8e8a25","email":"samantha.scott@me.com","message":"failed to process due to datastore timeout of 30 seconds.  operation took 82 seconds."},{"id":"407d8a19-a448-4174-adb0-2eab7e643530","email":"mia.perez@me.com","message":"successfully parsed message, but message temporarily enqueued while system restarts."},{"id":"c85e067f-24af-4dfe-bbf3-49e2aad520fb","email":"logan.clark@dropbox.net","message":"successfully handled skipped operation."},{"id":"3ef1ecc2-1cba-4ced-aa68-c99559c0f87f","email":"tyler.nelson@microsoft.com","message":"successfully processed after 1457 milliseconds."},{"id":"c8ba3e5a-a71b-42ea-a486-71673d2dee6b","email":"mason.robinson@amerisave.com","message":"successfully handled skipped operation."},{"id":"ce79baf4-f1bd-4c6e-a35b-b44ffafe5e53","email":"mason.robinson@amerisave.com","message":"successfully processed after 2416 milliseconds."},{"id":"b4c4a403-378d-4754-80e1-2b6c0848e2dd","email":"dylan.wilson@gmail.com","message":"failed to process due to network exception."},{"id":"161515c3-aaf0-4f58-bc77-c3ab6996d965","email":"liam.gonzalez@me.com","message":"failed to process due to datastore timeout of 30 seconds.  operation took 69 seconds."},{"id":"2f6704e5-9072-442c-9b57-760eff168c1a","email":"emma.thomas@me.com","message":"successfully processed after 5862 milliseconds."},{"id":"457b79e7-3905-4d28-8162-9245b64cfdbe","email":"isabella.jackson@amerisave.com","message":"failed to process due to network exception."},{"id":"51d91cdb-43be-4891-8957-01e7deff111c","email":"taylor.adams@gmail.com","message":"successfully handled skipped operation."},{"id":"8c12dd43-9c4f-42c7-9d7d-d4b1babd1a18","email":"isabella.jackson@amerisave.com","message":"successfully handled skipped operation."},{"id":"11929d4e-77e1-482a-b0c7-599a02d37fc8","email":"emily.taylor@gmail.com","message":"successfully parsed message, but message temporarily enqueued while system restarts."},{"id":"f896da93-1e66-407d-93a5-d14bf5ebe4b9","email":"lily.harris@gmail.com","message":"successfully processed after 9963 milliseconds."},{"id":"a1d1b84e-9bc3-4654-a06c-f920bea72247","email":"ava.davis@gmail.com","message":"successfully parsed message, but message temporarily enqueued while system restarts."},{"id":"b7a77227-154a-4c01-864d-72a72edafc91","email":"alexander.williams@gmail.com","message":"successfully processed after 3888 milliseconds."},{"id":"927cdf22-99d1-4d9a-962f-9687a4b38315","email":"alexis.brown@microsoft.com","message":"failed to process due to network exception."},{"id":"55fd8838-b484-4f4c-946a-19ed3efbb69a","email":"hannah.martin@dropbox.net","message":"failed to process due to datastore timeout of 30 seconds.  operation took 35 seconds."},{"id":"2c7e1cfe-b452-499c-9399-db6bb9bb9130","email":"nicholas.allen@microsoft.com","message":"successfully processed after 7856 milliseconds."},{"id":"3c4faf16-43bc-428f-b0c1-57e50ca52d71","email":"lily.harris@gmail.com","message":"successfully processed after 9128 milliseconds."},{"id":"4980a665-012c-4bef-be21-b621c1610162","email":"jacob.lopez@dropbox.net","message":"successfully handled skipped operation."},{"id":"9540f7e9-f535-4c5e-8fbb-e58244b4b0c2","email":"sarah.green@amerisave.com","message":"failed to process due to network exception."},{"id":"f2b099c8-277e-40a4-9de3-c5391fbbf070","email":"samantha.scott@me.com","message":"failed to process due to datastore timeout of 30 seconds.  operation took 45 seconds."},{"id":"0863f131-8b6d-473a-8d03-7984d8045d54","email":"sarah.green@amerisave.com","message":"successfully processed after 2912 milliseconds."},{"id":"1836fb3d-c269-4a4a-8599-0d2df4ccbe6c","email":"hannah.martin@dropbox.net","message":"successfully processed after 9461 milliseconds."},{"id":"8fd37bc2-918e-44e1-ba4e-485f7f3ac156","email":"sophia.baker@dropbox.net","message":"successfully parsed message, but message temporarily enqueued while system restarts."},{"id":"69de6182-0586-4940-a75a-470e3ce1fa18","email":"ava.davis@gmail.com","message":"failed to process due to datastore timeout of 30 seconds.  operation took 99 seconds."},{"id":"516b0c95-342a-4d3b-9c7e-5d323696bbf1","email":"sarah.green@amerisave.com","message":"successfully handled skipped operation."},{"id":"eac1b726-26ab-4859-9643-3902fdd7dfe6","email":"andrew.miller@gmail.com","message":"successfully handled skipped operation."},{"id":"03b33381-c76b-4f86-867b-3c7517eb9122","email":"samantha.scott@me.com","message":"failed to process due to datastore timeout of 30 seconds.  operation took 85 seconds."},{"id":"7db5151f-ac9e-47ff-bf92-578007a1ec68","email":"jack.thompson@me.com","message":"failed to process due to network exception."},{"id":"57bd77e5-4bef-4feb-9c5a-ccacd3928efe","email":"alexis.brown@microsoft.com","message":"successfully handled skipped operation."},{"id":"193891f4-b920-4fd3-84f1-ebd0a4c02648","email":"michael.hall@dropbox.net","message":"successfully processed after 6316 milliseconds."},{"id":"51afa0e4-468d-4069-a966-2b671983d336","email":"isabella.jackson@amerisave.com","message":"successfully handled skipped operation."},{"id":"595aea8e-aedb-4f30-89fb-52af4dc83b84","email":"liam.gonzalez@me.com","message":"successfully processed after 135 milliseconds."},{"id":"52d2e70e-4080-4c3e-8991-53d49caf934e","email":"abigail.smith@amerisave.com","message":"failed to process due to datastore timeout of 30 seconds.  operation took 33 seconds."},{"id":"e3481e56-eac2-428c-8a80-ce1330c96453","email":"daniel.rodriguez@amerisave.com","message":"successfully processed after 5003 milliseconds."},{"id":"eb2a8b9e-4da7-4fbf-acb5-46cf02153f14","email":"jacob.lopez@dropbox.net","message":"failed to process due to datastore timeout of 30 seconds.  operation took 95 seconds."},{"id":"9aab4e26-6613-4dcc-ad6e-060c702d0778","email":"grace.moore@gmail.com","message":"successfully parsed message, but message temporarily enqueued while system restarts."},{"id":"bd591fa8-fd5e-4821-a89e-ab928fe4a72c","email":"sophia.baker@dropbox.net","message":"successfully handled skipped operation."},{"id":"0c4ea6a7-639c-4c74-8340-6946a9f76ce8","email":"ella.anderson@dropbox.net","message":"failed to process due to network exception."},{"id":"a1f44c7b-4b24-40e8-9f56-9d9cad707421","email":"chloe.garcia@dropbox.net","message":"successfully parsed message, but message temporarily enqueued while system restarts."},{"id":"afb5e0f7-de6e-4ab3-ac97-a6c5fba56b4f","email":"hannah.martin@dropbox.net","message":"failed to process due to datastore timeout of 30 seconds.  operation took 94 seconds."},{"id":"f0043faa-1525-434a-bf63-d0a6818cff0b","email":"samantha.scott@me.com","message":"successfully processed after 9666 milliseconds."},{"id":"b3833e95-083e-4bcc-993d-43a6762f2be0","email":"jack.thompson@me.com","message":"successfully handled skipped operation."},{"id":"3ee4c260-d2db-43e6-8d58-a049cc957b5a","email":"elizabeth.martinez@dropbox.net","message":"failed to process due to network exception."},{"id":"b90fe920-55cf-4226-94a6-622aa4559265","email":"emma.thomas@me.com","message":"failed to process due to network exception."},{"id":"b477caa8-0e2f-4195-b553-d6fb08026e86","email":"lily.harris@gmail.com","message":"failed to process due to datastore timeout of 30 seconds.  operation took 58 seconds."},{"id":"851bfb04-2f2e-45fb-bb5d-933e3a047c8a","email":"alyssa.jones@amerisave.com","message":"successfully handled skipped operation."},{"id":"b13d874f-a4e8-4fe8-9efc-eec5235a8e48","email":"alyssa.jones@amerisave.com","message":"successfully parsed message, but message temporarily enqueued while system restarts."},{"id":"ea7586e0-4775-473a-8e00-78134cf0b23a","email":"nathan.young@microsoft.com","message":"successfully processed after 6403 milliseconds."},{"id":"555d4fdb-538d-474e-b6fe-474ee17917f4","email":"aiden.johnson@microsoft.com","message":"successfully parsed message, but message temporarily enqueued while system restarts."},{"id":"0620db27-41e4-4709-af2d-ff4ddbf39c4c","email":"alyssa.jones@amerisave.com","message":"failed to process due to network exception."},{"id":"412b4b6a-d772-4b73-9ea7-bc68d12b8910","email":"lily.harris@gmail.com","message":"successfully handled skipped operation."},{"id":"22dcce74-a92b-46f1-ba8d-3133df7bf728","email":"sarah.green@amerisave.com","message":"successfully processed after 6513 milliseconds."},{"id":"eab95e34-994a-4c7a-8958-348de7d3c5a9","email":"tyler.nelson@microsoft.com","message":"failed to process due to datastore timeout of 30 seconds.  operation took 66 seconds."},{"id":"efb91f6f-be4c-4036-9a35-de392eaf8d2a","email":"alexis.brown@microsoft.com","message":"successfully parsed message, but message temporarily enqueued while system restarts."},{"id":"dce05d91-a39f-4acc-8952-a59d300c3f36","email":"sarah.green@amerisave.com","message":"successfully handled skipped operation."},{"id":"2e7be48e-8f55-44fd-8f35-b7a3e746d22e","email":"abigail.smith@amerisave.com","message":"failed to process due to network exception."},{"id":"56d64a0d-7271-42e4-817d-f325a76a14fd","email":"nicholas.allen@microsoft.com","message":"successfully processed after 9353 milliseconds."},{"id":"0faa72c4-7a50-4aaf-91c3-daec95b5009d","email":"noah.sanchez@me.com","message":"failed to process due to datastore timeout of 30 seconds.  operation took 87 seconds."},{"id":"82b75cb9-0d5d-4c25-82e6-7094ccfc130c","email":"olivia.wright@gmail.com","message":"successfully processed after 9260 milliseconds."},{"id":"4b535d3c-3f35-40b3-b599-23ececc8ee85","email":"taylor.adams@gmail.com","message":"successfully parsed message, but message temporarily enqueued while system restarts."},{"id":"7803ef95-ec03-47e9-930c-26814cbaa497","email":"tyler.nelson@microsoft.com","message":"failed to process due to network exception."},{"id":"94f9a88f-9c00-4a27-8ff5-00d187fe0165","email":"michael.hall@dropbox.net","message":"failed to process due to datastore timeout of 30 seconds.  operation took 90 seconds."},{"id":"6d2371c4-e438-4dad-b8d1-deeba7e5f1a8","email":"nicholas.allen@microsoft.com","message":"failed to process due to datastore timeout of 30 seconds.  operation took 66 seconds."},{"id":"4c07866c-bb91-47c9-88cf-8e26ed5871dd","email":"madison.lewis@gmail.com","message":"successfully processed after 8291 milliseconds."},{"id":"10738771-d0e4-40be-9225-7e482f130c19","email":"madison.lewis@gmail.com","message":"successfully parsed message, but message temporarily enqueued while system restarts."},{"id":"ef76e9a0-9fda-46ee-bc26-30a87d5df726","email":"alyssa.jones@amerisave.com","message":"successfully handled skipped operation."},{"id":"2b28d98d-397f-4e14-9b71-55dfe7a92330","email":"jacob.lopez@dropbox.net","message":"failed to process due to datastore timeout of 30 seconds.  operation took 130 seconds."},{"id":"6e745a18-df69-436e-84c4-73b6f38d8360","email":"matthew.walker@amerisave.com","message":"failed to process due to network exception."},{"id":"b244bdfa-e9b0-4368-980f-e33309a7d3a2","email":"jacob.lopez@dropbox.net","message":"successfully handled skipped operation."},{"id":"6fe64e9c-cf43-479e-bc5e-b16a89acb287","email":"samantha.scott@me.com","message":"successfully handled skipped operation."},{"id":"cb7dedd8-ccdd-40ac-a5e5-80bdd9071b02","email":"alexis.brown@microsoft.com","message":"successfully processed after 2183 milliseconds."},{"id":"55f95f08-6ff3-4eec-99e1-320b9fdae3d2","email":"madison.lewis@gmail.com","message":"successfully processed after 8466 milliseconds."},{"id":"66db35cd-5cef-4a8b-a253-1800dba28c01","email":"alyssa.jones@amerisave.com","message":"failed to process due to datastore timeout of 30 seconds.  operation took 72 seconds."},{"id":"67ee38ec-3d1b-4bee-ba80-53a2ac100a87","email":"jackson.white@gmail.com","message":"failed to process due to network exception."},{"id":"73483621-b789-4dbe-9007-cf184b4d795a","email":"matthew.walker@amerisave.com","message":"successfully parsed message, but message temporarily enqueued while system restarts."},{"id":"db2da81c-d5b9-4e93-b0f1-3ef7ddb99209","email":"emma.thomas@me.com","message":"failed to process due to datastore timeout of 30 seconds.  operation took 36 seconds."},{"id":"69f2a6ea-504f-459b-9954-f35ebc7ebba8","email":"sarah.green@amerisave.com","message":"failed to process due to datastore timeout of 30 seconds.  operation took 116 seconds."},{"id":"9d294b44-0d88-4999-90e3-a20c9c584442","email":"aiden.johnson@microsoft.com","message":"successfully handled skipped operation."},{"id":"71aa7ca2-d391-4d28-87ed-dd6a0e10d4a7","email":"alyssa.jones@amerisave.com","message":"successfully parsed message, but message temporarily enqueued while system restarts."},{"id":"e01e77d4-a017-40db-96f8-a80c44a00eb5","email":"mia.perez@me.com","message":"failed to process due to network exception."},{"id":"63c80c44-e287-4227-baf5-f84999fff59e","email":"daniel.rodriguez@amerisave.com","message":"successfully processed after 1259 milliseconds."},{"id":"540f6602-1380-47a1-bb68-f2985c5ceebe","email":"abigail.smith@amerisave.com","message":"successfully parsed message, but message temporarily enqueued while system restarts."},{"id":"1636f750-b874-4007-a9c1-1e9058ec289a","email":"ryan.king@dropbox.net","message":"successfully processed after 8188 milliseconds."},{"id":"40d6892d-6e59-4adf-9584-54d8de0f7fe8","email":"abigail.smith@amerisave.com","message":"successfully handled skipped operation."},{"id":"883b481a-2685-4a2c-a871-74b7d442dfba","email":"tyler.nelson@microsoft.com","message":"failed to process due to datastore timeout of 30 seconds.  operation took 68 seconds."},{"id":"b7ab4371-b693-4c52-8530-dae86b08fbfc","email":"isabella.jackson@amerisave.com","message":"failed to process due to network exception."},{"id":"c72e1fb3-4914-41e6-be50-544c744ffa58","email":"michael.hall@dropbox.net","message":"successfully parsed message, but message temporarily enqueued while system restarts."},{"id":"1f621124-e8f6-4be6-a179-9973ed8a4ca3","email":"liam.gonzalez@me.com","message":"failed to process due to network exception."},{"id":"780677d2-9130-4e48-8608-cd2e774458cc","email":"olivia.wright@gmail.com","message":"failed to process due to datastore timeout of 30 seconds.  operation took 128 seconds."},{"id":"89d29c08-8b9f-48a3-9972-eb3fabfcb090","email":"nicholas.allen@microsoft.com","message":"failed to process due to datastore timeout of 30 seconds.  operation took 34 seconds."},{"id":"98274c93-3903-4df4-baca-e53805fde336","email":"jack.thompson@me.com","message":"successfully parsed message, but message temporarily enqueued while system restarts."},{"id":"d5da1dab-2f4b-49d4-8b93-68f690fdce93","email":"aiden.johnson@microsoft.com","message":"successfully processed after 3843 milliseconds."},{"id":"15788745-559c-4799-b6b5-4d3d60e84fd6","email":"taylor.adams@gmail.com","message":"failed to process due to datastore timeout of 30 seconds.  operation took 130 seconds."},{"id":"247f3bcb-fcd0-44b0-8b09-c291aa1f501d","email":"elizabeth.martinez@dropbox.net","message":"successfully handled skipped operation."},{"id":"6542542b-d279-43cb-814a-6c1743cdc434","email":"daniel.rodriguez@amerisave.com","message":"failed to process due to datastore timeout of 30 seconds.  operation took 75 seconds."},{"id":"54f81ce6-f5e4-4373-9b92-448380b460ab","email":"jackson.white@gmail.com","message":"successfully processed after 1237 milliseconds."},{"id":"9e439a66-54bf-4384-89b9-d69ba954800c","email":"sarah.green@amerisave.com","message":"successfully processed after 9702 milliseconds."},{"id":"fbe14719-d0e5-42ca-b11a-12900876a42e","email":"jack.thompson@me.com","message":"failed to process due to network exception."},{"id":"381ac123-7965-4605-a8d5-4d52b117356b","email":"jack.thompson@me.com","message":"failed to process due to datastore timeout of 30 seconds.  operation took 114 seconds."},{"id":"bf280e06-14c3-4fbf-abec-c579d3dd990d","email":"alexander.williams@gmail.com","message":"failed to process due to network exception."},{"id":"039c5142-e924-4ce0-881d-08e2db275a84","email":"jackson.white@gmail.com","message":"failed to process due to network exception."},{"id":"cbce3caa-1278-450c-a317-668e348f2796","email":"mason.robinson@amerisave.com","message":"successfully processed after 4089 milliseconds."},{"id":"c7111963-42c5-4531-b334-97944448c7da","email":"emma.thomas@me.com","message":"successfully parsed message, but message temporarily enqueued while system restarts."},{"id":"ea44da46-113b-4245-a0fa-7cfd2899a96c","email":"joshua.lee@gmail.com","message":"successfully processed after 4721 milliseconds."},{"id":"e5443095-450f-4b6d-ac4c-61f5f4581630","email":"taylor.adams@gmail.com","message":"failed to process due to datastore timeout of 30 seconds.  operation took 129 seconds."},{"id":"dad33bff-60e3-4b7c-bd1e-b751f8950974","email":"sophia.baker@dropbox.net","message":"failed to process due to network exception."},{"id":"7ec20c58-ba5b-42c4-9514-120ca0400b4e","email":"lily.harris@gmail.com","message":"successfully parsed message, but message temporarily enqueued while system restarts."},{"id":"1e2ae538-d917-4a02-a341-51fc018d04f7","email":"ethan.hernandez@microsoft.com","message":"failed to process due to network exception."},{"id":"87201800-9147-4eca-8e99-ac91b278bb0e","email":"chloe.garcia@dropbox.net","message":"successfully parsed message, but message temporarily enqueued while system restarts."},{"id":"b1ce9f2a-c0fa-4989-9940-85878fe6dfe5","email":"jack.thompson@me.com","message":"failed to process due to network exception."},{"id":"3bd6456a-16b2-45c0-a01b-84d372da9c6c","email":"sarah.green@amerisave.com","message":"successfully handled skipped operation."},{"id":"ad95a7ed-11eb-4032-9dfe-e42eff080744","email":"olivia.wright@gmail.com","message":"failed to process due to network exception."},{"id":"0405b9b7-44f2-4c5c-ab5e-472929d86fd8","email":"emma.thomas@me.com","message":"failed to process due to datastore timeout of 30 seconds.  operation took 126 seconds."},{"id":"946f30e7-a5c2-40aa-b271-46b9f0dd9dba","email":"dylan.wilson@gmail.com","message":"successfully handled skipped operation."},{"id":"974b629f-7be3-4e00-867d-22de889dcd53","email":"hannah.martin@dropbox.net","message":"failed to process due to network exception."},{"id":"f1d95128-8069-4845-814c-4006fc976697","email":"ella.anderson@dropbox.net","message":"successfully processed after 9358 milliseconds."},{"id":"002f9dfe-99ee-4d5d-a694-9d0151ffd824","email":"olivia.wright@gmail.com","message":"successfully processed after 5814 milliseconds."},{"id":"2f531257-8a9a-4851-be8d-1c5ecded44a2","email":"daniel.rodriguez@amerisave.com","message":"successfully processed after 5510 milliseconds."},{"id":"8ef5555e-5bd0-41c9-a02a-eb87f2b2994d","email":"abigail.smith@amerisave.com","message":"failed to process due to datastore timeout of 30 seconds.  operation took 56 seconds."},{"id":"960d6335-763a-4c29-9f89-97d03fc71756","email":"alexander.williams@gmail.com","message":"successfully parsed message, but message temporarily enqueued while system restarts."},{"id":"9e8ea6ff-019a-4123-b88f-61b9ece1794a","email":"elizabeth.martinez@dropbox.net","message":"successfully handled skipped operation."},{"id":"cbe14f8d-0ec7-40df-81d5-4aeb5f9b9c8e","email":"logan.clark@dropbox.net","message":"successfully handled skipped operation."},{"id":"668ed563-9b7f-4e85-b9c7-4ef985cd877e","email":"mason.robinson@amerisave.com","message":"failed to process due to datastore timeout of 30 seconds.  operation took 115 seconds."},{"id":"799d1957-bca1-445e-90b9-256f471bdeb8","email":"ella.anderson@dropbox.net","message":"successfully processed after 4500 milliseconds."},{"id":"155cd4bb-8c05-4d08-a253-080e6bba89bc","email":"daniel.rodriguez@amerisave.com","message":"failed to process due to network exception."},{"id":"d07328f3-572d-4340-b2f6-293660f92acd","email":"dylan.wilson@gmail.com","message":"failed to process due to network exception."},{"id":"2c92cedd-ad73-4639-9371-a4fa352bef37","email":"madison.lewis@gmail.com","message":"successfully handled skipped operation."},{"id":"bc2ef6f6-17b7-4604-bea9-bcf4f902439f","email":"mason.robinson@amerisave.com","message":"successfully processed after 4783 milliseconds."},{"id":"4a8c6512-5c94-451a-a9f1-7260cabaf29c","email":"dylan.wilson@gmail.com","message":"successfully handled skipped operation."},{"id":"af430738-40c3-4eec-a172-9411b5fac562","email":"liam.gonzalez@me.com","message":"successfully handled skipped operation."},{"id":"26987545-4782-4445-aca8-b5d209f762d5","email":"hannah.martin@dropbox.net","message":"successfully parsed message, but message temporarily enqueued while system restarts."},{"id":"5920a40b-ed5c-4e31-b8f2-efc6ef57b1b9","email":"sarah.green@amerisave.com","message":"successfully handled skipped operation."},{"id":"ed6919a2-1261-4a49-8b2d-fab52bceb41c","email":"logan.clark@dropbox.net","message":"successfully handled skipped operation."}],"id":"f49e78e9-1796-44ce-ba76-934f3f11bec2"}