{"logs":[{"id":"89004ef9-e825-4547-a83a-c9e9429e8f95","email":"noah.sanchez@me.com","message":"successfully handled skipped operation."},{"id":"b7346664-4ca2-45fe-8056-475cf30aa91c","email":"michael.hall@dropbox.net","message":"successfully handled skipped operation."},{"id":"4f479a73-f1e3-4fa9-8975-0673b21059c1","email":"olivia.wright@gmail.com","message":"successfully handled skipped operation."},{"id":"ebec25ac-9abb-410c-9785-d3f814fcdb96","email":"isabella.jackson@amerisave.com","message":"successfully handled skipped operation."},{"id":"7be27f62-b95b-4843-b240-33797e3ff805","email":"hannah.martin@dropbox.net","message":"failed to process due to network exception."},{"id":"d8f967bd-8a64-4e3b-9a51-b94a8bcb2c5a","email":"noah.sanchez@me.com","message":"successfully handled skipped operation."},{"id":"fee4ca38-aa5d-4cc2-912d-4f51591781a8","email":"madison.lewis@gmail.com","message":"successfully handled skipped operation."},{"id":"2b9896ad-2b1f-45b1-af1f-69ac469180f4","email":"hannah.martin@dropbox.net","message":"successfully handled skipped operation."},{"id":"a13e550f-69ee-4fe0-a70b-c58bc0d22d84","email":"olivia.wright@gmail.com","message":"failed to process due to datastore timeout of 30 seconds.  operation took 103 seconds."},{"id":"4e48baa4-1f5f-4e0c-ae22-f54d183d6faf","email":"abigail.smith@amerisave.com","message":"successfully processed after 7930 milliseconds."},{"id":"4a4f5eec-6a21-41dc-9719-caeaa17d82b8","email":"chloe.garcia@dropbox.net","message":"failed to process due to datastore timeout of 30 seconds.  operation took 73 seconds."},{"id":"95c48dad-92b8-4e56-95b4-e856d29fc128","email":"daniel.rodriguez@amerisave.com","message":"successfully processed after 6691 milliseconds."},{"id":"68702cb9-5789-43c1-bc48-0f97458ee30e","email":"taylor.adams@gmail.com","message":"successfully parsed message, but message temporarily enqueued while system restarts."},{"id":"82f530ad-34d2-40ad-883b-6202ed639fff","email":"noah.sanchez@me.com","message":"successfully handled skipped operation."},{"id":"135f5dca-9755-4c1c-9934-12578908604b","email":"sarah.green@amerisave.com","message":"failed to process due to network exception."},{"id":"b5662c37-d093-45c3-a7b8-97ec0876147c","email":"abigail.smith@amerisave.com","message":"successfully handled skipped operation."},{"id":"d1013345-bacc-4721-98ec-63d1207c4ecb","email":"michael.hall@dropbox.net","message":"successfully handled skipped operation."},{"id":"9d4a3841-83e5-441c-aa0e-ccd1e4f0470e","email":"liam.gonzalez@me.com","message":"failed to process due to network exception."},{"id":"29e90438-0209-4c50-80ff-2069b8e19fd0","email":"madison.lewis@gmail.com","message":"successfully handled skipped operation."},{"id":"43444a5a-0104-481c-ab18-7722e1ff9c60","email":"grace.moore@gmail.com","message":"failed to process due to datastore timeout of 30 seconds.  operation took 41 seconds."},{"id":"da385471-953c-40a9-b59e-8cd01bfa4e15","email":"nicholas.allen@microsoft.com","message":"failed to process due to datastore timeout of 30 seconds.  operation took 66 seconds."},{"id":"ce0e5149-4305-4a9b-b0dd-63b6b798b1a6","email":"tyler.nelson@microsoft.com","message":"successfully handled skipped operation."},{"id":"b397f1cb-bb9e-48e3-9839-ef335b9da286","email":"isabella.jackson@amerisave.com","message":"successfully parsed message, but message temporarily enqueued while system restarts."},{"id":"bcb4c22c-d8d3-4624-93dc-a372827f3c98","email":"andrew.miller@gmail.com","message":"successfully handled skipped operation."},{"id":"fd30d8b1-74b2-4563-9cf6-20f460be81f7","email":"madison.lewis@gmail.com","message":"failed to process due to network exception."},{"id":"2d18217c-44b6-4ad8-a6bc-c04b03776564","email":"samantha.scott@me.com","message":"successfully handled skipped operation."},{"id":"445f2399-88c8-4b82-ae3e-155c8e976647","email":"andrew.miller@gmail.com","message":"successfully parsed message, but message temporarily enqueued while system restarts."},{"id":"88e785bb-9cb2-4ddd-876a-2646b1fb46b5","email":"jackson.white@gmail.com","message":"successfully parsed message, but message temporarily enqueued while system restarts."},{"id":"1d52a25a-bfd2-4a3b-a4cb-b9fe0af5781b","email":"nathan.young@microsoft.com","message":"successfully processed after 5227 milliseconds."},{"id":"f2036833-3c39-4eb7-a883-70da8dd9fcc9","email":"hannah.martin@dropbox.net","message":"successfully handled skipped operation."},{"id":"01959917-bb27-4460-8c95-293648f2de79","email":"andrew.miller@gmail.com","message":"failed to process due to network exception."},{"id":"cd8bda95-f1b2-4856-9324-ff057f96caef","email":"emma.thomas@me.com","message":"successfully processed after 1280 milliseconds."},{"id":"cbdb64ae-af43-4be9-8533-b230353a9366","email":"samantha.scott@me.com","message":"failed to process due to network exception."},{"id":"b6086c6d-db96-49bb-9e33-c3ba6d931931","email":"taylor.adams@gmail.com","message":"failed to process due to network exception."},{"id":"d862da86-95f7-4583-b455-dcadc44cde28","email":"alexander.williams@gmail.com","message":"successfully handled skipped operation."},{"id":"08cae840-d04f-4aae-907d-aab2ad8bb552","email":"liam.gonzalez@me.com","message":"failed to process due to datastore timeout of 30 seconds.  operation took 37 seconds."},{"id":"eca930d2-10f0-4c35-915a-b8c4a91df091","email":"alexander.williams@gmail.com","message":"failed to process due to datastore timeout of 30 seconds.  operation took 59 seconds."},{"id":"6ae02b6d-0a50-49be-9358-4878538f87b1","email":"sophia.baker@dropbox.net","message":"successfully parsed message, but message temporarily enqueued while system restarts."},{"id":"69a7116e-63c1-4dcb-a72d-f521a989bfb6","email":"grace.moore@gmail.com","message":"successfully handled skipped operation."},{"id":"2e84b413-6212-46d0-9df6-382301f62f09","email":"taylor.adams@gmail.com","message":"successfully parsed message, but message temporarily enqueued while system restarts."},{"id":"37bd41e7-43d5-48b3-b41d-12e490121bd7","email":"hannah.martin@dropbox.net","message":"failed to process due to network exception."},{"id":"2ca67bb8-5a6a-456b-afb9-8bab56cb52a3","email":"isabella.jackson@amerisave.com","message":"successfully parsed message, but message temporarily enqueued while system restarts."},{"id":"6a710d92-8851-46e5-b6d3-f65d2891448b","email":"elizabeth.martinez@dropbox.net","message":"successfully processed after 5184 milliseconds."},{"id":"92d3ea1f-2369-4d4e-926e-23221aa039e5","email":"logan.clark@dropbox.net","message":"successfully processed after 594 milliseconds."},{"id":"9d8a0659-192a-4093-a1ec-849b13c6156c","email":"lily.harris@gmail.com","message":"successfully handled skipped operation."},{"id":"913d9387-d356-4825-8fdc-5a5a13469e75","email":"emily.taylor@gmail.com","message":"failed to process due to datastore timeout of 30 seconds.  operation took 119 seconds."},{"id":"cf7950aa-5505-46bb-923a-ef3e5107111d","email":"michael.hall@dropbox.net","message":"failed to process due to datastore timeout of 30 seconds.  operation took 68 seconds."},{"id":"93215a44-f1a1-4f6c-911e-2c8f7d52dd24","email":"matthew.walker@amerisave.com","message":"successfully parsed message, but message temporarily enqueued while system restarts."},{"id":"749173c7-f13d-4608-91db-b570a25bf230","email":"alexander.williams@gmail.com","message":"failed to process due to datastore timeout of 30 seconds.  operation took 72 seconds."},{"id":"9ccaf675-18ac-41b8-9f93-3a77c0d96828","email":"jacob.lopez@dropbox.net","message":"failed to process due to network exception."},{"id":"5c93bfae-8699-4154-93c9-ca5efb38e2cd","email":"olivia.wright@gmail.com","message":"successfully handled skipped operation."},{"id":"dfd63be2-2be1-4432-8d23-cddfc45d64a4","email":"hannah.martin@dropbox.net","message":"successfully handled skipped operation."},{"id":"d3f5126a-fd2c-4dd2-bd1b-c820b60a1df2","email":"noah.sanchez@me.com","message":"failed to process due to datastore timeout of 30 seconds.  operation took 127 seconds."},{"id":"be457dff-1aa7-4672-9d8b-ccd0687f6596","email":"daniel.rodriguez@amerisave.com","message":"successfully parsed message, but message temporarily enqueued while system restarts."},{"id":"fdd46d86-6983-4654-b0ab-66b12d7991fb","email":"taylor.adams@gmail.com","message":"failed to process due to datastore timeout of 30 seconds.  operation took 47 seconds."},{"id":"53a24b98-134b-443d-8e1f-ae63653ea988","email":"aiden.johnson@microsoft.com","message":"successfully parsed message, but message temporarily enqueued while system restarts."},{"id":"8d7e172d-dc31-4fec-bb68-cbbecc7a6eb9","email":"abigail.smith@amerisave.com","message":"successfully parsed message, but message temporarily enqueued while system restarts."},{"id":"36c49f6c-04b2-4656-a998-6db48324169b","email":"alexis.brown@microsoft.com","message":"successfully processed after 3624 milliseconds."},{"id":"d488ed4a-ad68-4ddc-9540-0d689bd85eae","email":"alyssa.jones@amerisave.com","message":"failed to process due to network exception."},{"id":"6c99f86c-1371-4e0c-9b86-7a5f4db10b69","email":"mia.perez@me.com","message":"successfully handled skipped operation."},{"id":"17e4b981-0c0c-4be0-aeb5-60588b71314d","email":"nathan.young@microsoft.com","message":"successfully handled skipped operation."},{"id":"58b39e74-ebb3-40ea-8bdc-e656adebc0dd","email":"mia.perez@me.com","message":"failed to process due to datastore timeout of 30 seconds.  operation took 33 seconds."},{"id":"9bce81ee-5ffc-4b53-ab59-eef47f0b338c","email":"jacob.lopez@dropbox.net","message":"failed to process due to network exception."},{"id":"03298d3d-111d-4cc0-9347-392b0b0efa00","email":"lily.harris@gmail.com","message":"failed to process due to datastore timeout of 30 seconds.  operation took 117 seconds."},{"id":"64e94448-dd9e-4a0f-81d1-1da9c75d4732","email":"aiden.johnson@microsoft.com","message":"successfully parsed message, but message temporarily enqueued while system restarts."},{"id":"aecf19b3-2931-4dba-9f88-bbdf1b0445e0","email":"hannah.martin@dropbox.net","message":"successfully handled skipped operation."},{"id":"aa640c1b-0a29-4afd-81e4-8d9677f84158","email":"logan.clark@dropbox.net","message":"successfully handled skipped operation."},{"id":"42ae6016-8c56-4739-9b90-9458c53d26fd","email":"aiden.johnson@microsoft.com","message":"failed to process due to network exception."},{"id":"ccda9d21-0fb8-4c24-93d5-6a6d55b06b04","email":"mia.perez@me.com","message":"failed to process due to datastore timeout of 30 seconds.  operation took 121 seconds."},{"id":"665912b7-796d-4caf-b103-5d6220116e44","email":"nathan.young@microsoft.com","message":"failed to process due to network exception."},{"id":"4877e26f-b091-40b0-8d91-37132e9c5ad4","email":"alyssa.jones@amerisave.com","message":"successfully handled skipped operation."},{"id":"aee63f73-bd84-4067-88fb-b72d95182a63","email":"ella.anderson@dropbox.net","message":"successfully processed after 9648 milliseconds."},{"id":"f69e5cd6-d7df-491b-9121-f651a041d8c5","email":"samantha.scott@me.com","message":"failed to process due to network exception."},{"id":"53bad7f4-6947-4479-aa53-0d2a68b6ece5","email":"emily.taylor@gmail.com","message":"failed to process due to datastore timeout of 30 seconds.  operation took 32 seconds."},{"id":"6e1f9c34-04a8-4546-8429-43599ff31156","email":"mia.perez@me.com","message":"successfully parsed message, but message temporarily enqueued while system restarts."},{"id":"2fdf7120-45c2-43bd-bbdc-4f3745b80380","email":"ella.anderson@dropbox.net","message":"successfully handled skipped operation."},{"id":"f9deec61-f43b-4d0b-afb0-d15fde9ee425","email":"andrew.miller@gmail.com","message":"successfully handled skipped operation."},{"id":"d2d1f3a8-b52f-4c36-9dae-c0f25f20a3ff","email":"olivia.wright@gmail.com","message":"successfully handled skipped operation."},{"id":"a3a5c8da-0ac2-4bda-8302-34c8ac653fa0","email":"lily.harris@gmail.com","message":"failed to process due to network exception."},{"id":"a26b32cb-04bd-46e8-8abe-8f8df2cc434b","email":"liam.gonzalez@me.com","message":"successfully handled skipped operation."},{"id":"b50d2662-99fb-48ca-9c1e-257af78b3111","email":"sophia.baker@dropbox.net","message":"failed to process due to network exception."},{"id":"8b1f4024-5e3f-4011-ac62-ee04e1e06aa2","email":"alexander.williams@gmail.com","message":"failed to process due to datastore timeout of 30 seconds.  operation took 78 seconds."},{"id":"fde9c1b8-c943-4b75-8759-f520414c29d6","email":"noah.sanchez@me.com","message":"failed to process due to datastore timeout of 30 seconds.  operation took 81 seconds."},{"id":"f41a6f87-6984-4685-b8ef-465b30ede6db","email":"logan.clark@dropbox.net","message":"successfully parsed message, but message temporarily enqueued while system restarts."},{"id":"a96f595a-f848-44eb-ac55-50624e694b9e","email":"noah.sanchez@me.com","message":"failed to process due to network exception."},{"id":"3f1e9f8f-b0c5-4afd-9777-0970d5f98932","email":"mason.robinson@amerisave.com","message":"successfully parsed message, but message temporarily enqueued while system restarts."},{"id":"125dc03c-de77-4da8-84bd-972c32dc5787","email":"elizabeth.martinez@dropbox.net","message":"failed to process due to network exception."},{"id":"c64a049a-bfcc-476e-b200-eadcd9c5308e","email":"noah.sanchez@me.com","message":"successfully parsed message, but message temporarily enqueued while system restarts."},{"id":"92280b86-948c-4884-9f63-ee6b403f4f9f","email":"ella.anderson@dropbox.net","message":"successfully parsed message, but message temporarily enqueued while system restarts."},{"id":"83a5afd3-cbb9-4553-abc3-0a5db8186235","email":"hannah.martin@dropbox.net","message":"failed to process due to network exception."},{"id":"662f2f58-3627-4714-a5d8-51a327b81de1","email":"aiden.johnson@microsoft.com","message":"failed to process due to datastore timeout of 30 seconds.  operation took 39 seconds."},{"id":"56da5c6e-7227-4123-8e50-afda9888e52a","email":"nicholas.allen@microsoft.com","message":"successfully processed after 994 milliseconds."},{"id":"dcf47c4d-6890-4142-8f3a-e356d40c80c7","email":"emily.taylor@gmail.com","message":"successfully handled skipped operation."},{"id":"c875eaaf-e8f8-4881-9e74-8c130b54a70f","email":"logan.clark@dropbox.net","message":"failed to process due to datastore timeout of 30 seconds.  operation took 76 seconds."},{"id":"05c652bf-2aee-48da-8566-0b5a08d24548","email":"logan.clark@dropbox.net","message":"successfully parsed message, but message temporarily enqueued while system restarts."},{"id":"a3a4b640-145e-449a-a4e6-17170ca821e4","email":"sophia.baker@dropbox.net","message":"successfully parsed message, but message temporarily enqueued while system restarts."},{"id":"e10b95b3-e913-4dc4-a869-707b239d5660","email":"tyler.nelson@microsoft.com","message":"successfully handled skipped operation."},{"id":"a16731dc-39c0-435b-823e-89d19b14aedd","email":"lily.harris@gmail.com","message":"failed to process due to network exception."},{"id":"d5958652-b8d9-48eb-ba98-608b1ecc0210","email":"nicholas.allen@microsoft.com","message":"successfully handled skipped operation."},{"id":"12bc4ced-48ee-4cda-ac41-af5cdd5040b3","email":"samantha.scott@me.com","message":"successfully processed after 9949 milliseconds."},{"id":"75809700-25bb-4849-b284-f93253162368","email":"jackson.white@gmail.com","message":"successfully parsed message, but message temporarily enqueued while system restarts."},{"id":"3d4f493d-ae39-40f0-bd3c-b0c2f115ce61","email":"emma.thomas@me.com","message":"failed to process due to network exception."},{"id":"114206e3-c67b-41e9-8681-2e212fd223cb","email":"grace.moore@gmail.com","message":"successfully handled skipped operation."},{"id":"58b13a76-f300-48c5-8935-55206debdd99","email":"emily.taylor@gmail.com","message":"successfully processed after 7003 milliseconds."},{"id":"58cd5d20-198f-46d8-b67b-492e4976e628","email":"alyssa.jones@amerisave.com","message":"failed to process due to network exception."},{"id":"ee3ffde6-c298-44bc-9690-fc984751a950","email":"sarah.green@amerisave.com","message":"successfully processed after 2562 milliseconds."},{"id":"d2276cba-183b-4651-87bb-7a1e65c47c47","email":"emma.thomas@me.com","message":"successfully parsed message, but message temporarily enqueued while system restarts."},{"id":"eae3a73e-8e9c-414f-ab9c-20b2225a2be3","email":"taylor.adams@gmail.com","message":"failed to process due to network exception."},{"id":"365a3433-0c90-4f19-8925-c914d89e171b","email":"jacob.lopez@dropbox.net","message":"successfully handled skipped operation."},{"id":"1a372981-45c3-4d6a-aaab-991eaa38bb34","email":"grace.moore@gmail.com","message":"successfully processed after 5783 milliseconds."},{"id":"3e936d7b-b84e-4713-8375-78256d3bb2cf","email":"samantha.scott@me.com","message":"failed to process due to network exception."},{"id":"68d4451c-64ff-425b-a527-daa415ab2f3d","email":"olivia.wright@gmail.com","message":"failed to process due to datastore timeout of 30 seconds.  operation took 67 seconds."},{"id":"be7975b1-2252-4972-9544-bcca2427394b","email":"hannah.martin@dropbox.net","message":"successfully processed after 2918 milliseconds."},{"id":"793559f7-8539-44d2-8b90-72027d65dcfd","email":"dylan.wilson@gmail.com","message":"failed to process due to datastore timeout of 30 seconds.  operation took 103 seconds."},{"id":"042eb80a-6624-49e2-ba43-54a381169320","email":"matthew.walker@amerisave.com","message":"failed to process due to network exception."},{"id":"7d147eba-b914-4de7-beec-0eb1517c14e2","email":"logan.clark@dropbox.net","message":"successfully processed after 8111 milliseconds."},{"id":"60295f31-b1e2-48cf-95a9-36c3ab1e08fb","email":"noah.sanchez@me.com","message":"failed to process due to network exception."},{"id":"f6e429c1-e6d7-4e69-b796-4732a2302ea3","email":"hannah.martin@dropbox.net","message":"successfully processed after 8399 milliseconds."},{"id":"775f299f-3a21-405a-89ac-00add739cb03","email":"isabella.jackson@amerisave.com","message":"successfully handled skipped operation."},{"id":"460dcd00-332a-4525-9ff6-021b6ed5b937","email":"nathan.young@microsoft.com","message":"failed to process due to datastore timeout of 30 seconds.  operation took 128 seconds."},{"id":"1775d382-8c91-4a7e-b961-43c81520677b","email":"grace.moore@gmail.com","message":"failed to process due to network exception."},{"id":"b3b4b735-c650-46cb-8817-b2d072ba2592","email":"ava.davis@gmail.com","message":"failed to process due to network exception."},{"id":"411cbd40-1dbc-4941-95af-52c45b89dee9","email":"mia.perez@me.com","message":"successfully processed after 6599 milliseconds."},{"id":"e9b67af7-0197-45a2-af92-d5697cec94dd","email":"taylor.adams@gmail.com","message":"successfully parsed message, but message temporarily enqueued while system restarts."},{"id":"086ecae6-ee2d-4916-a352-86d80786e3c5","email":"alexander.williams@gmail.com","message":"failed to process due to datastore timeout of 30 seconds.  operation took 75 seconds."},{"id":"10e3b0c4-f288-4cda-94fa-5394f3b8141e","email":"alexis.brown@microsoft.com","message":"successfully parsed message, but message temporarily enqueued while system restarts."},{"id":"05787cdd-2b2a-4770-ab43-578cc4121cc8","email":"liam.gonzalez@me.com","message":"successfully handled skipped operation."},{"id":"48e37b6a-0b95-4050-b2e8-fdeaa3f36b56","email":"jacob.lopez@dropbox.net","message":"successfully handled skipped operation."},{"id":"0b809605-42ae-4aa4-8020-0cc42ee17edb","email":"tyler.nelson@microsoft.com","message":"successfully handled skipped operation."},{"id":"d84c42fe-c1a7-449c-b1ad-f5d1ef35314f","email":"grace.moore@gmail.com","message":"successfully parsed message, but message temporarily enqueued while system restarts."},{"id":"39253d48-2f58-4d94-af25-751022f5c59b","email":"emma.thomas@me.com","message":"successfully processed after 1609 milliseconds."},{"id":"c982b4de-b0a9-4306-aa60-8f6d556e50f5","email":"elizabeth.martinez@dropbox.net","message":"failed to process due to network exception."},{"id":"be15ca84-094b-41f3-9ab7-717857d19b32","email":"elizabeth.martinez@dropbox.net","message":"successfully parsed message, but message temporarily enqueued while system restarts."},{"id":"853af11c-1e4a-4f8f-a8d5-95c74464d58a","email":"alyssa.jones@amerisave.com","message":"failed to process due to network exception."},{"id":"0e1db0c7-99bb-40a1-b6ed-cda0e7aba7d0","email":"chloe.garcia@dropbox.net","message":"successfully parsed message, but message temporarily enqueued while system restarts."},{"id":"3d826dbb-be63-4339-94d8-5881cc9603a2","email":"liam.gonzalez@me.com","message":"successfully handled skipped operation."},{"id":"2540c565-f4e0-47e8-8838-fd4610da363d","email":"noah.sanchez@me.com","message":"successfully handled skipped operation."},{"id":"b26d3dcf-1244-4da0-9b6d-9998f796936f","email":"samantha.scott@me.com","message":"successfully parsed message, but message temporarily enqueued while system restarts."},{"id":"047e1587-9832-457a-add5-998b97d17a6c","email":"dylan.wilson@gmail.com","message":"failed to process due to datastore timeout of 30 seconds.  operation took 41 seconds."},{"id":"9fffc3c2-a7dc-4ba3-a80a-a448e94f04f3","email":"mason.robinson@amerisave.com","message":"failed to process due to network exception."},{"id":"3728cacd-0a49-4433-9f3c-3ea0f2b0e7ff","email":"isabella.jackson@amerisave.com","message":"successfully processed after 6239 milliseconds."},{"id":"d8cdf008-cd94-476f-8ec3-2088fffc32ec","email":"ava.davis@gmail.com","message":"successfully parsed message, but message temporarily enqueued while system restarts."},{"id":"1dbf3010-9bd7-4ef1-bc58-facf8f9deba1","email":"aiden.johnson@microsoft.com","message":"successfully processed after 3806 milliseconds."},{"id":"466c7d31-50e4-4511-bf14-3743a264dd9e","email":"jacob.lopez@dropbox.net","message":"successfully handled skipped operation."},{"id":"fbbafc1c-18f7-4cb1-b490-2050935da140","email":"mason.robinson@amerisave.com","message":"successfully handled skipped operation."},{"id":"50658d30-8254-45dd-aec6-9b8e902cf40b","email":"jackson.white@gmail.com","message":"successfully processed after 8149 milliseconds."},{"id":"0472facb-c687-480e-adf9-452fbb5e1b59","email":"andrew.miller@gmail.com","message":"failed to process due to network exception."},{"id":"58a4efd7-5269-442b-acf4-b9e501df3113","email":"elizabeth.martinez@dropbox.net","message":"failed to process due to datastore timeout of 30 seconds.  operation took 106 seconds."},{"id":"2ade3de3-4410-4413-a2ce-1c07978174b4","email":"sarah.green@amerisave.com","message":"successfully processed after 7599 milliseconds."},{"id":"831bbc9a-b7e9-4bae-ab60-b63d9133e302","email":"daniel.rodriguez@amerisave.com","message":"failed to process due to network exception."},{"id":"149815e0-e4ca-4527-b903-3f5c054d2d79","email":"abigail.smith@amerisave.com","message":"successfully handled skipped operation."},{"id":"55ad94f9-f895-4e2f-86a2-6abadcf66428","email":"jack.thompson@me.com","message":"failed to process due to datastore timeout of 30 seconds.  operation took 128 seconds."},{"id":"0b4c708d-e990-414f-9928-bec22f7d9289","email":"samantha.scott@me.com","message":"successfully parsed message, but message temporarily enqueued while system restarts."},{"id":"68c0238a-665c-4b22-bbbc-11ae711e75d3","email":"alexander.williams@gmail.com","message":"failed to process due to datastore timeout of 30 seconds.  operation took 91 seconds."},{"id":"e7a482fb-1617-4239-ba36-71429399b5e2","email":"olivia.wright@gmail.com","message":"successfully handled skipped operation."},{"id":"c10bd22e-d3f2-41e0-a9f5-68bfbf17feb6","email":"hannah.martin@dropbox.net","message":"successfully parsed message, but message temporarily enqueued while system restarts."},{"id":"86bdbbaf-439a-4336-951f-404122f685d5","email":"noah.sanchez@me.com","message":"failed to process due to network exception."},{"id":"5af69536-f7b0-45e5-a8ec-043382433438","email":"noah.sanchez@me.com","message":"failed to process due to network exception."},{"id":"8c44451f-c5f6-4df5-a67c-066d6e0caefe","email":"sarah.green@amerisave.com","message":"successfully handled skipped operation."},{"id":"7d66b12d-8609-4bc9-b2fe-13e4738b7610","email":"nathan.young@microsoft.com","message":"successfully processed after 8859 milliseconds."},{"id":"03408672-0c5e-47f2-867f-a9d25de29bd5","email":"aiden.johnson@microsoft.com","message":"failed to process due to network exception."},{"id":"9809c963-5acd-400e-8415-34ffdb1fca3b","email":"alyssa.jones@amerisave.com","message":"successfully handled skipped operation."},{"id":"b643ce48-745f-4936-b9f3-690364b2950a","email":"jacob.lopez@dropbox.net","message":"failed to process due to datastore timeout of 30 seconds.  operation took 121 seconds."},{"id":"4146eca8-cbf3-4e64-b409-2812443f99dc","email":"mia.perez@me.com","message":"successfully processed after 3340 milliseconds."},{"id":"2c757430-b6c3-41d7-bffa-38044e25d001","email":"elizabeth.martinez@dropbox.net","message":"successfully parsed message, but message temporarily enqueued while system restarts."},{"id":"1de06c67-4e0d-49b9-bd91-ec6d5ff6c3c1","email":"abigail.smith@amerisave.com","message":"failed to process due to network exception."},{"id":"c2730de2-9bf0-4036-9e0d-0b5510605381","email":"matthew.walker@amerisave.com","message":"successfully parsed message, but message temporarily enqueued while system restarts."},{"id":"4170c2b9-b88b-422e-8d92-f6c9a0492c54","email":"nicholas.allen@microsoft.com","message":"failed to process due to datastore timeout of 30 seconds.  operation took 65 seconds."},{"id":"d0d94c19-a385-4bf6-868c-c73c65eb4317","email":"jack.thompson@me.com","message":"failed to process due to datastore timeout of 30 seconds.  operation took 40 seconds."},{"id":"4b280c55-4275-4e54-bd1a-27a2af55c42a","email":"tyler.nelson@microsoft.com","message":"failed to process due to network exception."},{"id":"b6ee91b1-64d2-43e6-987c-75e9e1084072","email":"olivia.wright@gmail.com","message":"successfully processed after 2730 milliseconds."},{"id":"3ea8073b-9314-49dd-9f9d-e29f608624ac","email":"ryan.king@dropbox.net","message":"successfully processed after 7032 milliseconds."},{"id":"035d97c7-9db4-4d5e-8cc8-25a4d2570f00","email":"daniel.rodriguez@amerisave.com","message":"successfully handled skipped operation."},{"id":"b8e10753-b060-4390-942a-25f5c321b4b2","email":"chloe.garcia@dropbox.net","message":"successfully handled skipped operation."},{"id":"2dc87cdb-fd05-40b8-a5d9-cc3b966eb9ae","email":"matthew.walker@amerisave.com","message":"failed to process due to network exception."},{"id":"8e5882d2-32f5-47f2-b43d-ad03aca66636","email":"alexander.williams@gmail.com","message":"failed to process due to datastore timeout of 30 seconds.  operation took 115 seconds."},{"id":"2f6bd031-70ba-42ec-8cb8-a25146ffc795","email":"taylor.adams@gmail.com","message":"failed to process due to network exception."},{"id":"52da8845-2429-4952-ac51-41690edb78c8","email":"emily.taylor@gmail.com","message":"successfully processed after 9600 milliseconds."},{"id":"191ff8f8-c2b2-40f8-b2e5-ac6f9cbffc07","email":"sophia.baker@dropbox.net","message":"successfully parsed message, but message temporarily enqueued while system restarts."},{"id":"57fd6019-fa26-46ed-896d-bdfe7c6608a7","email":"sarah.green@amerisave.com","message":"failed to process due to datastore timeout of 30 seconds.  operation took 94 seconds."},{"id":"94c33b73-dd8b-4c25-9044-f031825b032e","email":"sarah.green@amerisave.com","message":"successfully parsed message, but message temporarily enqueued while system restarts."},{"id":"ab225025-1c64-458f-9fee-93ec4e7a5a67","email":"liam.gonzalez@me.com","message":"failed to process due to datastore timeout of 30 seconds.  operation took 37 seconds."},{"id":"a73a75b8-72e8-4c91-89da-ea024e3be1b4","email":"samantha.scott@me.com","message":"successfully processed after 623 milliseconds."},{"id":"ed45644e-9022-4579-a4f5-0be7a1841ac1","email":"ethan.hernandez@microsoft.com","message":"successfully parsed message, but message temporarily enqueued while system restarts."},{"id":"45fa7be6-7b6f-497e-b4fe-5ad8a7e5dee3","email":"logan.clark@dropbox.net","message":"failed to process due to datastore timeout of 30 seconds.  operation took 68 seconds."},{"id":"9db0ff80-2e5a-44e0-8119-34be5927f30f","email":"andrew.miller@gmail.com","message":"successfully handled skipped operation."},{"id":"229cda19-859a-495a-8f12-b18ee219a324","email":"olivia.wright@gmail.com","message":"failed to process due to network exception."},{"id":"9c47fa23-98d8-4881-bd7e-adb40d8fd3c8","email":"grace.moore@gmail.com","message":"successfully processed after 5396 milliseconds."},{"id":"c8c298a6-9b5e-4f72-bdb3-f2a5369680c2","email":"madison.lewis@gmail.com","message":"successfully parsed message, but message temporarily enqueued while system restarts."},{"id":"c0487e24-6b77-435c-a6a8-d2c1bb6279f9","email":"sarah.green@amerisave.com","message":"successfully handled skipped operation."},{"id":"12c1b719-8b0f-427c-9d2c-24790db19ea0","email":"aiden.johnson@microsoft.com","message":"successfully handled skipped operation."},{"id":"19ca4211-7739-4b03-bbc4-ba5e0f62f385","email":"samantha.scott@me.com","message":"successfully handled skipped operation."},{"id":"58849173-1ba6-411d-a4ae-5b88a784e95f","email":"nathan.young@microsoft.com","message":"successfully parsed message, but message temporarily enqueued while system restarts."},{"id":"40e0a034-e54a-4830-90fe-87dac7d0e416","email":"emma.thomas@me.com","message":"successfully processed after 680 milliseconds."},{"id":"f20327b8-335c-4ff2-92c9-851c1b309ab4","email":"lily.harris@gmail.com","message":"failed to process due to datastore timeout of 30 seconds.  operation took 35 seconds."},{"id":"b872c556-d744-4971-a1ca-5503ff3d88b9","email":"jackson.white@gmail.com","message":"failed to process due to network exception."},{"id":"cc4d4004-f402-46eb-8041-5f72b9de8c2c","email":"sophia.baker@dropbox.net","message":"successfully parsed message, but message temporarily enqueued while system restarts."},{"id":"45bc4299-9969-4c2a-bd09-7e86cfceaa2c","email":"alexis.brown@microsoft.com","message":"failed to process due to network exception."},{"id":"1b97df38-80db-43ce-9cfc-e99ce03cdf32","email":"hannah.martin@dropbox.net","message":"failed to process due to datastore timeout of 30 seconds.  operation took 76 seconds."},{"id":"4727e956-9b67-495a-ae55-3aff33d4b14a","email":"alexander.williams@gmail.com","message":"successfully parsed message, but message temporarily enqueued while system restarts."},{"id":"b92e6e45-a210-41b2-b5b2-87a3a9dac1e5","email":"matthew.walker@amerisave.com","message":"failed to process due to network exception."},{"id":"5b693188-93bb-4890-ae72-215c6e197764","email":"emily.taylor@gmail.com","message":"successfully processed after 1054 milliseconds."},{"id":"bc291787-cf54-41f9-bce8-bd1851d9d2af","email":"alexis.brown@microsoft.com","message":"failed to process due to network exception."},{"id":"4a2a8d83-339d-4f0c-94e6-4f0c51c401ce","email":"daniel.rodriguez@amerisave.com","message":"failed to process due to network exception."},{"id":"ba959087-890f-4973-806a-ac25572dd3c7","email":"jackson.white@gmail.com","message":"failed to process due to network exception."},{"id":"e0f2314d-1064-4e66-8699-181118da6557","email":"aiden.johnson@microsoft.com","message":"successfully handled skipped operation."},{"id":"bac6df7c-9006-4c8f-9506-f8c0b444e6f1","email":"joshua.lee@gmail.com","message":"failed to process due to datastore timeout of 30 seconds.  operation took 107 seconds."},{"id":"56a7a391-c800-40e6-96f6-642721ee70d8","email":"mia.perez@me.com","message":"successfully handled skipped operation."},{"id":"318bcbad-1255-4a89-87e3-f311b802ab1d","email":"jack.thompson@me.com","message":"successfully processed after 9978 milliseconds."},{"id":"cbea46fb-d907-4c02-8021-673888fed8b3","email":"ava.davis@gmail.com","message":"successfully parsed message, but message temporarily enqueued while system restarts."},{"id":"befba4c2-3b44-4d5f-a864-e3e5fe439420","email":"daniel.rodriguez@amerisave.com","message":"failed to process due to network exception."},{"id":"18f71dc1-b69b-4c07-97af-b4875e176ab0","email":"abigail.smith@amerisave.com","message":"failed to process due to network exception."},{"id":"c74a3bf4-9ae5-4c7c-8a97-ded9af43999f","email":"isabella.jackson@amerisave.com","message":"successfully processed after 8728 milliseconds."},{"id":"6a49ef1f-5c4c-4563-ad65-9539ed6803b0","email":"emily.taylor@gmail.com","message":"failed to process due to network exception."},{"id":"e759c591-e14d-40af-950c-79efa088e806","email":"aiden.johnson@microsoft.com","message":"successfully parsed message, but message temporarily enqueued while system restarts."},{"id":"d139f326-9fba-46d2-b1d4-b3576f60abb1","email":"ethan.hernandez@microsoft.com","message":"failed to process due to network exception."},{"id":"bd7bd3f1-fd53-491f-b878-f13afc4496f2","email":"samantha.scott@me.com","message":"successfully parsed message, but message temporarily enqueued while system restarts."},{"id":"56ce6a26-c180-47f8-a888-4a22a2aa84be","email":"tyler.nelson@microsoft.com","message":"failed to process due to datastore timeout of 30 seconds.  operation took 51 seconds."},{"id":"35412401-144c-46d5-8f37-17cccad8265f","email":"chloe.garcia@dropbox.net","message":"successfully processed after 7438 milliseconds."},{"id":"ba5a15ec-1a11-4b6d-8f5f-cd73c5bbe4cb","email":"ella.anderson@dropbox.net","message":"failed to process due to network exception."},{"id":"279bcd12-d43e-4ad4-b251-590defea725b","email":"ryan.king@dropbox.net","message":"failed to process due to network exception."},{"id":"96b65e7b-999e-4b7f-8965-8c25636eb9af","email":"madison.lewis@gmail.com","message":"successfully processed after 4209 milliseconds."},{"id":"ed22e223-53ef-4364-90be-26be7b06078e","email":"chloe.garcia@dropbox.net","message":"failed to process due to datastore timeout of 30 seconds.  operation took 124 seconds."},{"id":"e4d12546-ab2e-4e23-9adc-aaff746d6931","email":"sophia.baker@dropbox.net","message":"successfully processed after 3634 milliseconds."},{"id":"5967a41a-c6c6-4422-8ce8-020dd68b901e","email":"grace.moore@gmail.com","message":"successfully processed after 1441 milliseconds."},{"id":"e65652b0-c682-472c-bfa6-fae633720b8c","email":"matthew.walker@amerisave.com","message":"successfully handled skipped operation."},{"id":"c3884ae3-4478-4dc6-b6c3-b4d4b89a2e8d","email":"liam.gonzalez@me.com","message":"successfully parsed message, but message temporarily enqueued while system restarts."},{"id":"ad9fdea5-0ef9-4d06-a321-bf1752374223","email":"taylor.adams@gmail.com","message":"failed to process due to network exception."},{"id":"7d255b14-d8c6-493f-a0f8-a20e255e7019","email":"abigail.smith@amerisave.com","message":"successfully processed after 3942 milliseconds."},{"id":"322e7422-c3c4-4839-af72-1a5762899e40","email":"ethan.hernandez@microsoft.com","message":"successfully processed after 2698 milliseconds."},{"id":"b3612b0d-77b7-4ffb-a9ff-2178542c985d","email":"ava.davis@gmail.com","message":"successfully parsed message, but message temporarily enqueued while system restarts."},{"id":"7c2232c0-9d0a-419a-a8b5-ce606b0b2dab","email":"hannah.martin@dropbox.net","message":"successfully processed after 90 milliseconds."},{"id":"d275a81c-d89c-460d-ba77-58f778968a6c","email":"abigail.smith@amerisave.com","message":"successfully handled skipped operation."},{"id":"0440fc8b-0155-415f-a7a5-8d17df8ffa2a","email":"taylor.adams@gmail.com","message":"failed to process due to network exception."},{"id":"cc158638-b826-4ddb-b82e-4152c5ed3747","email":"noah.sanchez@me.com","message":"failed to process due to network exception."},{"id":"26ae566f-a407-46c7-9031-5ae96d1c5aa0","email":"emma.thomas@me.com","message":"successfully handled skipped operation."},{"id":"ca9daf15-b9ec-4b9f-9483-16b1a09faa4b","email":"daniel.rodriguez@amerisave.com","message":"successfully parsed message, but message temporarily enqueued while system restarts."},{"id":"ee0fdfc3-e579-4667-b395-ad6bcc73409d","email":"aiden.johnson@microsoft.com","message":"failed to process due to datastore timeout of 30 seconds.  operation took 121 seconds."},{"id":"9ecf69d6-4677-4984-bcdf-cddbc393296a","email":"tyler.nelson@microsoft.com","message":"successfully parsed message, but message temporarily enqueued while system restarts."},{"id":"2f05e059-42f8-4977-b184-b6523eb1002b","email":"isabella.jackson@amerisave.com","message":"successfully parsed message, but message temporarily enqueued while system restarts."},{"id":"2d9a1594-35f4-4e8a-a7ce-8c706bc044f8","email":"andrew.miller@gmail.com","message":"successfully processed after 2820 milliseconds."},{"id":"7e27cdff-cbbb-4e6e-bf1a-adcd8e4d2946","email":"liam.gonzalez@me.com","message":"successfully parsed message, but message temporarily enqueued while system restarts."},{"id":"7acc584a-7a02-460e-849b-39b4e3d4aae5","email":"emma.thomas@me.com","message":"failed to process due to network exception."},{"id":"139edb9c-eeda-4a43-bc33-a7fce562df4a","email":"nicholas.allen@microsoft.com","message":"failed to process due to datastore timeout of 30 seconds.  operation took 62 seconds."},{"id":"d28ba5e4-4d8c-47a4-93d4-0c173bd15fd8","email":"andrew.miller@gmail.com","message":"failed to process due to datastore timeout of 30 seconds.  operation took 59 seconds."},{"id":"e5d0fb7b-edfc-45ba-9cad-e912da84e07f","email":"emily.taylor@gmail.com","message":"successfully handled skipped operation."},{"id":"4cceca28-3004-4aad-906a-15428f90be8e","email":"michael.hall@dropbox.net","message":"failed to process due to datastore timeout of 30 seconds.  operation took 64 seconds."},{"id":"18f62de1-21fb-4193-a8b1-94f719b4b099","email":"andrew.miller@gmail.com","message":"failed to process due to datastore timeout of 30 seconds.  operation took 80 seconds."},{"id":"ff4a10e9-a628-49ec-a6dc-8089106e8b39","email":"dylan.wilson@gmail.com","message":"failed to process due to datastore timeout of 30 seconds.  operation took 111 seconds."},{"id":"34dd1575-213d-4ff5-8dfc-3c54272b85a8","email":"isabella.jackson@amerisave.com","message":"failed to process due to datastore timeout of 30 seconds.  operation took 75 seconds."},{"id":"f2bde763-fb6d-48e8-863a-f1ac07224957","email":"hannah.martin@dropbox.net","message":"failed to process due to datastore timeout of 30 seconds.  operation took 53 seconds."},{"id":"787f06f5-3f7c-4fd3-9778-6087f1a8d75b","email":"ryan.king@dropbox.net","message":"failed to process due to datastore timeout of 30 seconds.  operation took 83 seconds."},{"id":"f6fd0f8b-f480-4485-8cba-8852c2330207","email":"alexis.brown@microsoft.com","message":"failed to process due to network exception."},{"id":"2838b831-5efb-4ca3-91c9-04a24616d80f","email":"sophia.baker@dropbox.net","message":"failed to process due to datastore timeout of 30 seconds.  operation took 114 seconds."},{"id":"7ec104d3-3895-4847-8aad-369e0a15dbfb","email":"alexander.williams@gmail.com","message":"failed to process due to datastore timeout of 30 seconds.  operation took 107 seconds."},{"id":"a4d27b88-16bd-43ae-9c88-d751b20d3499","email":"liam.gonzalez@me.com","message":"failed to process due to datastore timeout of 30 seconds.  operation took 84 seconds."},{"id":"9513ac73-a2d9-4db0-a939-8abe8ff2bf3b","email":"ella.anderson@dropbox.net","message":"failed to process due to datastore timeout of 30 seconds.  operation took 31 seconds."},{"id":"c250175e-5581-416f-9626-f43ed2f5af3f","email":"elizabeth.martinez@dropbox.net","message":"successfully processed after 309 milliseconds."},{"id":"83612a8a-91b3-4547-9066-5b5e39507d56","email":"matthew.walker@amerisave.com","message":"failed to process due to datastore timeout of 30 seconds.  operation took 67 seconds."},{"id":"779da65f-d421-4b31-8d9b-e960886fa02c","email":"lily.harris@gmail.com","message":"successfully handled skipped operation."},{"id":"04889b46-039c-4f44-ba96-723c8b88192d","email":"emma.thomas@me.com","message":"successfully processed after 6995 milliseconds."},{"id":"66d9809c-857d-47ad-b564-552b9f3e8976","email":"dylan.wilson@gmail.com","message":"successfully handled skipped operation."},{"id":"072fb568-e9ed-4dd7-b1e6-86a4fb206ad5","email":"taylor.adams@gmail.com","message":"successfully processed after 624 milliseconds."},{"id":"4736f01d-6888-4c3e-bd69-0c8036ba533a","email":"alexander.williams@gmail.com","message":"failed to process due to datastore timeout of 30 seconds.  operation took 34 seconds."},{"id":"f4bd4a8c-727c-461a-8225-6473e9f47216","email":"sophia.baker@dropbox.net","message":"failed to process due to datastore timeout of 30 seconds.  operation took 102 seconds."},{"id":"22cb5292-56ff-44ef-8a15-ae617fed55c5","email":"ava.davis@gmail.com","message":"successfully processed after 8251 milliseconds."},{"id":"6ecadad3-9a47-4b04-9078-4db330d0d0b8","email":"olivia.wright@gmail.com","message":"successfully parsed message, but message temporarily enqueued while system restarts."},{"id":"31a61fed-5195-420f-a261-3cc31429b371","email":"madison.lewis@gmail.com","message":"successfully processed after 7629 milliseconds."}],"id":"56f83bed-3705-4115-9067-73930cbecbc0"}