{"logs":[{"id":"fb5775bc-67a4-441c-8a1b-7bfc2ea7456e","email":"logan.clark@dropbox.net","message":"failed to process due to network exception."},{"id":"aa45b3dd-fad2-4775-b6a8-98fb70d154de","email":"andrew.miller@gmail.com","message":"successfully processed after 452 milliseconds."},{"id":"95a23790-fb97-40bf-9887-2c58968fd27b","email":"jackson.white@gmail.com","message":"successfully handled skipped operation."},{"id":"48b1c025-01ac-4153-bbe8-d8f1d138be5e","email":"chloe.garcia@dropbox.net","message":"failed to process due to datastore timeout of 30 seconds.  operation took 50 seconds."},{"id":"2f55fb33-db8b-4858-9fa6-8608a5cbc3f1","email":"lily.harris@gmail.com","message":"successfully processed after 6098 milliseconds."},{"id":"4a21e7a2-cdd3-48a8-bf3c-3d861c8edb6b","email":"mia.perez@me.com","message":"successfully parsed message, but message temporarily enqueued while system restarts."},{"id":"08a5e1d4-b4ca-4941-9ea1-03b18058f68d","email":"jack.thompson@me.com","message":"failed to process due to datastore timeout of 30 seconds.  operation took 36 seconds."},{"id":"6a73226f-f47b-4cda-b7a9-e8cebbc5293b","email":"joshua.lee@gmail.com","message":"failed to process due to datastore timeout of 30 seconds.  operation took 58 seconds."},{"id":"a9e0ac9a-3def-4c61-afd1-4c714f313dc3","email":"ava.davis@gmail.com","message":"successfully handled skipped operation."},{"id":"4a31d84f-4b8e-4d1d-aef0-301e37fe20ce","email":"tyler.nelson@microsoft.com","message":"successfully processed after 1370 milliseconds."},{"id":"aa7990e5-e777-4228-bb0d-a0b0f5327640","email":"liam.gonzalez@me.com","message":"successfully handled skipped operation."},{"id":"375c03d2-3894-4d25-9d59-84e2edf14713","email":"elizabeth.martinez@dropbox.net","message":"successfully handled skipped operation."},{"id":"f7ad0eb0-4c07-4fcd-b63d-db23a732522d","email":"elizabeth.martinez@dropbox.net","message":"failed to process due to network exception."},{"id":"e1479316-1835-4aa5-bbc8-d2eaebca1ecd","email":"andrew.miller@gmail.com","message":"successfully processed after 6628 milliseconds."},{"id":"854d7e6f-c9f9-4b15-a485-1fb6bb1ffc4b","email":"ethan.hernandez@microsoft.com","message":"successfully processed after 5186 milliseconds."},{"id":"435a135e-1cc6-42e4-9ea0-2679690d8339","email":"aiden.johnson@microsoft.com","message":"successfully handled skipped operation."},{"id":"80595076-ed62-4cf7-a65f-4d31753bc414","email":"andrew.miller@gmail.com","message":"failed to process due to network exception."},{"id":"d14797c4-8c12-4a7f-bc67-156d3c5dedf7","email":"jackson.white@gmail.com","message":"failed to process due to datastore timeout of 30 seconds.  operation took 98 seconds."},{"id":"3fcf3245-0e28-4ced-9088-d78da8985344","email":"ella.anderson@dropbox.net","message":"successfully parsed message, but message temporarily enqueued while system restarts."},{"id":"c4abbdc7-d53f-4be3-9769-ca3d212ae50b","email":"elizabeth.martinez@dropbox.net","message":"successfully processed after 6729 milliseconds."},{"id":"b6db4a79-8e31-4f2c-9b2b-7b0836e8b79c","email":"mia.perez@me.com","message":"failed to process due to network exception."},{"id":"fc60a4be-aebb-4b3d-8d93-b475f88474cd","email":"nicholas.allen@microsoft.com","message":"failed to process due to datastore timeout of 30 seconds.  operation took 58 seconds."},{"id":"b1fc0058-0de6-4bf3-835e-0da79a881b0c","email":"grace.moore@gmail.com","message":"successfully processed after 6575 milliseconds."},{"id":"823acbe4-bc59-49ca-b81c-f23acffd0532","email":"logan.clark@dropbox.net","message":"failed to process due to datastore timeout of 30 seconds.  operation took 82 seconds."},{"id":"644fec6c-0f36-417a-91a3-c505a81a56f5","email":"alexander.williams@gmail.com","message":"successfully handled skipped operation."},{"id":"46479817-92f4-4dfd-bff4-f8182109cc99","email":"ethan.hernandez@microsoft.com","message":"failed to process due to datastore timeout of 30 seconds.  operation took 94 seconds."},{"id":"43ecf56b-27cc-4026-a73f-d643e376b74f","email":"liam.gonzalez@me.com","message":"failed to process due to network exception."},{"id":"fa804e46-e978-427d-8902-4abe9822e637","email":"jackson.white@gmail.com","message":"failed to process due to datastore timeout of 30 seconds.  operation took 108 seconds."},{"id":"5710e06e-fd75-470b-ab1d-df9b1752902c","email":"ava.davis@gmail.com","message":"successfully processed after 1020 milliseconds."},{"id":"7279c7b0-d0d1-4d50-9e89-90f0ebf09c1b","email":"noah.sanchez@me.com","message":"failed to process due to datastore timeout of 30 seconds.  operation took 69 seconds."},{"id":"42ff5df1-cc83-4abc-94df-722e2a3158f1","email":"alyssa.jones@amerisave.com","message":"successfully processed after 5372 milliseconds."},{"id":"df3d6970-f990-4888-b9c9-b0ed5d9ccc16","email":"ava.davis@gmail.com","message":"failed to process due to network exception."},{"id":"5a7a7d79-2ae1-490a-bedc-0d4587ed548b","email":"olivia.wright@gmail.com","message":"successfully parsed message, but message temporarily enqueued while system restarts."},{"id":"7bb0b1ff-efdd-4cb5-9f23-14a5c73fa942","email":"ella.anderson@dropbox.net","message":"successfully parsed message, but message temporarily enqueued while system restarts."},{"id":"1bb78840-6086-45f5-99de-0ad84704bb5d","email":"michael.hall@dropbox.net","message":"successfully handled skipped operation."},{"id":"1797169a-1c61-472d-b8fb-dd9c9402a2f3","email":"aiden.johnson@microsoft.com","message":"failed to process due to datastore timeout of 30 seconds.  operation took 101 seconds."},{"id":"91bddd23-9608-461c-885a-fa706748a129","email":"jacob.lopez@dropbox.net","message":"failed to process due to network exception."},{"id":"f15a5b1f-c46e-4415-b54c-0e03248930ef","email":"sophia.baker@dropbox.net","message":"successfully processed after 6923 milliseconds."},{"id":"af8fde99-dc4b-4573-8494-72ee14c7cc1b","email":"sarah.green@amerisave.com","message":"successfully parsed message, but message temporarily enqueued while system restarts."},{"id":"f5bbdc04-8a8f-4831-82c9-7e6bca92a1b4","email":"ava.davis@gmail.com","message":"successfully parsed message, but message temporarily enqueued while system restarts."},{"id":"0433a035-b5f9-42e5-9ad9-600f68769d65","email":"ava.davis@gmail.com","message":"successfully processed after 7175 milliseconds."},{"id":"96d021a7-c76b-4a49-9a98-54deb607725e","email":"chloe.garcia@dropbox.net","message":"failed to process due to network exception."},{"id":"204c42dc-e4af-48cf-8010-5219d3752917","email":"dylan.wilson@gmail.com","message":"successfully handled skipped operation."},{"id":"f66145e5-75d9-4abe-b2bf-e62db38d2efc","email":"lily.harris@gmail.com","message":"failed to process due to network exception."},{"id":"8882fcf2-8f40-4462-826d-7c95fa4b126e","email":"elizabeth.martinez@dropbox.net","message":"failed to process due to datastore timeout of 30 seconds.  operation took 71 seconds."},{"id":"df58d294-cfdd-456e-b494-8b85beef5490","email":"alexander.williams@gmail.com","message":"successfully parsed message, but message temporarily enqueued while system restarts."},{"id":"e54c75ba-f15a-4159-8542-7b9506ad70f9","email":"dylan.wilson@gmail.com","message":"successfully processed after 1311 milliseconds."},{"id":"75ba5a75-a7ee-4a48-b245-62a267bbf5bf","email":"sarah.green@amerisave.com","message":"successfully processed after 2006 milliseconds."},{"id":"324c3e1f-0783-479c-8ac0-2acb3360f006","email":"joshua.lee@gmail.com","message":"failed to process due to datastore timeout of 30 seconds.  operation took 123 seconds."},{"id":"965ce6fd-5ea0-4257-9ef5-53f58e10b1ea","email":"michael.hall@dropbox.net","message":"successfully processed after 676 milliseconds."},{"id":"cfc00f0e-5b2f-42f2-8624-d7044fbe1174","email":"taylor.adams@gmail.com","message":"successfully handled skipped operation."},{"id":"899a389e-d763-4756-b2af-ae3e7890f154","email":"taylor.adams@gmail.com","message":"failed to process due to datastore timeout of 30 seconds.  operation took 119 seconds."},{"id":"bc89bedf-f09d-4e58-ba9f-636fa6168258","email":"lily.harris@gmail.com","message":"failed to process due to network exception."},{"id":"065ddc84-2b7e-4bc1-b576-223edb60d07e","email":"liam.gonzalez@me.com","message":"successfully handled skipped operation."},{"id":"ccae9c9a-2b98-47a7-8c2f-ecc887e298c3","email":"jackson.white@gmail.com","message":"successfully processed after 129 milliseconds."},{"id":"6a4d6dce-2a44-4dfa-a3cb-f567e4924d75","email":"aiden.johnson@microsoft.com","message":"successfully parsed message, but message temporarily enqueued while system restarts."},{"id":"ef1df5ea-ed40-47e6-bc8e-25c3eb9bbaf9","email":"hannah.martin@dropbox.net","message":"failed to process due to network exception."},{"id":"135646f6-b353-4b8c-b840-85e39b2c0359","email":"michael.hall@dropbox.net","message":"successfully handled skipped operation."},{"id":"2c74e7b2-5847-4ca8-ba26-4cee6b2585e3","email":"abigail.smith@amerisave.com","message":"successfully processed after 9573 milliseconds."},{"id":"3d973bd5-3e25-47d2-9afb-fda1bebe57df","email":"tyler.nelson@microsoft.com","message":"failed to process due to network exception."},{"id":"e1be5541-6555-4157-962f-db414040eef6","email":"mia.perez@me.com","message":"successfully handled skipped operation."},{"id":"7271031f-155a-4ede-81d3-1983d13abd17","email":"mia.perez@me.com","message":"successfully parsed message, but message temporarily enqueued while system restarts."},{"id":"05fe21ac-201d-4aa7-aede-c8457b8ab88f","email":"dylan.wilson@gmail.com","message":"failed to process due to network exception."},{"id":"9a3406ce-6280-47e4-8041-24a8194c3396","email":"noah.sanchez@me.com","message":"failed to process due to datastore timeout of 30 seconds.  operation took 102 seconds."},{"id":"44703adc-0bef-47e2-8346-874c35af181d","email":"dylan.wilson@gmail.com","message":"successfully processed after 8106 milliseconds."},{"id":"8ff71678-e91b-4d65-9ac9-04792fe339b7","email":"logan.clark@dropbox.net","message":"failed to process due to network exception."},{"id":"e53910a4-f009-4956-a2eb-2d269ad61280","email":"joshua.lee@gmail.com","message":"successfully handled skipped operation."},{"id":"28ea2d2b-e26e-4a6b-85f6-5cdaa6ed23be","email":"olivia.wright@gmail.com","message":"successfully processed after 1995 milliseconds."},{"id":"477eb0ee-6ebb-46f5-aad5-4eca74cb5424","email":"emily.taylor@gmail.com","message":"successfully processed after 7562 milliseconds."},{"id":"1139c7b4-d594-49e1-8a53-40c6d3edf8d2","email":"liam.gonzalez@me.com","message":"failed to process due to datastore timeout of 30 seconds.  operation took 71 seconds."},{"id":"621ebbc5-9d43-485e-bac3-dfaf74101a21","email":"emma.thomas@me.com","message":"failed to process due to datastore timeout of 30 seconds.  operation took 112 seconds."},{"id":"5b17c7b0-3127-4ea3-a917-8ec66fee4a42","email":"alyssa.jones@amerisave.com","message":"successfully handled skipped operation."},{"id":"d7d93eb7-2bc4-4fe9-82cb-6a395dd90d26","email":"alyssa.jones@amerisave.com","message":"successfully parsed message, but message temporarily enqueued while system restarts."},{"id":"c9473ab6-254b-45d8-8b95-ae5567f369b5","email":"alexis.brown@microsoft.com","message":"failed to process due to datastore timeout of 30 seconds.  operation took 88 seconds."},{"id":"16eee698-019d-4e92-a615-e290ffb77480","email":"liam.gonzalez@me.com","message":"failed to process due to network exception."},{"id":"a1eaaa95-5843-447f-bab3-bb99550d82f8","email":"logan.clark@dropbox.net","message":"failed to process due to datastore timeout of 30 seconds.  operation took 88 seconds."},{"id":"ecf990b8-0ef6-403e-87a4-28d3d30c6abc","email":"nicholas.allen@microsoft.com","message":"failed to process due to datastore timeout of 30 seconds.  operation took 113 seconds."},{"id":"61cbd138-db9a-455d-b39c-ec0c4e5d59d4","email":"sophia.baker@dropbox.net","message":"failed to process due to network exception."},{"id":"48e5e6ba-d97e-4094-9195-07f09639e584","email":"emma.thomas@me.com","message":"successfully processed after 1087 milliseconds."},{"id":"087705aa-9b7f-4fa2-8af2-4f688b75e9e2","email":"mia.perez@me.com","message":"failed to process due to network exception."},{"id":"249d818f-f990-4600-a576-dab4d77a37cb","email":"emma.thomas@me.com","message":"successfully parsed message, but message temporarily enqueued while system restarts."},{"id":"5d402a25-232a-4ccd-9a30-015590706c1b","email":"emily.taylor@gmail.com","message":"successfully parsed message, but message temporarily enqueued while system restarts."},{"id":"528342b1-d25d-4981-ba03-27d94dc79f64","email":"noah.sanchez@me.com","message":"failed to process due to datastore timeout of 30 seconds.  operation took 112 seconds."},{"id":"6f2b7f46-8ab3-4ffb-8c34-b2979d51105e","email":"nathan.young@microsoft.com","message":"successfully handled skipped operation."},{"id":"3b5ceb54-c5fc-46dc-9988-d9e707356d5f","email":"emily.taylor@gmail.com","message":"successfully processed after 8288 milliseconds."},{"id":"29848313-68e7-40a0-a0ea-d6e8f9542f2d","email":"ryan.king@dropbox.net","message":"successfully parsed message, but message temporarily enqueued while system restarts."},{"id":"8acea034-d436-4089-844a-9eabf647f299","email":"ella.anderson@dropbox.net","message":"successfully parsed message, but message temporarily enqueued while system restarts."},{"id":"d6e86179-e873-4d9b-9826-9fd9a9718ed9","email":"alexander.williams@gmail.com","message":"failed to process due to network exception."},{"id":"9ad1d3a3-ecd0-433b-940b-453f6757a0e7","email":"ryan.king@dropbox.net","message":"successfully handled skipped operation."},{"id":"4caf9203-2958-4ed4-a57a-7ca4c1124b1f","email":"ella.anderson@dropbox.net","message":"failed to process due to datastore timeout of 30 seconds.  operation took 125 seconds."},{"id":"1b4d520e-3eea-4bc6-b4c5-f121c79364e5","email":"nicholas.allen@microsoft.com","message":"failed to process due to datastore timeout of 30 seconds.  operation took 120 seconds."},{"id":"8d8f827b-c96e-450d-a370-106310c687fc","email":"sarah.green@amerisave.com","message":"successfully parsed message, but message temporarily enqueued while system restarts."},{"id":"1a4d7dc1-6898-4163-9628-19b22a5429ff","email":"jack.thompson@me.com","message":"failed to process due to network exception."},{"id":"7fbebbef-88a2-4d80-b5d4-46d72d834200","email":"jackson.white@gmail.com","message":"successfully handled skipped operation."},{"id":"51993ffb-83d7-4a86-8dec-d5571d997e45","email":"alexander.williams@gmail.com","message":"failed to process due to network exception."},{"id":"b466b28f-f933-4786-b40d-1fad0fcdf1fc","email":"daniel.rodriguez@amerisave.com","message":"failed to process due to datastore timeout of 30 seconds.  operation took 64 seconds."},{"id":"a7b86ff7-a28a-40b7-aa2b-677b17e8fb77","email":"ethan.hernandez@microsoft.com","message":"successfully handled skipped operation."},{"id":"6a358a14-9f91-4f4d-af75-2926d16fb78b","email":"alexander.williams@gmail.com","message":"failed to process due to datastore timeout of 30 seconds.  operation took 109 seconds."},{"id":"5feaba6f-69f9-4a1d-87b0-e3e8c30ba29d","email":"andrew.miller@gmail.com","message":"successfully processed after 9937 milliseconds."},{"id":"cd6a26f3-04de-494e-b5c6-a6be12343b36","email":"andrew.miller@gmail.com","message":"successfully processed after 1382 milliseconds."},{"id":"6b23b3a8-885d-4c01-9808-6a1e261b6c50","email":"sophia.baker@dropbox.net","message":"failed to process due to network exception."},{"id":"691c88ea-e4a5-4196-b0ca-10e2eaa797de","email":"ella.anderson@dropbox.net","message":"failed to process due to network exception."},{"id":"b2881855-5ab5-4fa8-8b50-21477c5fcfb1","email":"sarah.green@amerisave.com","message":"successfully parsed message, but message temporarily enqueued while system restarts."},{"id":"438e4284-32fa-47b7-bd0d-c7ba6fb611ad","email":"alexis.brown@microsoft.com","message":"successfully processed after 6776 milliseconds."},{"id":"39095413-a718-4ab5-bdf6-5fe757415d09","email":"ava.davis@gmail.com","message":"successfully processed after 4478 milliseconds."},{"id":"ebbd4947-dd29-4f3b-b45c-27bd727a6d0c","email":"aiden.johnson@microsoft.com","message":"successfully processed after 967 milliseconds."},{"id":"36336acc-bb59-4a37-8948-f10c0d3d0cea","email":"mason.robinson@amerisave.com","message":"failed to process due to network exception."},{"id":"6168efff-4ba9-4a95-b18c-682325123785","email":"sophia.baker@dropbox.net","message":"failed to process due to network exception."},{"id":"b00ee6b9-c48a-4d70-a15d-329451ea5aaa","email":"alexander.williams@gmail.com","message":"successfully processed after 5499 milliseconds."},{"id":"cb50c477-a53a-4648-a56e-5410ccfa65ef","email":"joshua.lee@gmail.com","message":"failed to process due to network exception."},{"id":"e8f7fcbd-f162-42dd-882e-7d60a7ed89e7","email":"ava.davis@gmail.com","message":"successfully parsed message, but message temporarily enqueued while system restarts."},{"id":"926a2027-f327-4f4b-adee-ab370350a1ab","email":"liam.gonzalez@me.com","message":"successfully handled skipped operation."},{"id":"3cdefa3a-18fe-411b-85a5-4082285d04b7","email":"abigail.smith@amerisave.com","message":"failed to process due to network exception."},{"id":"8cd1fb08-5a81-462c-bdef-ad4b906bbb47","email":"elizabeth.martinez@dropbox.net","message":"successfully handled skipped operation."},{"id":"09b98920-a7f0-4270-a889-3eb5835be5a2","email":"taylor.adams@gmail.com","message":"successfully parsed message, but message temporarily enqueued while system restarts."},{"id":"21bcd46b-7d2f-45b3-a7f1-5fbd05ecb6e0","email":"andrew.miller@gmail.com","message":"failed to process due to datastore timeout of 30 seconds.  operation took 125 seconds."},{"id":"adb14fbc-e322-4cdc-a6c3-d3fc0546370a","email":"abigail.smith@amerisave.com","message":"failed to process due to datastore timeout of 30 seconds.  operation took 126 seconds."},{"id":"8bb747f8-2744-44a8-860d-3be3a63c82db","email":"andrew.miller@gmail.com","message":"successfully parsed message, but message temporarily enqueued while system restarts."},{"id":"a464b18c-2fde-4732-990e-3db2be130f5a","email":"lily.harris@gmail.com","message":"successfully parsed message, but message temporarily enqueued while system restarts."},{"id":"d11a2d64-baac-4632-aa9d-f51938e3831f","email":"mason.robinson@amerisave.com","message":"failed to process due to datastore timeout of 30 seconds.  operation took 65 seconds."},{"id":"1ed4e458-1f5e-4c8b-a28e-de4c97cf4c9f","email":"nicholas.allen@microsoft.com","message":"failed to process due to datastore timeout of 30 seconds.  operation took 61 seconds."},{"id":"76d6f73a-ff89-46a2-a188-ff184d9dd3a0","email":"nicholas.allen@microsoft.com","message":"successfully handled skipped operation."},{"id":"72c38e72-72ad-4d4c-98f2-c313c8fe0c58","email":"jack.thompson@me.com","message":"successfully processed after 3490 milliseconds."},{"id":"1a213072-4ffc-4217-8331-e9afe2e53f26","email":"olivia.wright@gmail.com","message":"successfully handled skipped operation."},{"id":"146b5295-59fb-4fa1-8780-92ed544da729","email":"jackson.white@gmail.com","message":"successfully processed after 8516 milliseconds."},{"id":"f512b0d3-189c-43e3-9cfe-077dc04d24f4","email":"noah.sanchez@me.com","message":"successfully processed after 7478 milliseconds."},{"id":"9a777715-8073-49cd-bcdf-a42cdc97f130","email":"lily.harris@gmail.com","message":"successfully processed after 8579 milliseconds."},{"id":"f72f1e4d-3995-4ce6-9c64-9a6902d9baf0","email":"tyler.nelson@microsoft.com","message":"successfully handled skipped operation."},{"id":"da4cf07a-8959-4884-ba98-daa6e4e0a9b0","email":"taylor.adams@gmail.com","message":"failed to process due to network exception."},{"id":"62e69867-17d1-4c57-8893-9d415bf8c9a3","email":"sarah.green@amerisave.com","message":"successfully processed after 6223 milliseconds."},{"id":"012dd20d-7b2e-418b-9730-1fb66cdcedb8","email":"alexander.williams@gmail.com","message":"successfully handled skipped operation."},{"id":"033f09b2-f51d-4764-a4f9-f6f9087d0212","email":"madison.lewis@gmail.com","message":"successfully processed after 6208 milliseconds."},{"id":"7a1fd8c9-1e8f-4b9d-a7a7-c77695ce416c","email":"dylan.wilson@gmail.com","message":"successfully handled skipped operation."},{"id":"ba577ad7-df1e-4d02-b3b2-fc0fd5efff91","email":"logan.clark@dropbox.net","message":"failed to process due to datastore timeout of 30 seconds.  operation took 120 seconds."},{"id":"be43f6ec-636b-44fb-af0b-a0fc35a5b950","email":"jack.thompson@me.com","message":"successfully processed after 9739 milliseconds."},{"id":"604ba513-c7f4-4da6-ba63-3e215cf633f3","email":"ava.davis@gmail.com","message":"successfully handled skipped operation."},{"id":"24a03b5f-b210-4e3e-81b2-643d487f883e","email":"abigail.smith@amerisave.com","message":"successfully handled skipped operation."},{"id":"a890b158-961f-4e3f-bdd5-c318f08e616b","email":"sarah.green@amerisave.com","message":"successfully handled skipped operation."},{"id":"af90ec28-0411-43de-90cf-5c1ea6ad4754","email":"madison.lewis@gmail.com","message":"failed to process due to datastore timeout of 30 seconds.  operation took 109 seconds."},{"id":"879c7b31-ae15-4911-bc77-6d9b9601178c","email":"abigail.smith@amerisave.com","message":"successfully handled skipped operation."},{"id":"b9504a26-b0ac-4f9c-8a9c-31cf29dae087","email":"samantha.scott@me.com","message":"failed to process due to datastore timeout of 30 seconds.  operation took 54 seconds."},{"id":"d9bcac67-3666-47b5-8dbf-fd226a7039a6","email":"daniel.rodriguez@amerisave.com","message":"successfully processed after 7644 milliseconds."},{"id":"d52a7b0f-144a-4af1-9ec1-6189bb489853","email":"noah.sanchez@me.com","message":"successfully handled skipped operation."},{"id":"d6c7cc6d-8624-49f6-9a1d-ed755ffb4fe1","email":"olivia.wright@gmail.com","message":"successfully parsed message, but message temporarily enqueued while system restarts."},{"id":"39361e39-688d-4a3a-8f5a-d7192d41b627","email":"isabella.jackson@amerisave.com","message":"successfully processed after 7525 milliseconds."},{"id":"b93c98b7-4429-40c5-a530-86f89ac4e483","email":"hannah.martin@dropbox.net","message":"failed to process due to datastore timeout of 30 seconds.  operation took 86 seconds."},{"id":"5e05b9b7-0726-4b1e-a1b4-92216e0938c4","email":"michael.hall@dropbox.net","message":"successfully parsed message, but message temporarily enqueued while system restarts."},{"id":"166130f0-13fe-4ac9-81c4-621418bf50c7","email":"andrew.miller@gmail.com","message":"failed to process due to datastore timeout of 30 seconds.  operation took 105 seconds."},{"id":"748bebcf-42c8-4a5e-8f57-f7a7ccb05e52","email":"ella.anderson@dropbox.net","message":"successfully processed after 2837 milliseconds."},{"id":"635be259-de34-452b-849e-3ec0cb0ace4b","email":"liam.gonzalez@me.com","message":"failed to process due to datastore timeout of 30 seconds.  operation took 126 seconds."},{"id":"7475d138-f9bd-4c11-b29d-c4c31899c537","email":"ethan.hernandez@microsoft.com","message":"failed to process due to network exception."},{"id":"f6e8195c-883f-4192-9ad0-0d7104ae46a2","email":"hannah.martin@dropbox.net","message":"failed to process due to network exception."},{"id":"8a31fbea-d578-4065-9369-41a53acc8f28","email":"nathan.young@microsoft.com","message":"failed to process due to datastore timeout of 30 seconds.  operation took 60 seconds."},{"id":"c7f1ca15-354a-4b1a-bf19-19e8198554d1","email":"madison.lewis@gmail.com","message":"failed to process due to datastore timeout of 30 seconds.  operation took 70 seconds."},{"id":"959d71d8-4440-4d56-bf83-2ad8c336bbf0","email":"daniel.rodriguez@amerisave.com","message":"failed to process due to network exception."},{"id":"31491547-c14d-4354-af05-38be6174b265","email":"ryan.king@dropbox.net","message":"failed to process due to network exception."},{"id":"86273788-176d-4b16-b2f6-369d4d27f466","email":"ethan.hernandez@microsoft.com","message":"successfully parsed message, but message temporarily enqueued while system restarts."},{"id":"a6f45aff-a8ef-4f09-837a-3b6f1f600774","email":"ethan.hernandez@microsoft.com","message":"failed to process due to datastore timeout of 30 seconds.  operation took 110 seconds."},{"id":"85b5a99d-7103-48c3-8d5d-851aa8c488b2","email":"madison.lewis@gmail.com","message":"failed to process due to datastore timeout of 30 seconds.  operation took 98 seconds."},{"id":"550da82c-042b-49d4-a0c8-87e0d6f436f9","email":"grace.moore@gmail.com","message":"successfully handled skipped operation."},{"id":"2f24de86-8895-4a2f-a192-24234aabdbf4","email":"alexander.williams@gmail.com","message":"failed to process due to network exception."},{"id":"4121e196-56f1-4c73-b6a1-3245bd4f55e4","email":"elizabeth.martinez@dropbox.net","message":"successfully parsed message, but message temporarily enqueued while system restarts."},{"id":"620f5dfc-bf26-4483-8d5b-8bc995a8267c","email":"samantha.scott@me.com","message":"successfully parsed message, but message temporarily enqueued while system restarts."},{"id":"fc367b9a-2bf9-46a5-8e1a-ad0ecc066d63","email":"isabella.jackson@amerisave.com","message":"failed to process due to datastore timeout of 30 seconds.  operation took 60 seconds."},{"id":"67da9c93-eac9-4f19-b95d-b3cfdd61dd04","email":"noah.sanchez@me.com","message":"failed to process due to network exception."},{"id":"805c971a-5c56-420e-a224-aabefe921a4c","email":"ella.anderson@dropbox.net","message":"failed to process due to datastore timeout of 30 seconds.  operation took 103 seconds."},{"id":"f89f427c-fce6-4ce5-b379-a91514b7a332","email":"mason.robinson@amerisave.com","message":"successfully parsed message, but message temporarily enqueued while system restarts."},{"id":"a476f60d-3394-4dfd-a8ff-e01a219ea61d","email":"isabella.jackson@amerisave.com","message":"successfully handled skipped operation."},{"id":"a4e0ad13-466f-4388-9c2f-acd73373a3a6","email":"joshua.lee@gmail.com","message":"successfully processed after 2794 milliseconds."},{"id":"62780fbc-d435-4288-9f19-4694208881d2","email":"michael.hall@dropbox.net","message":"successfully parsed message, but message temporarily enqueued while system restarts."},{"id":"dbb03aec-d7b6-4b71-924c-cd5c912fb17c","email":"alexander.williams@gmail.com","message":"failed to process due to datastore timeout of 30 seconds.  operation took 129 seconds."},{"id":"5bcb3b4d-8a08-4ed4-8a64-711a6d123e39","email":"ryan.king@dropbox.net","message":"successfully handled skipped operation."},{"id":"8285fb99-088d-482e-ba08-ffcfb70942ca","email":"taylor.adams@gmail.com","message":"successfully handled skipped operation."},{"id":"dc652ea0-f4a8-48fd-8416-a1252c331b25","email":"alexis.brown@microsoft.com","message":"failed to process due to network exception."},{"id":"56c29c87-e616-49b0-9632-4b83719b3523","email":"elizabeth.martinez@dropbox.net","message":"failed to process due to datastore timeout of 30 seconds.  operation took 109 seconds."},{"id":"f8a7cf26-7a55-4d56-a71f-bbae628cb5b3","email":"alyssa.jones@amerisave.com","message":"successfully parsed message, but message temporarily enqueued while system restarts."},{"id":"f0792661-9449-4776-b0cd-7a3bcbca7272","email":"samantha.scott@me.com","message":"failed to process due to network exception."},{"id":"c52835d1-a327-4c1f-bbb0-00b852af9cca","email":"samantha.scott@me.com","message":"failed to process due to datastore timeout of 30 seconds.  operation took 117 seconds."},{"id":"5ad0cf50-a6f8-4f07-be5f-ecd2f86b4db6","email":"daniel.rodriguez@amerisave.com","message":"successfully parsed message, but message temporarily enqueued while system restarts."},{"id":"2f4d8477-32ee-4bae-9610-c7e08e66ad0b","email":"alexander.williams@gmail.com","message":"successfully parsed message, but message temporarily enqueued while system restarts."},{"id":"caf402ee-46df-4d95-8092-1d3c27188484","email":"ava.davis@gmail.com","message":"successfully processed after 2269 milliseconds."},{"id":"b276e9d1-b0e8-4672-80ab-cfc29808b60d","email":"andrew.miller@gmail.com","message":"failed to process due to datastore timeout of 30 seconds.  operation took 94 seconds."},{"id":"3e8ac4a0-0730-48ab-bb60-1ee444758601","email":"jackson.white@gmail.com","message":"failed to process due to network exception."},{"id":"617beb2c-9c17-4360-8629-7577e69168c5","email":"daniel.rodriguez@amerisave.com","message":"successfully processed after 3619 milliseconds."},{"id":"41f01671-90b6-4281-8880-6bea2b630e15","email":"lily.harris@gmail.com","message":"failed to process due to network exception."},{"id":"8d523ef6-53cf-4512-982d-fa1704bc3fa1","email":"madison.lewis@gmail.com","message":"successfully handled skipped operation."},{"id":"6560242e-3b00-4dd3-a170-f5a354da54c5","email":"logan.clark@dropbox.net","message":"successfully processed after 4998 milliseconds."},{"id":"0fb1049c-4467-4039-8764-f84ce7be2e82","email":"mason.robinson@amerisave.com","message":"successfully handled skipped operation."},{"id":"df25b24c-819d-428c-beeb-3c5817d7ade6","email":"matthew.walker@amerisave.com","message":"successfully processed after 3557 milliseconds."},{"id":"e654ace8-a172-479d-900a-a79868bc9951","email":"hannah.martin@dropbox.net","message":"successfully handled skipped operation."},{"id":"c890899a-869f-4a1c-a3dc-5cc022bbcc2f","email":"matthew.walker@amerisave.com","message":"failed to process due to datastore timeout of 30 seconds.  operation took 128 seconds."},{"id":"c490f4a2-6fdd-4c25-ae26-abfebdebd4f1","email":"madison.lewis@gmail.com","message":"failed to process due to datastore timeout of 30 seconds.  operation took 33 seconds."},{"id":"71554adf-e85e-45af-834f-302a8f57e8cd","email":"jackson.white@gmail.com","message":"successfully parsed message, but message temporarily enqueued while system restarts."},{"id":"3493a65f-fac6-487b-a320-0e48f40d339c","email":"hannah.martin@dropbox.net","message":"successfully handled skipped operation."},{"id":"98fa5450-a38f-4b62-a818-0e01e5d56363","email":"dylan.wilson@gmail.com","message":"failed to process due to datastore timeout of 30 seconds.  operation took 106 seconds."},{"id":"ef3a7c95-06f6-4ebf-997e-a345efdd04e0","email":"grace.moore@gmail.com","message":"successfully handled skipped operation."},{"id":"90a003f1-455f-4628-a119-803f26321df1","email":"mia.perez@me.com","message":"successfully processed after 4009 milliseconds."},{"id":"ebb63bee-7e7a-4df1-8bb3-eb84807f3735","email":"hannah.martin@dropbox.net","message":"failed to process due to network exception."},{"id":"4874ef91-655a-4205-838e-e57beb3261dd","email":"liam.gonzalez@me.com","message":"successfully handled skipped operation."},{"id":"08ffdfe2-909f-44ec-98b2-6fa1c736a316","email":"grace.moore@gmail.com","message":"failed to process due to datastore timeout of 30 seconds.  operation took 54 seconds."},{"id":"49c17118-0c92-4915-8c7d-de527cb88cab","email":"andrew.miller@gmail.com","message":"successfully parsed message, but message temporarily enqueued while system restarts."},{"id":"03c2443c-2b38-4e8d-93c0-b4f8fd7112c6","email":"joshua.lee@gmail.com","message":"successfully processed after 1045 milliseconds."},{"id":"3ecbcdef-71d2-4a50-804c-5237cff9f935","email":"alyssa.jones@amerisave.com","message":"successfully parsed message, but message temporarily enqueued while system restarts."},{"id":"6ca85971-6122-4fe8-ae1f-f202e4eefe0a","email":"liam.gonzalez@me.com","message":"successfully processed after 9186 milliseconds."},{"id":"102840f5-2f22-4c22-8cbc-f9a847fdcb5a","email":"grace.moore@gmail.com","message":"successfully handled skipped operation."},{"id":"851300fe-2f3a-4ecf-b6e8-aa4d8754bb81","email":"matthew.walker@amerisave.com","message":"successfully processed after 4102 milliseconds."},{"id":"993e0988-e459-441d-8fda-3612708d3170","email":"sophia.baker@dropbox.net","message":"successfully parsed message, but message temporarily enqueued while system restarts."},{"id":"6c232f3c-db37-4987-b323-345ad42dd410","email":"alexis.brown@microsoft.com","message":"successfully processed after 4346 milliseconds."},{"id":"e5b31910-ba85-4733-a883-e6b5954ce0b5","email":"michael.hall@dropbox.net","message":"failed to process due to datastore timeout of 30 seconds.  operation took 123 seconds."},{"id":"9f238ff9-944c-4252-acdc-5188b132ebde","email":"abigail.smith@amerisave.com","message":"failed to process due to datastore timeout of 30 seconds.  operation took 115 seconds."},{"id":"e16e158b-65dc-43c8-a0ec-c05e93869e21","email":"jacob.lopez@dropbox.net","message":"successfully processed after 5816 milliseconds."},{"id":"8e6a57e9-cac8-49a9-bd0e-47e61e48b4d3","email":"sarah.green@amerisave.com","message":"failed to process due to datastore timeout of 30 seconds.  operation took 43 seconds."},{"id":"8dfd31bc-9555-4729-b804-945a363f8696","email":"noah.sanchez@me.com","message":"successfully parsed message, but message temporarily enqueued while system restarts."},{"id":"82c35eaf-b65d-482e-9668-fe6c6ef2251a","email":"abigail.smith@amerisave.com","message":"failed to process due to datastore timeout of 30 seconds.  operation took 120 seconds."},{"id":"e1a512b6-5e90-479f-91ad-99037be162d5","email":"ryan.king@dropbox.net","message":"successfully parsed message, but message temporarily enqueued while system restarts."},{"id":"574bd4b1-9cd1-411a-88bb-93d941010561","email":"daniel.rodriguez@amerisave.com","message":"failed to process due to datastore timeout of 30 seconds.  operation took 65 seconds."}],"id":"6d939bda-6d7b-4b1e-94dc-332dba8b924c"}