{"logs":[{"id":"594dc5b6-e159-483d-93ad-63cb220b3ce5","email":"madison.lewis@gmail.com","message":"successfully parsed message, but message temporarily enqueued while system restarts."},{"id":"759a2b33-0028-45ae-bf20-8c8278bca106","email":"nicholas.allen@microsoft.com","message":"successfully processed after 3817 milliseconds."},{"id":"be169828-2877-4367-96d0-738ea95e8736","email":"andrew.miller@gmail.com","message":"failed to process due to network exception."},{"id":"b7a34aaf-e754-4eda-a402-c04e7fcb62d0","email":"hannah.martin@dropbox.net","message":"successfully parsed message, but message temporarily enqueued while system restarts."},{"id":"51c7e59d-e366-497e-b0e0-2ff356baed4c","email":"alyssa.jones@amerisave.com","message":"successfully parsed message, but message temporarily enqueued while system restarts."},{"id":"d0a9bd64-24f5-4fb2-9fde-004d997cb1b9","email":"sarah.green@amerisave.com","message":"failed to process due to network exception."},{"id":"c75cc3d4-1b6c-4b96-8025-7c880f3aa1a0","email":"nicholas.allen@microsoft.com","message":"successfully handled skipped operation."},{"id":"de72c6a8-ff5e-46ff-9dc2-ef69c6d27f97","email":"madison.lewis@gmail.com","message":"successfully parsed message, but message temporarily enqueued while system restarts."},{"id":"3f6a3206-2b6d-411f-878c-1bcf08596541","email":"michael.hall@dropbox.net","message":"successfully parsed message, but message temporarily enqueued while system restarts."},{"id":"b64ed40d-ca69-40c3-967c-06727179871a","email":"jack.thompson@me.com","message":"failed to process due to datastore timeout of 30 seconds.  operation took 117 seconds."},{"id":"e1a9ff42-a4e3-47fc-8cfb-e83943acf021","email":"ryan.king@dropbox.net","message":"successfully handled skipped operation."},{"id":"6443220c-34e0-4576-97b0-10dbe5658915","email":"ethan.hernandez@microsoft.com","message":"failed to process due to datastore timeout of 30 seconds.  operation took 72 seconds."},{"id":"64b3c38a-bd97-4646-b78b-a0315d1a1f2b","email":"samantha.scott@me.com","message":"failed to process due to network exception."},{"id":"9a55a109-971d-4b15-925d-0ab6344b73c2","email":"ryan.king@dropbox.net","message":"failed to process due to network exception."},{"id":"ef647fd6-d02d-4b8d-aedf-f7c2e65a30a0","email":"alyssa.jones@amerisave.com","message":"successfully processed after 9049 milliseconds."},{"id":"03af753b-a716-41b6-b451-18c6b89334f3","email":"matthew.walker@amerisave.com","message":"failed to process due to network exception."},{"id":"cf727fa4-4182-4e9f-8c18-86c450c410d9","email":"samantha.scott@me.com","message":"failed to process due to datastore timeout of 30 seconds.  operation took 69 seconds."},{"id":"5646743b-c2fa-4cbc-82e0-f4ae0d41463e","email":"grace.moore@gmail.com","message":"failed to process due to datastore timeout of 30 seconds.  operation took 110 seconds."},{"id":"2065d282-01fa-48a9-ac88-94cf79272973","email":"andrew.miller@gmail.com","message":"successfully handled skipped operation."},{"id":"b014921a-e8df-4868-b40d-f797c8a3f069","email":"aiden.johnson@microsoft.com","message":"failed to process due to datastore timeout of 30 seconds.  operation took 127 seconds."},{"id":"f8df8837-fd57-4bda-9382-945748e3fbe5","email":"jack.thompson@me.com","message":"failed to process due to network exception."},{"id":"63d38aa1-856f-4c46-b283-25766db08982","email":"abigail.smith@amerisave.com","message":"successfully processed after 6681 milliseconds."},{"id":"7ca8a312-f683-4b54-97cb-5bc8d34b4947","email":"jack.thompson@me.com","message":"successfully parsed message, but message temporarily enqueued while system restarts."},{"id":"4d9bdfb3-799c-4604-85f3-45eadef31a2c","email":"alexis.brown@microsoft.com","message":"successfully processed after 21 milliseconds."},{"id":"7e3582fd-4efe-4b86-8acc-de0eed22938d","email":"jackson.white@gmail.com","message":"failed to process due to datastore timeout of 30 seconds.  operation took 51 seconds."},{"id":"2ce886a3-77f1-4265-a494-75887eb1097e","email":"tyler.nelson@microsoft.com","message":"successfully handled skipped operation."},{"id":"a57c00db-bc62-48f9-af33-ba932a0cdb2d","email":"isabella.jackson@amerisave.com","message":"successfully parsed message, but message temporarily enqueued while system restarts."},{"id":"e73a89d6-e607-4c1f-acd2-318b6a1e1c4b","email":"daniel.rodriguez@amerisave.com","message":"failed to process due to network exception."},{"id":"1646eecb-fadd-4dc6-8d75-e15adbeff44a","email":"elizabeth.martinez@dropbox.net","message":"successfully processed after 6630 milliseconds."},{"id":"558607ca-f1e7-49f3-8fdd-87c681bba820","email":"noah.sanchez@me.com","message":"successfully parsed message, but message temporarily enqueued while system restarts."},{"id":"5af0e153-39e9-4123-84be-9ff1dd25e04c","email":"alyssa.jones@amerisave.com","message":"failed to process due to datastore timeout of 30 seconds.  operation took 89 seconds."},{"id":"fba299ce-0640-419e-8d14-1637910a1828","email":"emma.thomas@me.com","message":"successfully parsed message, but message temporarily enqueued while system restarts."},{"id":"49ebbc2d-2107-47d2-80c4-e289c0dcb85d","email":"ava.davis@gmail.com","message":"successfully processed after 3650 milliseconds."},{"id":"073707d5-1e49-42a3-9cd8-669c3f093824","email":"andrew.miller@gmail.com","message":"failed to process due to datastore timeout of 30 seconds.  operation took 95 seconds."},{"id":"46e6db32-4aab-4f8d-930b-fa87bd6b76d8","email":"ryan.king@dropbox.net","message":"successfully handled skipped operation."},{"id":"c0e1b3b6-406a-4e28-8586-c87bafcf0cd2","email":"olivia.wright@gmail.com","message":"failed to process due to network exception."},{"id":"aa5cf4db-8d19-4944-a619-467b5d4e9126","email":"alexis.brown@microsoft.com","message":"failed to process due to datastore timeout of 30 seconds.  operation took 75 seconds."},{"id":"77e5d610-408a-444b-aa70-029aefe12794","email":"matthew.walker@amerisave.com","message":"failed to process due to datastore timeout of 30 seconds.  operation took 59 seconds."},{"id":"c1190cf4-02ba-44dd-bfce-61e7b0193953","email":"joshua.lee@gmail.com","message":"failed to process due to datastore timeout of 30 seconds.  operation took 57 seconds."},{"id":"265dc57b-73e6-44eb-b272-c7ce3c796165","email":"olivia.wright@gmail.com","message":"failed to process due to datastore timeout of 30 seconds.  operation took 64 seconds."},{"id":"0c83d549-c61a-4d34-82a8-0b9fa54c36df","email":"jack.thompson@me.com","message":"successfully handled skipped operation."},{"id":"e7b83511-0cf3-4934-bb46-1fef70fcf888","email":"jack.thompson@me.com","message":"successfully parsed message, but message temporarily enqueued while system restarts."},{"id":"c24f4fa4-e3f5-4984-94b6-f42f5a5a521a","email":"samantha.scott@me.com","message":"successfully handled skipped operation."},{"id":"719045d9-7b1a-4500-99d9-4d63055a2fe6","email":"mason.robinson@amerisave.com","message":"successfully handled skipped operation."},{"id":"ab796de5-e2af-46d8-82ed-7abc9b520f5e","email":"tyler.nelson@microsoft.com","message":"failed to process due to datastore timeout of 30 seconds.  operation took 122 seconds."},{"id":"d17982c5-32c6-4ed5-b36c-4b8ad8cf355e","email":"michael.hall@dropbox.net","message":"failed to process due to datastore timeout of 30 seconds.  operation took 43 seconds."},{"id":"b344c782-1727-431b-9574-5e3d0fd0b004","email":"ella.anderson@dropbox.net","message":"successfully processed after 2804 milliseconds."},{"id":"75e343f5-cfea-41d5-8783-3eaf31a7fde6","email":"mason.robinson@amerisave.com","message":"successfully parsed message, but message temporarily enqueued while system restarts."},{"id":"42e08151-2066-4a36-ad0d-734ae98445c6","email":"ethan.hernandez@microsoft.com","message":"successfully parsed message, but message temporarily enqueued while system restarts."},{"id":"d7472063-762f-46dc-a74a-84364d5ee0d4","email":"sarah.green@amerisave.com","message":"failed to process due to network exception."},{"id":"1f5e24b8-6068-4a8b-af91-a424b1027577","email":"taylor.adams@gmail.com","message":"successfully parsed message, but message temporarily enqueued while system restarts."},{"id":"1d9c294f-35e9-40c6-ae84-f6129e9235f4","email":"ava.davis@gmail.com","message":"failed to process due to datastore timeout of 30 seconds.  operation took 55 seconds."},{"id":"5fd4c826-f0ff-411e-b9f2-a1a511cf6ddf","email":"grace.moore@gmail.com","message":"failed to process due to network exception."},{"id":"9afaf607-6183-433e-80ba-b9217108e78f","email":"ella.anderson@dropbox.net","message":"successfully handled skipped operation."},{"id":"de0fd47f-d9c4-4334-8651-d318f310968a","email":"taylor.adams@gmail.com","message":"successfully processed after 8288 milliseconds."},{"id":"6c73acd4-c0fe-4911-810f-6d829c47db39","email":"dylan.wilson@gmail.com","message":"successfully processed after 2733 milliseconds."},{"id":"5e928a5b-2486-4b83-a40b-467f2803f324","email":"ethan.hernandez@microsoft.com","message":"successfully processed after 7570 milliseconds."},{"id":"e25268c3-dcb7-4d53-8da3-2d1d2cb8f785","email":"jacob.lopez@dropbox.net","message":"failed to process due to datastore timeout of 30 seconds.  operation took 126 seconds."},{"id":"6c416416-5cd0-4fdf-a0c8-4e689a4a225d","email":"hannah.martin@dropbox.net","message":"successfully handled skipped operation."},{"id":"3a41cae5-3ed3-4f6d-add5-326264275122","email":"emily.taylor@gmail.com","message":"successfully handled skipped operation."},{"id":"1cf6cf02-e0a2-46e8-a896-bd38d500ea75","email":"alexis.brown@microsoft.com","message":"failed to process due to network exception."},{"id":"9134a82b-5d4c-4118-8bae-5cde81210abb","email":"samantha.scott@me.com","message":"failed to process due to network exception."},{"id":"f1a04de8-eb26-4916-8db5-9e94e3c1c81b","email":"chloe.garcia@dropbox.net","message":"successfully processed after 3293 milliseconds."},{"id":"a7f2f423-eac8-4dcb-a9f1-61a97244f018","email":"tyler.nelson@microsoft.com","message":"successfully parsed message, but message temporarily enqueued while system restarts."},{"id":"0ec61929-1146-4cc8-93c9-fc43cb0ec9ff","email":"liam.gonzalez@me.com","message":"failed to process due to datastore timeout of 30 seconds.  operation took 44 seconds."},{"id":"0ea79dc0-7ed0-4e29-b80a-0c2e1effe88a","email":"nicholas.allen@microsoft.com","message":"successfully handled skipped operation."},{"id":"1bc6d530-9054-4c07-b3eb-10eda974aa6e","email":"logan.clark@dropbox.net","message":"failed to process due to network exception."},{"id":"0ac244a0-4ceb-4f11-a2d4-e91f6eee00bf","email":"ryan.king@dropbox.net","message":"successfully parsed message, but message temporarily enqueued while system restarts."},{"id":"1ccc63cf-c48c-4283-a315-fe48f0edfb23","email":"ava.davis@gmail.com","message":"failed to process due to network exception."},{"id":"984cf2ea-14bc-4506-ac4b-eb0e321e1dbf","email":"liam.gonzalez@me.com","message":"successfully processed after 6582 milliseconds."},{"id":"5452ad6d-31b4-409a-8f67-a2f92e79315b","email":"logan.clark@dropbox.net","message":"failed to process due to network exception."},{"id":"e17e8fd7-2c3b-413f-aaa7-d748aa3cfa4c","email":"nicholas.allen@microsoft.com","message":"successfully parsed message, but message temporarily enqueued while system restarts."},{"id":"2a47779d-a4d4-4bc9-b043-e01b932477d6","email":"alyssa.jones@amerisave.com","message":"successfully parsed message, but message temporarily enqueued while system restarts."},{"id":"354f2a18-cbed-4eb0-9600-7ab2623d3a44","email":"mason.robinson@amerisave.com","message":"failed to process due to datastore timeout of 30 seconds.  operation took 91 seconds."},{"id":"2ed23b59-2dd5-4281-9b85-aef8f28b842e","email":"abigail.smith@amerisave.com","message":"failed to process due to datastore timeout of 30 seconds.  operation took 37 seconds."},{"id":"7ac7d761-1043-4965-a505-77e759b16324","email":"isabella.jackson@amerisave.com","message":"failed to process due to network exception."},{"id":"738988ee-80f5-4a03-8c93-f0b98b82586f","email":"lily.harris@gmail.com","message":"successfully processed after 3311 milliseconds."},{"id":"fd515f4f-35ec-476c-8ae8-4c3ccf01c131","email":"taylor.adams@gmail.com","message":"successfully parsed message, but message temporarily enqueued while system restarts."},{"id":"1cc146db-74ac-46b0-83cd-6d054a730e51","email":"andrew.miller@gmail.com","message":"successfully parsed message, but message temporarily enqueued while system restarts."},{"id":"ae3eefc6-e50a-49b2-a135-05484da9d667","email":"jackson.white@gmail.com","message":"successfully parsed message, but message temporarily enqueued while system restarts."},{"id":"0410b38c-ceaa-4a17-a426-7bf2309c4c5a","email":"hannah.martin@dropbox.net","message":"successfully processed after 6903 milliseconds."},{"id":"ce07b871-c8ca-42a9-bfd8-3a661008596e","email":"tyler.nelson@microsoft.com","message":"successfully handled skipped operation."},{"id":"557f641e-8d47-45bf-bc48-4715b6ff39ae","email":"isabella.jackson@amerisave.com","message":"failed to process due to datastore timeout of 30 seconds.  operation took 107 seconds."},{"id":"ac4a42bb-54b6-4b99-9d62-375049457dd8","email":"isabella.jackson@amerisave.com","message":"failed to process due to network exception."},{"id":"52b0a7da-8a90-4a67-b2e5-6c10e3b1bf43","email":"madison.lewis@gmail.com","message":"successfully processed after 4063 milliseconds."},{"id":"f2968c0f-27d3-48cb-a129-80b29b21ab21","email":"tyler.nelson@microsoft.com","message":"successfully parsed message, but message temporarily enqueued while system restarts."},{"id":"ed938154-3c76-4997-87c7-76f5155a9da2","email":"madison.lewis@gmail.com","message":"successfully processed after 566 milliseconds."},{"id":"8036d761-1d69-43e6-b012-ef1e39bb8974","email":"jackson.white@gmail.com","message":"successfully processed after 5503 milliseconds."},{"id":"2855141f-0f62-45b5-b34d-1e2e4421e824","email":"elizabeth.martinez@dropbox.net","message":"successfully parsed message, but message temporarily enqueued while system restarts."},{"id":"23319dc2-9f06-4ca2-8dc2-de046a733599","email":"ryan.king@dropbox.net","message":"successfully handled skipped operation."},{"id":"7f1be198-c514-4063-a976-e9bb4eb09971","email":"ella.anderson@dropbox.net","message":"successfully processed after 3367 milliseconds."},{"id":"16da646f-047c-4988-b985-19a9c128f7b5","email":"michael.hall@dropbox.net","message":"failed to process due to network exception."},{"id":"eba26e54-30f2-46d5-b293-871b50bb3b30","email":"grace.moore@gmail.com","message":"failed to process due to network exception."},{"id":"45c04a17-6cf9-4387-a867-9e5a26530bef","email":"chloe.garcia@dropbox.net","message":"successfully processed after 6479 milliseconds."},{"id":"6e7546e8-e88a-4bce-a450-ff109df4b61c","email":"andrew.miller@gmail.com","message":"successfully parsed message, but message temporarily enqueued while system restarts."},{"id":"e2ab57f7-b3c3-46fe-9eee-24588645d63d","email":"matthew.walker@amerisave.com","message":"successfully handled skipped operation."},{"id":"0af0f7e7-88a3-4f5d-9be4-dbb892fa998a","email":"alexis.brown@microsoft.com","message":"failed to process due to network exception."},{"id":"65d90ccd-26e7-439e-8657-3891cfb00b53","email":"chloe.garcia@dropbox.net","message":"successfully parsed message, but message temporarily enqueued while system restarts."},{"id":"32abdb61-93b2-42bc-8560-8b231f8eb6b4","email":"nathan.young@microsoft.com","message":"failed to process due to datastore timeout of 30 seconds.  operation took 44 seconds."},{"id":"b5b61a98-d73a-42f5-8417-a3114dc121d1","email":"elizabeth.martinez@dropbox.net","message":"successfully processed after 9618 milliseconds."},{"id":"4a504bf8-4799-44db-8ae3-4412d7ebca7a","email":"ethan.hernandez@microsoft.com","message":"successfully handled skipped operation."},{"id":"0d59bc61-57dd-478b-8454-8c2fc28953ad","email":"joshua.lee@gmail.com","message":"successfully parsed message, but message temporarily enqueued while system restarts."},{"id":"b8e5b048-530b-4c12-8417-3f6513fac0c1","email":"samantha.scott@me.com","message":"successfully parsed message, but message temporarily enqueued while system restarts."},{"id":"63418f1c-09bf-42b9-bdfc-72d2021b592a","email":"aiden.johnson@microsoft.com","message":"failed to process due to network exception."},{"id":"f206a6a1-e61d-4d79-a497-ace44458ef95","email":"ethan.hernandez@microsoft.com","message":"successfully processed after 8802 milliseconds."},{"id":"ea8a818c-af53-4bf8-b9cd-fdb5d95c225c","email":"jack.thompson@me.com","message":"successfully parsed message, but message temporarily enqueued while system restarts."},{"id":"e4c347c6-2dc2-4208-a74f-e61e83c55113","email":"ava.davis@gmail.com","message":"successfully parsed message, but message temporarily enqueued while system restarts."},{"id":"da2f4f69-3730-4739-b971-8a3d0692ed01","email":"hannah.martin@dropbox.net","message":"successfully parsed message, but message temporarily enqueued while system restarts."},{"id":"d8f8cbe5-6766-4538-9842-0a00139d8f6d","email":"taylor.adams@gmail.com","message":"successfully parsed message, but message temporarily enqueued while system restarts."},{"id":"0f4838cc-b8c1-4eb6-9b39-19108d16ee88","email":"ethan.hernandez@microsoft.com","message":"failed to process due to network exception."},{"id":"a871a149-7789-4e6f-aaba-e3fc4e819c63","email":"alexis.brown@microsoft.com","message":"successfully parsed message, but message temporarily enqueued while system restarts."},{"id":"376d3411-e2c4-48f3-bc82-2b45c94ae157","email":"samantha.scott@me.com","message":"successfully parsed message, but message temporarily enqueued while system restarts."},{"id":"2d5e85b7-1b49-46d0-962b-7f3eb7f42a9b","email":"madison.lewis@gmail.com","message":"successfully parsed message, but message temporarily enqueued while system restarts."},{"id":"4a535916-5cc8-4de2-8571-279658f0d2cc","email":"liam.gonzalez@me.com","message":"successfully handled skipped operation."},{"id":"fac82a3e-5de3-4cbe-ba0d-8f29695b0510","email":"abigail.smith@amerisave.com","message":"successfully processed after 1878 milliseconds."},{"id":"af9d7cff-3874-4246-8875-5aaa216152d3","email":"taylor.adams@gmail.com","message":"failed to process due to datastore timeout of 30 seconds.  operation took 109 seconds."},{"id":"72414214-e27c-471d-971a-52f87855ca12","email":"nicholas.allen@microsoft.com","message":"successfully processed after 7098 milliseconds."},{"id":"7c15bf8a-aa54-48a1-8c10-e810aa5a8491","email":"daniel.rodriguez@amerisave.com","message":"successfully parsed message, but message temporarily enqueued while system restarts."},{"id":"3c10d947-f05c-47a8-afd3-b8f73f1754d2","email":"logan.clark@dropbox.net","message":"successfully processed after 8372 milliseconds."},{"id":"32aa5bec-e533-46fd-98b0-374779def370","email":"elizabeth.martinez@dropbox.net","message":"successfully parsed message, but message temporarily enqueued while system restarts."},{"id":"f5b7f9a5-916a-492f-8b56-9d65bbc58856","email":"mia.perez@me.com","message":"successfully processed after 6342 milliseconds."},{"id":"274bc1f7-ad64-42d4-bc31-979987bb3094","email":"michael.hall@dropbox.net","message":"failed to process due to datastore timeout of 30 seconds.  operation took 42 seconds."},{"id":"6f0d4be7-0c86-4c0b-b077-ca2d69a19a9a","email":"lily.harris@gmail.com","message":"successfully parsed message, but message temporarily enqueued while system restarts."},{"id":"f00ce5c1-e89c-48ba-b2a8-4c6ea6cd679f","email":"alexis.brown@microsoft.com","message":"failed to process due to datastore timeout of 30 seconds.  operation took 36 seconds."},{"id":"57945f18-56ab-497b-ad2e-afbce212d558","email":"lily.harris@gmail.com","message":"successfully handled skipped operation."},{"id":"fbb41629-02b3-4b68-bfbf-7a67f8aa6bb5","email":"tyler.nelson@microsoft.com","message":"successfully handled skipped operation."},{"id":"44b213a6-3bb0-4d2c-9f26-3cbdfe468f0b","email":"madison.lewis@gmail.com","message":"failed to process due to network exception."},{"id":"dac5648c-e915-481f-9cad-666b7a5532f6","email":"madison.lewis@gmail.com","message":"failed to process due to datastore timeout of 30 seconds.  operation took 89 seconds."},{"id":"f397f9fe-e049-4f19-a1bc-cb86697b17ec","email":"jack.thompson@me.com","message":"successfully parsed message, but message temporarily enqueued while system restarts."},{"id":"040cebb9-7c69-43dd-b05f-2ac14675d671","email":"grace.moore@gmail.com","message":"failed to process due to network exception."},{"id":"6169767b-2184-4f09-b2a4-1bbca908da8c","email":"alexander.williams@gmail.com","message":"successfully processed after 9412 milliseconds."},{"id":"b2a5d823-0684-4a85-973a-b86403140ecf","email":"alexis.brown@microsoft.com","message":"failed to process due to network exception."},{"id":"41c072db-77e3-4e67-917a-cef6e062e7c0","email":"matthew.walker@amerisave.com","message":"failed to process due to datastore timeout of 30 seconds.  operation took 37 seconds."},{"id":"d34cdd3a-031f-4e78-992c-1f3f532674bd","email":"ethan.hernandez@microsoft.com","message":"failed to process due to datastore timeout of 30 seconds.  operation took 83 seconds."},{"id":"adbb525f-2ba0-4b63-a4d0-2548087d2a97","email":"alexis.brown@microsoft.com","message":"failed to process due to datastore timeout of 30 seconds.  operation took 42 seconds."},{"id":"d0c44b13-3c91-4f65-869b-6dbe4ebcb5cd","email":"tyler.nelson@microsoft.com","message":"failed to process due to datastore timeout of 30 seconds.  operation took 35 seconds."},{"id":"f0bd18e5-3237-4343-bd76-513daf462cce","email":"mason.robinson@amerisave.com","message":"failed to process due to datastore timeout of 30 seconds.  operation took 50 seconds."},{"id":"b213673e-32d6-4b66-a57c-b86ba920eeeb","email":"andrew.miller@gmail.com","message":"successfully handled skipped operation."},{"id":"2d7c96d6-890a-419f-bfb1-46ef66f548fe","email":"mia.perez@me.com","message":"failed to process due to network exception."},{"id":"82251f0e-34c9-47d5-a198-995c9d78f777","email":"joshua.lee@gmail.com","message":"failed to process due to network exception."},{"id":"c1a482a6-b787-4607-acec-bf9eef6bbdc2","email":"isabella.jackson@amerisave.com","message":"successfully handled skipped operation."},{"id":"e1b2e7ed-25e1-4ded-a58f-c39baa84e3e9","email":"emma.thomas@me.com","message":"successfully handled skipped operation."},{"id":"aeb6c358-7e02-4d34-96d9-0b829dadd8f9","email":"daniel.rodriguez@amerisave.com","message":"successfully processed after 8828 milliseconds."},{"id":"68fb8163-cca4-4dde-b6a8-90c1998be827","email":"ava.davis@gmail.com","message":"successfully processed after 9066 milliseconds."},{"id":"0c154ef4-d514-4021-b9d7-66c319f4d3d5","email":"samantha.scott@me.com","message":"failed to process due to datastore timeout of 30 seconds.  operation took 63 seconds."},{"id":"45e996c9-8b58-4321-94be-e7007f2d685d","email":"jackson.white@gmail.com","message":"failed to process due to network exception."},{"id":"d4549d2c-4830-467f-b2ce-6553354064bb","email":"tyler.nelson@microsoft.com","message":"successfully parsed message, but message temporarily enqueued while system restarts."},{"id":"e39a0f77-0231-4456-9a96-e982772dd8e5","email":"emma.thomas@me.com","message":"successfully processed after 8811 milliseconds."},{"id":"c5797611-cb4d-4f5c-929e-a999a604a4a6","email":"matthew.walker@amerisave.com","message":"failed to process due to datastore timeout of 30 seconds.  operation took 124 seconds."},{"id":"f7789c07-ac03-4b58-acf8-b6e4519d23b1","email":"hannah.martin@dropbox.net","message":"failed to process due to datastore timeout of 30 seconds.  operation took 130 seconds."},{"id":"50d5cde3-b9a0-4f9c-bf86-41e51067c228","email":"lily.harris@gmail.com","message":"successfully parsed message, but message temporarily enqueued while system restarts."},{"id":"902a4caf-ca4c-4425-9f64-64857ad0bce7","email":"lily.harris@gmail.com","message":"failed to process due to network exception."},{"id":"fcd63c49-7cdf-4679-9ea1-480cee2bef3a","email":"mia.perez@me.com","message":"successfully parsed message, but message temporarily enqueued while system restarts."},{"id":"998846f4-3ee2-4d9b-8933-6cd225ae8f63","email":"alexis.brown@microsoft.com","message":"failed to process due to datastore timeout of 30 seconds.  operation took 74 seconds."},{"id":"7a2d7210-cf42-429e-a3c3-9caeef95ed52","email":"grace.moore@gmail.com","message":"failed to process due to datastore timeout of 30 seconds.  operation took 101 seconds."},{"id":"e49d4642-442c-45ec-95ba-8f6a9b566754","email":"ava.davis@gmail.com","message":"successfully handled skipped operation."},{"id":"50cd769a-c655-4efb-a28d-08ede0967cf9","email":"alyssa.jones@amerisave.com","message":"failed to process due to network exception."},{"id":"99af3853-9fef-480f-9bd7-24fdccd0f251","email":"tyler.nelson@microsoft.com","message":"successfully processed after 1260 milliseconds."},{"id":"3e805118-56a5-40a9-979e-4579e7b97026","email":"olivia.wright@gmail.com","message":"successfully processed after 9993 milliseconds."},{"id":"74e92d81-4dad-480c-8806-20a2b7958ed5","email":"ryan.king@dropbox.net","message":"successfully handled skipped operation."},{"id":"95cc8d93-11e8-4c1c-8cf3-b4a387e54501","email":"ava.davis@gmail.com","message":"successfully handled skipped operation."},{"id":"df6f933d-ae20-4cb4-8676-665a050d8e2b","email":"sophia.baker@dropbox.net","message":"successfully parsed message, but message temporarily enqueued while system restarts."},{"id":"90c94149-bc76-48d1-a6f0-726160e8186b","email":"liam.gonzalez@me.com","message":"successfully processed after 8809 milliseconds."},{"id":"2768353c-216f-48aa-915f-4e600007e919","email":"hannah.martin@dropbox.net","message":"successfully handled skipped operation."},{"id":"a49b4bbb-9a52-421d-8bad-be180aa569e7","email":"chloe.garcia@dropbox.net","message":"failed to process due to datastore timeout of 30 seconds.  operation took 65 seconds."},{"id":"ce93341f-3c79-4c57-8a31-db52998238c3","email":"noah.sanchez@me.com","message":"failed to process due to datastore timeout of 30 seconds.  operation took 66 seconds."},{"id":"8764c810-01f9-4285-beb9-076d97ac4db3","email":"joshua.lee@gmail.com","message":"successfully parsed message, but message temporarily enqueued while system restarts."},{"id":"7ef473f1-049a-450e-b489-174d26f97982","email":"michael.hall@dropbox.net","message":"successfully parsed message, but message temporarily enqueued while system restarts."},{"id":"45be06cc-becf-444a-9221-9b49a6e30552","email":"andrew.miller@gmail.com","message":"successfully handled skipped operation."},{"id":"7384a7bb-75d2-4b25-bf5b-f9b61f578fc8","email":"matthew.walker@amerisave.com","message":"successfully processed after 3944 milliseconds."},{"id":"4644ddc1-019c-4859-9c26-0c71c1ec63ca","email":"dylan.wilson@gmail.com","message":"successfully processed after 8645 milliseconds."},{"id":"0af5bfce-ba36-4c2b-9de8-fc37fa40fe5d","email":"grace.moore@gmail.com","message":"failed to process due to network exception."},{"id":"ee2933d6-8d21-4340-a175-b806a3af099b","email":"andrew.miller@gmail.com","message":"failed to process due to datastore timeout of 30 seconds.  operation took 124 seconds."},{"id":"04e3b42a-bce1-4beb-a5d2-6da066423985","email":"alexander.williams@gmail.com","message":"successfully parsed message, but message temporarily enqueued while system restarts."},{"id":"3a1ab958-89be-4d4e-b025-1f36bfc92a27","email":"alexis.brown@microsoft.com","message":"successfully handled skipped operation."},{"id":"c8064f8b-640d-409d-8ad2-14ca9a0a9245","email":"logan.clark@dropbox.net","message":"successfully handled skipped operation."},{"id":"d7f476b0-ccd9-443b-8e58-296755c5f753","email":"ava.davis@gmail.com","message":"failed to process due to network exception."},{"id":"33e3421e-ff02-4dc2-9f51-90542363a588","email":"nathan.young@microsoft.com","message":"failed to process due to network exception."},{"id":"7fb9147d-b41f-4376-a3a3-f36d0deb4c87","email":"dylan.wilson@gmail.com","message":"failed to process due to network exception."},{"id":"d6a2badf-7f43-43a5-a9b2-c60091869ec6","email":"ethan.hernandez@microsoft.com","message":"successfully processed after 6672 milliseconds."},{"id":"84f5e938-e644-46a4-a15e-6789fe210fb6","email":"liam.gonzalez@me.com","message":"successfully parsed message, but message temporarily enqueued while system restarts."},{"id":"2bf371b0-58a3-449f-b1c9-3eba268b42b8","email":"isabella.jackson@amerisave.com","message":"successfully parsed message, but message temporarily enqueued while system restarts."},{"id":"dc2dc6c6-4a46-439b-a38e-01b353f3ed47","email":"daniel.rodriguez@amerisave.com","message":"failed to process due to datastore timeout of 30 seconds.  operation took 49 seconds."},{"id":"0d462dcc-de7b-4112-8f28-ca1a7192ff2b","email":"dylan.wilson@gmail.com","message":"failed to process due to network exception."},{"id":"77331746-d9d7-4899-821c-2ab3f7057612","email":"lily.harris@gmail.com","message":"failed to process due to datastore timeout of 30 seconds.  operation took 90 seconds."},{"id":"da330bbd-3ce8-4ae7-8072-e4f41ccddcaa","email":"isabella.jackson@amerisave.com","message":"successfully parsed message, but message temporarily enqueued while system restarts."},{"id":"81703184-b506-4e5d-a9e7-b8bf5ef154ef","email":"abigail.smith@amerisave.com","message":"successfully handled skipped operation."},{"id":"08a2e5d4-9360-4c80-8665-6c0e9fed0858","email":"alyssa.jones@amerisave.com","message":"successfully handled skipped operation."},{"id":"51ccffb3-ea2d-45e4-a337-a8a630dae067","email":"andrew.miller@gmail.com","message":"failed to process due to network exception."},{"id":"6b0662d0-2653-44cd-9ae3-ff24ecf6b607","email":"mason.robinson@amerisave.com","message":"successfully processed after 5732 milliseconds."},{"id":"b3d4ad5f-93ee-47b9-aa14-5a5c30163dae","email":"jacob.lopez@dropbox.net","message":"successfully processed after 2671 milliseconds."},{"id":"ecf23130-36b9-4ec6-a004-a05f8e57edb4","email":"noah.sanchez@me.com","message":"failed to process due to network exception."},{"id":"76c9fe88-5a35-4e62-90b3-0fb7bec5e5d5","email":"isabella.jackson@amerisave.com","message":"failed to process due to datastore timeout of 30 seconds.  operation took 108 seconds."},{"id":"484e949f-a217-4861-bf50-8ab60d30c038","email":"daniel.rodriguez@amerisave.com","message":"failed to process due to datastore timeout of 30 seconds.  operation took 31 seconds."},{"id":"8049e4da-10a3-4d60-8512-8d5b7f3f8ee2","email":"ethan.hernandez@microsoft.com","message":"successfully processed after 531 milliseconds."},{"id":"496bf16a-8647-460e-ab15-e6e495f41114","email":"dylan.wilson@gmail.com","message":"failed to process due to datastore timeout of 30 seconds.  operation took 81 seconds."},{"id":"77f9a2ce-b4e1-4e01-8d6c-0e2e5010fc93","email":"elizabeth.martinez@dropbox.net","message":"failed to process due to network exception."},{"id":"49b3362f-02c5-4922-bfbf-0ca54b48e44f","email":"dylan.wilson@gmail.com","message":"successfully handled skipped operation."},{"id":"4f150d32-c576-4090-8d7f-de3f240c2ac4","email":"emma.thomas@me.com","message":"failed to process due to datastore timeout of 30 seconds.  operation took 51 seconds."},{"id":"1319c91e-6b7d-4f44-b8ee-a65e1d95e6d4","email":"isabella.jackson@amerisave.com","message":"failed to process due to network exception."},{"id":"734c65fe-ff7d-404c-8b21-90889fce5819","email":"mason.robinson@amerisave.com","message":"successfully processed after 143 milliseconds."},{"id":"a5ecd68f-d59c-4c57-b3ba-50f446c27f27","email":"elizabeth.martinez@dropbox.net","message":"successfully parsed message, but message temporarily enqueued while system restarts."},{"id":"451688dc-d09d-4a1f-800d-69f4e31b5a33","email":"michael.hall@dropbox.net","message":"successfully handled skipped operation."},{"id":"0b9e2e60-38de-496f-9666-a94939b77d09","email":"samantha.scott@me.com","message":"successfully parsed message, but message temporarily enqueued while system restarts."},{"id":"3a76b649-b547-4601-843a-0ac72b24271d","email":"jackson.white@gmail.com","message":"successfully handled skipped operation."},{"id":"dde51d98-d73e-45c0-8724-b98110c0d2e9","email":"jacob.lopez@dropbox.net","message":"failed to process due to datastore timeout of 30 seconds.  operation took 109 seconds."},{"id":"80dd876a-746e-4f15-9a1e-aaf858ed2ee3","email":"taylor.adams@gmail.com","message":"failed to process due to network exception."},{"id":"6e195353-dd36-4ef5-be50-185a5d6daf2f","email":"michael.hall@dropbox.net","message":"successfully processed after 5883 milliseconds."},{"id":"2ab40d7a-afd9-4c44-a41a-91d2b9909bae","email":"alyssa.jones@amerisave.com","message":"successfully handled skipped operation."},{"id":"4955eb86-cc71-43bb-a361-f3e3ff54b02b","email":"nathan.young@microsoft.com","message":"successfully handled skipped operation."},{"id":"b0cac8df-6f4f-41b1-a1b3-339ee577a9b2","email":"ava.davis@gmail.com","message":"failed to process due to datastore timeout of 30 seconds.  operation took 103 seconds."},{"id":"7ccbff59-214d-47b7-bd21-248f4415a0a7","email":"hannah.martin@dropbox.net","message":"successfully handled skipped operation."},{"id":"d770dbdf-f656-457f-9d35-d969d399dfe5","email":"andrew.miller@gmail.com","message":"failed to process due to datastore timeout of 30 seconds.  operation took 52 seconds."},{"id":"59e2293d-a188-4ac8-9cbd-40cfd7a3ad0e","email":"nicholas.allen@microsoft.com","message":"successfully parsed message, but message temporarily enqueued while system restarts."},{"id":"c2bed73d-06cb-499d-9d35-94c1e239441c","email":"taylor.adams@gmail.com","message":"failed to process due to network exception."},{"id":"b3c73dc9-0a9f-4c10-99d2-0760588bbe6e","email":"matthew.walker@amerisave.com","message":"successfully parsed message, but message temporarily enqueued while system restarts."},{"id":"57c0d233-d94d-4d52-bf03-1f76664c1a8e","email":"daniel.rodriguez@amerisave.com","message":"successfully handled skipped operation."},{"id":"a2bebec3-bdd8-42f8-9275-40a92f1b069b","email":"jacob.lopez@dropbox.net","message":"failed to process due to datastore timeout of 30 seconds.  operation took 49 seconds."},{"id":"43e59666-82a1-4ce8-b7d6-631f5da1a3a0","email":"elizabeth.martinez@dropbox.net","message":"failed to process due to datastore timeout of 30 seconds.  operation took 112 seconds."},{"id":"3e6e5210-5117-4df6-9eb7-21fd64bb806c","email":"jackson.white@gmail.com","message":"failed to process due to network exception."},{"id":"997f4ddb-d8d7-4977-bd46-d08610c6627c","email":"noah.sanchez@me.com","message":"failed to process due to network exception."},{"id":"3fd0e1c8-faf4-4f95-a442-4c2f58b8275b","email":"emily.taylor@gmail.com","message":"successfully handled skipped operation."},{"id":"7cd4e38b-8f00-4db2-b99f-e739d0a31882","email":"ethan.hernandez@microsoft.com","message":"successfully parsed message, but message temporarily enqueued while system restarts."},{"id":"544794d2-bf66-400d-ae02-9b15bf7a58f7","email":"sophia.baker@dropbox.net","message":"successfully parsed message, but message temporarily enqueued while system restarts."},{"id":"529a6c88-8807-41d0-83b1-6890c8e68b38","email":"dylan.wilson@gmail.com","message":"successfully parsed message, but message temporarily enqueued while system restarts."},{"id":"7eb54e08-21ba-469b-b2f9-df0442371305","email":"michael.hall@dropbox.net","message":"successfully parsed message, but message temporarily enqueued while system restarts."},{"id":"513cbce4-2953-4dfc-8869-d8b16a37103f","email":"emma.thomas@me.com","message":"failed to process due to network exception."},{"id":"91953f82-f7b7-413f-80c2-e4210a0e8898","email":"sophia.baker@dropbox.net","message":"successfully handled skipped operation."},{"id":"68550b3a-6a7b-471a-8fb0-3c16b7036303","email":"hannah.martin@dropbox.net","message":"successfully processed after 3175 milliseconds."}],"id":"9445eb62-e5ab-4fd6-b5d4-051d28d2b6fb"}