{"logs":[{"id":"3d9c1fe4-08dd-4b05-a41b-df339daabb39","email":"olivia.wright@gmail.com","message":"failed to process due to datastore timeout of 30 seconds.  operation took 85 seconds."},{"id":"797d8653-9ea5-4a57-9294-cc674a7a4396","email":"alexander.williams@gmail.com","message":"successfully processed after 8163 milliseconds."},{"id":"b5ef529a-11e9-404f-b2f0-ce4e1c823d37","email":"nicholas.allen@microsoft.com","message":"failed to process due to datastore timeout of 30 seconds.  operation took 117 seconds."},{"id":"ac3dbce9-7b93-463d-93c3-56e5af84dbd7","email":"chloe.garcia@dropbox.net","message":"failed to process due to datastore timeout of 30 seconds.  operation took 108 seconds."},{"id":"5c16dcb2-c5bb-4f7c-8931-81af309d22cd","email":"nathan.young@microsoft.com","message":"successfully parsed message, but message temporarily enqueued while system restarts."},{"id":"51f14ba3-3c8e-4aac-a8cc-f0569b0cce3e","email":"joshua.lee@gmail.com","message":"failed to process due to datastore timeout of 30 seconds.  operation took 34 seconds."},{"id":"e62289bf-65ed-455f-89a1-e09d2e83b765","email":"emma.thomas@me.com","message":"successfully processed after 1542 milliseconds."},{"id":"abe783eb-ef75-4a0b-b990-94367cb32ab2","email":"jacob.lopez@dropbox.net","message":"failed to process due to datastore timeout of 30 seconds.  operation took 40 seconds."},{"id":"5d718d28-3c1c-4452-98b2-154a4a37cf76","email":"alyssa.jones@amerisave.com","message":"successfully handled skipped operation."},{"id":"06327f84-e62c-414f-b722-fc125decf51c","email":"joshua.lee@gmail.com","message":"failed to process due to datastore timeout of 30 seconds.  operation took 99 seconds."},{"id":"ba55cd9d-0648-4bea-8070-2f152a4e9eb8","email":"jack.thompson@me.com","message":"failed to process due to network exception."},{"id":"04717093-558e-4592-8188-7f9aab278a7d","email":"aiden.johnson@microsoft.com","message":"failed to process due to network exception."},{"id":"63a6b93d-b867-4f08-9624-f7c331041e74","email":"ava.davis@gmail.com","message":"successfully parsed message, but message temporarily enqueued while system restarts."},{"id":"f4154bf3-fa75-4f8c-8950-e62fd367c26e","email":"sarah.green@amerisave.com","message":"failed to process due to network exception."},{"id":"87cc1209-dd1d-4e2e-9b29-40d5f5d1b9fc","email":"daniel.rodriguez@amerisave.com","message":"successfully handled skipped operation."},{"id":"f18c2645-07d9-4a97-a188-6e21b82747fc","email":"isabella.jackson@amerisave.com","message":"failed to process due to datastore timeout of 30 seconds.  operation took 37 seconds."},{"id":"75f9384c-3b32-4d37-81dc-3efac527a49d","email":"alyssa.jones@amerisave.com","message":"failed to process due to datastore timeout of 30 seconds.  operation took 130 seconds."},{"id":"45c7e4a6-35b8-4282-9237-bed3569941be","email":"taylor.adams@gmail.com","message":"successfully handled skipped operation."},{"id":"93963d6b-77a8-4f6e-894a-abac15e85672","email":"jack.thompson@me.com","message":"successfully parsed message, but message temporarily enqueued while system restarts."},{"id":"6e5c6b12-ac59-4320-adf2-53cb49144514","email":"ryan.king@dropbox.net","message":"successfully handled skipped operation."},{"id":"8cc3ab0a-cee2-4378-8582-35890be07bb2","email":"jacob.lopez@dropbox.net","message":"failed to process due to datastore timeout of 30 seconds.  operation took 122 seconds."},{"id":"32adf9f1-bb84-4edd-a852-b1dccb1c6859","email":"ella.anderson@dropbox.net","message":"successfully handled skipped operation."},{"id":"220165c5-4b28-4a92-a771-b5fd59385e1e","email":"ryan.king@dropbox.net","message":"failed to process due to network exception."},{"id":"48a8c6f7-2453-4942-bb7c-dfabfbfea89e","email":"michael.hall@dropbox.net","message":"failed to process due to network exception."},{"id":"572031de-bc7c-4dea-a47b-c8d1c6a772ab","email":"jacob.lopez@dropbox.net","message":"successfully parsed message, but message temporarily enqueued while system restarts."},{"id":"36b4ad78-dafa-4a39-83d7-85bd96264d2c","email":"madison.lewis@gmail.com","message":"failed to process due to network exception."},{"id":"413ce236-07f6-48fa-8831-ebc3d5c4d6de","email":"ella.anderson@dropbox.net","message":"failed to process due to datastore timeout of 30 seconds.  operation took 50 seconds."},{"id":"8c071c70-abfd-4277-b6a2-7baf15db5b49","email":"elizabeth.martinez@dropbox.net","message":"successfully parsed message, but message temporarily enqueued while system restarts."},{"id":"dec4170e-1751-48aa-a0d6-f62d91e51af5","email":"matthew.walker@amerisave.com","message":"successfully handled skipped operation."},{"id":"07951d76-6663-4ee4-af5c-7f10e89f5023","email":"emily.taylor@gmail.com","message":"successfully processed after 2564 milliseconds."},{"id":"72bb82a8-a09b-4aa7-9b38-845e475e3c2d","email":"alyssa.jones@amerisave.com","message":"successfully handled skipped operation."},{"id":"d619b26d-87d2-4a4b-b5fc-8a055c693d67","email":"jacob.lopez@dropbox.net","message":"successfully processed after 4434 milliseconds."},{"id":"98b16c9a-5564-4781-8cf8-15fc3a54eca8","email":"dylan.wilson@gmail.com","message":"failed to process due to network exception."},{"id":"d190da66-7809-40e8-8e08-2e59d24d95ca","email":"nathan.young@microsoft.com","message":"failed to process due to datastore timeout of 30 seconds.  operation took 99 seconds."},{"id":"7eb9f990-078d-460e-93ea-b6d1ae70966e","email":"jack.thompson@me.com","message":"failed to process due to network exception."},{"id":"a15bbc5f-8cd5-4dbe-9fc1-30ebf9827ed6","email":"chloe.garcia@dropbox.net","message":"successfully handled skipped operation."},{"id":"2931cb6e-d891-45a4-a391-a973b37a5a89","email":"ella.anderson@dropbox.net","message":"failed to process due to network exception."},{"id":"db99770a-2b5b-4888-b9bf-ed6b7455a759","email":"elizabeth.martinez@dropbox.net","message":"successfully parsed message, but message temporarily enqueued while system restarts."},{"id":"0119d510-7e5f-4485-8d71-0f9be383f60f","email":"alyssa.jones@amerisave.com","message":"failed to process due to datastore timeout of 30 seconds.  operation took 84 seconds."},{"id":"28df75a6-cf15-49c7-a5c3-edd36e53663b","email":"logan.clark@dropbox.net","message":"successfully processed after 1789 milliseconds."},{"id":"a49eb8cd-7d06-458f-aff6-b9971058f4be","email":"emma.thomas@me.com","message":"successfully processed after 673 milliseconds."},{"id":"5fb54acd-4ec8-4ac3-a75e-6040ed1fd600","email":"samantha.scott@me.com","message":"failed to process due to datastore timeout of 30 seconds.  operation took 112 seconds."},{"id":"44040d3c-ca64-4021-aa98-139688cc3668","email":"alyssa.jones@amerisave.com","message":"failed to process due to datastore timeout of 30 seconds.  operation took 98 seconds."},{"id":"a437bb16-f14e-4426-bf77-9eefe3e7ae3f","email":"alexander.williams@gmail.com","message":"successfully parsed message, but message temporarily enqueued while system restarts."},{"id":"60ee42dd-ca7d-40b4-930b-34efadaf74bd","email":"jackson.white@gmail.com","message":"failed to process due to datastore timeout of 30 seconds.  operation took 129 seconds."},{"id":"1694c745-36ba-41fc-b538-87d6f4bd66b0","email":"jacob.lopez@dropbox.net","message":"failed to process due to network exception."},{"id":"3aaa647a-e9d7-4389-88c1-7574593cbbcf","email":"ava.davis@gmail.com","message":"failed to process due to network exception."},{"id":"c897efa3-2f1f-4117-848d-069a34dba2cf","email":"jacob.lopez@dropbox.net","message":"successfully parsed message, but message temporarily enqueued while system restarts."},{"id":"abfdbb46-e647-43c8-b63b-31ba2c2dc36c","email":"daniel.rodriguez@amerisave.com","message":"successfully handled skipped operation."}],"id":"8aa990c9-1dc8-4fa8-84f1-b9f99006903b"}