{"logs":[{"id":"b128d0b2-f689-4a27-8fed-db0c64b7d516","email":"olivia.wright@gmail.com","message":"successfully handled skipped operation."},{"id":"fef81fde-6887-4119-b6b6-dc05c0714a3e","email":"emma.thomas@me.com","message":"successfully parsed message, but message temporarily enqueued while system restarts."},{"id":"11df10a9-02ab-430f-98d4-4a996acf6abc","email":"mia.perez@me.com","message":"successfully handled skipped operation."},{"id":"97101ad6-4e67-4bb4-9b72-677988abdbd7","email":"abigail.smith@amerisave.com","message":"successfully handled skipped operation."},{"id":"df521ea2-f3b1-4842-b4da-43841c17b432","email":"andrew.miller@gmail.com","message":"failed to process due to datastore timeout of 30 seconds.  operation took 45 seconds."},{"id":"356da139-9b32-4881-b834-868038fb6547","email":"madison.lewis@gmail.com","message":"failed to process due to datastore timeout of 30 seconds.  operation took 40 seconds."},{"id":"0c94f0a0-4fb6-4cd7-b2a2-6bcd01b34adb","email":"madison.lewis@gmail.com","message":"successfully handled skipped operation."},{"id":"d54950d2-491a-45a5-8379-865038f1a14d","email":"elizabeth.martinez@dropbox.net","message":"failed to process due to datastore timeout of 30 seconds.  operation took 84 seconds."},{"id":"aac9a144-00ed-43ad-abcb-082a5901a33c","email":"ella.anderson@dropbox.net","message":"successfully processed after 9923 milliseconds."},{"id":"513c753f-de37-4645-9328-d177c0d8e67a","email":"isabella.jackson@amerisave.com","message":"failed to process due to network exception."},{"id":"a3ab2c29-fbd1-4eb5-9390-c84ea40448eb","email":"emily.taylor@gmail.com","message":"successfully processed after 3295 milliseconds."},{"id":"9b55db39-e8b0-4917-94bc-54198cdd4ecb","email":"chloe.garcia@dropbox.net","message":"successfully handled skipped operation."},{"id":"4bfb5a4c-9079-44ea-88dd-2b9c5a8f78b3","email":"logan.clark@dropbox.net","message":"failed to process due to network exception."},{"id":"5a43c43b-0846-4ee0-b6f1-c0bbf25b0528","email":"aiden.johnson@microsoft.com","message":"successfully parsed message, but message temporarily enqueued while system restarts."},{"id":"c9a0fc19-981c-4378-9ee9-655b90ffe186","email":"alexander.williams@gmail.com","message":"failed to process due to datastore timeout of 30 seconds.  operation took 101 seconds."},{"id":"d068143d-420d-4833-8d4c-0ec622404828","email":"tyler.nelson@microsoft.com","message":"successfully handled skipped operation."},{"id":"cf12347a-c99f-47e9-96bc-1983702b50ca","email":"jackson.white@gmail.com","message":"successfully handled skipped operation."},{"id":"1585988f-399c-41d3-98c9-97a14f7085e5","email":"taylor.adams@gmail.com","message":"failed to process due to network exception."},{"id":"e78c1432-2f57-483b-a3e2-948c7622e22e","email":"alexander.williams@gmail.com","message":"successfully processed after 1964 milliseconds."},{"id":"93173958-94ab-424a-b0de-4c18418ea2d6","email":"michael.hall@dropbox.net","message":"successfully parsed message, but message temporarily enqueued while system restarts."},{"id":"6efbd7a2-5e11-4b3f-be5a-468f887b83c9","email":"ethan.hernandez@microsoft.com","message":"failed to process due to network exception."},{"id":"151bf0e0-97bb-48dc-bccd-198c3c02eef6","email":"joshua.lee@gmail.com","message":"successfully handled skipped operation."},{"id":"07a6164e-2aaa-4fc9-bd45-6c59924a433a","email":"jackson.white@gmail.com","message":"failed to process due to datastore timeout of 30 seconds.  operation took 112 seconds."},{"id":"7ce65194-9599-4cfc-abf6-efd2e990690b","email":"jackson.white@gmail.com","message":"failed to process due to datastore timeout of 30 seconds.  operation took 102 seconds."},{"id":"4aa69052-643b-4e45-b736-9d6befe3e5b7","email":"samantha.scott@me.com","message":"failed to process due to network exception."},{"id":"196f8a6d-b4c3-41f3-9fd9-647b2268deba","email":"abigail.smith@amerisave.com","message":"successfully processed after 9554 milliseconds."},{"id":"0dcff0b0-363e-4c4a-b859-502f5ef648a2","email":"ryan.king@dropbox.net","message":"failed to process due to datastore timeout of 30 seconds.  operation took 97 seconds."},{"id":"815cb7cd-3f19-4001-9676-0b8a2031d0c2","email":"samantha.scott@me.com","message":"failed to process due to datastore timeout of 30 seconds.  operation took 106 seconds."},{"id":"ba7f1b53-db27-4399-af2a-01f49b247829","email":"ryan.king@dropbox.net","message":"successfully processed after 8139 milliseconds."},{"id":"9bdd63cc-df6b-4d9f-b993-192134749716","email":"daniel.rodriguez@amerisave.com","message":"successfully parsed message, but message temporarily enqueued while system restarts."},{"id":"08a69664-d43e-4b0b-99ef-2263a53c99b8","email":"ella.anderson@dropbox.net","message":"successfully processed after 3158 milliseconds."},{"id":"12e80f49-d539-4b52-8ce3-0652ca52cd59","email":"noah.sanchez@me.com","message":"successfully processed after 1395 milliseconds."},{"id":"27bec72c-cbf1-40f4-8869-f112317b4ed6","email":"lily.harris@gmail.com","message":"failed to process due to network exception."},{"id":"be5da23d-d411-410f-b142-c2adfff84df0","email":"alexander.williams@gmail.com","message":"failed to process due to network exception."},{"id":"366c5f69-98cb-4be2-b8de-e6b127a21ca2","email":"mason.robinson@amerisave.com","message":"failed to process due to network exception."},{"id":"2c24b228-6a3a-4d5e-96b4-db8c61179fb2","email":"aiden.johnson@microsoft.com","message":"successfully parsed message, but message temporarily enqueued while system restarts."},{"id":"21a4fa23-4238-489d-bdc0-0245b22369c7","email":"emily.taylor@gmail.com","message":"failed to process due to datastore timeout of 30 seconds.  operation took 59 seconds."},{"id":"d5b5adca-9c31-4cb1-a709-aa785e455cad","email":"ava.davis@gmail.com","message":"successfully handled skipped operation."},{"id":"e4bce8e4-f456-4822-9c02-56a5a08cd7a1","email":"ava.davis@gmail.com","message":"failed to process due to datastore timeout of 30 seconds.  operation took 34 seconds."},{"id":"a3474fbb-5cd8-4b2e-a511-17c597d4b553","email":"abigail.smith@amerisave.com","message":"successfully processed after 782 milliseconds."},{"id":"aa0833ec-93db-4e1a-b9f8-52f48a213998","email":"mia.perez@me.com","message":"successfully handled skipped operation."},{"id":"bbbdbc38-df68-4029-863f-dd729bc67a37","email":"tyler.nelson@microsoft.com","message":"successfully parsed message, but message temporarily enqueued while system restarts."},{"id":"29e078e2-6401-4a04-a64d-4d758f348e0e","email":"sophia.baker@dropbox.net","message":"successfully processed after 7861 milliseconds."},{"id":"1c11da15-5012-4294-ac7a-d37e646e8955","email":"logan.clark@dropbox.net","message":"successfully parsed message, but message temporarily enqueued while system restarts."},{"id":"ecc9158d-573d-4096-91ac-d49fe4e9076a","email":"hannah.martin@dropbox.net","message":"successfully handled skipped operation."},{"id":"2256edb7-58c5-4fc5-a142-a19c026d6057","email":"noah.sanchez@me.com","message":"failed to process due to network exception."},{"id":"b73c9d31-d2aa-4ec2-8f33-f77eddc7f48f","email":"emma.thomas@me.com","message":"successfully parsed message, but message temporarily enqueued while system restarts."},{"id":"0612ab35-89ed-4f3a-b94d-b230ba24ff34","email":"liam.gonzalez@me.com","message":"failed to process due to network exception."},{"id":"f4e2f40c-5359-4088-b783-3cb1587de0a1","email":"samantha.scott@me.com","message":"failed to process due to network exception."},{"id":"ef377b25-d0b2-4bd9-91c9-b072d3a9ea03","email":"taylor.adams@gmail.com","message":"failed to process due to network exception."},{"id":"e70fce1b-31af-4e6f-af39-e69b2a8b07c6","email":"matthew.walker@amerisave.com","message":"failed to process due to network exception."},{"id":"a8937a27-0cc6-4bb0-8470-45c767db8b51","email":"elizabeth.martinez@dropbox.net","message":"successfully processed after 6712 milliseconds."},{"id":"5efe48af-0cf9-44a0-802a-77893967f9d9","email":"jack.thompson@me.com","message":"successfully parsed message, but message temporarily enqueued while system restarts."},{"id":"e31b7ea8-5b46-4c1d-a608-2283f8c1fb8a","email":"mason.robinson@amerisave.com","message":"successfully parsed message, but message temporarily enqueued while system restarts."},{"id":"f506e8de-15c2-42d5-adbc-6459aa099e0a","email":"emma.thomas@me.com","message":"failed to process due to network exception."},{"id":"b7c3d208-da40-4572-b1ee-0cdd3f685c08","email":"alexis.brown@microsoft.com","message":"successfully processed after 280 milliseconds."},{"id":"f269f9e4-cd91-4212-b29f-7021c66727cd","email":"andrew.miller@gmail.com","message":"successfully handled skipped operation."},{"id":"65c61864-1d0c-4c9e-a75c-53e08329f2be","email":"emma.thomas@me.com","message":"successfully parsed message, but message temporarily enqueued while system restarts."},{"id":"48e2b565-0f89-472a-8d45-3c589db38f7e","email":"alexis.brown@microsoft.com","message":"successfully processed after 7606 milliseconds."},{"id":"3343bc4c-0727-4f1f-b222-b8ccea4a09ef","email":"isabella.jackson@amerisave.com","message":"successfully handled skipped operation."},{"id":"1b506916-88bd-4f76-b1f2-170761777ad3","email":"liam.gonzalez@me.com","message":"failed to process due to datastore timeout of 30 seconds.  operation took 112 seconds."},{"id":"d20e1d40-7769-4794-a0c9-21879dd0518d","email":"emily.taylor@gmail.com","message":"successfully handled skipped operation."},{"id":"24692fae-c6ba-4a44-a0a7-af7bf83ccf58","email":"sarah.green@amerisave.com","message":"successfully parsed message, but message temporarily enqueued while system restarts."},{"id":"10481a26-e812-4eef-b6d1-eb4153cbe6d7","email":"noah.sanchez@me.com","message":"failed to process due to network exception."},{"id":"4e6d7d52-2722-458a-a430-279072256716","email":"isabella.jackson@amerisave.com","message":"successfully parsed message, but message temporarily enqueued while system restarts."},{"id":"d62e9ef2-115b-4723-a0a5-15bbcafbda3e","email":"jackson.white@gmail.com","message":"successfully processed after 4274 milliseconds."},{"id":"a6f46bde-29df-48db-a26d-0ee3225cc563","email":"logan.clark@dropbox.net","message":"failed to process due to network exception."},{"id":"4f6acecd-9d68-4ed1-a462-6eba46454bfb","email":"dylan.wilson@gmail.com","message":"successfully processed after 3529 milliseconds."},{"id":"8722d7c0-138e-47dc-bbae-5527bb59f450","email":"jack.thompson@me.com","message":"successfully handled skipped operation."},{"id":"64472715-f5bc-4322-97c5-f87ba090f28d","email":"matthew.walker@amerisave.com","message":"successfully processed after 7434 milliseconds."},{"id":"3e1db45d-a22d-4432-b3dc-e7863f97bad6","email":"daniel.rodriguez@amerisave.com","message":"successfully parsed message, but message temporarily enqueued while system restarts."},{"id":"75c8cc39-692d-453f-835a-939b59b2e3f5","email":"liam.gonzalez@me.com","message":"successfully parsed message, but message temporarily enqueued while system restarts."},{"id":"9ad0c438-328c-41e6-82af-ddd81cff3175","email":"mason.robinson@amerisave.com","message":"successfully parsed message, but message temporarily enqueued while system restarts."},{"id":"22447c33-a782-468f-86ed-f3ca5e59ef66","email":"dylan.wilson@gmail.com","message":"successfully parsed message, but message temporarily enqueued while system restarts."},{"id":"84f878d2-f957-4deb-a090-49e8a278967b","email":"noah.sanchez@me.com","message":"failed to process due to datastore timeout of 30 seconds.  operation took 40 seconds."},{"id":"0cd6e083-7bce-4caa-9422-27346f69a7b3","email":"isabella.jackson@amerisave.com","message":"failed to process due to network exception."},{"id":"d08ca93b-4903-41c3-a286-bfff22d38cd6","email":"nicholas.allen@microsoft.com","message":"successfully processed after 9328 milliseconds."},{"id":"2a02c53f-2109-4c80-a76a-f9050ff007e3","email":"jack.thompson@me.com","message":"successfully handled skipped operation."},{"id":"001eb7b0-980b-43e2-9d9e-ccf720ac1a1d","email":"alyssa.jones@amerisave.com","message":"successfully handled skipped operation."},{"id":"f5144bf1-c12d-481e-87a5-c37fb0df2ff1","email":"madison.lewis@gmail.com","message":"failed to process due to datastore timeout of 30 seconds.  operation took 91 seconds."},{"id":"d46a0383-d56b-49e8-82e1-93984a479498","email":"chloe.garcia@dropbox.net","message":"successfully parsed message, but message temporarily enqueued while system restarts."},{"id":"26e18a7a-e47d-4329-bda1-264e153efc35","email":"isabella.jackson@amerisave.com","message":"successfully parsed message, but message temporarily enqueued while system restarts."},{"id":"9d7c5ef5-132b-4ebf-8773-4128b6e1f6c0","email":"nathan.young@microsoft.com","message":"successfully processed after 872 milliseconds."},{"id":"2cff9fff-57b7-4948-9f16-13c9fdf7ee6b","email":"abigail.smith@amerisave.com","message":"failed to process due to datastore timeout of 30 seconds.  operation took 50 seconds."},{"id":"07e5020e-9827-456b-9c90-5a49b0221583","email":"abigail.smith@amerisave.com","message":"successfully processed after 3742 milliseconds."},{"id":"a3d4e35c-d0c9-43ee-8467-454cc22dacf2","email":"joshua.lee@gmail.com","message":"successfully processed after 8278 milliseconds."},{"id":"6488ed39-9f70-402c-ab64-f00cadef8c76","email":"isabella.jackson@amerisave.com","message":"failed to process due to datastore timeout of 30 seconds.  operation took 87 seconds."},{"id":"49f6fdf3-bd5d-4bc3-a71d-8c52b96987ec","email":"noah.sanchez@me.com","message":"successfully parsed message, but message temporarily enqueued while system restarts."},{"id":"920826ad-cd7d-43d9-ab31-f2927bdcdf53","email":"jacob.lopez@dropbox.net","message":"failed to process due to network exception."},{"id":"6b472717-44b9-4501-ab6d-cf9e4368ebfe","email":"noah.sanchez@me.com","message":"successfully handled skipped operation."},{"id":"550b57de-2410-4cc3-b746-c9b8c118b61b","email":"tyler.nelson@microsoft.com","message":"successfully handled skipped operation."},{"id":"c42ce5e3-b5f2-40b9-bb20-d0c4debed6c5","email":"joshua.lee@gmail.com","message":"successfully handled skipped operation."},{"id":"c7a94c74-7bf1-47cc-9e68-402e46818f44","email":"ryan.king@dropbox.net","message":"successfully handled skipped operation."},{"id":"a771c085-7980-4079-ac4e-57e34949e99a","email":"olivia.wright@gmail.com","message":"successfully processed after 6077 milliseconds."},{"id":"f35d2bbf-b93e-4ab6-9d72-419a0ff5217f","email":"emily.taylor@gmail.com","message":"failed to process due to network exception."},{"id":"57591fde-81b1-4c15-b154-ac5a328239b4","email":"liam.gonzalez@me.com","message":"successfully handled skipped operation."},{"id":"4a68f714-7890-4312-aec0-ae0e2de5170c","email":"alyssa.jones@amerisave.com","message":"failed to process due to datastore timeout of 30 seconds.  operation took 42 seconds."},{"id":"62b750cc-c616-414f-95ef-8a767e472798","email":"jack.thompson@me.com","message":"failed to process due to network exception."},{"id":"cbed6f9b-5fbd-4bf8-9933-de7286b1995f","email":"ryan.king@dropbox.net","message":"successfully processed after 3258 milliseconds."},{"id":"597c9424-6082-4efb-b193-937d7419f0ec","email":"grace.moore@gmail.com","message":"failed to process due to network exception."},{"id":"4350f297-bfeb-4572-bbb5-93a003755b78","email":"isabella.jackson@amerisave.com","message":"failed to process due to network exception."},{"id":"9fa5ec4e-ba4b-489c-a0cf-7b88124233f2","email":"chloe.garcia@dropbox.net","message":"successfully processed after 4267 milliseconds."},{"id":"ef7022b3-3b9e-415c-a298-de121d86e9f0","email":"emily.taylor@gmail.com","message":"successfully parsed message, but message temporarily enqueued while system restarts."},{"id":"00525525-d8f0-46f9-98d6-12287cb5c9dc","email":"logan.clark@dropbox.net","message":"failed to process due to network exception."},{"id":"c8919fdf-407b-4360-9707-5538d0bfe71a","email":"aiden.johnson@microsoft.com","message":"failed to process due to network exception."},{"id":"72f0803c-9850-48ac-8c87-ccc16fa9c605","email":"hannah.martin@dropbox.net","message":"failed to process due to datastore timeout of 30 seconds.  operation took 37 seconds."},{"id":"1eee7fb9-a95e-4020-a2d3-b8d682b76cfd","email":"abigail.smith@amerisave.com","message":"successfully parsed message, but message temporarily enqueued while system restarts."},{"id":"c9a5bfb7-843e-4184-8b5a-f3ff86daebf8","email":"andrew.miller@gmail.com","message":"successfully processed after 9314 milliseconds."},{"id":"23e81a8c-fdda-4dc3-944c-ded630b61a03","email":"ethan.hernandez@microsoft.com","message":"successfully parsed message, but message temporarily enqueued while system restarts."},{"id":"c6eb2ccb-c8fe-48bb-8392-a521cadbbe9f","email":"dylan.wilson@gmail.com","message":"successfully handled skipped operation."},{"id":"05f2392e-4a48-4a62-922d-71944b2c8316","email":"tyler.nelson@microsoft.com","message":"successfully parsed message, but message temporarily enqueued while system restarts."},{"id":"ac2f4a7c-bb1c-4410-b68a-020d746c404d","email":"isabella.jackson@amerisave.com","message":"successfully processed after 260 milliseconds."},{"id":"b1416801-f573-419c-94ab-38c455af6999","email":"liam.gonzalez@me.com","message":"failed to process due to datastore timeout of 30 seconds.  operation took 83 seconds."},{"id":"b91d43aa-48ef-46e1-b591-5a7bf9281638","email":"abigail.smith@amerisave.com","message":"failed to process due to network exception."},{"id":"ba0fe933-3647-4c70-8c21-4fd51289e70b","email":"jacob.lopez@dropbox.net","message":"successfully processed after 5521 milliseconds."},{"id":"b51e69e3-d0e6-4b4a-be79-ffc55de37a37","email":"tyler.nelson@microsoft.com","message":"successfully handled skipped operation."},{"id":"bfd923d0-d5eb-4c91-a541-3076c32c8926","email":"ella.anderson@dropbox.net","message":"failed to process due to network exception."},{"id":"8cd37c7b-d082-4f78-879a-1ee9e703feba","email":"mia.perez@me.com","message":"failed to process due to network exception."},{"id":"dfd9c073-63a0-4b33-a4f4-bef49f64e871","email":"alyssa.jones@amerisave.com","message":"failed to process due to network exception."},{"id":"47d1e0e1-31d6-4090-9ca0-b82d5fc04573","email":"ella.anderson@dropbox.net","message":"successfully processed after 2094 milliseconds."},{"id":"420c26f2-8d9d-468f-b40d-322d6574332e","email":"aiden.johnson@microsoft.com","message":"failed to process due to datastore timeout of 30 seconds.  operation took 34 seconds."},{"id":"c2997dc9-9b1d-4193-b779-5849a917a8de","email":"daniel.rodriguez@amerisave.com","message":"successfully processed after 8738 milliseconds."},{"id":"408c5218-f4ac-44d9-ab15-c144c3f071e3","email":"aiden.johnson@microsoft.com","message":"successfully handled skipped operation."},{"id":"297ffd9c-2f05-486e-9b95-9729a0147d68","email":"dylan.wilson@gmail.com","message":"successfully handled skipped operation."},{"id":"45d0bbb9-d459-48a8-9610-75d0dc7d30fe","email":"andrew.miller@gmail.com","message":"failed to process due to network exception."},{"id":"fb8743ee-172c-46a9-aadc-e5b8ee8c0886","email":"jackson.white@gmail.com","message":"failed to process due to datastore timeout of 30 seconds.  operation took 129 seconds."},{"id":"3bc08228-9813-490f-8c3e-751c1ed15139","email":"ava.davis@gmail.com","message":"successfully processed after 8043 milliseconds."},{"id":"4e016b19-a5b9-4e07-81f1-59209670eb16","email":"mason.robinson@amerisave.com","message":"successfully handled skipped operation."},{"id":"5021bf8c-7f79-4a87-8008-cbc425a5abf2","email":"aiden.johnson@microsoft.com","message":"successfully parsed message, but message temporarily enqueued while system restarts."},{"id":"a6cc8f68-8ffd-455b-8dd8-2ad31a1cda66","email":"ethan.hernandez@microsoft.com","message":"failed to process due to datastore timeout of 30 seconds.  operation took 71 seconds."},{"id":"612a55c5-9501-4b77-9db2-b9f0696725dc","email":"mia.perez@me.com","message":"successfully parsed message, but message temporarily enqueued while system restarts."},{"id":"0c963938-711c-4bbd-be35-6f7d617be20b","email":"abigail.smith@amerisave.com","message":"successfully parsed message, but message temporarily enqueued while system restarts."},{"id":"9a358043-c400-4bae-b658-005b7f041fa4","email":"ava.davis@gmail.com","message":"failed to process due to network exception."},{"id":"def4dad4-e7da-4f29-a365-afedf94aaf28","email":"elizabeth.martinez@dropbox.net","message":"successfully parsed message, but message temporarily enqueued while system restarts."},{"id":"a8a46719-c2e2-451c-9e66-d75a19ac7a64","email":"mia.perez@me.com","message":"successfully processed after 8655 milliseconds."},{"id":"64f4c31e-d237-4c67-9279-339f96e822c1","email":"daniel.rodriguez@amerisave.com","message":"successfully parsed message, but message temporarily enqueued while system restarts."},{"id":"d390d3db-fa68-4a59-961b-632b95218d28","email":"isabella.jackson@amerisave.com","message":"successfully parsed message, but message temporarily enqueued while system restarts."},{"id":"72c62f81-c529-4581-b954-6234e2645e82","email":"elizabeth.martinez@dropbox.net","message":"successfully handled skipped operation."},{"id":"4baace60-ece8-4274-901b-e65468e0d9ee","email":"daniel.rodriguez@amerisave.com","message":"successfully parsed message, but message temporarily enqueued while system restarts."},{"id":"b459b811-427f-4be8-9496-2d8baa886baa","email":"ryan.king@dropbox.net","message":"failed to process due to datastore timeout of 30 seconds.  operation took 91 seconds."},{"id":"89273a0c-2d14-4580-bd4f-5962c2bc3324","email":"tyler.nelson@microsoft.com","message":"successfully handled skipped operation."},{"id":"fc06e979-d2b0-4540-bed8-6b17d1ec3da4","email":"samantha.scott@me.com","message":"failed to process due to network exception."},{"id":"656cd1ec-a8db-49f2-b651-414a33cccd2c","email":"hannah.martin@dropbox.net","message":"successfully handled skipped operation."},{"id":"61f08a78-8dea-49ae-b87e-dfad75c20b80","email":"olivia.wright@gmail.com","message":"successfully parsed message, but message temporarily enqueued while system restarts."},{"id":"e875672d-c034-4997-9338-ffd88e330bf1","email":"noah.sanchez@me.com","message":"successfully handled skipped operation."},{"id":"1fd84e40-9b80-4169-bea1-6f6e7df81cea","email":"dylan.wilson@gmail.com","message":"failed to process due to datastore timeout of 30 seconds.  operation took 97 seconds."},{"id":"e6897e17-32a3-45fa-8ca4-51ae7b167d2b","email":"daniel.rodriguez@amerisave.com","message":"failed to process due to network exception."},{"id":"485f692b-5c3a-417c-9446-0608beae2b12","email":"noah.sanchez@me.com","message":"successfully handled skipped operation."},{"id":"3d35e9e5-2f1a-4b96-8333-a25542fc0b21","email":"noah.sanchez@me.com","message":"failed to process due to network exception."},{"id":"c49b8980-df96-4a04-acbd-c7cadd7af288","email":"ryan.king@dropbox.net","message":"failed to process due to network exception."},{"id":"b5fcbfc7-7867-40d7-a63b-1ebcb7aafa2d","email":"abigail.smith@amerisave.com","message":"successfully handled skipped operation."},{"id":"c138150e-c8cb-4f88-9452-cc02b680ca39","email":"michael.hall@dropbox.net","message":"successfully processed after 5026 milliseconds."},{"id":"55d7a8c6-826c-4327-aec9-c809b69dd131","email":"emma.thomas@me.com","message":"successfully processed after 9022 milliseconds."},{"id":"416085b0-ea57-4721-9523-74131517e647","email":"madison.lewis@gmail.com","message":"successfully handled skipped operation."},{"id":"cc669207-3097-4daf-ac7b-095e91b168de","email":"jack.thompson@me.com","message":"successfully handled skipped operation."},{"id":"09bd2bc0-4684-4111-949d-3a0770d0137f","email":"aiden.johnson@microsoft.com","message":"failed to process due to network exception."},{"id":"d27c9d33-a0d2-40e0-b118-714c8939beb1","email":"michael.hall@dropbox.net","message":"failed to process due to network exception."},{"id":"94ab9697-595c-44a2-a42b-2f6e10ba4f4b","email":"ella.anderson@dropbox.net","message":"successfully handled skipped operation."},{"id":"59c70a9b-8a20-4c75-9374-f59bffd0a89a","email":"taylor.adams@gmail.com","message":"successfully parsed message, but message temporarily enqueued while system restarts."},{"id":"0449ddfa-10b2-4102-b369-7f6bf74788f6","email":"alyssa.jones@amerisave.com","message":"failed to process due to datastore timeout of 30 seconds.  operation took 76 seconds."},{"id":"62bf9742-4729-4ede-8273-6b897066f3f7","email":"sophia.baker@dropbox.net","message":"successfully handled skipped operation."},{"id":"7149b661-a137-4939-8123-a2b35f4f1421","email":"daniel.rodriguez@amerisave.com","message":"successfully processed after 2896 milliseconds."},{"id":"f47d09e2-4764-4bb2-b3df-ce3252755e60","email":"alexander.williams@gmail.com","message":"failed to process due to network exception."},{"id":"30ac405a-03a8-40c0-b8f9-1b18be11dab2","email":"nathan.young@microsoft.com","message":"successfully processed after 2648 milliseconds."},{"id":"40c6afdb-1347-43bd-8c72-d72e11bdc7e2","email":"madison.lewis@gmail.com","message":"successfully parsed message, but message temporarily enqueued while system restarts."},{"id":"49adb788-57a2-46a6-b7d5-af0325954a91","email":"jacob.lopez@dropbox.net","message":"successfully parsed message, but message temporarily enqueued while system restarts."},{"id":"79858aee-3d98-41b6-a073-75aa8595d9d7","email":"grace.moore@gmail.com","message":"failed to process due to datastore timeout of 30 seconds.  operation took 71 seconds."},{"id":"ea5d6a7f-2051-460c-ae86-b2d3bbaead71","email":"alexis.brown@microsoft.com","message":"successfully parsed message, but message temporarily enqueued while system restarts."},{"id":"0c2c6a2a-a886-4fd9-b443-8b911178bb52","email":"sarah.green@amerisave.com","message":"successfully parsed message, but message temporarily enqueued while system restarts."},{"id":"bd8b3900-4d75-4fc6-b9f2-57dde61adb86","email":"emily.taylor@gmail.com","message":"failed to process due to network exception."}],"id":"26f7287b-3027-4904-a66b-cbedb990beed"}