{"logs":[{"id":"be6de27d-6cdc-4e06-a80e-e12bca3ef350","email":"ryan.king@dropbox.net","message":"failed to process due to datastore timeout of 30 seconds.  operation took 128 seconds."},{"id":"e703feca-24a8-4f8b-9abb-9c7753733d49","email":"nicholas.allen@microsoft.com","message":"successfully handled skipped operation."},{"id":"ebd8d3fa-2384-4777-8f98-ccdcc09c1026","email":"alexis.brown@microsoft.com","message":"failed to process due to datastore timeout of 30 seconds.  operation took 78 seconds."},{"id":"3a6a7a9e-971b-452c-9cdb-c5f8afbb1c1e","email":"taylor.adams@gmail.com","message":"successfully processed after 4280 milliseconds."},{"id":"9ce8abec-8175-494f-bc18-6fd12e192764","email":"mason.robinson@amerisave.com","message":"successfully handled skipped operation."},{"id":"3c019fed-66fa-4f1f-8b5f-747b9a1d681a","email":"ethan.hernandez@microsoft.com","message":"successfully processed after 3570 milliseconds."},{"id":"71b051df-17e8-4b78-8718-130278fe9852","email":"tyler.nelson@microsoft.com","message":"failed to process due to datastore timeout of 30 seconds.  operation took 100 seconds."},{"id":"bfd41cec-a581-4f73-9fdd-77b16443e442","email":"emma.thomas@me.com","message":"successfully handled skipped operation."},{"id":"6e02d019-af74-4706-acdb-b0993f04a7c2","email":"alexis.brown@microsoft.com","message":"failed to process due to network exception."},{"id":"f6e8af23-74ac-4fbc-8f80-1e1811cfe05b","email":"madison.lewis@gmail.com","message":"failed to process due to datastore timeout of 30 seconds.  operation took 110 seconds."},{"id":"24e5459d-5c60-46f4-a5fd-2e053af1368e","email":"jackson.white@gmail.com","message":"failed to process due to datastore timeout of 30 seconds.  operation took 85 seconds."},{"id":"191fa211-e955-4d4f-9f6d-418cd745153d","email":"ava.davis@gmail.com","message":"successfully parsed message, but message temporarily enqueued while system restarts."},{"id":"472e2741-23b0-4ba1-8250-e30c7b77c225","email":"abigail.smith@amerisave.com","message":"failed to process due to network exception."},{"id":"31063a15-c1f7-4b12-96ec-e096f98b5682","email":"matthew.walker@amerisave.com","message":"successfully parsed message, but message temporarily enqueued while system restarts."},{"id":"d5f4789d-0b92-4b5d-8da1-7a10e4e720bf","email":"aiden.johnson@microsoft.com","message":"successfully parsed message, but message temporarily enqueued while system restarts."},{"id":"7881e730-8426-4920-a725-f034fa28db56","email":"liam.gonzalez@me.com","message":"successfully handled skipped operation."},{"id":"8228b863-3af7-4ebc-8554-71cf4216a277","email":"elizabeth.martinez@dropbox.net","message":"successfully parsed message, but message temporarily enqueued while system restarts."},{"id":"da12cf02-1a26-4344-80e3-29f820925e5d","email":"andrew.miller@gmail.com","message":"successfully handled skipped operation."},{"id":"c45dacbf-3b00-4614-9ff9-0c5ac6da7d77","email":"chloe.garcia@dropbox.net","message":"failed to process due to network exception."},{"id":"725463bc-8c26-429c-acc0-66bd63b78c83","email":"dylan.wilson@gmail.com","message":"failed to process due to datastore timeout of 30 seconds.  operation took 37 seconds."},{"id":"74cc9c74-c85a-4e4b-a539-526c4123acb3","email":"ryan.king@dropbox.net","message":"failed to process due to datastore timeout of 30 seconds.  operation took 93 seconds."},{"id":"edfb84c5-14cd-4cdf-b002-50d51632d162","email":"joshua.lee@gmail.com","message":"failed to process due to network exception."},{"id":"3bd8ccba-c282-4250-ae13-15ec7f382c37","email":"elizabeth.martinez@dropbox.net","message":"successfully handled skipped operation."},{"id":"cdba4eaa-3cf3-4f72-bee2-72db663f2392","email":"madison.lewis@gmail.com","message":"successfully handled skipped operation."},{"id":"70e46825-2e0e-4123-994f-9261a0839ddc","email":"chloe.garcia@dropbox.net","message":"successfully processed after 3821 milliseconds."},{"id":"e434a944-4f52-42a5-b0d3-062293d41a68","email":"abigail.smith@amerisave.com","message":"failed to process due to datastore timeout of 30 seconds.  operation took 71 seconds."},{"id":"00621bde-f158-4389-9d56-2d60d1b216c0","email":"jackson.white@gmail.com","message":"successfully processed after 3140 milliseconds."},{"id":"eefcd8ae-5ea3-4f9d-98da-d4ad93a36961","email":"jacob.lopez@dropbox.net","message":"successfully handled skipped operation."},{"id":"eb3aa3a8-dd28-49ca-a4fa-2ba53aaae88b","email":"olivia.wright@gmail.com","message":"failed to process due to datastore timeout of 30 seconds.  operation took 66 seconds."},{"id":"c8e58ecb-da35-4260-8405-c77ff93cd8f7","email":"hannah.martin@dropbox.net","message":"successfully processed after 3821 milliseconds."},{"id":"2fcee455-96c9-4ec2-837d-e213299e6a4c","email":"jacob.lopez@dropbox.net","message":"failed to process due to network exception."},{"id":"52b74f37-7ecb-4845-9e61-db746cb928b4","email":"mason.robinson@amerisave.com","message":"failed to process due to datastore timeout of 30 seconds.  operation took 49 seconds."},{"id":"343c3d0c-39d9-432a-8893-334e50133d2b","email":"mason.robinson@amerisave.com","message":"successfully handled skipped operation."},{"id":"b0e043f0-099c-41d2-b945-65a81237b2b0","email":"abigail.smith@amerisave.com","message":"successfully handled skipped operation."},{"id":"679b4942-29da-4fe9-bc65-eefb741ff739","email":"grace.moore@gmail.com","message":"successfully handled skipped operation."},{"id":"ff08df9f-2e7f-4eb3-a363-bf0f73a1bdc8","email":"jack.thompson@me.com","message":"successfully parsed message, but message temporarily enqueued while system restarts."},{"id":"0c8506d3-ab3b-4ca9-aaca-99aea180d6b9","email":"aiden.johnson@microsoft.com","message":"failed to process due to network exception."},{"id":"5de0ac0b-78a9-4234-bd58-81aa2beccb04","email":"liam.gonzalez@me.com","message":"failed to process due to network exception."},{"id":"c8c6d3c2-6011-4ac9-8ea9-ec228c442016","email":"samantha.scott@me.com","message":"successfully parsed message, but message temporarily enqueued while system restarts."},{"id":"0aa39e0b-2c69-4a11-943f-7bc6cd442289","email":"madison.lewis@gmail.com","message":"failed to process due to datastore timeout of 30 seconds.  operation took 32 seconds."},{"id":"44bec130-7995-46f0-a1b0-fafbe3285ff2","email":"nicholas.allen@microsoft.com","message":"failed to process due to network exception."},{"id":"9727bd09-43d8-416e-905e-bb4a048dd77c","email":"jackson.white@gmail.com","message":"failed to process due to datastore timeout of 30 seconds.  operation took 34 seconds."},{"id":"d1717abc-869c-4ba4-a71e-c9d929adcc5f","email":"alexander.williams@gmail.com","message":"failed to process due to network exception."},{"id":"5cb20b40-3940-4dd5-bed9-2ddaad97a9c2","email":"logan.clark@dropbox.net","message":"failed to process due to network exception."},{"id":"07ca00f2-ad3d-4ffc-9172-42f311992ed3","email":"logan.clark@dropbox.net","message":"failed to process due to network exception."},{"id":"4a7af3f8-f790-413c-995e-2bbdc94c4f68","email":"matthew.walker@amerisave.com","message":"successfully parsed message, but message temporarily enqueued while system restarts."},{"id":"944eab5d-d58f-469c-b486-60d0c953d3ba","email":"nathan.young@microsoft.com","message":"failed to process due to datastore timeout of 30 seconds.  operation took 117 seconds."},{"id":"223a8f06-4d1d-48b4-8fdd-1c6793ce0549","email":"liam.gonzalez@me.com","message":"successfully parsed message, but message temporarily enqueued while system restarts."},{"id":"57c17ab5-f771-43c3-9e77-ea3c767b395f","email":"emma.thomas@me.com","message":"failed to process due to datastore timeout of 30 seconds.  operation took 113 seconds."},{"id":"79fc62d2-2ae9-4c66-a2dd-fae9e65a35e3","email":"taylor.adams@gmail.com","message":"successfully processed after 7507 milliseconds."},{"id":"c4395251-d844-400c-af40-cf6b72719249","email":"mia.perez@me.com","message":"failed to process due to datastore timeout of 30 seconds.  operation took 70 seconds."},{"id":"a3fdb143-9d75-4a2a-9835-e17b2a12b3e0","email":"ryan.king@dropbox.net","message":"successfully processed after 3163 milliseconds."},{"id":"c28efd5b-2382-489a-984d-96ce05227194","email":"abigail.smith@amerisave.com","message":"failed to process due to datastore timeout of 30 seconds.  operation took 113 seconds."},{"id":"0e72850b-112c-4f3b-9106-ad5af0f25a94","email":"jack.thompson@me.com","message":"failed to process due to datastore timeout of 30 seconds.  operation took 43 seconds."},{"id":"29dee7e9-8ceb-43ce-b693-5fc228d993a2","email":"mason.robinson@amerisave.com","message":"failed to process due to datastore timeout of 30 seconds.  operation took 31 seconds."},{"id":"7b1aed3a-5a70-45f1-a9cd-592ed09125dc","email":"ethan.hernandez@microsoft.com","message":"successfully handled skipped operation."},{"id":"2f201d75-ffd1-4396-b695-091f350d48a6","email":"daniel.rodriguez@amerisave.com","message":"failed to process due to network exception."},{"id":"8f94824f-781a-4be9-b60b-1a398b0a1544","email":"alexander.williams@gmail.com","message":"successfully handled skipped operation."},{"id":"4712a0bc-81c2-4d24-b415-2baa1a27d676","email":"grace.moore@gmail.com","message":"failed to process due to network exception."},{"id":"037b7b39-4817-4f3f-9355-73bd825aae94","email":"michael.hall@dropbox.net","message":"failed to process due to network exception."},{"id":"c4a48800-571b-43e9-95bc-6afe6fc47430","email":"emily.taylor@gmail.com","message":"successfully parsed message, but message temporarily enqueued while system restarts."},{"id":"066f347b-152e-400f-b619-8122a5c1075c","email":"isabella.jackson@amerisave.com","message":"failed to process due to datastore timeout of 30 seconds.  operation took 37 seconds."},{"id":"e9f72797-3d4c-4db5-aec2-34b6a00059f8","email":"michael.hall@dropbox.net","message":"failed to process due to network exception."},{"id":"ac705f1a-c2d9-4859-bd5b-ece8df4ad29a","email":"michael.hall@dropbox.net","message":"successfully parsed message, but message temporarily enqueued while system restarts."},{"id":"10ddddf0-01c2-4581-94a2-c920d88fc954","email":"ella.anderson@dropbox.net","message":"successfully handled skipped operation."},{"id":"4c78940f-8150-4f37-817e-55a76c7ad12b","email":"jackson.white@gmail.com","message":"failed to process due to network exception."},{"id":"6b2fbad2-b5d7-4369-b161-7e91fc37d84f","email":"lily.harris@gmail.com","message":"failed to process due to datastore timeout of 30 seconds.  operation took 101 seconds."},{"id":"f99105d6-c370-47bd-b94f-ceeac8a7da30","email":"abigail.smith@amerisave.com","message":"successfully processed after 7136 milliseconds."},{"id":"a9189972-ca44-448d-9390-71ecfc94c31e","email":"lily.harris@gmail.com","message":"failed to process due to datastore timeout of 30 seconds.  operation took 112 seconds."},{"id":"a0ecaa1b-d814-4110-b05a-8364a1148d15","email":"ava.davis@gmail.com","message":"successfully parsed message, but message temporarily enqueued while system restarts."},{"id":"c8d97b8a-a5e6-4852-89bb-ccf33f080ca0","email":"joshua.lee@gmail.com","message":"failed to process due to datastore timeout of 30 seconds.  operation took 50 seconds."},{"id":"a2e6c972-9ef2-414b-8eb5-b903f99bc5d8","email":"emma.thomas@me.com","message":"failed to process due to network exception."},{"id":"afe3ccf4-a05e-4bf5-927d-dcba7a193611","email":"matthew.walker@amerisave.com","message":"successfully parsed message, but message temporarily enqueued while system restarts."},{"id":"51916dd2-3b09-46e6-97de-c6b41ce46f9b","email":"abigail.smith@amerisave.com","message":"successfully handled skipped operation."},{"id":"e63faa1b-f3f5-499c-a9ae-4b5d42a3d8d5","email":"grace.moore@gmail.com","message":"failed to process due to datastore timeout of 30 seconds.  operation took 105 seconds."},{"id":"ac18f528-3cf5-4da2-b622-998502fd7711","email":"jack.thompson@me.com","message":"successfully parsed message, but message temporarily enqueued while system restarts."},{"id":"8efbacd3-3daf-4c44-8564-013051ab88f2","email":"emily.taylor@gmail.com","message":"failed to process due to datastore timeout of 30 seconds.  operation took 113 seconds."},{"id":"54ba433a-0e99-471a-9e1b-29f59358aba5","email":"madison.lewis@gmail.com","message":"failed to process due to datastore timeout of 30 seconds.  operation took 35 seconds."},{"id":"73a483df-9c3b-42a3-aea6-656dcf9e9c56","email":"alexis.brown@microsoft.com","message":"successfully handled skipped operation."},{"id":"0e4667fb-1895-4661-8d16-5563b0c8e157","email":"madison.lewis@gmail.com","message":"successfully processed after 8680 milliseconds."},{"id":"b131c5ef-f4ed-43f9-add8-7d22f473bd39","email":"noah.sanchez@me.com","message":"successfully parsed message, but message temporarily enqueued while system restarts."},{"id":"f0268243-133a-43ee-a590-ad77db12eb0f","email":"alexander.williams@gmail.com","message":"successfully handled skipped operation."},{"id":"0c2c664c-a42d-4879-abc4-3cac9b4582e4","email":"aiden.johnson@microsoft.com","message":"successfully parsed message, but message temporarily enqueued while system restarts."},{"id":"899b4956-eff3-4aba-8853-f33d8903b728","email":"alexander.williams@gmail.com","message":"successfully parsed message, but message temporarily enqueued while system restarts."},{"id":"dc5b5a06-fef5-4d3a-86df-2c3e5ff7aa5b","email":"tyler.nelson@microsoft.com","message":"failed to process due to datastore timeout of 30 seconds.  operation took 40 seconds."},{"id":"00a0f929-11ba-4c78-aa79-02ab85dbf21f","email":"ryan.king@dropbox.net","message":"failed to process due to datastore timeout of 30 seconds.  operation took 108 seconds."},{"id":"450ed8a0-efae-4de1-8ebc-44ccd1ac682a","email":"jackson.white@gmail.com","message":"failed to process due to network exception."},{"id":"793dc2c2-b20a-47bd-ae8f-def35e7ca74d","email":"mason.robinson@amerisave.com","message":"failed to process due to network exception."},{"id":"41b595c9-cc4c-4ee1-a208-a6f13b778536","email":"isabella.jackson@amerisave.com","message":"failed to process due to network exception."},{"id":"9cebbb60-a96b-4886-9f23-20385813a564","email":"ava.davis@gmail.com","message":"successfully handled skipped operation."},{"id":"9de4ae86-4a98-482a-b6dc-097119ec0088","email":"jackson.white@gmail.com","message":"successfully parsed message, but message temporarily enqueued while system restarts."},{"id":"22b9dc05-3953-490e-995a-c462359a06f2","email":"logan.clark@dropbox.net","message":"failed to process due to datastore timeout of 30 seconds.  operation took 53 seconds."},{"id":"60f05eba-3fe7-4f24-b2f0-0e581348cd65","email":"ella.anderson@dropbox.net","message":"failed to process due to network exception."},{"id":"f589c426-2db3-482c-9e6a-443e5f433cb5","email":"daniel.rodriguez@amerisave.com","message":"successfully handled skipped operation."},{"id":"83a7c6d2-9554-49d4-90fa-ff94d3eb15a9","email":"michael.hall@dropbox.net","message":"failed to process due to network exception."},{"id":"531f57f9-d95d-42e7-b6f9-90b50cb65062","email":"ella.anderson@dropbox.net","message":"successfully parsed message, but message temporarily enqueued while system restarts."},{"id":"a70d366d-1824-4bb0-84fd-3cbcef57ff41","email":"mia.perez@me.com","message":"failed to process due to datastore timeout of 30 seconds.  operation took 54 seconds."},{"id":"88b91d7d-ff4e-4bfb-a4e9-778dc3837999","email":"chloe.garcia@dropbox.net","message":"failed to process due to datastore timeout of 30 seconds.  operation took 68 seconds."},{"id":"32a09e9d-c91b-4ab1-b00a-cf0fe6cf94e5","email":"ava.davis@gmail.com","message":"successfully handled skipped operation."},{"id":"7aa62093-eb74-450d-beea-3ff19c0a69db","email":"emma.thomas@me.com","message":"failed to process due to network exception."},{"id":"c15725cf-5fb6-4017-b59f-3575cbdb91d9","email":"liam.gonzalez@me.com","message":"successfully handled skipped operation."},{"id":"6a46aa1c-4e26-4fa2-a9ac-a1e34f4333b5","email":"grace.moore@gmail.com","message":"successfully parsed message, but message temporarily enqueued while system restarts."},{"id":"1c44187a-d241-4719-b047-3235e3a54a5d","email":"ryan.king@dropbox.net","message":"failed to process due to datastore timeout of 30 seconds.  operation took 117 seconds."},{"id":"481a762b-61c4-44ef-8aa2-93226da5bd66","email":"michael.hall@dropbox.net","message":"successfully parsed message, but message temporarily enqueued while system restarts."},{"id":"d3f1b088-7157-4a2f-aa0d-b1dffeb0a0a9","email":"daniel.rodriguez@amerisave.com","message":"failed to process due to datastore timeout of 30 seconds.  operation took 56 seconds."},{"id":"bc7f5735-0280-4f9c-9b7e-46e72550129c","email":"dylan.wilson@gmail.com","message":"failed to process due to network exception."},{"id":"6d8f429e-f634-48d6-8c8b-8e8504472cc2","email":"michael.hall@dropbox.net","message":"failed to process due to datastore timeout of 30 seconds.  operation took 124 seconds."},{"id":"8134dcec-08c6-4f45-b1cc-918c8a459fcf","email":"nicholas.allen@microsoft.com","message":"successfully processed after 7823 milliseconds."},{"id":"a8c87142-ca15-4f88-adc8-39d82130ae94","email":"aiden.johnson@microsoft.com","message":"successfully handled skipped operation."},{"id":"8ea5a801-9073-43dc-8400-cdbcc6b7b17d","email":"ethan.hernandez@microsoft.com","message":"successfully processed after 3964 milliseconds."},{"id":"8394b9c9-bc47-4bfb-a2d9-a2e600a0e902","email":"ava.davis@gmail.com","message":"successfully handled skipped operation."},{"id":"720e1f18-406e-4a30-8b68-9113ad1e3be5","email":"elizabeth.martinez@dropbox.net","message":"failed to process due to network exception."},{"id":"19287b70-4ab1-407f-bc38-7cab8342a989","email":"alyssa.jones@amerisave.com","message":"successfully parsed message, but message temporarily enqueued while system restarts."},{"id":"fc67fec7-9f15-4af6-b1e3-eddf36381bd9","email":"alyssa.jones@amerisave.com","message":"failed to process due to datastore timeout of 30 seconds.  operation took 55 seconds."},{"id":"3f3b5cbe-5476-470b-8690-402f22671cd7","email":"liam.gonzalez@me.com","message":"successfully handled skipped operation."},{"id":"1899895d-38ed-4f6a-8c28-a6240e0dcbf7","email":"alexis.brown@microsoft.com","message":"failed to process due to datastore timeout of 30 seconds.  operation took 42 seconds."},{"id":"57c4b00b-1f6d-4ed4-bf90-48b56b06c925","email":"sarah.green@amerisave.com","message":"successfully parsed message, but message temporarily enqueued while system restarts."},{"id":"f911e493-5f0b-4f45-9053-00a7b46214ae","email":"elizabeth.martinez@dropbox.net","message":"successfully processed after 3897 milliseconds."},{"id":"8488a7bd-546c-4951-a2df-476d97ee6263","email":"ryan.king@dropbox.net","message":"successfully processed after 4592 milliseconds."},{"id":"21fe5ab0-50d7-4518-967f-b666440f21ce","email":"logan.clark@dropbox.net","message":"successfully handled skipped operation."},{"id":"e8cd9942-1f62-4253-992c-a91283c369bd","email":"logan.clark@dropbox.net","message":"failed to process due to datastore timeout of 30 seconds.  operation took 119 seconds."},{"id":"b6c743eb-b658-4b33-8ebd-e06f5e763d3e","email":"matthew.walker@amerisave.com","message":"failed to process due to network exception."},{"id":"1f516138-4d32-4140-9ae7-941feba198ca","email":"ryan.king@dropbox.net","message":"failed to process due to network exception."},{"id":"196391af-2652-4590-bc93-47643a180e62","email":"aiden.johnson@microsoft.com","message":"failed to process due to datastore timeout of 30 seconds.  operation took 42 seconds."},{"id":"a038420e-1218-4528-a491-e8a534cc378f","email":"grace.moore@gmail.com","message":"failed to process due to network exception."},{"id":"39f2d622-e780-4dfd-bb9b-78d02f4b323d","email":"olivia.wright@gmail.com","message":"failed to process due to network exception."},{"id":"7921b7c7-ee08-4fb1-b77c-de4c4a1f76af","email":"aiden.johnson@microsoft.com","message":"failed to process due to network exception."},{"id":"aab4d68a-d9e5-43e7-a8c3-5cfc0b2b6c5d","email":"alexander.williams@gmail.com","message":"successfully parsed message, but message temporarily enqueued while system restarts."},{"id":"f28b65c4-8771-403f-86ef-d93a2886d637","email":"olivia.wright@gmail.com","message":"failed to process due to network exception."},{"id":"9f2e0198-dde0-4103-9385-4c6803a4c855","email":"ethan.hernandez@microsoft.com","message":"successfully handled skipped operation."},{"id":"619d7e72-11fd-4604-80d4-0fcb15483710","email":"daniel.rodriguez@amerisave.com","message":"failed to process due to datastore timeout of 30 seconds.  operation took 43 seconds."},{"id":"cd23f327-39d0-4896-8909-8fb6a224ddcb","email":"logan.clark@dropbox.net","message":"successfully handled skipped operation."},{"id":"ec9e5439-5acb-4299-ab6e-9df3ccdfb246","email":"liam.gonzalez@me.com","message":"successfully parsed message, but message temporarily enqueued while system restarts."},{"id":"38542ff9-219d-4330-bc93-38a93067e7c8","email":"alexis.brown@microsoft.com","message":"failed to process due to network exception."},{"id":"5e6ae1e9-f9cb-4ced-b816-b18fe4b45081","email":"ava.davis@gmail.com","message":"failed to process due to network exception."},{"id":"162cdcf0-e803-460c-936e-dfa14e184215","email":"dylan.wilson@gmail.com","message":"failed to process due to datastore timeout of 30 seconds.  operation took 107 seconds."},{"id":"6eb0a004-502b-4d6f-baeb-23f74ce6d867","email":"logan.clark@dropbox.net","message":"successfully processed after 334 milliseconds."},{"id":"b0d6e952-c1ef-4120-aee1-af73cdc80bee","email":"ryan.king@dropbox.net","message":"failed to process due to network exception."},{"id":"1407ef0f-6089-441c-b1ad-8088d5ee1cf3","email":"tyler.nelson@microsoft.com","message":"successfully processed after 331 milliseconds."},{"id":"674b17fe-3657-48ef-a804-1588ef537576","email":"sophia.baker@dropbox.net","message":"successfully processed after 8228 milliseconds."},{"id":"fba3df0e-9fd4-4375-bca3-24234875bed4","email":"taylor.adams@gmail.com","message":"successfully parsed message, but message temporarily enqueued while system restarts."},{"id":"1de67f09-377a-4a9e-9c1a-4bef3446bbba","email":"ava.davis@gmail.com","message":"failed to process due to datastore timeout of 30 seconds.  operation took 67 seconds."},{"id":"5541ced0-dfcb-41b6-afa4-0aabc1590bdb","email":"emily.taylor@gmail.com","message":"successfully processed after 2571 milliseconds."}],"id":"149db178-845a-4640-b55a-949441357a05"}