{"logs":[{"id":"e98da4a3-2301-4cf8-81a2-a0f9f9269e91","email":"emily.taylor@gmail.com","message":"successfully parsed message, but message temporarily enqueued while system restarts."},{"id":"c334dbd4-e350-4afb-8195-4526f2344589","email":"madison.lewis@gmail.com","message":"successfully processed after 1197 milliseconds."},{"id":"e0dc7772-0fb9-47f6-8fb3-1c82582ecc76","email":"ava.davis@gmail.com","message":"successfully handled skipped operation."},{"id":"755a94d2-3e72-4d16-b6aa-99c0c8823ff7","email":"nathan.young@microsoft.com","message":"failed to process due to network exception."},{"id":"dd8b612e-56b7-4ed0-be1f-7a508d819408","email":"liam.gonzalez@me.com","message":"failed to process due to datastore timeout of 30 seconds.  operation took 127 seconds."},{"id":"eeda4641-7b27-4be3-9c37-13c250cf1b21","email":"matthew.walker@amerisave.com","message":"successfully processed after 3812 milliseconds."},{"id":"19197282-21d4-41c6-bd4b-970dca97abdd","email":"isabella.jackson@amerisave.com","message":"failed to process due to datastore timeout of 30 seconds.  operation took 56 seconds."},{"id":"ec98df47-6c4e-4e58-a253-a0870b713807","email":"mason.robinson@amerisave.com","message":"successfully processed after 4595 milliseconds."},{"id":"a0e45151-dee6-4555-a6d7-97e6932d82bb","email":"chloe.garcia@dropbox.net","message":"successfully parsed message, but message temporarily enqueued while system restarts."},{"id":"9bc2166d-fc04-473d-a6dc-f5e1cbda6f5e","email":"aiden.johnson@microsoft.com","message":"successfully handled skipped operation."},{"id":"fae23520-4f5e-4104-9409-e3af41d60bff","email":"alyssa.jones@amerisave.com","message":"failed to process due to network exception."},{"id":"88505bf4-c04c-4edc-920a-a3f7486fa874","email":"jackson.white@gmail.com","message":"failed to process due to network exception."},{"id":"c22f19d6-74cd-46d7-a3a4-16a338a8ef9c","email":"sophia.baker@dropbox.net","message":"successfully parsed message, but message temporarily enqueued while system restarts."},{"id":"72bdc5c0-f409-4b5c-b845-9a8099a3237d","email":"ava.davis@gmail.com","message":"failed to process due to network exception."},{"id":"ad227c44-a145-475b-88c5-cf132a44d972","email":"chloe.garcia@dropbox.net","message":"successfully processed after 839 milliseconds."},{"id":"85ba9c71-3572-4afc-89f3-74825da8e76c","email":"jacob.lopez@dropbox.net","message":"successfully parsed message, but message temporarily enqueued while system restarts."},{"id":"20f9a1df-c9da-4549-84a6-31763a3a4422","email":"daniel.rodriguez@amerisave.com","message":"successfully handled skipped operation."},{"id":"041ad085-966c-4c72-9fcf-edf2906ffe33","email":"ryan.king@dropbox.net","message":"successfully processed after 1525 milliseconds."},{"id":"59046ead-1eda-41e4-b3d2-5ab285f1bbec","email":"chloe.garcia@dropbox.net","message":"failed to process due to network exception."},{"id":"0cb3012b-65ef-4052-9d06-c112a7926b5b","email":"aiden.johnson@microsoft.com","message":"successfully parsed message, but message temporarily enqueued while system restarts."},{"id":"0a827ae1-ffcb-4e4b-a44b-6d6b9cc258d1","email":"jack.thompson@me.com","message":"successfully handled skipped operation."},{"id":"d4870217-1685-4b3b-a9a6-0d0d4ffa8b99","email":"logan.clark@dropbox.net","message":"failed to process due to datastore timeout of 30 seconds.  operation took 76 seconds."},{"id":"02629a52-b08d-4ccd-bbbe-b74ed4601c79","email":"elizabeth.martinez@dropbox.net","message":"successfully processed after 5436 milliseconds."},{"id":"0a660608-8a44-4053-b31c-825e1acc4b31","email":"alexis.brown@microsoft.com","message":"failed to process due to datastore timeout of 30 seconds.  operation took 120 seconds."},{"id":"e6b0434d-bb65-407b-8ed3-b39a2530a7d5","email":"hannah.martin@dropbox.net","message":"successfully handled skipped operation."},{"id":"f5be2b03-691c-4c7d-8c1a-271ecc3d4f03","email":"daniel.rodriguez@amerisave.com","message":"successfully parsed message, but message temporarily enqueued while system restarts."},{"id":"6c3f7949-c49e-4743-b851-88f33583896d","email":"logan.clark@dropbox.net","message":"successfully processed after 2471 milliseconds."},{"id":"7b992e7d-5453-482c-b824-cf6a0a1e1bb0","email":"daniel.rodriguez@amerisave.com","message":"failed to process due to network exception."},{"id":"978dca79-0643-4b0d-9786-517fd36f01f2","email":"logan.clark@dropbox.net","message":"failed to process due to datastore timeout of 30 seconds.  operation took 51 seconds."},{"id":"b76af0e6-7a3c-4bbf-b3d7-a7c767a19298","email":"elizabeth.martinez@dropbox.net","message":"failed to process due to network exception."},{"id":"df241a21-8a88-4708-9d6e-814beade89f6","email":"jackson.white@gmail.com","message":"successfully processed after 9060 milliseconds."},{"id":"161d7fc4-68f3-43eb-8962-0545d4733d06","email":"madison.lewis@gmail.com","message":"successfully handled skipped operation."},{"id":"218f901c-861a-4a66-b677-df4996b3e35c","email":"ella.anderson@dropbox.net","message":"successfully parsed message, but message temporarily enqueued while system restarts."},{"id":"a72235ea-72d8-46d4-b136-069c77692823","email":"olivia.wright@gmail.com","message":"successfully handled skipped operation."},{"id":"2e165078-5853-42bd-9bc1-e401ebfd0f55","email":"jackson.white@gmail.com","message":"successfully processed after 7339 milliseconds."},{"id":"c8b78147-de1c-480d-ac62-91018658917a","email":"joshua.lee@gmail.com","message":"successfully parsed message, but message temporarily enqueued while system restarts."},{"id":"9890fa99-9dc8-4f4e-b394-efa9b1ea0c0a","email":"sarah.green@amerisave.com","message":"successfully processed after 7080 milliseconds."},{"id":"d2479aa2-508d-4b8b-ac36-02af7350ab94","email":"alexis.brown@microsoft.com","message":"successfully parsed message, but message temporarily enqueued while system restarts."},{"id":"7f36bb00-6259-4b71-8735-4567b90ca223","email":"liam.gonzalez@me.com","message":"failed to process due to datastore timeout of 30 seconds.  operation took 62 seconds."},{"id":"3f090d03-d47e-4719-868a-7076e947c517","email":"nathan.young@microsoft.com","message":"failed to process due to network exception."},{"id":"309927e5-83e6-45bd-ba1d-d9413df7d44c","email":"sophia.baker@dropbox.net","message":"successfully processed after 6329 milliseconds."},{"id":"b290a234-6be6-42c1-8f6c-b4ab59d31871","email":"alexis.brown@microsoft.com","message":"successfully processed after 3722 milliseconds."},{"id":"cbea111b-f08c-4c1e-b266-25fdef5f7369","email":"tyler.nelson@microsoft.com","message":"successfully handled skipped operation."},{"id":"41a1fb14-1443-49b9-8f19-b7ba85678d20","email":"noah.sanchez@me.com","message":"successfully handled skipped operation."},{"id":"c179b927-dc4e-4981-a1cc-4a2d0b8b2618","email":"lily.harris@gmail.com","message":"successfully handled skipped operation."},{"id":"bb6950aa-20bd-4ff1-9122-02b68477d4ab","email":"isabella.jackson@amerisave.com","message":"failed to process due to network exception."},{"id":"d5b05e69-f762-4309-8766-39a53424a344","email":"lily.harris@gmail.com","message":"failed to process due to datastore timeout of 30 seconds.  operation took 119 seconds."},{"id":"e4049f04-5270-476d-9015-9192c71bf303","email":"nathan.young@microsoft.com","message":"failed to process due to datastore timeout of 30 seconds.  operation took 83 seconds."},{"id":"d60cb3e0-8f62-4c2f-b682-582fbad3c391","email":"alyssa.jones@amerisave.com","message":"successfully processed after 266 milliseconds."},{"id":"c9ac9c73-d245-4e89-a41e-23dfef7e5d25","email":"noah.sanchez@me.com","message":"failed to process due to network exception."},{"id":"98f41523-001a-4768-a683-f012ecaec07c","email":"dylan.wilson@gmail.com","message":"successfully parsed message, but message temporarily enqueued while system restarts."},{"id":"c8075ae4-e236-483f-9520-2d7052c162b1","email":"sophia.baker@dropbox.net","message":"successfully processed after 9555 milliseconds."},{"id":"2d300a60-7f90-48c8-b5b0-92ecaadf4197","email":"joshua.lee@gmail.com","message":"failed to process due to network exception."},{"id":"619fa96f-d36d-4487-92e8-7bfb6574ce03","email":"alexander.williams@gmail.com","message":"successfully parsed message, but message temporarily enqueued while system restarts."},{"id":"8ad4ceb0-7c6f-43f1-ab56-076fd370caff","email":"samantha.scott@me.com","message":"successfully parsed message, but message temporarily enqueued while system restarts."},{"id":"3b628a7a-8f56-42a3-ac1d-221acd59fdf1","email":"logan.clark@dropbox.net","message":"successfully handled skipped operation."},{"id":"b8b4ecff-851b-48ec-bab9-cf1bc1ddd44d","email":"daniel.rodriguez@amerisave.com","message":"successfully handled skipped operation."},{"id":"36e98109-d8d0-4236-9c72-58f518177706","email":"michael.hall@dropbox.net","message":"successfully parsed message, but message temporarily enqueued while system restarts."},{"id":"ef6389ba-c1cf-40fe-988d-de538adb0ffc","email":"jackson.white@gmail.com","message":"failed to process due to network exception."},{"id":"b391013f-7423-434a-9793-7d0e2f211f7a","email":"ryan.king@dropbox.net","message":"failed to process due to network exception."},{"id":"7f6409d1-6478-4947-8946-084c731abe1a","email":"dylan.wilson@gmail.com","message":"successfully handled skipped operation."},{"id":"2281d697-1759-44c9-beb5-34ab6ced63b4","email":"mason.robinson@amerisave.com","message":"successfully processed after 7480 milliseconds."},{"id":"678d0566-a6ff-4d76-bcc8-f539a66b8ee1","email":"nathan.young@microsoft.com","message":"failed to process due to network exception."},{"id":"c7957516-8111-4769-9e1e-1d2f9d2b9f8c","email":"alexis.brown@microsoft.com","message":"successfully processed after 4577 milliseconds."},{"id":"70040465-a69b-4ef0-98a9-29071aa019a0","email":"dylan.wilson@gmail.com","message":"failed to process due to network exception."},{"id":"8ba1bbf8-10fd-4178-bbfd-69c38753b0b1","email":"taylor.adams@gmail.com","message":"successfully processed after 3301 milliseconds."},{"id":"10fbdc5e-249f-4e42-b9b4-0d60baf79654","email":"emma.thomas@me.com","message":"successfully handled skipped operation."},{"id":"1544ece1-23a8-4dd1-9783-af9be012c9ef","email":"emma.thomas@me.com","message":"successfully parsed message, but message temporarily enqueued while system restarts."},{"id":"01524b2c-4fb6-4ba3-aa73-9b106f9551bb","email":"alyssa.jones@amerisave.com","message":"successfully processed after 6332 milliseconds."},{"id":"48ed08f0-9271-4dba-90e4-12122da20127","email":"hannah.martin@dropbox.net","message":"failed to process due to datastore timeout of 30 seconds.  operation took 98 seconds."},{"id":"e3fbce6e-9a3e-49db-a289-71d71a16e7c2","email":"ava.davis@gmail.com","message":"failed to process due to network exception."},{"id":"51aebe76-fe59-4c6f-9af2-b3d6c9a90e12","email":"joshua.lee@gmail.com","message":"failed to process due to datastore timeout of 30 seconds.  operation took 33 seconds."},{"id":"871df277-0a5e-4e76-b30b-956c1830018e","email":"aiden.johnson@microsoft.com","message":"successfully processed after 4279 milliseconds."},{"id":"748541dc-55ba-4ef3-bda2-a9edde0cff57","email":"sarah.green@amerisave.com","message":"successfully parsed message, but message temporarily enqueued while system restarts."},{"id":"82f4b7f6-f710-429a-b158-ee96d0a46cfe","email":"mason.robinson@amerisave.com","message":"successfully handled skipped operation."},{"id":"3bc15cbd-75b2-4e3d-9caa-6fe9929e36a7","email":"ella.anderson@dropbox.net","message":"failed to process due to datastore timeout of 30 seconds.  operation took 79 seconds."},{"id":"a9cef66d-0387-4a4b-b98c-100ca154a5d9","email":"logan.clark@dropbox.net","message":"successfully handled skipped operation."},{"id":"68d5c5a5-7da5-473c-a5c8-71c294588012","email":"taylor.adams@gmail.com","message":"failed to process due to network exception."},{"id":"0e7e328a-2826-4013-8c1a-efd3b3a0cbf8","email":"madison.lewis@gmail.com","message":"successfully processed after 3666 milliseconds."},{"id":"2e187ea2-732c-4952-9a76-c948726ac843","email":"ava.davis@gmail.com","message":"successfully handled skipped operation."},{"id":"752650c0-dedf-4021-9655-54e74aaa3eb6","email":"nathan.young@microsoft.com","message":"successfully parsed message, but message temporarily enqueued while system restarts."},{"id":"98230c97-7a76-43b9-8b0e-7ccb7cf6ccfd","email":"ryan.king@dropbox.net","message":"failed to process due to network exception."},{"id":"39dde571-8d91-4489-b267-713dd2942a27","email":"olivia.wright@gmail.com","message":"successfully handled skipped operation."},{"id":"1271a9cc-c6fc-44eb-aa60-e512e128cd3d","email":"nicholas.allen@microsoft.com","message":"successfully processed after 1889 milliseconds."},{"id":"899eabcd-8286-4f39-8864-67a07fe19dcc","email":"emily.taylor@gmail.com","message":"successfully parsed message, but message temporarily enqueued while system restarts."},{"id":"9dad03b4-f584-447f-be0a-5ac31748ca6b","email":"nathan.young@microsoft.com","message":"successfully processed after 2792 milliseconds."},{"id":"5400258f-5036-4adb-8811-144ffd1b5f50","email":"jacob.lopez@dropbox.net","message":"successfully parsed message, but message temporarily enqueued while system restarts."},{"id":"28c19ee3-3569-4d38-96c3-8483b288e5ae","email":"alyssa.jones@amerisave.com","message":"failed to process due to datastore timeout of 30 seconds.  operation took 98 seconds."},{"id":"93943825-3551-41e2-ab2b-e3c623798fb5","email":"mason.robinson@amerisave.com","message":"failed to process due to datastore timeout of 30 seconds.  operation took 37 seconds."},{"id":"175d0194-a06b-493a-8d2b-d34132ad45d7","email":"aiden.johnson@microsoft.com","message":"successfully parsed message, but message temporarily enqueued while system restarts."},{"id":"946e9480-6643-4753-bbf0-a9c0ddee6422","email":"mason.robinson@amerisave.com","message":"successfully parsed message, but message temporarily enqueued while system restarts."},{"id":"650733d8-95b8-411c-b955-7d347e934c03","email":"liam.gonzalez@me.com","message":"failed to process due to network exception."},{"id":"f74dc6d1-03eb-4bb4-a0cc-8b4f5adf5800","email":"jack.thompson@me.com","message":"successfully processed after 2289 milliseconds."},{"id":"c12c86b9-0389-469d-aaf0-26767608bd29","email":"ella.anderson@dropbox.net","message":"failed to process due to datastore timeout of 30 seconds.  operation took 102 seconds."},{"id":"4f6587fd-035f-4d44-9844-64727f0c1c79","email":"grace.moore@gmail.com","message":"successfully processed after 9788 milliseconds."},{"id":"4ccc5271-99a1-42a1-bd57-47bc0fd1bc4f","email":"emma.thomas@me.com","message":"failed to process due to datastore timeout of 30 seconds.  operation took 69 seconds."},{"id":"ad8b7393-5edd-47eb-8adf-ffef9f977a4d","email":"mia.perez@me.com","message":"successfully parsed message, but message temporarily enqueued while system restarts."},{"id":"40b48514-0886-4a0b-a3b1-e29edccfb10c","email":"sophia.baker@dropbox.net","message":"successfully handled skipped operation."},{"id":"ab5e5c90-76e7-4d18-9e5a-6d734a3d22d5","email":"joshua.lee@gmail.com","message":"successfully processed after 1679 milliseconds."},{"id":"29e32fe7-aacb-4ad2-a48b-a08a57cd5a0d","email":"nathan.young@microsoft.com","message":"successfully processed after 9386 milliseconds."},{"id":"ebeda5bc-291c-4536-b5d8-301b762ae3c5","email":"jackson.white@gmail.com","message":"failed to process due to datastore timeout of 30 seconds.  operation took 75 seconds."},{"id":"0544ddcd-f40f-434b-b63f-dbc07d9956bb","email":"michael.hall@dropbox.net","message":"successfully handled skipped operation."},{"id":"00ee55b0-5f10-4bcc-8bb3-2cbb7406a979","email":"noah.sanchez@me.com","message":"successfully parsed message, but message temporarily enqueued while system restarts."},{"id":"6806dd24-e5fe-42a9-987c-cbf55326b612","email":"alexander.williams@gmail.com","message":"failed to process due to network exception."},{"id":"4db88980-f59c-4f3d-8f2a-500993630e14","email":"joshua.lee@gmail.com","message":"successfully processed after 6110 milliseconds."},{"id":"20a08de9-8dce-40f5-b307-60c14174427b","email":"matthew.walker@amerisave.com","message":"successfully processed after 7577 milliseconds."},{"id":"07ffca15-a5d4-43a1-80c5-d0de7f24e91f","email":"alexis.brown@microsoft.com","message":"successfully processed after 4465 milliseconds."},{"id":"6385acfd-dbe4-44cf-92f2-2616b58b8f18","email":"taylor.adams@gmail.com","message":"failed to process due to datastore timeout of 30 seconds.  operation took 41 seconds."},{"id":"188072f3-1c59-436d-8388-4c5f173436cb","email":"emma.thomas@me.com","message":"successfully handled skipped operation."},{"id":"cc427e26-0bde-4a38-b77f-b819a365d8b7","email":"mason.robinson@amerisave.com","message":"successfully processed after 534 milliseconds."},{"id":"897539ab-7912-4233-846e-80dee62b10b9","email":"mia.perez@me.com","message":"failed to process due to network exception."},{"id":"9dfb5995-8c1f-4a73-b91f-46f9228a03be","email":"alexis.brown@microsoft.com","message":"successfully processed after 4252 milliseconds."},{"id":"2a4a8086-fba9-4e2b-b4e2-a078f1a8ee67","email":"mason.robinson@amerisave.com","message":"successfully processed after 2585 milliseconds."},{"id":"2c61b919-5339-4669-9fa8-4587d64a46d1","email":"madison.lewis@gmail.com","message":"successfully parsed message, but message temporarily enqueued while system restarts."},{"id":"a958222e-2a05-44a8-a2d6-58dc53c2b7b5","email":"nicholas.allen@microsoft.com","message":"failed to process due to datastore timeout of 30 seconds.  operation took 91 seconds."},{"id":"9ad7476d-2e08-41fa-95ad-a65560893dc7","email":"logan.clark@dropbox.net","message":"successfully handled skipped operation."},{"id":"34ea997c-8a6f-4a1e-b21a-7f287d3a8103","email":"sophia.baker@dropbox.net","message":"successfully parsed message, but message temporarily enqueued while system restarts."},{"id":"c757c406-a7d2-4770-b1e0-231e56b83467","email":"grace.moore@gmail.com","message":"successfully processed after 3780 milliseconds."},{"id":"39743a43-19cb-45ff-8be2-19a585fc742b","email":"madison.lewis@gmail.com","message":"failed to process due to datastore timeout of 30 seconds.  operation took 103 seconds."},{"id":"113db9f1-6874-4a77-8d3b-f9126be02f73","email":"aiden.johnson@microsoft.com","message":"successfully processed after 132 milliseconds."},{"id":"d1197b4a-95ec-404c-9990-4100377410cf","email":"chloe.garcia@dropbox.net","message":"successfully parsed message, but message temporarily enqueued while system restarts."},{"id":"0cad0027-e946-4bcd-87e6-4b770047b2b8","email":"grace.moore@gmail.com","message":"successfully processed after 9621 milliseconds."},{"id":"35f19154-446c-4ce0-bb8e-b2a66df46823","email":"jacob.lopez@dropbox.net","message":"failed to process due to datastore timeout of 30 seconds.  operation took 50 seconds."},{"id":"19b73469-8744-4aae-9fbb-e42e39d59645","email":"jack.thompson@me.com","message":"failed to process due to network exception."},{"id":"0aa0b402-a538-42d3-aa22-a12cee1fd708","email":"elizabeth.martinez@dropbox.net","message":"failed to process due to network exception."},{"id":"d5ff1b87-6c3a-4202-b36d-512f9de28cd3","email":"alexis.brown@microsoft.com","message":"successfully handled skipped operation."},{"id":"d06bd131-b9c7-4022-9202-5d67bf977add","email":"hannah.martin@dropbox.net","message":"failed to process due to network exception."},{"id":"a6464733-8176-44f2-82b8-b00dd5315fe0","email":"joshua.lee@gmail.com","message":"successfully parsed message, but message temporarily enqueued while system restarts."},{"id":"e2a73695-966a-4828-a50f-1df920bf5d6a","email":"olivia.wright@gmail.com","message":"failed to process due to datastore timeout of 30 seconds.  operation took 115 seconds."},{"id":"b3a1e599-680d-4051-b2a1-fbc9d45be472","email":"daniel.rodriguez@amerisave.com","message":"failed to process due to network exception."},{"id":"40de6623-bb3c-475c-a0da-26347513ebbc","email":"taylor.adams@gmail.com","message":"successfully processed after 3449 milliseconds."},{"id":"a61d8875-8e73-40b1-bd6f-71ea1dc8bd74","email":"samantha.scott@me.com","message":"successfully parsed message, but message temporarily enqueued while system restarts."},{"id":"8879a07b-3eb3-4fb1-b7f7-2b04dd9f7106","email":"emma.thomas@me.com","message":"failed to process due to network exception."},{"id":"dffb9e2c-ea82-453f-b388-7c2a3068674f","email":"liam.gonzalez@me.com","message":"successfully processed after 3403 milliseconds."},{"id":"308335ba-0528-4b16-a50f-0a54faabb014","email":"alyssa.jones@amerisave.com","message":"failed to process due to network exception."},{"id":"f4d1bfbb-da95-4666-b262-699b3d35034d","email":"lily.harris@gmail.com","message":"successfully parsed message, but message temporarily enqueued while system restarts."},{"id":"6495ef2c-2fa3-4c34-b9e0-2788326648ec","email":"matthew.walker@amerisave.com","message":"failed to process due to datastore timeout of 30 seconds.  operation took 40 seconds."},{"id":"867bf823-6a6e-4723-8a23-e054510211f4","email":"joshua.lee@gmail.com","message":"successfully handled skipped operation."},{"id":"a8ab60fc-d031-4944-a428-6777dd022146","email":"jackson.white@gmail.com","message":"successfully parsed message, but message temporarily enqueued while system restarts."},{"id":"c428b66b-e760-4ea8-9680-76736d5936de","email":"ella.anderson@dropbox.net","message":"failed to process due to datastore timeout of 30 seconds.  operation took 130 seconds."},{"id":"a02edbe3-2ce6-4dbc-ba04-6cdccd8443a2","email":"elizabeth.martinez@dropbox.net","message":"successfully parsed message, but message temporarily enqueued while system restarts."},{"id":"1f0d289e-8a79-45be-b0ea-18a8e9a4be81","email":"lily.harris@gmail.com","message":"successfully parsed message, but message temporarily enqueued while system restarts."},{"id":"4283b0f7-c789-4e16-97d4-9ef452cbe38d","email":"jack.thompson@me.com","message":"successfully handled skipped operation."},{"id":"fe52c707-a59c-48c1-a4b5-98e0f00ee7f5","email":"isabella.jackson@amerisave.com","message":"failed to process due to network exception."},{"id":"8dae47ff-0817-4a48-b440-fa919eb07b93","email":"abigail.smith@amerisave.com","message":"successfully processed after 5394 milliseconds."},{"id":"d144ecf6-3bd4-4405-b45d-870fd481895a","email":"michael.hall@dropbox.net","message":"successfully parsed message, but message temporarily enqueued while system restarts."},{"id":"ebf242a8-387b-49f5-a198-ca104b1cdc35","email":"hannah.martin@dropbox.net","message":"failed to process due to datastore timeout of 30 seconds.  operation took 46 seconds."},{"id":"f21bf874-c16c-43aa-a393-80e7761d90b0","email":"sophia.baker@dropbox.net","message":"failed to process due to datastore timeout of 30 seconds.  operation took 126 seconds."},{"id":"98f4b591-f724-4fa9-a671-cc44a2e64199","email":"chloe.garcia@dropbox.net","message":"successfully processed after 6417 milliseconds."},{"id":"89d8c58d-8c34-4928-9a9a-ce7c51648b0c","email":"samantha.scott@me.com","message":"failed to process due to network exception."},{"id":"2b138ddd-5621-4038-abad-64842acbc364","email":"emma.thomas@me.com","message":"successfully handled skipped operation."},{"id":"b9795465-573e-4ffa-b846-043362f2378c","email":"mia.perez@me.com","message":"successfully processed after 7746 milliseconds."},{"id":"b5777252-9744-47f3-a8e3-b3d7276256ce","email":"aiden.johnson@microsoft.com","message":"successfully parsed message, but message temporarily enqueued while system restarts."},{"id":"0efa0cce-28f4-4380-9b1a-e8581134f6dd","email":"sarah.green@amerisave.com","message":"successfully handled skipped operation."},{"id":"1cbd03b0-d455-4a87-bd60-ac41415bf1a8","email":"lily.harris@gmail.com","message":"successfully parsed message, but message temporarily enqueued while system restarts."},{"id":"73e78d1b-f72e-4219-83d9-21448e6fe233","email":"matthew.walker@amerisave.com","message":"successfully parsed message, but message temporarily enqueued while system restarts."},{"id":"af3dc55d-a9b8-4fc2-bb93-bed9826ffbdf","email":"emma.thomas@me.com","message":"failed to process due to network exception."},{"id":"53d2ea73-f08e-4cf7-9ce2-ec784f587829","email":"nicholas.allen@microsoft.com","message":"successfully parsed message, but message temporarily enqueued while system restarts."},{"id":"0576f1f9-b3bb-4428-a078-a00db49ab851","email":"abigail.smith@amerisave.com","message":"failed to process due to network exception."},{"id":"4e20eb44-7fb1-41bc-a5d3-462afbbfcad4","email":"samantha.scott@me.com","message":"successfully parsed message, but message temporarily enqueued while system restarts."},{"id":"788ebd4c-503f-447c-8d4a-047f29fee293","email":"sarah.green@amerisave.com","message":"failed to process due to network exception."},{"id":"347894e4-8dc6-4c93-806c-6858ea715add","email":"aiden.johnson@microsoft.com","message":"failed to process due to datastore timeout of 30 seconds.  operation took 32 seconds."},{"id":"54b784b0-22e5-42bd-bbe9-1d7b8b0bacc8","email":"hannah.martin@dropbox.net","message":"successfully processed after 7040 milliseconds."},{"id":"a50f004b-4a32-4ab6-a53f-b6511f769b6d","email":"abigail.smith@amerisave.com","message":"failed to process due to datastore timeout of 30 seconds.  operation took 56 seconds."},{"id":"f82f20e7-35c7-43f8-87c2-33d664e5a4d3","email":"nicholas.allen@microsoft.com","message":"successfully handled skipped operation."},{"id":"4fd0133b-4a9d-4c6e-885a-829b7f62774d","email":"madison.lewis@gmail.com","message":"failed to process due to datastore timeout of 30 seconds.  operation took 92 seconds."},{"id":"8739a163-5f8e-4e14-9303-066df3bc8c85","email":"sarah.green@amerisave.com","message":"successfully handled skipped operation."},{"id":"327b7532-28ed-4da1-98e3-bb07539c0651","email":"abigail.smith@amerisave.com","message":"failed to process due to network exception."},{"id":"3823dc5e-5005-425d-9db9-905b1fa58cc3","email":"joshua.lee@gmail.com","message":"successfully handled skipped operation."},{"id":"f7ae9e99-2653-45bc-86f9-502cbfcb1ac2","email":"dylan.wilson@gmail.com","message":"failed to process due to datastore timeout of 30 seconds.  operation took 46 seconds."},{"id":"fed7eb7c-5dc3-47ae-8c9d-9fd30b958908","email":"sarah.green@amerisave.com","message":"failed to process due to datastore timeout of 30 seconds.  operation took 81 seconds."},{"id":"d352082b-0707-4456-9d49-4304d48647db","email":"daniel.rodriguez@amerisave.com","message":"successfully parsed message, but message temporarily enqueued while system restarts."},{"id":"24a36e72-d65d-4100-82d7-d42362e4f2be","email":"dylan.wilson@gmail.com","message":"successfully processed after 4267 milliseconds."},{"id":"dfc76a13-3af2-4ca5-b14b-7273bfbf6eb0","email":"jacob.lopez@dropbox.net","message":"failed to process due to datastore timeout of 30 seconds.  operation took 67 seconds."},{"id":"9ffabb8c-a57a-40f3-b556-5535c02f5ad5","email":"liam.gonzalez@me.com","message":"failed to process due to datastore timeout of 30 seconds.  operation took 111 seconds."},{"id":"457df9c2-6860-46bc-9253-af107de69374","email":"logan.clark@dropbox.net","message":"successfully handled skipped operation."},{"id":"05ae381b-1f37-4242-9755-a407f08e804f","email":"hannah.martin@dropbox.net","message":"successfully processed after 117 milliseconds."},{"id":"d68f5293-dd1c-4097-8630-36821c574071","email":"hannah.martin@dropbox.net","message":"successfully processed after 5562 milliseconds."},{"id":"0da348a1-898e-4764-8ea5-8c8b46ddd0d2","email":"joshua.lee@gmail.com","message":"failed to process due to datastore timeout of 30 seconds.  operation took 32 seconds."},{"id":"dd2aa40d-fd0e-42bf-b28d-7e496165fe0a","email":"alexis.brown@microsoft.com","message":"successfully processed after 9215 milliseconds."},{"id":"c4792b3d-5837-4890-ba66-193ea89e72fe","email":"emily.taylor@gmail.com","message":"successfully parsed message, but message temporarily enqueued while system restarts."},{"id":"c825cc4e-4623-4bf7-b541-fdd9e4a08ee5","email":"mia.perez@me.com","message":"successfully handled skipped operation."},{"id":"51d661f4-0b15-4d26-8a12-c1e51680836c","email":"liam.gonzalez@me.com","message":"successfully processed after 9525 milliseconds."},{"id":"450e89f9-8406-445a-afb3-f99f3723c9d4","email":"madison.lewis@gmail.com","message":"successfully handled skipped operation."},{"id":"4ea1b94d-200a-47ca-9e3d-a65c3d8cdb94","email":"alyssa.jones@amerisave.com","message":"failed to process due to datastore timeout of 30 seconds.  operation took 44 seconds."},{"id":"72be55bf-576f-40ec-9f64-62c539da280f","email":"mia.perez@me.com","message":"failed to process due to datastore timeout of 30 seconds.  operation took 58 seconds."},{"id":"611f8736-95fc-4c6e-8fe0-6830e5ba1c73","email":"michael.hall@dropbox.net","message":"successfully processed after 9538 milliseconds."},{"id":"838a4197-a71e-4569-ae65-f418e90554cc","email":"joshua.lee@gmail.com","message":"successfully parsed message, but message temporarily enqueued while system restarts."},{"id":"5a367ad2-79f9-489f-92d2-9a0cbb230a19","email":"nicholas.allen@microsoft.com","message":"failed to process due to datastore timeout of 30 seconds.  operation took 93 seconds."},{"id":"a1cfa856-fb16-486e-b749-8d1bb7f0031e","email":"lily.harris@gmail.com","message":"successfully handled skipped operation."},{"id":"81b67d6b-9b4a-4578-85aa-4f0b4f561366","email":"nicholas.allen@microsoft.com","message":"successfully processed after 6512 milliseconds."},{"id":"f55cbb4d-1e4a-4255-ac1c-f6089c80d052","email":"noah.sanchez@me.com","message":"failed to process due to datastore timeout of 30 seconds.  operation took 106 seconds."},{"id":"03f03ccb-61e3-48a4-81e7-4b816c171ccd","email":"ella.anderson@dropbox.net","message":"successfully processed after 3560 milliseconds."},{"id":"0b0f3a8b-4ed2-4557-bcf1-0104cd7e99af","email":"isabella.jackson@amerisave.com","message":"successfully processed after 5467 milliseconds."},{"id":"516c6f9b-eb6c-481b-bf6e-59f63cde49e7","email":"ethan.hernandez@microsoft.com","message":"failed to process due to network exception."},{"id":"348769bf-9f36-4c47-b30e-a633f74c4fab","email":"lily.harris@gmail.com","message":"failed to process due to network exception."},{"id":"50542c4d-0ed0-4d32-bd02-09ce3d53575f","email":"lily.harris@gmail.com","message":"failed to process due to network exception."},{"id":"244f805d-2648-42cb-8653-1241067bc079","email":"olivia.wright@gmail.com","message":"successfully parsed message, but message temporarily enqueued while system restarts."},{"id":"16dfeca3-cfc0-4418-8ff3-1acf457688ec","email":"jacob.lopez@dropbox.net","message":"successfully processed after 4071 milliseconds."},{"id":"59b75dcc-d31a-411d-b832-9484ba18b419","email":"chloe.garcia@dropbox.net","message":"successfully processed after 7059 milliseconds."},{"id":"645e979c-f8e2-4a20-9b08-0dd098f25058","email":"jacob.lopez@dropbox.net","message":"successfully processed after 2337 milliseconds."},{"id":"ccdc8770-b0c5-47ed-9380-47b7b4ba2aa1","email":"matthew.walker@amerisave.com","message":"successfully processed after 45 milliseconds."},{"id":"5b3561db-230f-44f2-b45c-0e8b4499d487","email":"emily.taylor@gmail.com","message":"failed to process due to datastore timeout of 30 seconds.  operation took 59 seconds."},{"id":"757815a3-5d80-441c-a763-6bd9be5f54e3","email":"ella.anderson@dropbox.net","message":"successfully processed after 3581 milliseconds."},{"id":"813ae285-3899-4323-bce0-8dfa8baa0f71","email":"andrew.miller@gmail.com","message":"successfully processed after 6620 milliseconds."},{"id":"52d5bdce-91c8-4c07-85f6-891c0a8e640f","email":"ryan.king@dropbox.net","message":"successfully parsed message, but message temporarily enqueued while system restarts."},{"id":"15d4ca63-3157-4125-9b5e-b50b973a696f","email":"logan.clark@dropbox.net","message":"successfully processed after 1924 milliseconds."},{"id":"056d6247-e79d-4ef0-9cec-1f743a32d434","email":"taylor.adams@gmail.com","message":"failed to process due to datastore timeout of 30 seconds.  operation took 102 seconds."},{"id":"bea36161-90ce-4d7f-a3b1-74b4bbff87a6","email":"mia.perez@me.com","message":"successfully parsed message, but message temporarily enqueued while system restarts."},{"id":"fad43363-822d-4718-873e-ab9c9b5d0441","email":"logan.clark@dropbox.net","message":"failed to process due to datastore timeout of 30 seconds.  operation took 75 seconds."},{"id":"b60ee58f-a612-4e22-b362-f8369d8e37f0","email":"dylan.wilson@gmail.com","message":"successfully handled skipped operation."},{"id":"4b60a237-b293-4144-b8ea-e6c5c7307b48","email":"andrew.miller@gmail.com","message":"successfully handled skipped operation."},{"id":"a0415d5b-d30a-4957-a4b4-396ea1b0d825","email":"jack.thompson@me.com","message":"successfully parsed message, but message temporarily enqueued while system restarts."},{"id":"148d417a-1c42-4159-97a9-a9b8babd6cac","email":"elizabeth.martinez@dropbox.net","message":"failed to process due to network exception."},{"id":"693fa279-0365-46bc-9913-465c06299d35","email":"liam.gonzalez@me.com","message":"successfully parsed message, but message temporarily enqueued while system restarts."},{"id":"14801bb2-6755-41fa-8bb8-1d8803ee55da","email":"chloe.garcia@dropbox.net","message":"successfully parsed message, but message temporarily enqueued while system restarts."},{"id":"cb08249d-552e-4bdc-9d99-b07291019b68","email":"aiden.johnson@microsoft.com","message":"successfully parsed message, but message temporarily enqueued while system restarts."},{"id":"99552c23-3c7a-4cf9-932d-144c267d3d87","email":"matthew.walker@amerisave.com","message":"successfully handled skipped operation."},{"id":"1899a6c7-bbbc-438d-b8c6-41263d7e5989","email":"elizabeth.martinez@dropbox.net","message":"failed to process due to network exception."},{"id":"8c1d3106-e263-4155-9abe-3fcfd91e29eb","email":"alexander.williams@gmail.com","message":"successfully handled skipped operation."},{"id":"6f639fba-5585-41d1-8980-54d10fa1790b","email":"emily.taylor@gmail.com","message":"successfully handled skipped operation."},{"id":"6477ff69-e510-466b-a1fc-bed3c778df07","email":"ella.anderson@dropbox.net","message":"successfully parsed message, but message temporarily enqueued while system restarts."},{"id":"eae07dbf-23b9-4cad-a408-a947a39e0517","email":"elizabeth.martinez@dropbox.net","message":"failed to process due to network exception."},{"id":"a3aaaefc-c2d6-4c3e-b898-546b43cba0b6","email":"ethan.hernandez@microsoft.com","message":"successfully parsed message, but message temporarily enqueued while system restarts."},{"id":"ea8ab21e-6258-461e-bfa1-97a8a8f5f8c9","email":"matthew.walker@amerisave.com","message":"failed to process due to datastore timeout of 30 seconds.  operation took 98 seconds."},{"id":"bfc4de07-0285-49b8-a20d-3f46360bbb8d","email":"samantha.scott@me.com","message":"successfully handled skipped operation."},{"id":"d7d8e7de-6a51-4275-81ae-efc06e67be67","email":"liam.gonzalez@me.com","message":"successfully processed after 6679 milliseconds."},{"id":"b893ffd3-d09f-424e-b64d-a01da36003b9","email":"lily.harris@gmail.com","message":"successfully handled skipped operation."},{"id":"8cae0cd5-e7e7-45a4-8296-0e8d9a7ab2bd","email":"nathan.young@microsoft.com","message":"successfully parsed message, but message temporarily enqueued while system restarts."},{"id":"6fb82984-b78f-4582-a478-7d6208bb9ab4","email":"ethan.hernandez@microsoft.com","message":"failed to process due to datastore timeout of 30 seconds.  operation took 80 seconds."},{"id":"235d8ab4-c4c9-4b7d-b2de-abd073ca999d","email":"emma.thomas@me.com","message":"failed to process due to datastore timeout of 30 seconds.  operation took 129 seconds."},{"id":"fadbfe8c-6e12-4eb9-9b29-0f6f074d04df","email":"dylan.wilson@gmail.com","message":"failed to process due to datastore timeout of 30 seconds.  operation took 43 seconds."}],"id":"0d854b10-b01d-4e45-9608-4762b9b0ba8f"}