{"logs":[{"id":"483414e1-9d03-4b10-ac4d-aa133e03a647","email":"grace.moore@gmail.com","message":"successfully handled skipped operation."},{"id":"f1cdd9de-4fdc-4aad-9bbf-cf1d985f1fef","email":"nathan.young@microsoft.com","message":"failed to process due to network exception."},{"id":"2dbab677-f2b6-4119-be41-5c39d8f17d01","email":"taylor.adams@gmail.com","message":"successfully handled skipped operation."},{"id":"dae46cf7-a742-4549-af6e-d23c0f004eda","email":"sophia.baker@dropbox.net","message":"failed to process due to datastore timeout of 30 seconds.  operation took 41 seconds."},{"id":"be53fe11-43b8-4d0c-a7a4-f80e3d31e5fd","email":"jack.thompson@me.com","message":"successfully parsed message, but message temporarily enqueued while system restarts."},{"id":"90a304e2-f598-4769-857d-1478515d50e9","email":"alyssa.jones@amerisave.com","message":"failed to process due to datastore timeout of 30 seconds.  operation took 102 seconds."},{"id":"4a65b6db-6057-44c1-8c98-7ce55adb18ef","email":"jack.thompson@me.com","message":"failed to process due to datastore timeout of 30 seconds.  operation took 87 seconds."},{"id":"1068cca3-fddd-4330-89bf-3d1ffb554bb8","email":"jackson.white@gmail.com","message":"failed to process due to datastore timeout of 30 seconds.  operation took 84 seconds."},{"id":"69f98d84-9f72-4eba-8742-a3dde43e3198","email":"alexander.williams@gmail.com","message":"successfully parsed message, but message temporarily enqueued while system restarts."},{"id":"f93f0a15-8244-4787-9470-d530df3f16c7","email":"emma.thomas@me.com","message":"successfully parsed message, but message temporarily enqueued while system restarts."},{"id":"18090665-891d-457e-855b-d5db100c3a3c","email":"liam.gonzalez@me.com","message":"failed to process due to network exception."},{"id":"8053dac7-b96e-4e9e-9662-cfe2cd48d33d","email":"emily.taylor@gmail.com","message":"failed to process due to datastore timeout of 30 seconds.  operation took 58 seconds."},{"id":"58d2b57b-2aae-43b0-b761-9cab4404213d","email":"emily.taylor@gmail.com","message":"failed to process due to datastore timeout of 30 seconds.  operation took 46 seconds."},{"id":"8c6945cb-6864-4bd1-a95f-a8f76beb16d0","email":"sarah.green@amerisave.com","message":"failed to process due to datastore timeout of 30 seconds.  operation took 112 seconds."},{"id":"985d302f-b6b6-4748-825e-218981fd6c4a","email":"jack.thompson@me.com","message":"failed to process due to network exception."},{"id":"dfead1af-f4e8-48e5-915c-203f34a3eba5","email":"matthew.walker@amerisave.com","message":"successfully parsed message, but message temporarily enqueued while system restarts."},{"id":"b1bcfa56-3bcb-4942-8895-791ac546fcc6","email":"emily.taylor@gmail.com","message":"failed to process due to network exception."},{"id":"756667a5-2a43-472e-bcb4-c3040ea51cd8","email":"alexis.brown@microsoft.com","message":"successfully processed after 9540 milliseconds."},{"id":"64c257c7-917a-4fda-9567-750c0586d956","email":"sophia.baker@dropbox.net","message":"successfully handled skipped operation."},{"id":"92f8de0a-ee70-4b54-bc21-708349b3a6d7","email":"isabella.jackson@amerisave.com","message":"successfully parsed message, but message temporarily enqueued while system restarts."},{"id":"59ad44c7-7961-46fb-b817-3d933e55903a","email":"matthew.walker@amerisave.com","message":"failed to process due to datastore timeout of 30 seconds.  operation took 87 seconds."},{"id":"a2c656f3-f084-485e-9e22-835e2bf1fa95","email":"ryan.king@dropbox.net","message":"successfully processed after 9988 milliseconds."},{"id":"0cbf5e67-6a7d-42e0-940a-ae3deb0a49d4","email":"chloe.garcia@dropbox.net","message":"successfully handled skipped operation."},{"id":"0992a0bb-6327-4f15-b38b-52de2627f9e5","email":"sophia.baker@dropbox.net","message":"successfully handled skipped operation."},{"id":"2d1a8b7d-89bd-4595-bd18-c1a04d9fca9d","email":"lily.harris@gmail.com","message":"successfully handled skipped operation."},{"id":"87739b5e-f6f9-4b79-9ef0-52c21e0602d7","email":"elizabeth.martinez@dropbox.net","message":"failed to process due to datastore timeout of 30 seconds.  operation took 73 seconds."},{"id":"989b5e73-4dba-4730-b646-b12525dd2e5a","email":"tyler.nelson@microsoft.com","message":"successfully processed after 5190 milliseconds."},{"id":"e956e8b5-ff7d-4de3-ad9d-133db710035d","email":"ella.anderson@dropbox.net","message":"successfully processed after 4376 milliseconds."},{"id":"b0f1dcc5-bfac-492e-ac3f-95bd10fc603a","email":"chloe.garcia@dropbox.net","message":"failed to process due to datastore timeout of 30 seconds.  operation took 40 seconds."},{"id":"7369ee20-b8f9-4c7f-a62b-fb5c57c6ab24","email":"hannah.martin@dropbox.net","message":"failed to process due to datastore timeout of 30 seconds.  operation took 69 seconds."},{"id":"43f9b411-8a6a-4e19-8894-e7266a1131f1","email":"ella.anderson@dropbox.net","message":"successfully handled skipped operation."},{"id":"3a8fb640-33da-4411-be3b-3a5de338f6d4","email":"alyssa.jones@amerisave.com","message":"successfully parsed message, but message temporarily enqueued while system restarts."},{"id":"942fdabb-acbe-4711-aa60-69aabbeaa3f0","email":"andrew.miller@gmail.com","message":"failed to process due to datastore timeout of 30 seconds.  operation took 106 seconds."},{"id":"5a73e1cf-8783-4020-8f1b-ebd70ba80d30","email":"lily.harris@gmail.com","message":"failed to process due to datastore timeout of 30 seconds.  operation took 118 seconds."},{"id":"b7e3be42-84f1-4a6d-b5dd-f6d058bde122","email":"michael.hall@dropbox.net","message":"failed to process due to datastore timeout of 30 seconds.  operation took 74 seconds."},{"id":"173bc5ac-b13b-4677-8b10-fd49f80a4e4a","email":"ethan.hernandez@microsoft.com","message":"successfully parsed message, but message temporarily enqueued while system restarts."},{"id":"52fbe4af-b6c5-4d45-8832-4516d5012946","email":"mason.robinson@amerisave.com","message":"failed to process due to datastore timeout of 30 seconds.  operation took 74 seconds."},{"id":"f08beb8e-9715-44f6-996d-febff6d28094","email":"liam.gonzalez@me.com","message":"successfully parsed message, but message temporarily enqueued while system restarts."},{"id":"e7183fc2-f451-47e0-ac88-646b0c6b8467","email":"hannah.martin@dropbox.net","message":"successfully parsed message, but message temporarily enqueued while system restarts."},{"id":"bae33ce5-eeca-4110-9bae-a8ec9680427c","email":"matthew.walker@amerisave.com","message":"successfully parsed message, but message temporarily enqueued while system restarts."},{"id":"852a10e0-2c07-4955-ba13-05410c0ac9ea","email":"matthew.walker@amerisave.com","message":"successfully parsed message, but message temporarily enqueued while system restarts."},{"id":"15ccb2aa-db28-4fde-9254-1efa2ac37091","email":"samantha.scott@me.com","message":"successfully processed after 9340 milliseconds."},{"id":"6cfcd37c-ad86-4969-ba0c-db5d61dc752c","email":"sarah.green@amerisave.com","message":"failed to process due to datastore timeout of 30 seconds.  operation took 99 seconds."},{"id":"67c9d8d9-1bac-4474-9d43-d7878342b0c9","email":"alexis.brown@microsoft.com","message":"successfully handled skipped operation."},{"id":"2c4bb800-fd24-4d19-84cc-c4cfacad6253","email":"jackson.white@gmail.com","message":"successfully processed after 4172 milliseconds."},{"id":"ac3188d4-019d-46a8-b59d-42adae3e61cf","email":"matthew.walker@amerisave.com","message":"failed to process due to datastore timeout of 30 seconds.  operation took 66 seconds."},{"id":"6da09072-83c6-4032-a4e6-b2084f8da972","email":"tyler.nelson@microsoft.com","message":"successfully processed after 3890 milliseconds."},{"id":"a87d0b34-12ba-4f37-8e18-1f4291d45881","email":"liam.gonzalez@me.com","message":"successfully parsed message, but message temporarily enqueued while system restarts."},{"id":"77ceb5af-2235-43ae-8d55-dadfebf18c02","email":"ava.davis@gmail.com","message":"successfully processed after 9849 milliseconds."},{"id":"e0b5db89-f7f9-4f13-828b-600424dfcca6","email":"joshua.lee@gmail.com","message":"successfully parsed message, but message temporarily enqueued while system restarts."},{"id":"1329490c-f472-4970-8260-60289795b045","email":"jackson.white@gmail.com","message":"successfully handled skipped operation."},{"id":"90710521-3db6-4fa0-846c-952b5dd3a313","email":"madison.lewis@gmail.com","message":"failed to process due to datastore timeout of 30 seconds.  operation took 117 seconds."},{"id":"14fe2bf7-56d2-49d6-a5b0-459530f99618","email":"emily.taylor@gmail.com","message":"successfully processed after 1924 milliseconds."},{"id":"f6697e8e-7c2f-4285-864e-59ba2183c315","email":"jackson.white@gmail.com","message":"failed to process due to network exception."},{"id":"a042e5f5-0c8d-4f30-9d97-cb9103d2e8b4","email":"alexander.williams@gmail.com","message":"failed to process due to datastore timeout of 30 seconds.  operation took 119 seconds."},{"id":"030e2b02-c3d6-46f1-9e8c-76fcc28eb4c9","email":"elizabeth.martinez@dropbox.net","message":"failed to process due to network exception."},{"id":"800ae122-9e99-41d5-a84e-e8f489a5cb94","email":"logan.clark@dropbox.net","message":"successfully handled skipped operation."},{"id":"dfc9a59d-a5c6-4702-b95b-b255a55ed1b9","email":"hannah.martin@dropbox.net","message":"failed to process due to network exception."},{"id":"fb2bfa50-791f-433c-96c2-7100aedac518","email":"ella.anderson@dropbox.net","message":"successfully processed after 901 milliseconds."},{"id":"19f9099f-9bf8-4574-8996-770f8385df58","email":"tyler.nelson@microsoft.com","message":"successfully handled skipped operation."},{"id":"65fa91ae-70a6-42c2-bc42-02e5e014f775","email":"madison.lewis@gmail.com","message":"successfully parsed message, but message temporarily enqueued while system restarts."},{"id":"8af75f41-02e5-4aff-80d2-b7ad35864f21","email":"lily.harris@gmail.com","message":"failed to process due to datastore timeout of 30 seconds.  operation took 76 seconds."},{"id":"3b3496fb-4b9a-470a-8ee9-885de83f3547","email":"daniel.rodriguez@amerisave.com","message":"failed to process due to datastore timeout of 30 seconds.  operation took 95 seconds."},{"id":"1ee3c18a-c20a-4dc6-b5a1-c9d4286a352c","email":"ryan.king@dropbox.net","message":"successfully processed after 340 milliseconds."},{"id":"cb576122-d318-4c6c-8bf9-51457071f55d","email":"abigail.smith@amerisave.com","message":"successfully processed after 3780 milliseconds."},{"id":"2dfcb6d2-2230-4700-9971-e6da6a7f978c","email":"abigail.smith@amerisave.com","message":"failed to process due to network exception."},{"id":"e8455331-d4a5-44e5-838c-4b0e4f0dc5b2","email":"mason.robinson@amerisave.com","message":"successfully handled skipped operation."},{"id":"cc19f1f8-f7b1-4e3f-b1fb-c2d5b11b70d1","email":"lily.harris@gmail.com","message":"successfully processed after 2978 milliseconds."},{"id":"e538f378-efd4-4fa1-9fc0-c203fb61f11e","email":"emily.taylor@gmail.com","message":"failed to process due to network exception."},{"id":"ba300735-4faf-441e-b5c2-101dd85ef7fe","email":"matthew.walker@amerisave.com","message":"successfully handled skipped operation."},{"id":"b99f1bab-6d6f-408d-b068-2c63058ddd13","email":"daniel.rodriguez@amerisave.com","message":"failed to process due to network exception."},{"id":"0ce174e2-f52d-4149-8951-f0a8cbfe3f80","email":"madison.lewis@gmail.com","message":"failed to process due to datastore timeout of 30 seconds.  operation took 112 seconds."},{"id":"5c060006-7ad5-412b-bb70-e811a251cfcd","email":"logan.clark@dropbox.net","message":"successfully handled skipped operation."},{"id":"ca4c7edd-e831-41d2-b1aa-5940af9aa6be","email":"chloe.garcia@dropbox.net","message":"failed to process due to network exception."},{"id":"110435e8-b649-4074-8a28-380c48942782","email":"aiden.johnson@microsoft.com","message":"failed to process due to network exception."},{"id":"597efd98-1614-4570-a97d-29089c198d8d","email":"andrew.miller@gmail.com","message":"successfully processed after 3055 milliseconds."},{"id":"24bfb1a0-75f2-4071-bb78-644517c269d5","email":"ella.anderson@dropbox.net","message":"failed to process due to network exception."},{"id":"79bee6cd-fe2a-4e4b-8c30-536fc97d12bd","email":"matthew.walker@amerisave.com","message":"failed to process due to datastore timeout of 30 seconds.  operation took 93 seconds."},{"id":"3030fad2-d938-4180-9ee5-4adff9e1f46b","email":"chloe.garcia@dropbox.net","message":"successfully processed after 754 milliseconds."},{"id":"3fc5b766-2892-4f36-bf7a-9842430352c2","email":"sarah.green@amerisave.com","message":"successfully processed after 326 milliseconds."},{"id":"3b1ea402-0532-4f4f-a709-1786e554af62","email":"alexander.williams@gmail.com","message":"failed to process due to network exception."},{"id":"e5256610-99a6-4557-bb91-502e5efae89c","email":"daniel.rodriguez@amerisave.com","message":"successfully processed after 4032 milliseconds."},{"id":"58a09598-594e-4942-a60c-75309266ed24","email":"grace.moore@gmail.com","message":"successfully parsed message, but message temporarily enqueued while system restarts."},{"id":"d0bf4184-0376-4717-ab5b-2198bb7f3a55","email":"jacob.lopez@dropbox.net","message":"successfully processed after 5653 milliseconds."},{"id":"9c8bd568-905c-46c5-aa16-5b07c94b16e5","email":"jacob.lopez@dropbox.net","message":"successfully handled skipped operation."},{"id":"97947126-ac80-4cdb-82be-653ed1120fc2","email":"chloe.garcia@dropbox.net","message":"failed to process due to datastore timeout of 30 seconds.  operation took 102 seconds."},{"id":"5e50ff12-78e1-495d-8336-b979499bb665","email":"taylor.adams@gmail.com","message":"successfully handled skipped operation."},{"id":"6cb35a07-9791-4f37-924b-864a572b56a3","email":"sarah.green@amerisave.com","message":"failed to process due to datastore timeout of 30 seconds.  operation took 79 seconds."},{"id":"abaa3139-a946-461b-8d95-5cc59ae2fb54","email":"taylor.adams@gmail.com","message":"failed to process due to network exception."},{"id":"13612768-aaf8-4558-a45d-fa496751a790","email":"daniel.rodriguez@amerisave.com","message":"successfully parsed message, but message temporarily enqueued while system restarts."},{"id":"dd3f8144-271d-4029-b878-d1bc633b44d0","email":"aiden.johnson@microsoft.com","message":"successfully handled skipped operation."},{"id":"5dbc6cd3-8a07-40e6-a317-dce831e4148c","email":"sophia.baker@dropbox.net","message":"failed to process due to datastore timeout of 30 seconds.  operation took 33 seconds."},{"id":"78a56373-12be-439f-90f7-5c17af0d727b","email":"grace.moore@gmail.com","message":"failed to process due to datastore timeout of 30 seconds.  operation took 88 seconds."},{"id":"4ab2fc7f-b951-443b-b110-47b6d373fed6","email":"grace.moore@gmail.com","message":"successfully parsed message, but message temporarily enqueued while system restarts."},{"id":"9019bed2-11d2-40e9-9d0e-9dc70396e9b6","email":"aiden.johnson@microsoft.com","message":"failed to process due to datastore timeout of 30 seconds.  operation took 90 seconds."},{"id":"f1b04db5-0109-4fdd-888c-102fe7304f42","email":"hannah.martin@dropbox.net","message":"successfully parsed message, but message temporarily enqueued while system restarts."},{"id":"dc778054-d58e-46fa-8a38-94d76e55344d","email":"dylan.wilson@gmail.com","message":"successfully parsed message, but message temporarily enqueued while system restarts."},{"id":"828e499d-114f-4a19-a553-be0bd629e002","email":"joshua.lee@gmail.com","message":"failed to process due to network exception."},{"id":"83755b35-58b7-4126-a8e7-283281333ca3","email":"mason.robinson@amerisave.com","message":"failed to process due to datastore timeout of 30 seconds.  operation took 120 seconds."},{"id":"a24ba950-56f8-430a-9d9d-288b5d144d39","email":"logan.clark@dropbox.net","message":"successfully handled skipped operation."},{"id":"9d9e663c-5f30-4ff2-8091-abbbb454ac01","email":"tyler.nelson@microsoft.com","message":"successfully parsed message, but message temporarily enqueued while system restarts."},{"id":"c8494754-5860-40bd-9d4b-4d9e258e2299","email":"sarah.green@amerisave.com","message":"successfully parsed message, but message temporarily enqueued while system restarts."},{"id":"2a3eb2ed-a867-41c0-a400-32872d56558c","email":"abigail.smith@amerisave.com","message":"failed to process due to datastore timeout of 30 seconds.  operation took 65 seconds."},{"id":"219f028e-fd42-44de-aa2c-3a78428fbf57","email":"joshua.lee@gmail.com","message":"successfully parsed message, but message temporarily enqueued while system restarts."},{"id":"da823dd6-4708-434c-905c-d4b1d45cd1c3","email":"andrew.miller@gmail.com","message":"successfully parsed message, but message temporarily enqueued while system restarts."},{"id":"170dc439-0ebb-45fd-8ea4-5de071ff754b","email":"nicholas.allen@microsoft.com","message":"failed to process due to network exception."},{"id":"02acd024-6629-44c9-93ef-8db0cae47b1d","email":"aiden.johnson@microsoft.com","message":"successfully processed after 2626 milliseconds."},{"id":"65f6f095-e983-42ca-9c96-09c7440911ae","email":"madison.lewis@gmail.com","message":"successfully processed after 4817 milliseconds."},{"id":"7ebfe004-82ee-4e51-8c79-0a5ea506892b","email":"noah.sanchez@me.com","message":"successfully handled skipped operation."},{"id":"d9a464d8-ca9b-4899-96a6-b1bd7656b48b","email":"jack.thompson@me.com","message":"successfully handled skipped operation."},{"id":"66ae667f-6a28-4be1-ba74-7c1d2ab46cfc","email":"elizabeth.martinez@dropbox.net","message":"successfully handled skipped operation."},{"id":"2183eac2-6cec-4842-89d6-86f8577cd179","email":"samantha.scott@me.com","message":"successfully handled skipped operation."},{"id":"1bd9ce2f-eeb4-4f37-a8eb-e53ae065aa2f","email":"ryan.king@dropbox.net","message":"failed to process due to network exception."},{"id":"0058d33a-0f3d-479c-94ef-abe9aeb178b8","email":"isabella.jackson@amerisave.com","message":"successfully parsed message, but message temporarily enqueued while system restarts."},{"id":"c8dda2c3-4adc-4c7d-9e03-49872b7864ff","email":"nathan.young@microsoft.com","message":"successfully handled skipped operation."},{"id":"0052ebff-9264-48f7-a82a-888be7011815","email":"elizabeth.martinez@dropbox.net","message":"successfully parsed message, but message temporarily enqueued while system restarts."},{"id":"485e0fdc-c6fd-40ab-89f7-2e11ec6bb7df","email":"nicholas.allen@microsoft.com","message":"failed to process due to network exception."},{"id":"ee66dad1-ab4f-443d-8f4d-ed2e2e920798","email":"nicholas.allen@microsoft.com","message":"successfully parsed message, but message temporarily enqueued while system restarts."},{"id":"a013d01e-5c42-40fb-a3bd-86c4d641f3ad","email":"taylor.adams@gmail.com","message":"failed to process due to datastore timeout of 30 seconds.  operation took 84 seconds."},{"id":"c2060a7c-fbe0-4d9e-b578-b3f1e8e996bd","email":"samantha.scott@me.com","message":"successfully parsed message, but message temporarily enqueued while system restarts."},{"id":"1a074a6c-e441-4658-a350-d2625ea220c4","email":"abigail.smith@amerisave.com","message":"failed to process due to datastore timeout of 30 seconds.  operation took 127 seconds."},{"id":"42021f82-9f01-4b65-90e8-352684d784a8","email":"hannah.martin@dropbox.net","message":"successfully handled skipped operation."},{"id":"71808f70-c3ef-4db1-9fe6-9471759a575f","email":"alexander.williams@gmail.com","message":"successfully handled skipped operation."},{"id":"d7fe7eb6-d35b-4200-89a7-90a96a43e79c","email":"isabella.jackson@amerisave.com","message":"successfully handled skipped operation."},{"id":"c377f0b8-fc4a-4d3d-8a90-f5f89d351b70","email":"olivia.wright@gmail.com","message":"successfully parsed message, but message temporarily enqueued while system restarts."},{"id":"f3e60a1e-4640-421d-a59d-9f77fda3afb3","email":"ella.anderson@dropbox.net","message":"failed to process due to datastore timeout of 30 seconds.  operation took 50 seconds."},{"id":"b20d16a6-f68a-4a6f-9abb-887277aa3e5c","email":"liam.gonzalez@me.com","message":"successfully handled skipped operation."},{"id":"b70260f2-7c71-48df-b2bb-e8d576d6333e","email":"aiden.johnson@microsoft.com","message":"successfully handled skipped operation."},{"id":"d7b901ff-c679-4e62-9f16-46c3dfe4c12f","email":"nathan.young@microsoft.com","message":"successfully handled skipped operation."},{"id":"34a697da-43c8-4459-9e05-a806b4b53a67","email":"jacob.lopez@dropbox.net","message":"successfully processed after 2200 milliseconds."},{"id":"cdd75bc6-ca53-4cf9-9c86-53d68209298c","email":"chloe.garcia@dropbox.net","message":"successfully handled skipped operation."},{"id":"dc489467-cbfc-465b-8763-94d94c67a1fa","email":"ethan.hernandez@microsoft.com","message":"failed to process due to network exception."},{"id":"de72d9dc-36da-4ec4-afca-59c5d9ddab13","email":"olivia.wright@gmail.com","message":"failed to process due to network exception."},{"id":"733f7735-5762-4b25-aec2-5ddfba7663a1","email":"andrew.miller@gmail.com","message":"failed to process due to datastore timeout of 30 seconds.  operation took 96 seconds."},{"id":"385e043a-f5c4-43e0-a071-abbd7862a33c","email":"mason.robinson@amerisave.com","message":"failed to process due to network exception."},{"id":"5a317f98-6bc7-41bc-81c8-71cc1eddd31a","email":"noah.sanchez@me.com","message":"successfully parsed message, but message temporarily enqueued while system restarts."},{"id":"d726dbe7-910e-406a-928a-9039659ed8d9","email":"ava.davis@gmail.com","message":"successfully handled skipped operation."},{"id":"e8419073-16d0-4920-9606-d420917e7c43","email":"daniel.rodriguez@amerisave.com","message":"successfully handled skipped operation."},{"id":"4b494e59-4929-4a14-9594-4c674532080d","email":"sophia.baker@dropbox.net","message":"failed to process due to datastore timeout of 30 seconds.  operation took 83 seconds."},{"id":"089fb697-13a3-4fa4-a5f0-c7690201b39d","email":"daniel.rodriguez@amerisave.com","message":"successfully parsed message, but message temporarily enqueued while system restarts."},{"id":"9ab23a9a-55c1-402f-b145-c26dab7ea6de","email":"jacob.lopez@dropbox.net","message":"successfully processed after 5321 milliseconds."},{"id":"fc1fc7b2-4519-406d-a966-8e9a30b109c4","email":"jacob.lopez@dropbox.net","message":"successfully handled skipped operation."},{"id":"3a694dae-d3d5-4248-a6d7-e7590770ea5b","email":"tyler.nelson@microsoft.com","message":"failed to process due to network exception."},{"id":"3fad4ab9-df56-4e02-9ebd-10d47bd8cd0a","email":"jacob.lopez@dropbox.net","message":"failed to process due to network exception."},{"id":"b356ad83-abef-4a5b-8263-0e25b2967488","email":"taylor.adams@gmail.com","message":"successfully handled skipped operation."},{"id":"014aa942-056a-4070-a3b9-5c0d6dece2ae","email":"alexis.brown@microsoft.com","message":"failed to process due to network exception."},{"id":"a32cfd22-3412-430a-899b-5c0895b0bfa0","email":"noah.sanchez@me.com","message":"successfully processed after 9257 milliseconds."},{"id":"aa95bc9e-1a7c-4a0d-b6b8-2849c2c5b558","email":"madison.lewis@gmail.com","message":"successfully handled skipped operation."},{"id":"74eb5894-151a-40d5-a519-79927ac8459d","email":"daniel.rodriguez@amerisave.com","message":"failed to process due to datastore timeout of 30 seconds.  operation took 120 seconds."},{"id":"a25d15a9-ead2-420e-a5f2-fc25067783f4","email":"chloe.garcia@dropbox.net","message":"failed to process due to datastore timeout of 30 seconds.  operation took 125 seconds."},{"id":"120add1b-660b-4774-9dda-76772b2a5fe3","email":"nathan.young@microsoft.com","message":"failed to process due to network exception."},{"id":"0e330f16-1d0c-4a33-b19a-3260d3a6f119","email":"lily.harris@gmail.com","message":"failed to process due to datastore timeout of 30 seconds.  operation took 46 seconds."},{"id":"d213c252-56bf-4f93-abb5-da8c3e5a104f","email":"ryan.king@dropbox.net","message":"successfully handled skipped operation."},{"id":"490c96b1-9295-4dd2-9daa-d7ada54308c9","email":"ryan.king@dropbox.net","message":"successfully handled skipped operation."},{"id":"7a6e4992-dc68-4583-9786-13091347016e","email":"nathan.young@microsoft.com","message":"failed to process due to network exception."},{"id":"e6665371-8111-460c-b4d5-241fddce5895","email":"logan.clark@dropbox.net","message":"successfully processed after 8143 milliseconds."},{"id":"208be0c0-7b72-4ea8-a8b8-bb609e15060e","email":"liam.gonzalez@me.com","message":"successfully parsed message, but message temporarily enqueued while system restarts."},{"id":"b88a2eb2-25da-47a2-86ec-86dd89dc8523","email":"ava.davis@gmail.com","message":"failed to process due to network exception."},{"id":"b7c95ce3-4ea0-4eea-bff8-e5c956f88f9b","email":"madison.lewis@gmail.com","message":"successfully parsed message, but message temporarily enqueued while system restarts."},{"id":"741e49b0-fcbe-473a-b3b8-7e88e17ec9e1","email":"isabella.jackson@amerisave.com","message":"successfully handled skipped operation."},{"id":"6b8d7a3e-6c13-4c85-9ef9-96d6bd40a506","email":"michael.hall@dropbox.net","message":"failed to process due to datastore timeout of 30 seconds.  operation took 103 seconds."},{"id":"5b6debc4-c53f-44cb-ba81-5ad3fb171902","email":"jackson.white@gmail.com","message":"successfully handled skipped operation."},{"id":"1c058cf8-15f0-45e1-9727-ff15a45ea736","email":"daniel.rodriguez@amerisave.com","message":"successfully handled skipped operation."},{"id":"9917f04d-759c-4671-9939-cd35030bf65a","email":"jack.thompson@me.com","message":"successfully processed after 5047 milliseconds."},{"id":"4a27be52-5878-4cf6-9448-0f91ef0b92e6","email":"ethan.hernandez@microsoft.com","message":"successfully handled skipped operation."},{"id":"8d52898a-2add-40e3-adeb-4efd0c782be9","email":"matthew.walker@amerisave.com","message":"failed to process due to network exception."},{"id":"9c157dc3-a322-4d1e-90cc-811c7090bb20","email":"sophia.baker@dropbox.net","message":"successfully parsed message, but message temporarily enqueued while system restarts."},{"id":"f8680c7f-c2c9-458d-ace9-542f73ff0a16","email":"abigail.smith@amerisave.com","message":"successfully handled skipped operation."},{"id":"a5c9df95-f811-482d-a674-b1fde1704d25","email":"ella.anderson@dropbox.net","message":"failed to process due to datastore timeout of 30 seconds.  operation took 80 seconds."},{"id":"0434b927-5bc1-4450-98aa-9b568b0e4c26","email":"madison.lewis@gmail.com","message":"successfully processed after 4111 milliseconds."},{"id":"5bca9e3a-0eac-462e-acbe-b59c06017140","email":"emma.thomas@me.com","message":"successfully processed after 2929 milliseconds."},{"id":"c074429c-ef0a-4f00-b204-44913b4fb868","email":"logan.clark@dropbox.net","message":"failed to process due to datastore timeout of 30 seconds.  operation took 74 seconds."},{"id":"1d925f60-0f7d-4c9c-8478-32ac13fd2c1c","email":"ava.davis@gmail.com","message":"failed to process due to datastore timeout of 30 seconds.  operation took 74 seconds."},{"id":"e3f150c0-437f-4a89-b360-14a2b8b62952","email":"nathan.young@microsoft.com","message":"successfully processed after 5527 milliseconds."},{"id":"5688052a-9f6b-4e37-811c-aeaa971b2081","email":"lily.harris@gmail.com","message":"successfully parsed message, but message temporarily enqueued while system restarts."},{"id":"d88913de-689b-4e84-90b9-46998db41c8d","email":"mason.robinson@amerisave.com","message":"failed to process due to datastore timeout of 30 seconds.  operation took 82 seconds."},{"id":"f07c8168-d148-4caa-8fa5-22c4147599fa","email":"andrew.miller@gmail.com","message":"successfully handled skipped operation."},{"id":"ae504709-9fac-422d-84f5-84fc23dfdf97","email":"alyssa.jones@amerisave.com","message":"successfully parsed message, but message temporarily enqueued while system restarts."},{"id":"cb41bab3-d7f1-4ddd-8c28-d218d9c5ead1","email":"michael.hall@dropbox.net","message":"failed to process due to network exception."},{"id":"60c74507-80c1-419e-927c-fe8ad03723d8","email":"jacob.lopez@dropbox.net","message":"failed to process due to network exception."},{"id":"8ab71491-9fc6-4d74-a161-b4db906364d7","email":"ava.davis@gmail.com","message":"successfully processed after 3470 milliseconds."},{"id":"b1816506-093e-40ee-a80a-91ee0d99359b","email":"aiden.johnson@microsoft.com","message":"failed to process due to network exception."},{"id":"70afde4d-0f28-45a4-bf03-4730a9f70817","email":"tyler.nelson@microsoft.com","message":"successfully processed after 7811 milliseconds."},{"id":"bff33bac-0bb3-4b47-a503-2f8c4f4391f2","email":"isabella.jackson@amerisave.com","message":"failed to process due to datastore timeout of 30 seconds.  operation took 114 seconds."},{"id":"bfc9fec0-c72e-4959-8a2d-4d1b43ca80a5","email":"alexis.brown@microsoft.com","message":"successfully handled skipped operation."},{"id":"31c99133-e5c1-4f66-a483-36ed81959ba6","email":"isabella.jackson@amerisave.com","message":"failed to process due to network exception."},{"id":"59931c2c-9633-47f7-a36f-2e7d844b34e5","email":"jackson.white@gmail.com","message":"failed to process due to network exception."},{"id":"47decae2-53cc-4526-ae71-63f773f70b99","email":"olivia.wright@gmail.com","message":"successfully processed after 7059 milliseconds."},{"id":"ee4ffb81-bbcf-40d6-9fb4-1b29ae1fa10c","email":"alexander.williams@gmail.com","message":"successfully parsed message, but message temporarily enqueued while system restarts."},{"id":"107f525b-2355-4ca7-89d7-2520eb0d53ef","email":"isabella.jackson@amerisave.com","message":"failed to process due to network exception."}],"id":"45d7eec1-1577-47c5-a976-0c5ef2dd8251"}