{"logs":[{"id":"effcc627-d880-4cd7-b523-dd5dd1646aa0","email":"hannah.martin@dropbox.net","message":"failed to process due to datastore timeout of 30 seconds.  operation took 72 seconds."},{"id":"3542af85-f002-4813-b239-33d1536a3279","email":"emma.thomas@me.com","message":"failed to process due to network exception."},{"id":"f756c979-dd18-4c5c-a533-9adce915aa7f","email":"olivia.wright@gmail.com","message":"failed to process due to network exception."},{"id":"5622a810-c836-4026-896d-ba0414ec5428","email":"emma.thomas@me.com","message":"failed to process due to network exception."},{"id":"c65d2ec2-3f43-411a-9f24-b420e80d666e","email":"andrew.miller@gmail.com","message":"successfully processed after 3654 milliseconds."},{"id":"8584bd7d-160a-477f-99b1-99ff83aafce4","email":"emily.taylor@gmail.com","message":"successfully parsed message, but message temporarily enqueued while system restarts."},{"id":"109f4423-fc05-40f7-a056-481efd12df57","email":"olivia.wright@gmail.com","message":"successfully parsed message, but message temporarily enqueued while system restarts."},{"id":"25dd8ccb-ff8b-483e-a995-9c5578baf900","email":"samantha.scott@me.com","message":"failed to process due to network exception."},{"id":"c45d7820-fb86-41f5-910b-eb4fd43b272e","email":"isabella.jackson@amerisave.com","message":"failed to process due to datastore timeout of 30 seconds.  operation took 41 seconds."},{"id":"b166dcfc-d9d0-4c9a-9670-4bdc42b2fa1e","email":"taylor.adams@gmail.com","message":"successfully handled skipped operation."},{"id":"ee71625c-56bb-4352-8029-df841ce93766","email":"grace.moore@gmail.com","message":"successfully processed after 9667 milliseconds."},{"id":"3ce0d314-3569-4bb7-a5fa-9e7f0b97784c","email":"jacob.lopez@dropbox.net","message":"failed to process due to datastore timeout of 30 seconds.  operation took 64 seconds."},{"id":"aed5fe81-5d54-480b-a66a-8630ba0cbeef","email":"emma.thomas@me.com","message":"successfully parsed message, but message temporarily enqueued while system restarts."},{"id":"da3ba1d8-5dcb-4e82-b883-66686a70ee87","email":"dylan.wilson@gmail.com","message":"successfully handled skipped operation."},{"id":"abe2be11-c620-452b-b797-f4547a226672","email":"tyler.nelson@microsoft.com","message":"successfully processed after 512 milliseconds."},{"id":"40b8483e-0faf-4a24-8640-1e47e9154af7","email":"alexis.brown@microsoft.com","message":"successfully handled skipped operation."},{"id":"8823e59b-0ff8-460d-a14a-7f722d246520","email":"hannah.martin@dropbox.net","message":"successfully processed after 1736 milliseconds."},{"id":"2974ca2c-ebdf-41cd-9556-57856195583c","email":"michael.hall@dropbox.net","message":"failed to process due to network exception."},{"id":"1642bffb-edf1-4d79-9ef7-0a9e4fb90df3","email":"ethan.hernandez@microsoft.com","message":"failed to process due to datastore timeout of 30 seconds.  operation took 59 seconds."},{"id":"efb30906-97bb-45ff-93f1-3ee07af546ab","email":"ethan.hernandez@microsoft.com","message":"successfully parsed message, but message temporarily enqueued while system restarts."},{"id":"8ecaeae3-e714-4a4a-b3cd-aabd3beacb58","email":"abigail.smith@amerisave.com","message":"failed to process due to datastore timeout of 30 seconds.  operation took 37 seconds."},{"id":"5bcbf6f1-4667-462b-9ff5-cda1e247b67e","email":"michael.hall@dropbox.net","message":"successfully parsed message, but message temporarily enqueued while system restarts."},{"id":"d1bd2393-df5f-43fc-a106-021fe4ba0563","email":"elizabeth.martinez@dropbox.net","message":"failed to process due to network exception."},{"id":"3fe5baed-ad9c-4536-9d15-1c5351d7189d","email":"madison.lewis@gmail.com","message":"failed to process due to datastore timeout of 30 seconds.  operation took 84 seconds."},{"id":"bd8a8b4c-8366-42c5-8f12-965b4543c0fa","email":"mason.robinson@amerisave.com","message":"successfully processed after 7326 milliseconds."},{"id":"af89f93e-2c51-49bc-bb8c-25909ec1050b","email":"mia.perez@me.com","message":"successfully processed after 4335 milliseconds."},{"id":"e86b372c-1a5e-46f8-8c2b-fe57724cc817","email":"noah.sanchez@me.com","message":"successfully parsed message, but message temporarily enqueued while system restarts."},{"id":"cf53caeb-1b84-4c84-a5db-3236203fd2ec","email":"daniel.rodriguez@amerisave.com","message":"successfully parsed message, but message temporarily enqueued while system restarts."},{"id":"cb7c777e-d2e7-41f5-a257-6ea53eea99a2","email":"lily.harris@gmail.com","message":"successfully parsed message, but message temporarily enqueued while system restarts."},{"id":"2351aa27-db6f-41d6-a064-115923b551e8","email":"elizabeth.martinez@dropbox.net","message":"successfully parsed message, but message temporarily enqueued while system restarts."},{"id":"2815b1dc-c968-4fa4-b233-861e4b9d0d51","email":"chloe.garcia@dropbox.net","message":"failed to process due to datastore timeout of 30 seconds.  operation took 35 seconds."},{"id":"b285a601-bdb1-428d-870e-7a8003777548","email":"matthew.walker@amerisave.com","message":"successfully parsed message, but message temporarily enqueued while system restarts."},{"id":"53b7caff-c6c0-4b1a-bd47-1b4833e6e415","email":"olivia.wright@gmail.com","message":"failed to process due to datastore timeout of 30 seconds.  operation took 109 seconds."},{"id":"e92f8f92-134b-4839-a266-b2d753a4b41b","email":"chloe.garcia@dropbox.net","message":"successfully parsed message, but message temporarily enqueued while system restarts."},{"id":"20581069-314a-4137-ad57-1e3c2453fd40","email":"jackson.white@gmail.com","message":"successfully handled skipped operation."},{"id":"f9627a49-ea47-47d6-91e6-1e75b92a250e","email":"nathan.young@microsoft.com","message":"failed to process due to datastore timeout of 30 seconds.  operation took 77 seconds."},{"id":"a224ca53-fbe0-4c70-b7cd-da6af7eab6fd","email":"joshua.lee@gmail.com","message":"failed to process due to network exception."},{"id":"6e663254-3477-4998-a2ae-ef91cffb76b2","email":"mia.perez@me.com","message":"failed to process due to network exception."},{"id":"32ff95ff-0d5f-4176-b017-e4d51c7f7387","email":"ella.anderson@dropbox.net","message":"successfully parsed message, but message temporarily enqueued while system restarts."},{"id":"408666e2-5a1b-46a5-93ac-97bb2b1f28c8","email":"chloe.garcia@dropbox.net","message":"successfully handled skipped operation."},{"id":"60ec7cfe-3702-465c-bc3f-30e4b0121c4a","email":"ava.davis@gmail.com","message":"successfully parsed message, but message temporarily enqueued while system restarts."},{"id":"aa0d87d1-c028-4ae7-95c2-9308e1d71617","email":"lily.harris@gmail.com","message":"successfully handled skipped operation."},{"id":"96125ed7-40ad-41c9-87a3-6c252fea93e0","email":"ryan.king@dropbox.net","message":"successfully parsed message, but message temporarily enqueued while system restarts."},{"id":"7bf5a49e-a8d9-494c-a5f4-2c4e671561c9","email":"andrew.miller@gmail.com","message":"successfully parsed message, but message temporarily enqueued while system restarts."},{"id":"4dbe1c38-3567-4a2d-b220-1de130f90230","email":"emily.taylor@gmail.com","message":"successfully handled skipped operation."},{"id":"849579c7-91a9-443d-af6c-d8cba1028f29","email":"taylor.adams@gmail.com","message":"failed to process due to network exception."},{"id":"85614f6c-cde6-4bbe-87c1-cc0b45973fc3","email":"sarah.green@amerisave.com","message":"successfully processed after 1198 milliseconds."},{"id":"266d57ec-9096-4655-9d32-83d0d09b1c61","email":"ella.anderson@dropbox.net","message":"successfully handled skipped operation."},{"id":"a22202f9-1fe8-4f54-8dc2-d6f533d78903","email":"michael.hall@dropbox.net","message":"successfully processed after 2258 milliseconds."},{"id":"6ac729b3-ec4c-44be-ae8c-f2053bd9bfd3","email":"lily.harris@gmail.com","message":"successfully processed after 4903 milliseconds."},{"id":"acd4061d-91f6-48df-b0d5-afe4d20d1002","email":"ethan.hernandez@microsoft.com","message":"failed to process due to datastore timeout of 30 seconds.  operation took 84 seconds."},{"id":"f11db214-4ee1-418a-bbfc-df6f9be5a330","email":"aiden.johnson@microsoft.com","message":"successfully processed after 4160 milliseconds."},{"id":"f6c6c71e-92be-4792-a0b1-5e51c3b8d1ef","email":"liam.gonzalez@me.com","message":"failed to process due to datastore timeout of 30 seconds.  operation took 68 seconds."},{"id":"abe6a7a7-4fff-4731-a18a-b98e779fa362","email":"daniel.rodriguez@amerisave.com","message":"successfully processed after 8142 milliseconds."},{"id":"16c61b04-afad-4fc1-9629-b85a9fa24727","email":"noah.sanchez@me.com","message":"successfully processed after 1046 milliseconds."},{"id":"5c16f2fe-c9d3-4afc-ab6d-15e38ca91833","email":"jackson.white@gmail.com","message":"failed to process due to network exception."},{"id":"b3691cc7-b3e6-46b4-aca2-3bc6ac077b8a","email":"liam.gonzalez@me.com","message":"successfully handled skipped operation."},{"id":"fadd2090-7ea5-4e52-a3fc-e925682a2cc1","email":"taylor.adams@gmail.com","message":"successfully processed after 2154 milliseconds."},{"id":"93a41ba5-2a48-4187-8355-2467966c8690","email":"emily.taylor@gmail.com","message":"successfully processed after 2218 milliseconds."},{"id":"599dfe46-3c67-4648-b235-f9674828f6e7","email":"mia.perez@me.com","message":"successfully handled skipped operation."},{"id":"c1668634-7ee5-45d8-9804-bbf4690b8bc9","email":"hannah.martin@dropbox.net","message":"successfully parsed message, but message temporarily enqueued while system restarts."},{"id":"f22a212e-1548-4b05-9aed-14812a0bd574","email":"sarah.green@amerisave.com","message":"successfully handled skipped operation."},{"id":"2b767674-4a31-49d6-ac0b-515658c4d3ba","email":"nicholas.allen@microsoft.com","message":"successfully handled skipped operation."},{"id":"b4124c28-71fe-4776-80eb-56170c29b365","email":"isabella.jackson@amerisave.com","message":"failed to process due to network exception."},{"id":"b8efc22e-5cf4-4e11-912d-c7a877f6eb01","email":"ava.davis@gmail.com","message":"successfully processed after 4099 milliseconds."},{"id":"42a35d1f-8076-41a4-8d5d-686b5f9a0453","email":"mason.robinson@amerisave.com","message":"successfully processed after 778 milliseconds."},{"id":"7f0ca6c8-abe7-4bad-a143-7cf7e633a882","email":"andrew.miller@gmail.com","message":"failed to process due to datastore timeout of 30 seconds.  operation took 80 seconds."},{"id":"7ad38401-0194-4e8c-b9b0-c16957eae101","email":"liam.gonzalez@me.com","message":"successfully processed after 9773 milliseconds."},{"id":"bc8421ed-ec1f-4340-8330-63cad932a526","email":"tyler.nelson@microsoft.com","message":"failed to process due to datastore timeout of 30 seconds.  operation took 94 seconds."},{"id":"8cf9a195-07fa-4885-b336-0d2f017b69e2","email":"sarah.green@amerisave.com","message":"successfully handled skipped operation."},{"id":"d7eb5e86-7e06-4cd4-a366-19f1a9242b72","email":"jack.thompson@me.com","message":"successfully processed after 3632 milliseconds."},{"id":"4d32a1ff-7db0-42d4-8cba-a68da63e79fc","email":"taylor.adams@gmail.com","message":"failed to process due to datastore timeout of 30 seconds.  operation took 91 seconds."},{"id":"6def04f1-b562-4395-81e1-300480c2cba6","email":"aiden.johnson@microsoft.com","message":"successfully parsed message, but message temporarily enqueued while system restarts."},{"id":"67b3d683-60ef-412d-a7bd-c97a27637fee","email":"jacob.lopez@dropbox.net","message":"successfully processed after 8341 milliseconds."},{"id":"ef216d79-56bf-4951-bde3-cf2d527877ba","email":"emily.taylor@gmail.com","message":"failed to process due to datastore timeout of 30 seconds.  operation took 104 seconds."},{"id":"b3cc3efc-6742-4a3f-b8da-91ce5416deeb","email":"sophia.baker@dropbox.net","message":"successfully handled skipped operation."},{"id":"73a758ac-8fee-4dc2-b25a-485f2cf0a655","email":"lily.harris@gmail.com","message":"successfully processed after 3213 milliseconds."},{"id":"0a305080-a992-4327-8f06-289c92499c44","email":"elizabeth.martinez@dropbox.net","message":"successfully parsed message, but message temporarily enqueued while system restarts."},{"id":"3967e71e-65cf-437f-aa2b-3562279244d1","email":"madison.lewis@gmail.com","message":"successfully parsed message, but message temporarily enqueued while system restarts."},{"id":"1211c846-c302-4cb9-bd35-a21480cf44a3","email":"lily.harris@gmail.com","message":"successfully handled skipped operation."},{"id":"eb3cb721-6756-48b4-8b19-0dfae3a843a5","email":"ava.davis@gmail.com","message":"successfully processed after 291 milliseconds."},{"id":"d059d02e-697d-474f-b06e-5948a5033367","email":"grace.moore@gmail.com","message":"failed to process due to datastore timeout of 30 seconds.  operation took 71 seconds."},{"id":"2e117b31-664f-4621-bef9-218310428468","email":"jacob.lopez@dropbox.net","message":"successfully parsed message, but message temporarily enqueued while system restarts."},{"id":"904e5a20-7afd-4e3d-9826-087a06abf3c9","email":"chloe.garcia@dropbox.net","message":"failed to process due to network exception."},{"id":"9dbdf66d-697d-414d-8677-94a90ac47e09","email":"alyssa.jones@amerisave.com","message":"successfully handled skipped operation."},{"id":"b38915e5-29ea-4e65-bd76-6a1734a20e59","email":"alyssa.jones@amerisave.com","message":"successfully handled skipped operation."},{"id":"482e13ed-9924-4ca8-8d07-cf09414edf48","email":"andrew.miller@gmail.com","message":"successfully processed after 3838 milliseconds."},{"id":"7b4e1174-41b6-4d48-886f-7cb088b31232","email":"alyssa.jones@amerisave.com","message":"failed to process due to network exception."},{"id":"3292b2dd-5e96-4e9f-98d9-c08d6c1b3d12","email":"lily.harris@gmail.com","message":"successfully processed after 1665 milliseconds."},{"id":"a87c327d-609e-482e-9142-5a7a96426047","email":"alyssa.jones@amerisave.com","message":"successfully parsed message, but message temporarily enqueued while system restarts."},{"id":"ef2e83e5-21f4-4313-8a92-f39e60cbb7c0","email":"isabella.jackson@amerisave.com","message":"successfully parsed message, but message temporarily enqueued while system restarts."},{"id":"e4033a2d-d4e8-4568-bd52-cf66c080a0d1","email":"jackson.white@gmail.com","message":"successfully handled skipped operation."},{"id":"23e72739-ffec-47c3-baeb-98bcd682d8fd","email":"chloe.garcia@dropbox.net","message":"successfully parsed message, but message temporarily enqueued while system restarts."},{"id":"2f63944c-4015-46fa-a357-7c5af163e138","email":"ella.anderson@dropbox.net","message":"failed to process due to network exception."},{"id":"462570cc-c651-43fe-a559-7a0c43ff4b71","email":"ella.anderson@dropbox.net","message":"successfully handled skipped operation."},{"id":"7d3d20fe-3629-4e42-b1c7-bb98fe5ad668","email":"alexander.williams@gmail.com","message":"successfully handled skipped operation."},{"id":"d11dc782-c6af-4e0b-a56e-2eff852cbab9","email":"abigail.smith@amerisave.com","message":"successfully parsed message, but message temporarily enqueued while system restarts."},{"id":"dbe700f6-2799-41b4-9d37-51dfd29a1efb","email":"aiden.johnson@microsoft.com","message":"successfully handled skipped operation."},{"id":"05acb7af-6247-4d6a-a363-d020b5ccea52","email":"logan.clark@dropbox.net","message":"failed to process due to network exception."},{"id":"2ab785e3-2713-4097-90e0-153512909417","email":"dylan.wilson@gmail.com","message":"successfully parsed message, but message temporarily enqueued while system restarts."},{"id":"b7a4fe25-b78d-48a7-acaf-8968778be867","email":"emma.thomas@me.com","message":"failed to process due to network exception."},{"id":"ef674eb4-8982-4f64-8aee-a039e6477b82","email":"alexis.brown@microsoft.com","message":"failed to process due to network exception."},{"id":"1366d201-0861-4974-9d18-0d07e8be2daf","email":"hannah.martin@dropbox.net","message":"successfully handled skipped operation."},{"id":"cd8a8dff-92c8-4553-a00d-43a387c0f7cf","email":"nathan.young@microsoft.com","message":"failed to process due to datastore timeout of 30 seconds.  operation took 130 seconds."},{"id":"2ea8e09f-9826-4b5e-8cf3-0074686bb5fc","email":"andrew.miller@gmail.com","message":"successfully parsed message, but message temporarily enqueued while system restarts."},{"id":"6a1740b7-c777-4c60-8905-da1a4ca17384","email":"madison.lewis@gmail.com","message":"successfully processed after 2773 milliseconds."},{"id":"99f132e3-e079-4a3d-9c15-f3af1363618b","email":"emma.thomas@me.com","message":"failed to process due to network exception."},{"id":"d6c7a7e2-5a6e-46b5-93fc-c2ce38d0f93a","email":"alexis.brown@microsoft.com","message":"successfully handled skipped operation."},{"id":"33d6d8ce-6a5b-4a95-9eb6-d051c86fc415","email":"michael.hall@dropbox.net","message":"failed to process due to network exception."},{"id":"88a51383-6422-4d17-be1f-ecfd40edc850","email":"nathan.young@microsoft.com","message":"successfully handled skipped operation."},{"id":"9c8b507f-9044-4cab-87b2-023cdd069842","email":"dylan.wilson@gmail.com","message":"failed to process due to datastore timeout of 30 seconds.  operation took 67 seconds."},{"id":"eff190bf-780e-45fe-bc89-1a1bf0710afa","email":"sarah.green@amerisave.com","message":"successfully parsed message, but message temporarily enqueued while system restarts."},{"id":"c925ebd2-cdd7-4555-bd28-354f450eb059","email":"isabella.jackson@amerisave.com","message":"successfully handled skipped operation."},{"id":"ad621aa0-01bc-4259-8f10-864ab986472b","email":"jackson.white@gmail.com","message":"successfully processed after 1544 milliseconds."},{"id":"e5735f4b-9c68-4362-9c28-b35e61c7c932","email":"taylor.adams@gmail.com","message":"failed to process due to network exception."},{"id":"5602dd8c-92d2-4fb9-8978-234ea8ccf99d","email":"dylan.wilson@gmail.com","message":"failed to process due to datastore timeout of 30 seconds.  operation took 80 seconds."},{"id":"235caa89-f28d-4a9f-9a4a-8b6df1d6e151","email":"michael.hall@dropbox.net","message":"successfully handled skipped operation."},{"id":"b60b11d0-4a20-43e4-832e-ffbef8125c42","email":"grace.moore@gmail.com","message":"successfully processed after 2146 milliseconds."},{"id":"8979a773-2986-4851-818b-e06feb6f4aae","email":"mia.perez@me.com","message":"successfully handled skipped operation."},{"id":"6bc804f7-e724-4f46-8767-3da7272f5ad1","email":"andrew.miller@gmail.com","message":"successfully handled skipped operation."},{"id":"567f0e9d-dd76-4ffe-b1cd-970c7e4f9e16","email":"michael.hall@dropbox.net","message":"successfully handled skipped operation."},{"id":"bde51ad6-7a6b-4f70-a1e8-b97d2cba3a70","email":"mason.robinson@amerisave.com","message":"successfully handled skipped operation."},{"id":"c5fa340b-efae-49ff-bc6a-9c065903f361","email":"daniel.rodriguez@amerisave.com","message":"successfully parsed message, but message temporarily enqueued while system restarts."},{"id":"9b524dd9-c4c3-4a7e-8858-ac96901a5537","email":"joshua.lee@gmail.com","message":"failed to process due to network exception."},{"id":"4e3691df-ef8c-4ff0-9ac3-58be19db4008","email":"grace.moore@gmail.com","message":"successfully processed after 4456 milliseconds."},{"id":"a28200dd-9dd6-4525-8ddf-44c404681ab9","email":"ella.anderson@dropbox.net","message":"successfully handled skipped operation."},{"id":"2013ae58-db8b-4215-a3c1-423a50a84fd9","email":"alexander.williams@gmail.com","message":"failed to process due to network exception."},{"id":"9c2db24f-5029-4d25-9c3c-9c909fd0eec5","email":"grace.moore@gmail.com","message":"successfully processed after 7305 milliseconds."},{"id":"a7c6dd3a-9d1c-489b-bc44-64e79e775431","email":"sarah.green@amerisave.com","message":"failed to process due to datastore timeout of 30 seconds.  operation took 110 seconds."},{"id":"e91e782b-4ff4-4b27-86eb-5243b9949155","email":"sophia.baker@dropbox.net","message":"successfully parsed message, but message temporarily enqueued while system restarts."},{"id":"3a19e831-dab4-4c21-bb78-4a501466668b","email":"matthew.walker@amerisave.com","message":"successfully processed after 5456 milliseconds."},{"id":"35d41383-44fe-4016-8061-2d367ee3b4e4","email":"mason.robinson@amerisave.com","message":"successfully parsed message, but message temporarily enqueued while system restarts."},{"id":"e7bd139e-b09b-447e-a564-882050995aa0","email":"aiden.johnson@microsoft.com","message":"failed to process due to network exception."},{"id":"7e02514c-a9b1-4010-a688-0ce01e135f68","email":"joshua.lee@gmail.com","message":"successfully parsed message, but message temporarily enqueued while system restarts."},{"id":"d28fc87d-e7a3-4dc7-89d0-598b6b53da35","email":"joshua.lee@gmail.com","message":"failed to process due to network exception."},{"id":"047e2ab4-fd9b-4fbb-a1e6-b092490af4db","email":"daniel.rodriguez@amerisave.com","message":"successfully handled skipped operation."},{"id":"d96338e3-98ea-4f26-ac9c-fbe2d9cab4c4","email":"madison.lewis@gmail.com","message":"failed to process due to datastore timeout of 30 seconds.  operation took 130 seconds."},{"id":"3de54098-e321-416a-9433-f559d0091b6d","email":"ella.anderson@dropbox.net","message":"failed to process due to network exception."},{"id":"764cae11-f082-427b-a9c0-16091cc9c164","email":"lily.harris@gmail.com","message":"successfully handled skipped operation."},{"id":"36b9da15-9616-4a6f-b51f-7ac615ef39aa","email":"logan.clark@dropbox.net","message":"successfully processed after 4538 milliseconds."},{"id":"eaa613ef-ec5c-4993-a7bc-96237a58d3ad","email":"jacob.lopez@dropbox.net","message":"successfully processed after 9544 milliseconds."},{"id":"30258902-a92d-4ac7-a4ac-9be7b3c77bdb","email":"alexis.brown@microsoft.com","message":"successfully parsed message, but message temporarily enqueued while system restarts."},{"id":"ff344fc7-3806-4184-876b-bef34e0d82ff","email":"taylor.adams@gmail.com","message":"successfully parsed message, but message temporarily enqueued while system restarts."},{"id":"adbd803b-450d-4a0c-98a2-1035b71ae745","email":"alyssa.jones@amerisave.com","message":"successfully processed after 3909 milliseconds."},{"id":"409ac9f4-c85b-4a68-8c83-e5b309f9d0ae","email":"mia.perez@me.com","message":"successfully parsed message, but message temporarily enqueued while system restarts."},{"id":"83e72e5f-e550-40c3-9bfc-2257cb22f7ca","email":"jackson.white@gmail.com","message":"failed to process due to network exception."},{"id":"95c264cf-3541-49eb-90ef-459c010dc224","email":"nicholas.allen@microsoft.com","message":"successfully processed after 9845 milliseconds."},{"id":"012a915b-cb48-4480-8ffb-c087dcdc40fb","email":"lily.harris@gmail.com","message":"successfully parsed message, but message temporarily enqueued while system restarts."},{"id":"b0c96d23-1321-42cd-a593-3b81380f6625","email":"alexis.brown@microsoft.com","message":"successfully parsed message, but message temporarily enqueued while system restarts."},{"id":"63566727-3a6b-4d55-9867-734c73be708d","email":"elizabeth.martinez@dropbox.net","message":"failed to process due to network exception."},{"id":"ac90ac8b-6976-46a3-bdd2-27c94f5fe8b2","email":"ella.anderson@dropbox.net","message":"failed to process due to datastore timeout of 30 seconds.  operation took 87 seconds."},{"id":"4b0b3bb8-5ef5-4084-b3d5-748540e2be3b","email":"mia.perez@me.com","message":"successfully parsed message, but message temporarily enqueued while system restarts."},{"id":"5f6ba169-5e5f-447b-a6c6-210eb4857e01","email":"sarah.green@amerisave.com","message":"failed to process due to datastore timeout of 30 seconds.  operation took 43 seconds."},{"id":"dd0ba24b-4bb3-4033-aa29-b0e2d0daf6d2","email":"logan.clark@dropbox.net","message":"successfully processed after 2155 milliseconds."},{"id":"261c844b-12d3-433f-8c83-6bd76a9f3bb6","email":"joshua.lee@gmail.com","message":"successfully processed after 1114 milliseconds."},{"id":"e6e3d4f6-3ba1-4119-878e-c6b01a1e8e6b","email":"samantha.scott@me.com","message":"successfully parsed message, but message temporarily enqueued while system restarts."},{"id":"e6c8493c-4236-49eb-96b9-9dfc91131697","email":"lily.harris@gmail.com","message":"successfully parsed message, but message temporarily enqueued while system restarts."},{"id":"90d12ca3-2e72-40a5-97a0-71488cd7dcc7","email":"alexander.williams@gmail.com","message":"successfully processed after 1940 milliseconds."},{"id":"36d9e6f0-ab41-4fdd-ae56-ba075571bbbd","email":"hannah.martin@dropbox.net","message":"successfully processed after 5895 milliseconds."},{"id":"da084f7b-b15e-4b4e-b9da-d8b833026a45","email":"elizabeth.martinez@dropbox.net","message":"failed to process due to network exception."},{"id":"ace9819f-c48c-4b52-9484-b852a3707ea5","email":"aiden.johnson@microsoft.com","message":"successfully parsed message, but message temporarily enqueued while system restarts."},{"id":"5f288c6e-c4b7-43b6-8fe7-ad6600a38c48","email":"andrew.miller@gmail.com","message":"successfully parsed message, but message temporarily enqueued while system restarts."},{"id":"1a8cd050-d845-4d85-a20f-3d416127843d","email":"aiden.johnson@microsoft.com","message":"successfully handled skipped operation."},{"id":"dfb832b0-494c-4628-8f1c-3e449d01aa3d","email":"tyler.nelson@microsoft.com","message":"failed to process due to network exception."},{"id":"0e96a239-71d8-4ecc-b3db-04ced491831c","email":"sarah.green@amerisave.com","message":"successfully handled skipped operation."},{"id":"a464b4f1-aa47-4425-995b-dfb705979ce4","email":"lily.harris@gmail.com","message":"successfully processed after 6148 milliseconds."},{"id":"d6c9d3ac-5238-4827-adae-d4744bdd76cb","email":"ethan.hernandez@microsoft.com","message":"failed to process due to datastore timeout of 30 seconds.  operation took 106 seconds."},{"id":"77444eea-fe58-4a15-b56c-f244515ddeae","email":"olivia.wright@gmail.com","message":"successfully parsed message, but message temporarily enqueued while system restarts."},{"id":"ee226088-33b1-46fb-928f-2d1113066c23","email":"samantha.scott@me.com","message":"failed to process due to network exception."},{"id":"a4f3bab6-6064-429f-b595-b91c5761d67d","email":"olivia.wright@gmail.com","message":"failed to process due to network exception."},{"id":"99ac273b-a69a-4c78-be5f-bc3ab9f31b42","email":"ryan.king@dropbox.net","message":"successfully parsed message, but message temporarily enqueued while system restarts."},{"id":"7f8e3a5a-5f4b-4c97-bbe1-bed62d0e1c25","email":"joshua.lee@gmail.com","message":"failed to process due to network exception."},{"id":"28c22973-b312-432a-afe6-02e9786c6ddb","email":"logan.clark@dropbox.net","message":"failed to process due to datastore timeout of 30 seconds.  operation took 115 seconds."},{"id":"d289b63c-bf03-46a4-8ab7-844386a8b011","email":"taylor.adams@gmail.com","message":"failed to process due to network exception."},{"id":"30492e13-c044-46b4-b752-a0a1386135d8","email":"jacob.lopez@dropbox.net","message":"successfully processed after 5044 milliseconds."},{"id":"4882e233-1b94-484d-ae77-fa0574f5c691","email":"ethan.hernandez@microsoft.com","message":"failed to process due to datastore timeout of 30 seconds.  operation took 99 seconds."},{"id":"6762b709-11c2-4dda-8871-eaf4a36cacf5","email":"grace.moore@gmail.com","message":"failed to process due to datastore timeout of 30 seconds.  operation took 118 seconds."},{"id":"4ea2e351-ef6e-471f-b294-4876f2e3f8be","email":"liam.gonzalez@me.com","message":"successfully parsed message, but message temporarily enqueued while system restarts."},{"id":"633950c7-cf0e-40d8-bbe5-31462351990a","email":"logan.clark@dropbox.net","message":"successfully processed after 1823 milliseconds."},{"id":"24780f98-4830-4691-ad96-e4a159a6ce33","email":"logan.clark@dropbox.net","message":"failed to process due to network exception."},{"id":"0797cf41-9d4d-4caa-8681-50ac1d2b04fc","email":"jacob.lopez@dropbox.net","message":"failed to process due to network exception."},{"id":"aa2e28d5-5775-44fa-b2d9-ef7c71cde77d","email":"grace.moore@gmail.com","message":"successfully processed after 9381 milliseconds."},{"id":"ee77328c-a59f-435a-841e-6c423f6176d0","email":"michael.hall@dropbox.net","message":"failed to process due to datastore timeout of 30 seconds.  operation took 60 seconds."},{"id":"403f0403-f2d7-48cb-9720-b470c880c6dd","email":"aiden.johnson@microsoft.com","message":"successfully parsed message, but message temporarily enqueued while system restarts."},{"id":"727eaa6f-3cc7-41c3-a90e-5bdf81c60457","email":"emma.thomas@me.com","message":"failed to process due to network exception."},{"id":"9800093a-28f2-4a12-9809-a0694824cfa8","email":"alyssa.jones@amerisave.com","message":"failed to process due to datastore timeout of 30 seconds.  operation took 73 seconds."},{"id":"8b9c9f9e-e78d-4f7f-a1a4-b23a005be01d","email":"olivia.wright@gmail.com","message":"failed to process due to network exception."},{"id":"61f2a0eb-1199-4659-a956-4bf34365ca92","email":"jack.thompson@me.com","message":"successfully processed after 6335 milliseconds."},{"id":"611b7899-45c2-4d57-9032-fa63c4b39e05","email":"grace.moore@gmail.com","message":"failed to process due to network exception."},{"id":"6bd813be-0582-4383-96cb-709dcd84f9b8","email":"lily.harris@gmail.com","message":"successfully processed after 5454 milliseconds."},{"id":"8876fd5c-46f6-4d88-acf4-9cdd44ccb911","email":"nicholas.allen@microsoft.com","message":"failed to process due to network exception."},{"id":"3d1519e0-7a9e-41ff-bc0f-7dc6e01d4c7d","email":"elizabeth.martinez@dropbox.net","message":"successfully parsed message, but message temporarily enqueued while system restarts."},{"id":"4c03ad5f-8534-4238-a013-decd448c8ed7","email":"dylan.wilson@gmail.com","message":"successfully handled skipped operation."},{"id":"6d4502f3-136e-4808-9109-79e0ee1c252e","email":"mia.perez@me.com","message":"failed to process due to datastore timeout of 30 seconds.  operation took 103 seconds."},{"id":"b1c71591-1dc5-4ab3-a7ef-a357b87d3441","email":"chloe.garcia@dropbox.net","message":"successfully parsed message, but message temporarily enqueued while system restarts."},{"id":"2cb1837a-4533-49c1-b3ad-cbc545b6c285","email":"aiden.johnson@microsoft.com","message":"successfully handled skipped operation."},{"id":"0964cdc0-b88b-402b-86e7-a46bc648551c","email":"daniel.rodriguez@amerisave.com","message":"failed to process due to datastore timeout of 30 seconds.  operation took 107 seconds."},{"id":"9320f1d1-ab37-4038-a89f-59c9f48eb9c3","email":"alexis.brown@microsoft.com","message":"successfully processed after 6421 milliseconds."},{"id":"4568509e-ab6e-43f9-b259-5b1d90c95e25","email":"mason.robinson@amerisave.com","message":"failed to process due to network exception."},{"id":"03b89b30-4712-4b2c-8d63-04c1777a51ac","email":"chloe.garcia@dropbox.net","message":"failed to process due to network exception."},{"id":"34abe4bc-abf1-44f7-a4f8-6aa15bea2480","email":"abigail.smith@amerisave.com","message":"successfully handled skipped operation."},{"id":"1d932580-c453-4f2e-bd67-7c40878a5661","email":"hannah.martin@dropbox.net","message":"failed to process due to network exception."},{"id":"d39c25fe-0781-4b4f-9f02-16c267ed22d3","email":"dylan.wilson@gmail.com","message":"successfully handled skipped operation."},{"id":"7a2254d8-4fa6-483e-855c-94a561444892","email":"aiden.johnson@microsoft.com","message":"successfully processed after 8411 milliseconds."},{"id":"a9aff4e2-c72b-4454-b2c2-8d3ed1fcf71e","email":"alexander.williams@gmail.com","message":"failed to process due to datastore timeout of 30 seconds.  operation took 107 seconds."},{"id":"1604aadb-df08-4bd6-ad02-f36117883972","email":"madison.lewis@gmail.com","message":"successfully parsed message, but message temporarily enqueued while system restarts."},{"id":"8a810f37-2f21-4e7c-abd9-b54d0a7b4914","email":"ella.anderson@dropbox.net","message":"successfully handled skipped operation."}],"id":"1091f7ee-2910-4def-b4f4-234776dd3b64"}