{"logs":[{"id":"1168e51d-ac71-4939-b468-57b7001b8c2e","email":"abigail.smith@amerisave.com","message":"successfully parsed message, but message temporarily enqueued while system restarts."},{"id":"3fabf05b-862e-4ebe-81b3-1c14221a91dd","email":"emma.thomas@me.com","message":"successfully processed after 6180 milliseconds."},{"id":"767dac65-891c-40c8-bfcd-03efcec5c12e","email":"ryan.king@dropbox.net","message":"failed to process due to network exception."},{"id":"ef873bd3-6df5-464c-9a1e-faf1b6e7b6b9","email":"ava.davis@gmail.com","message":"successfully processed after 1787 milliseconds."},{"id":"e86290b1-f8d3-471d-93bf-168d9fb19fca","email":"taylor.adams@gmail.com","message":"successfully handled skipped operation."},{"id":"d0694027-a9a4-4d09-94aa-42b69941e526","email":"joshua.lee@gmail.com","message":"failed to process due to network exception."},{"id":"f93a37ac-cc85-47fc-bf4e-7f381199fd69","email":"nathan.young@microsoft.com","message":"successfully handled skipped operation."},{"id":"b6ad0638-19eb-4ab5-9d47-a08ece7162f8","email":"sarah.green@amerisave.com","message":"successfully handled skipped operation."},{"id":"81de0f46-3616-46e0-b990-6b4f235461ac","email":"daniel.rodriguez@amerisave.com","message":"successfully processed after 1015 milliseconds."},{"id":"f0b97f1c-78a3-4fd5-9882-5a9bb8c2ad17","email":"jacob.lopez@dropbox.net","message":"successfully processed after 399 milliseconds."},{"id":"af52083b-6472-4be0-9554-0d5a19ed2f15","email":"ava.davis@gmail.com","message":"failed to process due to datastore timeout of 30 seconds.  operation took 122 seconds."},{"id":"a32e6c23-d21a-4f85-b346-d659fba1edfe","email":"alexander.williams@gmail.com","message":"failed to process due to datastore timeout of 30 seconds.  operation took 51 seconds."},{"id":"20b2fd8c-7336-44c0-bd62-e1c07d00a006","email":"ryan.king@dropbox.net","message":"successfully parsed message, but message temporarily enqueued while system restarts."},{"id":"c650cf6f-87d3-4904-9e6a-75cbe415f0a8","email":"ethan.hernandez@microsoft.com","message":"successfully processed after 773 milliseconds."},{"id":"46f71d0b-9c8e-4763-a397-2a8782b6d132","email":"ella.anderson@dropbox.net","message":"successfully parsed message, but message temporarily enqueued while system restarts."},{"id":"aacb6d5d-cc62-4b6c-ba95-2e81eae4ed2c","email":"hannah.martin@dropbox.net","message":"failed to process due to network exception."},{"id":"274776ab-3264-4d7f-9b7c-c35c9f7cc54f","email":"emily.taylor@gmail.com","message":"successfully handled skipped operation."},{"id":"1ce0064a-94fa-43d0-84de-ddbd0828ce3a","email":"daniel.rodriguez@amerisave.com","message":"successfully parsed message, but message temporarily enqueued while system restarts."},{"id":"1976f67e-9f84-4406-b90b-f353a14718d7","email":"dylan.wilson@gmail.com","message":"failed to process due to datastore timeout of 30 seconds.  operation took 125 seconds."},{"id":"0295eb59-5500-4374-bf44-ba9dfed4ff08","email":"sarah.green@amerisave.com","message":"successfully parsed message, but message temporarily enqueued while system restarts."},{"id":"2b74dc76-0c40-40c1-9bbd-f23ae6c0051f","email":"dylan.wilson@gmail.com","message":"successfully parsed message, but message temporarily enqueued while system restarts."},{"id":"196f4316-026b-49f8-b76f-915225ddd114","email":"joshua.lee@gmail.com","message":"successfully processed after 4836 milliseconds."},{"id":"f5e0edb0-7fb7-49a7-a8d0-5ccdae02932a","email":"abigail.smith@amerisave.com","message":"failed to process due to network exception."},{"id":"06c99d2d-dfc4-4863-8424-d1c20c8a4234","email":"mason.robinson@amerisave.com","message":"failed to process due to datastore timeout of 30 seconds.  operation took 71 seconds."},{"id":"5daea026-7692-43c5-9189-48bbdca8388c","email":"jack.thompson@me.com","message":"failed to process due to network exception."},{"id":"4703a33f-d39c-4ab3-991f-1bf3df19545e","email":"nathan.young@microsoft.com","message":"successfully parsed message, but message temporarily enqueued while system restarts."},{"id":"65127b17-5335-43b4-b4fa-54189ab018bd","email":"jacob.lopez@dropbox.net","message":"failed to process due to network exception."},{"id":"8c558fcc-c6fa-4cc3-acef-86cb43517ec5","email":"jack.thompson@me.com","message":"successfully processed after 7573 milliseconds."},{"id":"c7cb378f-0c3d-4b1b-8b3f-3ec0d3d0f546","email":"jack.thompson@me.com","message":"failed to process due to datastore timeout of 30 seconds.  operation took 114 seconds."},{"id":"a368372c-aa10-4347-a2eb-88bd702d50f6","email":"matthew.walker@amerisave.com","message":"successfully processed after 4412 milliseconds."},{"id":"e7f831d6-40f6-464b-9913-a9d7bff5bf15","email":"alexander.williams@gmail.com","message":"successfully parsed message, but message temporarily enqueued while system restarts."},{"id":"6f17b3db-8d23-4a80-b107-77caa47dded8","email":"mia.perez@me.com","message":"successfully processed after 7496 milliseconds."},{"id":"2fd4b883-ae8d-4208-863c-dd9c0dccf9c5","email":"ella.anderson@dropbox.net","message":"successfully processed after 4402 milliseconds."},{"id":"e931bfc2-c478-436a-9626-1f71177b1d33","email":"matthew.walker@amerisave.com","message":"successfully handled skipped operation."},{"id":"d0785ce7-2dff-4e6b-947a-884c5eaeaacc","email":"liam.gonzalez@me.com","message":"failed to process due to datastore timeout of 30 seconds.  operation took 62 seconds."},{"id":"dfc86436-e787-40eb-9f25-cf0e7ba55b1e","email":"alexis.brown@microsoft.com","message":"failed to process due to datastore timeout of 30 seconds.  operation took 84 seconds."},{"id":"ca28a45b-ede2-4688-b0dc-b08402829835","email":"dylan.wilson@gmail.com","message":"successfully handled skipped operation."},{"id":"f20946e9-0469-4da2-adf1-79628c89501c","email":"jackson.white@gmail.com","message":"failed to process due to network exception."},{"id":"076569ee-36a7-4d87-9bb5-544ce890c4d6","email":"elizabeth.martinez@dropbox.net","message":"failed to process due to datastore timeout of 30 seconds.  operation took 66 seconds."},{"id":"67a53278-84d6-4f09-9513-3a05816de47a","email":"hannah.martin@dropbox.net","message":"successfully parsed message, but message temporarily enqueued while system restarts."},{"id":"41320f42-e405-4edc-b2c9-b724ff6ca654","email":"olivia.wright@gmail.com","message":"successfully processed after 7311 milliseconds."},{"id":"8309f345-8f95-4e5c-9d10-7b6d7b41d97a","email":"matthew.walker@amerisave.com","message":"successfully processed after 4290 milliseconds."},{"id":"ccb61dab-42b7-47af-a2a6-7eb97826e5a5","email":"jackson.white@gmail.com","message":"successfully handled skipped operation."},{"id":"be8e3f11-0677-472f-a51c-2d688f5459fc","email":"abigail.smith@amerisave.com","message":"failed to process due to network exception."},{"id":"1c37acc1-6455-4b65-8878-dac67b740496","email":"mason.robinson@amerisave.com","message":"failed to process due to datastore timeout of 30 seconds.  operation took 84 seconds."},{"id":"7521415d-e26b-412e-bf97-455dca3fd4d5","email":"grace.moore@gmail.com","message":"successfully handled skipped operation."},{"id":"5f8b65cc-101c-4732-bf21-00da0c7743f8","email":"michael.hall@dropbox.net","message":"failed to process due to network exception."},{"id":"bf809970-2281-4abc-a83e-40d6cd8decf1","email":"joshua.lee@gmail.com","message":"successfully parsed message, but message temporarily enqueued while system restarts."},{"id":"54ae4806-02d2-4046-a1b8-7ce91a1ce555","email":"ethan.hernandez@microsoft.com","message":"successfully processed after 6510 milliseconds."},{"id":"af42ebe8-9cce-4f13-9f7a-233245091a7b","email":"ella.anderson@dropbox.net","message":"failed to process due to datastore timeout of 30 seconds.  operation took 85 seconds."},{"id":"537e7a04-3dba-4897-89ae-19739bdced8e","email":"hannah.martin@dropbox.net","message":"failed to process due to datastore timeout of 30 seconds.  operation took 73 seconds."},{"id":"b8b1c761-4cd5-4c44-b17c-7f20804bcd00","email":"hannah.martin@dropbox.net","message":"successfully handled skipped operation."},{"id":"716c9c7a-6d64-40cc-9f43-cc8468fffb1c","email":"jackson.white@gmail.com","message":"failed to process due to network exception."},{"id":"1b427855-c5e7-4e5b-a7a3-fc2c6608ed50","email":"chloe.garcia@dropbox.net","message":"failed to process due to datastore timeout of 30 seconds.  operation took 47 seconds."},{"id":"88b1d2d6-8e29-4a4c-848d-8df5e31b58d7","email":"madison.lewis@gmail.com","message":"failed to process due to network exception."},{"id":"a4997ba3-2057-4381-b86a-32b457a71a07","email":"ryan.king@dropbox.net","message":"successfully processed after 2642 milliseconds."},{"id":"14c98471-9122-42fd-a622-d7f8588029aa","email":"aiden.johnson@microsoft.com","message":"failed to process due to network exception."},{"id":"4dc6be77-33f9-4251-a007-317d2ba476a2","email":"michael.hall@dropbox.net","message":"failed to process due to network exception."},{"id":"238007d9-9d0c-4591-969d-dff6c3783f6f","email":"olivia.wright@gmail.com","message":"successfully processed after 2065 milliseconds."},{"id":"4afab997-2619-4066-9568-a7c17526fb01","email":"sarah.green@amerisave.com","message":"failed to process due to network exception."},{"id":"40b3c8cb-5c86-4c58-bc3e-48b3108e3b22","email":"nicholas.allen@microsoft.com","message":"successfully processed after 309 milliseconds."},{"id":"15f0a3c1-0c37-469d-a8ba-a9e58aa90675","email":"nathan.young@microsoft.com","message":"failed to process due to datastore timeout of 30 seconds.  operation took 57 seconds."},{"id":"233b2291-87ab-42ff-81d9-3b4b9c22e15d","email":"isabella.jackson@amerisave.com","message":"successfully handled skipped operation."},{"id":"b5c7be89-b0a0-48dc-af41-52e2809665dd","email":"emma.thomas@me.com","message":"successfully handled skipped operation."},{"id":"10980532-b0d9-4bf6-9b65-1651dbc8fe0a","email":"elizabeth.martinez@dropbox.net","message":"successfully processed after 3364 milliseconds."},{"id":"e67a8a87-1b1f-48e0-b021-eba514dcc8db","email":"chloe.garcia@dropbox.net","message":"failed to process due to datastore timeout of 30 seconds.  operation took 113 seconds."},{"id":"9e23b2d5-d7e9-41e5-b89b-0fca0501e835","email":"aiden.johnson@microsoft.com","message":"failed to process due to datastore timeout of 30 seconds.  operation took 88 seconds."},{"id":"31723c7a-997e-4e30-ade1-d77889cec8e9","email":"ryan.king@dropbox.net","message":"successfully processed after 511 milliseconds."},{"id":"f93d8ae6-f122-46eb-abc0-21b1ca7d56eb","email":"taylor.adams@gmail.com","message":"successfully parsed message, but message temporarily enqueued while system restarts."},{"id":"b6ec5aa1-2843-42d3-91eb-97c261ba8d63","email":"lily.harris@gmail.com","message":"failed to process due to datastore timeout of 30 seconds.  operation took 50 seconds."},{"id":"fbc90d8a-ebf3-49b7-a2cb-9be8a3c7a361","email":"nicholas.allen@microsoft.com","message":"successfully processed after 2924 milliseconds."},{"id":"f5aa1792-1eec-40cc-8acc-0e5a5f2c0226","email":"alexis.brown@microsoft.com","message":"successfully processed after 8958 milliseconds."},{"id":"195d53bd-8bcf-474c-953d-f41682143bed","email":"nicholas.allen@microsoft.com","message":"successfully handled skipped operation."},{"id":"93be836c-ec0b-44b6-9bb7-14ea3163da62","email":"isabella.jackson@amerisave.com","message":"successfully parsed message, but message temporarily enqueued while system restarts."},{"id":"0c53380a-f7ed-4542-af1f-192b979771ae","email":"sophia.baker@dropbox.net","message":"failed to process due to datastore timeout of 30 seconds.  operation took 77 seconds."},{"id":"6ea350d2-3f5c-4648-9a91-cdddc8de28f6","email":"tyler.nelson@microsoft.com","message":"successfully handled skipped operation."},{"id":"468a7274-6f5b-4c8b-a35d-d07fd9b9daa2","email":"ava.davis@gmail.com","message":"failed to process due to datastore timeout of 30 seconds.  operation took 126 seconds."},{"id":"3f2720f8-9b1e-439f-8a1c-42d59646931a","email":"olivia.wright@gmail.com","message":"failed to process due to network exception."},{"id":"f494677b-254b-4bd7-8cfb-4ef2d3b739a5","email":"olivia.wright@gmail.com","message":"successfully handled skipped operation."},{"id":"4b3b3d71-b0dc-4f3f-ad43-9a810305fa29","email":"mia.perez@me.com","message":"failed to process due to network exception."},{"id":"d102c643-d420-4e55-8012-e2ee276da497","email":"alexander.williams@gmail.com","message":"successfully parsed message, but message temporarily enqueued while system restarts."},{"id":"8ffb65f0-96f4-4430-bfd4-0565dd229ebd","email":"michael.hall@dropbox.net","message":"failed to process due to network exception."},{"id":"4d887b26-0e16-4c11-b5a7-495c8f26c822","email":"liam.gonzalez@me.com","message":"failed to process due to network exception."},{"id":"3a711673-ee37-4734-9d75-142101d22eec","email":"ava.davis@gmail.com","message":"successfully handled skipped operation."},{"id":"0107c139-196b-430f-9728-5be42ee7dcb4","email":"abigail.smith@amerisave.com","message":"successfully parsed message, but message temporarily enqueued while system restarts."},{"id":"7d87749e-bb78-4f1a-8e47-4bd71b760896","email":"ryan.king@dropbox.net","message":"failed to process due to datastore timeout of 30 seconds.  operation took 37 seconds."},{"id":"21c61788-da87-49ad-a205-4511aeb13f3b","email":"andrew.miller@gmail.com","message":"successfully parsed message, but message temporarily enqueued while system restarts."},{"id":"6c10cd10-d92d-4e34-ac49-f983db533b93","email":"grace.moore@gmail.com","message":"successfully handled skipped operation."},{"id":"b2c9d0e5-668a-4d5a-a262-9726864676c2","email":"matthew.walker@amerisave.com","message":"failed to process due to network exception."},{"id":"75443023-4814-4f71-8399-703ce492f5a1","email":"olivia.wright@gmail.com","message":"successfully processed after 3989 milliseconds."},{"id":"cfd791fb-ce5b-445f-909a-2d8c57d99bdb","email":"alyssa.jones@amerisave.com","message":"failed to process due to datastore timeout of 30 seconds.  operation took 89 seconds."},{"id":"54f60eff-968e-4864-ae94-a84138290c3d","email":"dylan.wilson@gmail.com","message":"failed to process due to network exception."},{"id":"2b549dea-e402-4814-ac2f-a0211a3ce97b","email":"ava.davis@gmail.com","message":"successfully handled skipped operation."},{"id":"55abb8de-910e-4dee-baf6-9506dbff4705","email":"lily.harris@gmail.com","message":"successfully handled skipped operation."},{"id":"d41527cb-a590-4664-bb5f-88aa8779d9e7","email":"mia.perez@me.com","message":"successfully processed after 4578 milliseconds."},{"id":"2f25c5a2-2c3a-400e-b358-6c3114f09dbe","email":"elizabeth.martinez@dropbox.net","message":"successfully handled skipped operation."},{"id":"05322bd3-2079-4185-a171-ce7addb90edb","email":"dylan.wilson@gmail.com","message":"successfully processed after 7715 milliseconds."},{"id":"b79949bc-cda2-4503-8072-2dcf87725351","email":"ryan.king@dropbox.net","message":"failed to process due to network exception."},{"id":"711fa31a-2e2e-4fd8-9ca4-2b0a30ebb0ba","email":"dylan.wilson@gmail.com","message":"failed to process due to datastore timeout of 30 seconds.  operation took 116 seconds."},{"id":"f65bbb70-4b39-4911-95e5-ba53479fcb13","email":"logan.clark@dropbox.net","message":"successfully parsed message, but message temporarily enqueued while system restarts."},{"id":"74110436-a3a5-4282-badd-c5a891bee01a","email":"liam.gonzalez@me.com","message":"successfully parsed message, but message temporarily enqueued while system restarts."},{"id":"9b313dfb-7f12-41e6-a13d-05d187666562","email":"sarah.green@amerisave.com","message":"failed to process due to datastore timeout of 30 seconds.  operation took 40 seconds."},{"id":"e5e82b9d-1dc2-42d6-bf61-645a30ac88e8","email":"grace.moore@gmail.com","message":"failed to process due to network exception."},{"id":"9507e82b-66a3-48e6-b8d5-9e30ff0c8a46","email":"liam.gonzalez@me.com","message":"successfully processed after 9234 milliseconds."},{"id":"31e4f798-a311-40cd-a228-04b6d302e023","email":"andrew.miller@gmail.com","message":"failed to process due to datastore timeout of 30 seconds.  operation took 33 seconds."},{"id":"4a71dc1b-8097-4db0-a130-55bafa1aab9d","email":"nicholas.allen@microsoft.com","message":"successfully handled skipped operation."},{"id":"a7c49d29-3cf6-47a1-a250-477c7067edfb","email":"elizabeth.martinez@dropbox.net","message":"failed to process due to network exception."},{"id":"a8e366dc-dc8b-407c-9b55-c9a09659a85d","email":"nicholas.allen@microsoft.com","message":"failed to process due to network exception."},{"id":"72d668a9-46dc-4599-9c17-4cccb9d8076e","email":"hannah.martin@dropbox.net","message":"successfully handled skipped operation."},{"id":"89080f80-58b3-40f9-8eb5-b42e0d264c48","email":"mason.robinson@amerisave.com","message":"failed to process due to datastore timeout of 30 seconds.  operation took 69 seconds."},{"id":"d9f26c6c-f9d7-43b2-bdba-13b97fde41fe","email":"joshua.lee@gmail.com","message":"failed to process due to network exception."},{"id":"82109020-922d-45d1-b1e2-74d59df49632","email":"daniel.rodriguez@amerisave.com","message":"successfully parsed message, but message temporarily enqueued while system restarts."},{"id":"70d776e5-1701-4009-8227-5eb371d04034","email":"joshua.lee@gmail.com","message":"failed to process due to datastore timeout of 30 seconds.  operation took 108 seconds."},{"id":"be73a319-93ec-46c2-8e6f-ee821dfc34c6","email":"hannah.martin@dropbox.net","message":"failed to process due to datastore timeout of 30 seconds.  operation took 126 seconds."},{"id":"c760176e-63c8-4153-9440-d7f8b3c016af","email":"alyssa.jones@amerisave.com","message":"successfully processed after 6139 milliseconds."},{"id":"b6dc8e5e-a8c8-454d-aee3-db01a23788e3","email":"daniel.rodriguez@amerisave.com","message":"successfully handled skipped operation."},{"id":"eb06d177-1638-4a2a-a734-b0a6253ecc80","email":"sarah.green@amerisave.com","message":"failed to process due to datastore timeout of 30 seconds.  operation took 118 seconds."},{"id":"179b19b2-6275-4142-8ea0-afcc2a72cf26","email":"isabella.jackson@amerisave.com","message":"successfully processed after 6502 milliseconds."},{"id":"9a800033-cc56-4698-b912-d0bf1aa4f1bd","email":"abigail.smith@amerisave.com","message":"failed to process due to network exception."},{"id":"d0a59379-3099-4fb2-8d0f-e5fd4fa710e5","email":"alexander.williams@gmail.com","message":"failed to process due to datastore timeout of 30 seconds.  operation took 67 seconds."},{"id":"342b35fb-ab90-433f-81d4-843c71ad9c0f","email":"dylan.wilson@gmail.com","message":"successfully handled skipped operation."},{"id":"5e04ec81-d8b5-4cc5-bb7c-b5f6f6c6b3b7","email":"michael.hall@dropbox.net","message":"failed to process due to network exception."},{"id":"7855b4c6-32f4-4db7-b2ea-4d18f8ea0ec4","email":"alyssa.jones@amerisave.com","message":"successfully handled skipped operation."},{"id":"ff19d211-36ec-4654-a810-1016d5a90269","email":"ethan.hernandez@microsoft.com","message":"failed to process due to datastore timeout of 30 seconds.  operation took 55 seconds."},{"id":"4ce3a491-4eed-40be-9de8-2391c96130e4","email":"nathan.young@microsoft.com","message":"successfully handled skipped operation."},{"id":"f8767c58-6c2d-4460-b53e-8e0303f790ca","email":"matthew.walker@amerisave.com","message":"failed to process due to datastore timeout of 30 seconds.  operation took 65 seconds."},{"id":"287f2065-e924-4576-b5bc-742eb5f98d55","email":"nathan.young@microsoft.com","message":"successfully parsed message, but message temporarily enqueued while system restarts."},{"id":"ca07a470-d7f3-4284-8d89-52cc15dc63a7","email":"emily.taylor@gmail.com","message":"failed to process due to datastore timeout of 30 seconds.  operation took 107 seconds."},{"id":"ac0f6bf2-d997-4663-9c98-c1f04a16ab63","email":"lily.harris@gmail.com","message":"failed to process due to network exception."},{"id":"a191b767-50b2-41e0-a8e7-81da017605b8","email":"andrew.miller@gmail.com","message":"successfully processed after 3138 milliseconds."},{"id":"eee57f74-624a-4886-b59f-c36fa823ad96","email":"joshua.lee@gmail.com","message":"successfully parsed message, but message temporarily enqueued while system restarts."},{"id":"797bec39-4774-4ca8-a1ca-301b957b9250","email":"dylan.wilson@gmail.com","message":"successfully processed after 4035 milliseconds."},{"id":"8b803350-1e64-4450-95af-0884f12dfb21","email":"alexis.brown@microsoft.com","message":"successfully handled skipped operation."},{"id":"79869222-14b9-4bd9-b196-209ed10f7711","email":"jackson.white@gmail.com","message":"successfully handled skipped operation."},{"id":"6f7c6dfc-4d78-4135-9f88-2bfa3d8c7f28","email":"madison.lewis@gmail.com","message":"successfully handled skipped operation."},{"id":"4214e6bf-3f07-4d2b-aba0-e204abbf9758","email":"mia.perez@me.com","message":"successfully processed after 952 milliseconds."},{"id":"e10fc5e1-60ab-45ae-b4a8-689eff45e51b","email":"nicholas.allen@microsoft.com","message":"successfully processed after 2791 milliseconds."},{"id":"4757a205-c9bf-4f91-992b-4aecba25e887","email":"ella.anderson@dropbox.net","message":"failed to process due to network exception."},{"id":"7f9d018a-1a0d-4b6e-a9a9-a1fa7771f9a9","email":"matthew.walker@amerisave.com","message":"failed to process due to network exception."},{"id":"44c29fe9-c23d-4b53-8aed-9004cdfebe1e","email":"chloe.garcia@dropbox.net","message":"successfully parsed message, but message temporarily enqueued while system restarts."},{"id":"fd2431a9-fc2c-4161-9c55-91d8a2a2841f","email":"emma.thomas@me.com","message":"failed to process due to network exception."},{"id":"46830283-05eb-43b3-8c4d-bef0af42252a","email":"noah.sanchez@me.com","message":"successfully handled skipped operation."},{"id":"3a1448aa-89a2-4dd2-b65e-ac03a3f8d84a","email":"lily.harris@gmail.com","message":"successfully handled skipped operation."},{"id":"5ab8565f-ceb3-4263-b31e-dbfef7142b8d","email":"grace.moore@gmail.com","message":"failed to process due to network exception."},{"id":"524e99b5-e03b-476b-8559-c32779b18d70","email":"matthew.walker@amerisave.com","message":"failed to process due to network exception."},{"id":"d6628fad-e535-4b17-be6f-e4d8ea1f1c07","email":"ethan.hernandez@microsoft.com","message":"successfully parsed message, but message temporarily enqueued while system restarts."},{"id":"fb4cf314-5b98-40e8-849a-80c3582f480e","email":"sophia.baker@dropbox.net","message":"successfully processed after 9718 milliseconds."},{"id":"01e12a7a-8b4a-4afa-bf72-e7b4ff27e3cd","email":"sophia.baker@dropbox.net","message":"successfully handled skipped operation."},{"id":"c5a01f4f-29b4-42d3-a82a-c646f6a937ba","email":"noah.sanchez@me.com","message":"successfully parsed message, but message temporarily enqueued while system restarts."},{"id":"e5c1c250-ebaa-4f82-aadd-70b1711d440a","email":"jack.thompson@me.com","message":"failed to process due to datastore timeout of 30 seconds.  operation took 57 seconds."},{"id":"522ac0e8-251c-4e48-9dd2-376bfb587dab","email":"olivia.wright@gmail.com","message":"successfully processed after 7898 milliseconds."},{"id":"1d97c29d-155f-4b75-8260-f3f52aa32f59","email":"elizabeth.martinez@dropbox.net","message":"failed to process due to datastore timeout of 30 seconds.  operation took 46 seconds."},{"id":"03129b03-8a17-435b-8e86-3e31fb2d9029","email":"emily.taylor@gmail.com","message":"failed to process due to datastore timeout of 30 seconds.  operation took 58 seconds."},{"id":"349110c6-2da9-4b50-99b0-02127c359139","email":"ava.davis@gmail.com","message":"successfully handled skipped operation."},{"id":"7dc07939-5e6f-42c0-b8f7-bb0ad00cec68","email":"madison.lewis@gmail.com","message":"failed to process due to network exception."},{"id":"24daa1ee-8c0c-4b9d-8f61-d26958dc96ae","email":"abigail.smith@amerisave.com","message":"failed to process due to datastore timeout of 30 seconds.  operation took 35 seconds."},{"id":"2c7605d2-35dd-4535-9ba0-f1de6c8be146","email":"nathan.young@microsoft.com","message":"successfully parsed message, but message temporarily enqueued while system restarts."},{"id":"b50c4a43-f7c7-48f9-9d00-35da9fb0a455","email":"nathan.young@microsoft.com","message":"successfully processed after 2091 milliseconds."},{"id":"8d19d254-965d-420b-83eb-c863fa49910c","email":"elizabeth.martinez@dropbox.net","message":"failed to process due to network exception."},{"id":"06edb84f-561d-40be-b8ea-bba25d8d09fa","email":"aiden.johnson@microsoft.com","message":"successfully handled skipped operation."},{"id":"60219ada-51c5-4c25-a986-7793b30b5742","email":"alexis.brown@microsoft.com","message":"failed to process due to datastore timeout of 30 seconds.  operation took 122 seconds."},{"id":"058e9e89-4a4b-4049-b363-feaa20b75ee2","email":"dylan.wilson@gmail.com","message":"failed to process due to network exception."},{"id":"4e22ffc7-f814-4a28-b76a-caa8e6f50f42","email":"ethan.hernandez@microsoft.com","message":"successfully processed after 2626 milliseconds."},{"id":"309f7ef7-9db2-44ca-a2db-0f9872b2c27f","email":"michael.hall@dropbox.net","message":"successfully handled skipped operation."},{"id":"6e03b98d-5224-44d3-bcc3-156b8b8d6f7f","email":"sarah.green@amerisave.com","message":"failed to process due to network exception."},{"id":"5cc5f6d8-3a09-4a54-964d-f44a34a885e7","email":"taylor.adams@gmail.com","message":"failed to process due to network exception."},{"id":"f55f1782-726f-4247-a0c6-65cfb2cb8af4","email":"daniel.rodriguez@amerisave.com","message":"failed to process due to datastore timeout of 30 seconds.  operation took 115 seconds."},{"id":"0450f763-9d7c-4b6a-8666-edd3e13cde1c","email":"jacob.lopez@dropbox.net","message":"successfully processed after 8525 milliseconds."},{"id":"f14dd413-91eb-4386-abdb-e58d8aa834b0","email":"nicholas.allen@microsoft.com","message":"successfully processed after 266 milliseconds."},{"id":"1f9bfa25-dd21-41fb-b20e-6d5f95096fe6","email":"alyssa.jones@amerisave.com","message":"successfully processed after 455 milliseconds."},{"id":"98e40486-d58c-4c1b-8bbe-fcdc691fede2","email":"alexis.brown@microsoft.com","message":"successfully processed after 272 milliseconds."},{"id":"800f1fd8-d2be-4054-98ac-57004e9b0f59","email":"nathan.young@microsoft.com","message":"successfully parsed message, but message temporarily enqueued while system restarts."},{"id":"f935a2ba-fec2-42f2-953d-d7e09149d63d","email":"andrew.miller@gmail.com","message":"successfully processed after 7816 milliseconds."},{"id":"7ba56f6b-4d71-4cce-abd3-dc9b78cbcbf9","email":"jacob.lopez@dropbox.net","message":"failed to process due to datastore timeout of 30 seconds.  operation took 88 seconds."},{"id":"af261f86-97aa-43fe-a5e8-d50225e7e9d0","email":"tyler.nelson@microsoft.com","message":"failed to process due to datastore timeout of 30 seconds.  operation took 34 seconds."},{"id":"9d52c4db-8b4d-4332-8348-b2f5e98ec748","email":"jackson.white@gmail.com","message":"successfully handled skipped operation."},{"id":"6b760c8c-b082-425b-bf6b-80c05711f68e","email":"emma.thomas@me.com","message":"successfully processed after 8242 milliseconds."},{"id":"175e8068-653c-4cde-bcff-f872a52b87be","email":"isabella.jackson@amerisave.com","message":"successfully processed after 6490 milliseconds."},{"id":"a3926256-b51b-42ca-bb0c-b8808b6d4876","email":"ethan.hernandez@microsoft.com","message":"successfully parsed message, but message temporarily enqueued while system restarts."},{"id":"e2f673dd-616a-4d22-b941-696b4ffb63e7","email":"jackson.white@gmail.com","message":"successfully handled skipped operation."},{"id":"d342ffe5-29d3-4d42-bbd6-7a8aaa5ca820","email":"alexis.brown@microsoft.com","message":"failed to process due to datastore timeout of 30 seconds.  operation took 104 seconds."},{"id":"3014f854-887a-47bb-b51d-3ef46b17df98","email":"grace.moore@gmail.com","message":"failed to process due to datastore timeout of 30 seconds.  operation took 109 seconds."},{"id":"d735adb6-27f5-4aca-9f48-6fe52c35fc05","email":"dylan.wilson@gmail.com","message":"failed to process due to datastore timeout of 30 seconds.  operation took 68 seconds."},{"id":"48c48d91-cd2e-4407-8bbf-b9bf96e17e39","email":"joshua.lee@gmail.com","message":"successfully processed after 2367 milliseconds."},{"id":"08786e01-30bb-46be-89fc-0bb9201421af","email":"abigail.smith@amerisave.com","message":"successfully processed after 5107 milliseconds."},{"id":"9d09f94b-9090-4e1a-a017-5a824fbacda7","email":"tyler.nelson@microsoft.com","message":"failed to process due to datastore timeout of 30 seconds.  operation took 91 seconds."},{"id":"1a8e0b3b-6d11-42bf-acab-d9a8dd0a7a39","email":"grace.moore@gmail.com","message":"failed to process due to network exception."},{"id":"c1e3697b-5f01-406a-aab0-6a91f5db6c08","email":"grace.moore@gmail.com","message":"successfully handled skipped operation."},{"id":"304ddd30-c960-4204-a2c2-5aeec7f52abf","email":"hannah.martin@dropbox.net","message":"successfully parsed message, but message temporarily enqueued while system restarts."},{"id":"cce8f2d6-3b5c-45d1-b3bf-425338eb9374","email":"mia.perez@me.com","message":"failed to process due to network exception."},{"id":"63def74f-be71-485d-bbf9-66f21b712fa9","email":"alyssa.jones@amerisave.com","message":"successfully handled skipped operation."},{"id":"2f02adab-d94f-4d7f-bfef-b4fc30c2c681","email":"mia.perez@me.com","message":"successfully processed after 9473 milliseconds."},{"id":"5bf79365-aa8e-4ccc-bb8a-b083b6a8da5e","email":"chloe.garcia@dropbox.net","message":"successfully handled skipped operation."},{"id":"9c7921d0-9431-4d5f-9de2-9000911faf7a","email":"sarah.green@amerisave.com","message":"successfully processed after 4262 milliseconds."},{"id":"15933fe6-4499-42ab-bed9-0173104612dc","email":"joshua.lee@gmail.com","message":"successfully parsed message, but message temporarily enqueued while system restarts."},{"id":"c110a63d-066c-4399-836f-c76e444aa6f0","email":"elizabeth.martinez@dropbox.net","message":"failed to process due to datastore timeout of 30 seconds.  operation took 88 seconds."},{"id":"39d767c1-4e1a-42c0-b76b-148f03d36d07","email":"elizabeth.martinez@dropbox.net","message":"successfully processed after 8802 milliseconds."},{"id":"03ad975c-94a3-4594-acab-0983564fd7a3","email":"logan.clark@dropbox.net","message":"failed to process due to network exception."},{"id":"4505679d-c2cd-4ceb-b9e4-0953d3112b78","email":"sophia.baker@dropbox.net","message":"successfully processed after 2224 milliseconds."},{"id":"aeeebd62-b52e-48f7-aacb-765e5c1d0edc","email":"sarah.green@amerisave.com","message":"failed to process due to datastore timeout of 30 seconds.  operation took 40 seconds."},{"id":"cd2b85c1-7651-4c20-a558-53cc994e3fee","email":"lily.harris@gmail.com","message":"failed to process due to network exception."},{"id":"d527bef8-a15d-4117-817e-0b073fc8e21b","email":"dylan.wilson@gmail.com","message":"failed to process due to datastore timeout of 30 seconds.  operation took 33 seconds."},{"id":"d4bcc453-e00c-42bd-b787-9393b8fe4cba","email":"isabella.jackson@amerisave.com","message":"successfully parsed message, but message temporarily enqueued while system restarts."},{"id":"66ae33db-29d4-4a22-ae25-cef4ca8a9b16","email":"hannah.martin@dropbox.net","message":"failed to process due to datastore timeout of 30 seconds.  operation took 60 seconds."},{"id":"c42d3330-22b6-4547-b4c3-4302af820405","email":"ella.anderson@dropbox.net","message":"successfully handled skipped operation."},{"id":"2156e180-e01d-4c45-bb3d-db2dac15fda6","email":"logan.clark@dropbox.net","message":"successfully parsed message, but message temporarily enqueued while system restarts."},{"id":"e4dfc8cc-4522-4035-ab86-ca7ffd866a59","email":"mia.perez@me.com","message":"failed to process due to network exception."},{"id":"b0721084-4396-4f03-85f6-caf2b293bdcd","email":"matthew.walker@amerisave.com","message":"failed to process due to datastore timeout of 30 seconds.  operation took 55 seconds."},{"id":"b78eb7af-845d-4d7d-9e46-2fb93dff57e9","email":"noah.sanchez@me.com","message":"successfully handled skipped operation."},{"id":"3d43f496-7e18-4c8f-8ea9-8fc2ce43e5f2","email":"ella.anderson@dropbox.net","message":"failed to process due to datastore timeout of 30 seconds.  operation took 112 seconds."},{"id":"416aff33-0f10-4ba4-97f0-6e89e584abfc","email":"emma.thomas@me.com","message":"successfully parsed message, but message temporarily enqueued while system restarts."},{"id":"765722d8-a602-454b-af74-d81b1fd60668","email":"liam.gonzalez@me.com","message":"successfully processed after 8048 milliseconds."},{"id":"941f4a70-2c18-47ed-b5db-8bd04bef3003","email":"madison.lewis@gmail.com","message":"successfully parsed message, but message temporarily enqueued while system restarts."},{"id":"ab33103e-d15a-43e2-983b-147343bed55c","email":"olivia.wright@gmail.com","message":"successfully handled skipped operation."},{"id":"da167222-ab34-4276-af32-d014f4e89b80","email":"joshua.lee@gmail.com","message":"successfully processed after 3302 milliseconds."},{"id":"2ca378f7-bda6-4eae-8d24-ba742f6345f5","email":"noah.sanchez@me.com","message":"successfully processed after 240 milliseconds."},{"id":"5376e43c-008f-4f59-a219-6dcd788eb1a1","email":"hannah.martin@dropbox.net","message":"failed to process due to network exception."},{"id":"6f67454a-709a-4495-97dd-e1a24b306bfc","email":"jacob.lopez@dropbox.net","message":"failed to process due to datastore timeout of 30 seconds.  operation took 68 seconds."},{"id":"7a856f12-97f5-4a35-b51c-c9a2d76c9cd0","email":"isabella.jackson@amerisave.com","message":"successfully parsed message, but message temporarily enqueued while system restarts."},{"id":"eec3e5fa-de5f-4fde-9cf6-b4016957e7ae","email":"matthew.walker@amerisave.com","message":"successfully handled skipped operation."},{"id":"6d30476a-f416-48a3-b9e9-31a2a2988971","email":"ella.anderson@dropbox.net","message":"failed to process due to network exception."},{"id":"f5f83c43-543c-4367-b24c-00749b6ad8eb","email":"ryan.king@dropbox.net","message":"failed to process due to network exception."},{"id":"3c4c1f7d-884a-4d07-a7a1-08aece082b38","email":"taylor.adams@gmail.com","message":"successfully processed after 7158 milliseconds."},{"id":"1aaaf7c8-4f44-466a-abce-b9240d043a13","email":"ella.anderson@dropbox.net","message":"successfully handled skipped operation."},{"id":"33a2cf6a-573e-408a-83f0-01376ecec125","email":"jackson.white@gmail.com","message":"failed to process due to network exception."},{"id":"260d2496-5304-4258-a603-7bfa6c7094bf","email":"jacob.lopez@dropbox.net","message":"failed to process due to datastore timeout of 30 seconds.  operation took 52 seconds."},{"id":"ceea6c95-b9b8-4c2b-9508-fd37bc0a119e","email":"abigail.smith@amerisave.com","message":"successfully parsed message, but message temporarily enqueued while system restarts."},{"id":"510a09ed-3656-4614-85f7-678324d6a94e","email":"abigail.smith@amerisave.com","message":"failed to process due to datastore timeout of 30 seconds.  operation took 121 seconds."},{"id":"97abe6e3-3a12-41ef-9f6a-ed96de682f24","email":"alexis.brown@microsoft.com","message":"failed to process due to datastore timeout of 30 seconds.  operation took 52 seconds."},{"id":"ea17c915-4c2d-4bda-bca6-2853a0d33d44","email":"joshua.lee@gmail.com","message":"failed to process due to datastore timeout of 30 seconds.  operation took 130 seconds."},{"id":"d17560b7-6ad9-4d7e-8d75-0b1f82404934","email":"grace.moore@gmail.com","message":"successfully processed after 4253 milliseconds."},{"id":"7dca7960-9f9b-4e08-a8a7-fd53062178e4","email":"nicholas.allen@microsoft.com","message":"successfully parsed message, but message temporarily enqueued while system restarts."},{"id":"a7622681-1990-4488-ab0f-a1c7f23d2c51","email":"taylor.adams@gmail.com","message":"successfully parsed message, but message temporarily enqueued while system restarts."},{"id":"4ff486a3-8389-4299-96cc-8c02556651ae","email":"abigail.smith@amerisave.com","message":"successfully processed after 5421 milliseconds."},{"id":"93b74190-ba11-4db9-babd-91d2ac336ba8","email":"dylan.wilson@gmail.com","message":"failed to process due to network exception."},{"id":"f4e75e5e-ce9d-4ff9-92aa-14bbe904f582","email":"andrew.miller@gmail.com","message":"successfully processed after 6754 milliseconds."},{"id":"2838c11a-8791-4b22-a128-af7394ca9b6f","email":"alexis.brown@microsoft.com","message":"successfully processed after 3752 milliseconds."},{"id":"c4fc19ed-1dc9-4d94-acd3-8fccc8b1fd98","email":"noah.sanchez@me.com","message":"successfully parsed message, but message temporarily enqueued while system restarts."},{"id":"2ff23c6b-9eb5-4296-9781-0af1c9204469","email":"dylan.wilson@gmail.com","message":"failed to process due to datastore timeout of 30 seconds.  operation took 112 seconds."},{"id":"a3f9c70f-71a0-453a-8118-6fb8de949be8","email":"isabella.jackson@amerisave.com","message":"failed to process due to network exception."},{"id":"2ae7e74f-186d-44f5-9aba-e932f26da54e","email":"elizabeth.martinez@dropbox.net","message":"successfully parsed message, but message temporarily enqueued while system restarts."},{"id":"93ed24c3-b9bd-44fc-a8c7-e0c26eef4ffb","email":"jack.thompson@me.com","message":"successfully handled skipped operation."},{"id":"616daaf4-06f6-40d7-8467-cc1f3d426bba","email":"joshua.lee@gmail.com","message":"successfully processed after 6426 milliseconds."},{"id":"c5bd6f70-1ff5-4aa2-80f1-f488ce20a719","email":"michael.hall@dropbox.net","message":"successfully handled skipped operation."},{"id":"3b1d37fd-2b03-4404-8205-f6edf8ec778c","email":"olivia.wright@gmail.com","message":"successfully parsed message, but message temporarily enqueued while system restarts."},{"id":"0d746d0c-7289-458b-ab90-6fdf24f5127f","email":"chloe.garcia@dropbox.net","message":"successfully handled skipped operation."},{"id":"4e25a770-412a-45cb-94bf-f63ccfe62a9f","email":"taylor.adams@gmail.com","message":"failed to process due to network exception."},{"id":"af809e02-336f-4c0c-9882-9f820762fe7c","email":"lily.harris@gmail.com","message":"successfully handled skipped operation."},{"id":"7cf58ef7-45b6-4f76-ae13-d9fd70d45604","email":"noah.sanchez@me.com","message":"successfully parsed message, but message temporarily enqueued while system restarts."},{"id":"8a4f6bb1-c4b8-4290-9931-4ec9ab36ba07","email":"liam.gonzalez@me.com","message":"failed to process due to datastore timeout of 30 seconds.  operation took 87 seconds."},{"id":"a4f1eb6e-2ca5-452b-9fdf-5869855cf239","email":"jack.thompson@me.com","message":"successfully parsed message, but message temporarily enqueued while system restarts."},{"id":"6b0d67d2-310c-405d-a718-e7fa96fc7a07","email":"tyler.nelson@microsoft.com","message":"successfully processed after 4417 milliseconds."},{"id":"de1f326b-216f-4b21-ace9-7f1156559d8f","email":"sophia.baker@dropbox.net","message":"failed to process due to network exception."},{"id":"59f0ca27-30c6-47fb-ad80-dec630d4466b","email":"sarah.green@amerisave.com","message":"successfully processed after 4515 milliseconds."},{"id":"3d73d584-f196-44ca-a214-3e1110f262ce","email":"sarah.green@amerisave.com","message":"failed to process due to datastore timeout of 30 seconds.  operation took 93 seconds."},{"id":"bd236931-2def-4aeb-b158-49651edeed04","email":"sophia.baker@dropbox.net","message":"successfully parsed message, but message temporarily enqueued while system restarts."},{"id":"8f5e318b-8a4c-43ac-9160-d83884e17279","email":"jackson.white@gmail.com","message":"successfully parsed message, but message temporarily enqueued while system restarts."},{"id":"0ea02231-8673-4e3f-bfb6-fd2d2e4abcc1","email":"ryan.king@dropbox.net","message":"failed to process due to network exception."},{"id":"f347ec34-6fde-4da6-a7a0-89ea6caa1fa2","email":"alyssa.jones@amerisave.com","message":"successfully handled skipped operation."},{"id":"f800176a-9d44-4d9a-9efe-3e3f1e5d9dc0","email":"emma.thomas@me.com","message":"successfully parsed message, but message temporarily enqueued while system restarts."},{"id":"dc054536-1db8-4e5a-8d19-e2ed0ae405b3","email":"sophia.baker@dropbox.net","message":"successfully parsed message, but message temporarily enqueued while system restarts."},{"id":"5927f685-9352-4fb7-9b89-a780d72981db","email":"joshua.lee@gmail.com","message":"successfully processed after 9002 milliseconds."},{"id":"ee1f4347-819e-4a9e-887b-62101e7b9bd2","email":"jacob.lopez@dropbox.net","message":"successfully handled skipped operation."},{"id":"0977a5a9-43f4-43cb-8e2c-bd81169e695f","email":"ethan.hernandez@microsoft.com","message":"successfully processed after 6029 milliseconds."},{"id":"21897b2f-689a-481a-a23a-05aba89936f5","email":"logan.clark@dropbox.net","message":"successfully parsed message, but message temporarily enqueued while system restarts."},{"id":"3b92bba1-ad3d-4a15-ae49-644585e36623","email":"alexander.williams@gmail.com","message":"failed to process due to datastore timeout of 30 seconds.  operation took 80 seconds."},{"id":"32689eaa-d886-45b6-8118-61f9d5684d95","email":"andrew.miller@gmail.com","message":"successfully handled skipped operation."},{"id":"c8609215-5b2d-4a12-9ce1-e43be6490497","email":"grace.moore@gmail.com","message":"successfully handled skipped operation."},{"id":"92159adb-1c7a-44b1-ada8-46fde6538b3b","email":"aiden.johnson@microsoft.com","message":"failed to process due to datastore timeout of 30 seconds.  operation took 109 seconds."},{"id":"04a9277e-a5e9-432d-8047-0406728ae403","email":"elizabeth.martinez@dropbox.net","message":"successfully handled skipped operation."},{"id":"27be9f5f-1ca9-44d2-b9d3-39f886dd0288","email":"abigail.smith@amerisave.com","message":"successfully parsed message, but message temporarily enqueued while system restarts."},{"id":"3f875799-c4e1-49b9-8fb4-cdbe87fcba11","email":"samantha.scott@me.com","message":"successfully parsed message, but message temporarily enqueued while system restarts."},{"id":"c8d4a5d2-a173-4071-94ac-dcb89ddeedd2","email":"mia.perez@me.com","message":"successfully processed after 146 milliseconds."},{"id":"cb1806aa-06ba-4105-be07-3101adc64bf8","email":"lily.harris@gmail.com","message":"successfully parsed message, but message temporarily enqueued while system restarts."},{"id":"8ebb554d-eddc-4266-a4ba-667f310ef923","email":"michael.hall@dropbox.net","message":"failed to process due to network exception."},{"id":"b66b033f-7e9b-4983-9575-30f27856a7cb","email":"joshua.lee@gmail.com","message":"successfully parsed message, but message temporarily enqueued while system restarts."},{"id":"818120ed-c856-4fce-8bb9-d43531bca777","email":"olivia.wright@gmail.com","message":"failed to process due to datastore timeout of 30 seconds.  operation took 124 seconds."},{"id":"015a2acf-7309-43e7-b5ad-305e8ebb001d","email":"ella.anderson@dropbox.net","message":"successfully parsed message, but message temporarily enqueued while system restarts."},{"id":"9f3ebd41-0ff4-4759-89fb-8d8afcb51dda","email":"elizabeth.martinez@dropbox.net","message":"successfully handled skipped operation."},{"id":"30302c72-1069-4473-b743-a851b6c55ed8","email":"isabella.jackson@amerisave.com","message":"failed to process due to network exception."},{"id":"c7de9ed9-b14a-412d-a5b9-44914ed11ccd","email":"olivia.wright@gmail.com","message":"failed to process due to network exception."},{"id":"207a5c94-2ea4-4e64-bf64-1271fc06993d","email":"hannah.martin@dropbox.net","message":"successfully parsed message, but message temporarily enqueued while system restarts."},{"id":"4e22b339-524e-4924-8d7f-e07b44e9666d","email":"isabella.jackson@amerisave.com","message":"successfully parsed message, but message temporarily enqueued while system restarts."},{"id":"1fd6a0bf-63c3-4e28-9131-041ab20c7d9f","email":"alexander.williams@gmail.com","message":"successfully handled skipped operation."},{"id":"44740ba3-d6ae-45aa-beea-41b0650e2fed","email":"logan.clark@dropbox.net","message":"successfully handled skipped operation."},{"id":"238d18ee-f8b7-40eb-834b-8b9c12139ee2","email":"jacob.lopez@dropbox.net","message":"failed to process due to datastore timeout of 30 seconds.  operation took 54 seconds."},{"id":"409db0a6-c270-45b1-989b-b82d6dc442ec","email":"noah.sanchez@me.com","message":"successfully handled skipped operation."},{"id":"7d877207-9094-44ac-9c1e-24c98640602c","email":"alexis.brown@microsoft.com","message":"successfully processed after 254 milliseconds."},{"id":"ad66059a-54bc-42a6-990d-d9fc7fcab07d","email":"hannah.martin@dropbox.net","message":"failed to process due to network exception."},{"id":"d18dc207-d560-4743-8a53-e38309f6be00","email":"grace.moore@gmail.com","message":"successfully parsed message, but message temporarily enqueued while system restarts."},{"id":"920949dd-050b-486b-98fc-02dfd3686514","email":"jackson.white@gmail.com","message":"successfully processed after 6416 milliseconds."},{"id":"2dd76482-769a-439a-93b4-c3246ec51de8","email":"aiden.johnson@microsoft.com","message":"successfully parsed message, but message temporarily enqueued while system restarts."},{"id":"940dc3a7-09cd-4184-a7b5-91c7703533c4","email":"taylor.adams@gmail.com","message":"failed to process due to network exception."},{"id":"9912118c-c27c-4fc4-8116-a3473217ca79","email":"jacob.lopez@dropbox.net","message":"successfully parsed message, but message temporarily enqueued while system restarts."},{"id":"5357b2b8-5642-4d93-80d2-7b0f4d46379d","email":"grace.moore@gmail.com","message":"successfully parsed message, but message temporarily enqueued while system restarts."},{"id":"8d74960e-610f-4f0d-9b6a-22f1e6619647","email":"alexis.brown@microsoft.com","message":"failed to process due to network exception."},{"id":"18e4840c-60db-4837-9167-d104f07afe5f","email":"ryan.king@dropbox.net","message":"failed to process due to network exception."},{"id":"764087bd-b822-4327-aaf4-9c98294f6c78","email":"olivia.wright@gmail.com","message":"failed to process due to network exception."},{"id":"09bf6df0-5711-4bb8-a98c-e701c1306980","email":"hannah.martin@dropbox.net","message":"successfully handled skipped operation."},{"id":"08646c5c-6597-4f1e-91ad-34f752b36edf","email":"mia.perez@me.com","message":"failed to process due to datastore timeout of 30 seconds.  operation took 33 seconds."},{"id":"0b3b964a-c1fd-4310-a626-6b3fae758ba5","email":"ava.davis@gmail.com","message":"successfully handled skipped operation."},{"id":"ce483c6a-a4f8-49ee-a90f-47867a95d722","email":"ethan.hernandez@microsoft.com","message":"successfully processed after 8278 milliseconds."},{"id":"ad3afe7f-b74e-4683-ae3f-3f31827d9512","email":"matthew.walker@amerisave.com","message":"failed to process due to datastore timeout of 30 seconds.  operation took 99 seconds."},{"id":"0f0eb687-49ca-4a27-9b04-89d3255366e0","email":"mason.robinson@amerisave.com","message":"successfully parsed message, but message temporarily enqueued while system restarts."},{"id":"6f65f05f-22c6-4bfc-8cf8-26b38f3c83ab","email":"alyssa.jones@amerisave.com","message":"successfully handled skipped operation."},{"id":"db29ff3f-c1be-48ff-9088-295c48ac36ff","email":"abigail.smith@amerisave.com","message":"successfully handled skipped operation."},{"id":"83bbfdc9-7ee6-4400-b4c0-0780c38dd90c","email":"ava.davis@gmail.com","message":"failed to process due to datastore timeout of 30 seconds.  operation took 129 seconds."},{"id":"4b6b2218-3d3d-4a4e-8c34-5f3f34621026","email":"joshua.lee@gmail.com","message":"successfully parsed message, but message temporarily enqueued while system restarts."},{"id":"29632657-1706-4607-9ab4-835984e1bc09","email":"joshua.lee@gmail.com","message":"failed to process due to datastore timeout of 30 seconds.  operation took 109 seconds."},{"id":"e85cdaf6-bc6d-462d-9e60-eb1472797654","email":"sophia.baker@dropbox.net","message":"failed to process due to network exception."},{"id":"130b1e26-735b-4b53-83e9-b43e55bb6487","email":"michael.hall@dropbox.net","message":"successfully handled skipped operation."},{"id":"96d4b71d-b694-43cc-850e-e6c37805b448","email":"isabella.jackson@amerisave.com","message":"successfully parsed message, but message temporarily enqueued while system restarts."},{"id":"a21626c1-350b-4328-8b2c-90f09ae29e5d","email":"grace.moore@gmail.com","message":"successfully handled skipped operation."},{"id":"bad9f523-74ab-4e36-af24-3cb957485f70","email":"olivia.wright@gmail.com","message":"successfully handled skipped operation."},{"id":"1fee80b0-a0c5-41ec-be24-2a954ad2b839","email":"isabella.jackson@amerisave.com","message":"successfully processed after 6524 milliseconds."},{"id":"737d959e-9fb4-4dee-ba19-a1945aa5317f","email":"logan.clark@dropbox.net","message":"successfully handled skipped operation."},{"id":"56b78021-97d0-4d8b-b18d-f5a80aaa12d6","email":"aiden.johnson@microsoft.com","message":"successfully parsed message, but message temporarily enqueued while system restarts."},{"id":"753a5549-41d4-41aa-9ce5-44fbf47f657f","email":"lily.harris@gmail.com","message":"successfully handled skipped operation."},{"id":"469f8ffb-6ff6-4e78-8342-51cbec702678","email":"andrew.miller@gmail.com","message":"successfully processed after 366 milliseconds."},{"id":"1f4e468c-1637-4313-8f49-6c401bc40ee4","email":"hannah.martin@dropbox.net","message":"successfully handled skipped operation."},{"id":"3c4114a0-c972-4d02-9db7-8aa7c2cacc61","email":"jackson.white@gmail.com","message":"failed to process due to network exception."},{"id":"6c647c1e-ca67-4dd0-8e86-9fc8d4ea12c1","email":"dylan.wilson@gmail.com","message":"successfully processed after 8807 milliseconds."},{"id":"8c125ea7-9052-4092-ba36-fef4d85460fc","email":"elizabeth.martinez@dropbox.net","message":"successfully processed after 1676 milliseconds."},{"id":"c352de67-e14f-49e9-b073-da22791f274a","email":"mason.robinson@amerisave.com","message":"successfully parsed message, but message temporarily enqueued while system restarts."},{"id":"94b76934-1d77-4732-89b8-d5afed22b2e4","email":"liam.gonzalez@me.com","message":"failed to process due to datastore timeout of 30 seconds.  operation took 123 seconds."},{"id":"1e029a69-63ab-47fc-992d-10292b01865f","email":"mia.perez@me.com","message":"successfully processed after 8988 milliseconds."},{"id":"92b2bef2-19cc-499a-9c47-5a0a8e9d4edc","email":"ryan.king@dropbox.net","message":"successfully processed after 1372 milliseconds."},{"id":"764c6afc-0dd6-4bf0-bb77-5a34218b67e3","email":"isabella.jackson@amerisave.com","message":"failed to process due to datastore timeout of 30 seconds.  operation took 125 seconds."},{"id":"27472bc8-d1ae-47db-943b-c351fad4d1e4","email":"ethan.hernandez@microsoft.com","message":"successfully parsed message, but message temporarily enqueued while system restarts."},{"id":"6b95742d-35ba-477a-bc94-c236edd57794","email":"emma.thomas@me.com","message":"failed to process due to datastore timeout of 30 seconds.  operation took 58 seconds."},{"id":"47f5405f-cf1b-40ea-b335-75121748f2ab","email":"andrew.miller@gmail.com","message":"successfully parsed message, but message temporarily enqueued while system restarts."},{"id":"8213e515-3fca-401b-b08b-8cc9ae7a5cff","email":"jacob.lopez@dropbox.net","message":"successfully processed after 7266 milliseconds."},{"id":"6b2d39fe-35fa-4f99-b62b-612c0d3de49d","email":"sophia.baker@dropbox.net","message":"failed to process due to datastore timeout of 30 seconds.  operation took 55 seconds."},{"id":"8c4cc770-889a-43d1-a989-2b90ef9a80eb","email":"logan.clark@dropbox.net","message":"successfully processed after 2222 milliseconds."},{"id":"8a4c1410-28e9-41ef-99a0-4889d05d153f","email":"abigail.smith@amerisave.com","message":"failed to process due to network exception."},{"id":"88ad4ed4-1724-48c5-80b6-f784b1c82e72","email":"alexander.williams@gmail.com","message":"failed to process due to network exception."},{"id":"9bfb469f-fb12-4263-9c12-ad20baae0863","email":"alexander.williams@gmail.com","message":"successfully parsed message, but message temporarily enqueued while system restarts."},{"id":"a0420356-68ad-4b04-85a3-534d37428c3d","email":"samantha.scott@me.com","message":"successfully parsed message, but message temporarily enqueued while system restarts."},{"id":"e3ff46c5-2ca9-46ea-9f6a-99f894bd3cad","email":"madison.lewis@gmail.com","message":"successfully parsed message, but message temporarily enqueued while system restarts."},{"id":"052d3c2a-926f-4419-944f-ed54445cd03d","email":"matthew.walker@amerisave.com","message":"successfully handled skipped operation."},{"id":"3b9c14bd-9b49-4b84-87d4-0de8266ee98f","email":"emma.thomas@me.com","message":"successfully processed after 8803 milliseconds."},{"id":"67ce87d8-dcaf-4f81-b0a8-d7ca127527df","email":"hannah.martin@dropbox.net","message":"successfully handled skipped operation."},{"id":"9cd81cbb-4f90-4209-9676-34803e0534fb","email":"logan.clark@dropbox.net","message":"failed to process due to datastore timeout of 30 seconds.  operation took 103 seconds."},{"id":"7bdb97bb-3f34-4e4a-b982-d0329142b68e","email":"nicholas.allen@microsoft.com","message":"successfully handled skipped operation."},{"id":"0e86ea2e-ee97-43e2-af17-2ff55f8e67e5","email":"logan.clark@dropbox.net","message":"successfully handled skipped operation."},{"id":"72c3b083-3664-4425-98e8-e537d7050c13","email":"olivia.wright@gmail.com","message":"failed to process due to datastore timeout of 30 seconds.  operation took 116 seconds."},{"id":"2db89895-1678-44ad-b90e-44eb8f8b3f74","email":"olivia.wright@gmail.com","message":"successfully parsed message, but message temporarily enqueued while system restarts."},{"id":"3c1ad56f-41f6-455c-a6cf-5d3ea1ceaed7","email":"dylan.wilson@gmail.com","message":"failed to process due to network exception."},{"id":"8fee1a7f-a124-4c32-b3fb-99afcdd27b5d","email":"lily.harris@gmail.com","message":"successfully handled skipped operation."},{"id":"a6b8b1d6-bef3-48ff-9c0c-ee512488c5f9","email":"jackson.white@gmail.com","message":"failed to process due to network exception."},{"id":"e8c18548-e911-45ac-b77b-e0cba26d7c9c","email":"alyssa.jones@amerisave.com","message":"successfully parsed message, but message temporarily enqueued while system restarts."},{"id":"f96f801b-ffd6-431e-b71e-ed54cc5458ad","email":"jacob.lopez@dropbox.net","message":"failed to process due to datastore timeout of 30 seconds.  operation took 110 seconds."},{"id":"8e776dba-db07-43a7-b904-dad6e19ef458","email":"daniel.rodriguez@amerisave.com","message":"successfully handled skipped operation."},{"id":"25e65863-8d6f-4cf7-9a92-0750d37849d6","email":"nathan.young@microsoft.com","message":"failed to process due to network exception."},{"id":"3e9dfb97-a234-4d09-9a2e-cf6b3aabe458","email":"ava.davis@gmail.com","message":"failed to process due to datastore timeout of 30 seconds.  operation took 91 seconds."},{"id":"3bf13a02-3508-4dfa-99c5-c721d448e61e","email":"elizabeth.martinez@dropbox.net","message":"failed to process due to network exception."},{"id":"2c601eb1-4ee3-4c6f-96d3-085f10f0cb2d","email":"olivia.wright@gmail.com","message":"failed to process due to network exception."},{"id":"9ac6640a-8e0c-4d7d-aad0-bf17924a0649","email":"elizabeth.martinez@dropbox.net","message":"successfully processed after 4352 milliseconds."},{"id":"11e27303-cb18-42e0-8a5a-3be22e9e921e","email":"emily.taylor@gmail.com","message":"failed to process due to network exception."},{"id":"aa8d6af4-48b4-4ae1-badb-43e0ab67c1d7","email":"dylan.wilson@gmail.com","message":"failed to process due to datastore timeout of 30 seconds.  operation took 101 seconds."},{"id":"4277626b-0710-40bf-8087-aa3dbda55326","email":"madison.lewis@gmail.com","message":"successfully processed after 7789 milliseconds."},{"id":"f3e9aefd-d1ab-4ca7-8907-7ce4d9388e86","email":"madison.lewis@gmail.com","message":"failed to process due to datastore timeout of 30 seconds.  operation took 110 seconds."},{"id":"4aa272ff-c9a5-4d40-ac0e-9c8f99f151ee","email":"jack.thompson@me.com","message":"successfully parsed message, but message temporarily enqueued while system restarts."},{"id":"b92f0414-aa8d-4777-ac7d-dda15e80edbd","email":"olivia.wright@gmail.com","message":"successfully processed after 5238 milliseconds."},{"id":"4a25c985-5a8e-4e56-a299-cc3ef99c8363","email":"abigail.smith@amerisave.com","message":"failed to process due to datastore timeout of 30 seconds.  operation took 74 seconds."},{"id":"fe20eb03-4348-465e-aff8-34fdb937577d","email":"daniel.rodriguez@amerisave.com","message":"successfully processed after 7999 milliseconds."},{"id":"4b1a29fa-2553-482e-b918-1400641361ab","email":"grace.moore@gmail.com","message":"successfully handled skipped operation."},{"id":"62183e8e-a851-4646-a217-45d3874429c0","email":"emily.taylor@gmail.com","message":"failed to process due to datastore timeout of 30 seconds.  operation took 114 seconds."},{"id":"e91d3d63-0e0f-4f0c-8dc3-a0f2bcd12fa7","email":"taylor.adams@gmail.com","message":"successfully parsed message, but message temporarily enqueued while system restarts."},{"id":"5815d98f-d1e9-461b-b05a-b6c8986209c3","email":"sophia.baker@dropbox.net","message":"failed to process due to datastore timeout of 30 seconds.  operation took 51 seconds."},{"id":"11953f77-9989-4b52-b810-e6c6db9e3b03","email":"taylor.adams@gmail.com","message":"failed to process due to network exception."},{"id":"0807d6a2-6704-47a8-8607-e1344319e0e0","email":"emma.thomas@me.com","message":"failed to process due to datastore timeout of 30 seconds.  operation took 75 seconds."},{"id":"2f7aee2f-8923-441d-9163-80a55fe1db73","email":"nicholas.allen@microsoft.com","message":"successfully handled skipped operation."},{"id":"cb681bbc-c5c0-4d0a-9afd-931609e52d9c","email":"daniel.rodriguez@amerisave.com","message":"successfully handled skipped operation."},{"id":"8e7d2ee1-d32f-4a06-8c5d-b423914f5109","email":"ethan.hernandez@microsoft.com","message":"successfully parsed message, but message temporarily enqueued while system restarts."},{"id":"e29c9bef-f6b5-450a-a1c5-2a025d5ff89f","email":"ethan.hernandez@microsoft.com","message":"successfully handled skipped operation."},{"id":"e20ea302-ec37-4053-b2c9-23ba0ba5e44b","email":"emily.taylor@gmail.com","message":"successfully parsed message, but message temporarily enqueued while system restarts."},{"id":"4ec94968-0d1e-431a-baa4-bc187a822e21","email":"noah.sanchez@me.com","message":"failed to process due to datastore timeout of 30 seconds.  operation took 46 seconds."},{"id":"4c2ece97-4260-4a6d-b6ab-fc3734feb442","email":"jacob.lopez@dropbox.net","message":"successfully processed after 4332 milliseconds."},{"id":"5e66ba18-53bf-493f-8415-e6321f671687","email":"michael.hall@dropbox.net","message":"successfully handled skipped operation."},{"id":"4d47c174-6c24-4991-8af5-ab05c1c56fbe","email":"ethan.hernandez@microsoft.com","message":"successfully parsed message, but message temporarily enqueued while system restarts."},{"id":"dfa4bebf-7b85-4994-8b95-524939de4f67","email":"madison.lewis@gmail.com","message":"successfully parsed message, but message temporarily enqueued while system restarts."},{"id":"0849c440-4b70-42f3-a4fb-ecb81d083882","email":"matthew.walker@amerisave.com","message":"successfully handled skipped operation."},{"id":"f08de985-271c-4542-86f0-659fbb8a7f86","email":"olivia.wright@gmail.com","message":"successfully parsed message, but message temporarily enqueued while system restarts."},{"id":"136cd2f8-539f-4c56-987c-d3d97790c6b8","email":"isabella.jackson@amerisave.com","message":"failed to process due to datastore timeout of 30 seconds.  operation took 123 seconds."},{"id":"dc8c5341-28eb-4ccf-b0cd-b69bf57535d1","email":"lily.harris@gmail.com","message":"successfully handled skipped operation."},{"id":"ceb8f65c-fd13-4271-a97d-040530925eb0","email":"ella.anderson@dropbox.net","message":"successfully processed after 4113 milliseconds."},{"id":"e6f92ed1-8633-4307-b0c0-c7d91ff459a8","email":"michael.hall@dropbox.net","message":"successfully parsed message, but message temporarily enqueued while system restarts."},{"id":"c4344073-b84c-4400-9346-5ee74c0b6a5f","email":"lily.harris@gmail.com","message":"successfully parsed message, but message temporarily enqueued while system restarts."},{"id":"c4ee4685-10be-466f-b680-5b057ea6d728","email":"alyssa.jones@amerisave.com","message":"failed to process due to datastore timeout of 30 seconds.  operation took 89 seconds."},{"id":"09c88de9-0ae3-4c42-bb60-7ded570a6884","email":"mason.robinson@amerisave.com","message":"successfully processed after 2228 milliseconds."},{"id":"2c4af936-276d-46b5-a918-a0c14ecf5693","email":"nicholas.allen@microsoft.com","message":"failed to process due to datastore timeout of 30 seconds.  operation took 43 seconds."},{"id":"90b8a5e6-0c8c-4a09-b572-3cdeeb7c158a","email":"jacob.lopez@dropbox.net","message":"failed to process due to datastore timeout of 30 seconds.  operation took 81 seconds."},{"id":"21cff48a-a963-44a8-9827-c5797122f137","email":"chloe.garcia@dropbox.net","message":"failed to process due to datastore timeout of 30 seconds.  operation took 44 seconds."},{"id":"d19e9273-a25c-4c0f-9948-5672b331f42f","email":"jack.thompson@me.com","message":"failed to process due to datastore timeout of 30 seconds.  operation took 127 seconds."},{"id":"d662a774-2be6-4eb9-b730-3fbda44d153c","email":"jack.thompson@me.com","message":"successfully processed after 3744 milliseconds."},{"id":"14628f54-80de-4e0d-89d4-59e6d1a8aa4c","email":"chloe.garcia@dropbox.net","message":"failed to process due to network exception."},{"id":"af68c8e4-7451-4d59-b2ec-ccfd53f09a30","email":"sarah.green@amerisave.com","message":"successfully processed after 1064 milliseconds."},{"id":"4f19ea92-9960-4e67-9613-10e92688a8bf","email":"ava.davis@gmail.com","message":"successfully processed after 5841 milliseconds."},{"id":"443b675d-bd5d-4d5e-8697-02ecb917494d","email":"hannah.martin@dropbox.net","message":"failed to process due to network exception."},{"id":"73cf72f1-a35d-453b-81f5-594fe7a55665","email":"andrew.miller@gmail.com","message":"successfully handled skipped operation."},{"id":"2fbfa059-4121-4952-9e60-24165a45a8b2","email":"taylor.adams@gmail.com","message":"successfully handled skipped operation."},{"id":"c2146047-b618-4d88-8e37-f47ed1a22444","email":"ethan.hernandez@microsoft.com","message":"failed to process due to datastore timeout of 30 seconds.  operation took 120 seconds."},{"id":"1906f4f9-7a20-426d-83dd-6af576aa060c","email":"taylor.adams@gmail.com","message":"successfully parsed message, but message temporarily enqueued while system restarts."},{"id":"cae02c06-9964-4fd7-8c40-8714179e5d42","email":"liam.gonzalez@me.com","message":"successfully handled skipped operation."},{"id":"941896da-0140-49d0-aa51-5819d5621234","email":"mason.robinson@amerisave.com","message":"failed to process due to datastore timeout of 30 seconds.  operation took 31 seconds."},{"id":"d90eda43-98e6-4b1c-8402-ad09533d1bf1","email":"liam.gonzalez@me.com","message":"successfully handled skipped operation."},{"id":"870c9072-db06-42c4-8166-cc4ab3eed9f4","email":"madison.lewis@gmail.com","message":"successfully parsed message, but message temporarily enqueued while system restarts."},{"id":"490ea4ef-c93e-4aad-a536-88f2013ea480","email":"elizabeth.martinez@dropbox.net","message":"successfully handled skipped operation."},{"id":"2a338399-36a0-4a7f-8347-9e7367f243bb","email":"michael.hall@dropbox.net","message":"successfully parsed message, but message temporarily enqueued while system restarts."},{"id":"e3eaead5-d7e8-4e30-a3de-63ca0ef34b1d","email":"joshua.lee@gmail.com","message":"successfully parsed message, but message temporarily enqueued while system restarts."},{"id":"9f67d3f1-20b6-4eee-bf8b-8668ab539330","email":"aiden.johnson@microsoft.com","message":"failed to process due to datastore timeout of 30 seconds.  operation took 123 seconds."},{"id":"f2e9d2c2-8ac1-4210-a03e-528e4e280148","email":"ethan.hernandez@microsoft.com","message":"failed to process due to datastore timeout of 30 seconds.  operation took 42 seconds."},{"id":"f49ac332-b03f-4413-8175-a915de6ac7e5","email":"abigail.smith@amerisave.com","message":"successfully processed after 6325 milliseconds."},{"id":"9b7c886d-354d-4cb0-8513-4ce5ed6057d5","email":"liam.gonzalez@me.com","message":"successfully parsed message, but message temporarily enqueued while system restarts."},{"id":"414be0b7-b356-4186-b73f-c1257b445e93","email":"nicholas.allen@microsoft.com","message":"successfully parsed message, but message temporarily enqueued while system restarts."},{"id":"e6d11b58-16af-45d8-9132-bbc17a396392","email":"ryan.king@dropbox.net","message":"successfully handled skipped operation."},{"id":"dc05a037-46f9-43e3-93c2-a470d1445ffb","email":"madison.lewis@gmail.com","message":"successfully processed after 6639 milliseconds."},{"id":"5794121f-c0ad-4d42-bfed-2a5b83c36499","email":"mia.perez@me.com","message":"successfully parsed message, but message temporarily enqueued while system restarts."},{"id":"7af391f6-b82d-4dea-b548-088168884fe2","email":"alexis.brown@microsoft.com","message":"successfully processed after 1537 milliseconds."},{"id":"70ea19ce-097a-4cd2-b52a-c2754965bf92","email":"jackson.white@gmail.com","message":"failed to process due to datastore timeout of 30 seconds.  operation took 114 seconds."},{"id":"26523777-0246-47f8-8909-aa362e5b4fa1","email":"samantha.scott@me.com","message":"successfully parsed message, but message temporarily enqueued while system restarts."},{"id":"5c986be5-6595-4dc8-ad9a-6eed5067418a","email":"daniel.rodriguez@amerisave.com","message":"successfully processed after 8511 milliseconds."},{"id":"77fcc51e-59a6-4db2-8d8f-cef8a48065af","email":"ava.davis@gmail.com","message":"failed to process due to network exception."},{"id":"71ed117b-40d1-4878-8a73-b5b68b7208aa","email":"ava.davis@gmail.com","message":"successfully handled skipped operation."},{"id":"079a01bb-144a-4a08-b32c-87142d12dbcd","email":"jacob.lopez@dropbox.net","message":"failed to process due to datastore timeout of 30 seconds.  operation took 35 seconds."},{"id":"f9281caf-28e1-4b1c-8a93-6ffe7fd8119a","email":"mason.robinson@amerisave.com","message":"successfully parsed message, but message temporarily enqueued while system restarts."},{"id":"fbc2d734-3ca7-433a-9dbb-b44fb1921461","email":"samantha.scott@me.com","message":"failed to process due to network exception."},{"id":"5d79d2f9-2d58-462a-b46f-0c00d7e40822","email":"sophia.baker@dropbox.net","message":"failed to process due to datastore timeout of 30 seconds.  operation took 109 seconds."},{"id":"4e7fe4c3-bda3-47d0-bec2-ef2467dd1402","email":"ryan.king@dropbox.net","message":"successfully parsed message, but message temporarily enqueued while system restarts."},{"id":"23dfe372-286f-4e1d-906d-1889fd5e1073","email":"matthew.walker@amerisave.com","message":"successfully parsed message, but message temporarily enqueued while system restarts."},{"id":"e12904e7-2a5e-4ce2-a437-a754b4f50dac","email":"ava.davis@gmail.com","message":"failed to process due to network exception."},{"id":"aa83a4d4-2505-4b33-aac2-ff7dc07bf15c","email":"nicholas.allen@microsoft.com","message":"successfully parsed message, but message temporarily enqueued while system restarts."},{"id":"1ac75ddd-d3aa-4f36-b3d8-f2a157ad302f","email":"lily.harris@gmail.com","message":"failed to process due to datastore timeout of 30 seconds.  operation took 119 seconds."},{"id":"97127b47-20d6-4d76-a18f-d7fa5cf6c4bb","email":"mia.perez@me.com","message":"successfully processed after 5745 milliseconds."},{"id":"eb538e09-1b35-4a78-943c-1292edf37a72","email":"emily.taylor@gmail.com","message":"successfully handled skipped operation."},{"id":"249f913f-a499-4e2a-b8cf-61e46676a674","email":"alexander.williams@gmail.com","message":"successfully handled skipped operation."},{"id":"bb0255f1-b2a1-4d92-af7e-59861367cd3a","email":"michael.hall@dropbox.net","message":"successfully processed after 9391 milliseconds."},{"id":"ae07d1f2-4c09-4800-8719-3272c575ed26","email":"mason.robinson@amerisave.com","message":"failed to process due to network exception."},{"id":"3a4a3492-99e0-485e-8414-c85b0eb66c42","email":"grace.moore@gmail.com","message":"successfully handled skipped operation."},{"id":"3456c4df-4fb3-4b65-b120-28a78e83b693","email":"joshua.lee@gmail.com","message":"failed to process due to datastore timeout of 30 seconds.  operation took 85 seconds."}],"id":"aa33d2ae-8d10-4ace-a755-7e2ab389bb94"}