{"logs":[{"id":"b369ec01-743c-4f96-ac90-63b2d7a7572e","email":"emily.taylor@gmail.com","message":"successfully parsed message, but message temporarily enqueued while system restarts."},{"id":"32e44d35-6783-42b1-91c8-677f445e5642","email":"lily.harris@gmail.com","message":"successfully processed after 8462 milliseconds."},{"id":"11810522-d1dd-41d5-8c00-b2a71ea811d1","email":"nathan.young@microsoft.com","message":"successfully handled skipped operation."},{"id":"65580213-cbcb-4e90-b82a-5fc6b50d1077","email":"abigail.smith@amerisave.com","message":"failed to process due to datastore timeout of 30 seconds.  operation took 44 seconds."},{"id":"5000a3ea-517a-4601-8e66-b7d8935d160a","email":"alexis.brown@microsoft.com","message":"failed to process due to network exception."},{"id":"1d488550-e334-4680-bd5b-5b1d3085e6a9","email":"alexis.brown@microsoft.com","message":"successfully parsed message, but message temporarily enqueued while system restarts."},{"id":"68563110-2ebb-48ea-be11-74c4328d0059","email":"chloe.garcia@dropbox.net","message":"successfully parsed message, but message temporarily enqueued while system restarts."},{"id":"68eb593d-811f-4428-8781-1e2db4327223","email":"alexis.brown@microsoft.com","message":"failed to process due to datastore timeout of 30 seconds.  operation took 102 seconds."},{"id":"a40f2740-99ae-4e28-ad0c-a852043141ab","email":"samantha.scott@me.com","message":"failed to process due to datastore timeout of 30 seconds.  operation took 100 seconds."},{"id":"fbf305d8-3b3e-43d2-ae49-a2eefec59189","email":"mia.perez@me.com","message":"successfully handled skipped operation."},{"id":"a348c23c-f72a-48fe-b101-3a6ee1b3b8b1","email":"madison.lewis@gmail.com","message":"successfully handled skipped operation."},{"id":"e39601a4-90d8-44fc-aff9-f90b5fb36f60","email":"lily.harris@gmail.com","message":"successfully processed after 23 milliseconds."},{"id":"c5bf9aa6-18a8-4ea5-b764-e3d94b60ef7f","email":"dylan.wilson@gmail.com","message":"successfully parsed message, but message temporarily enqueued while system restarts."},{"id":"044d19fb-65d7-4716-9157-716bf4f172e6","email":"hannah.martin@dropbox.net","message":"successfully parsed message, but message temporarily enqueued while system restarts."},{"id":"2763f943-f309-4488-9dc7-bec9170fcade","email":"hannah.martin@dropbox.net","message":"failed to process due to datastore timeout of 30 seconds.  operation took 47 seconds."},{"id":"4dfe8e2a-3a49-4d48-9dfd-f8d2ae2b698b","email":"madison.lewis@gmail.com","message":"successfully parsed message, but message temporarily enqueued while system restarts."},{"id":"818d9c34-1497-406f-9b42-e5f42e3ed291","email":"emma.thomas@me.com","message":"failed to process due to datastore timeout of 30 seconds.  operation took 88 seconds."},{"id":"f2753121-108a-42c7-a6db-bc0356b6bd2e","email":"grace.moore@gmail.com","message":"failed to process due to datastore timeout of 30 seconds.  operation took 124 seconds."},{"id":"555e74f2-1fe1-43cc-8def-ec6801c8b4f1","email":"alyssa.jones@amerisave.com","message":"successfully parsed message, but message temporarily enqueued while system restarts."},{"id":"76a73f3b-8bdd-4e1e-847b-d64f8153ae17","email":"nathan.young@microsoft.com","message":"failed to process due to network exception."},{"id":"3de3aa92-359a-4b66-9322-fbceaa0528dc","email":"samantha.scott@me.com","message":"successfully parsed message, but message temporarily enqueued while system restarts."},{"id":"993f03bc-956c-48c2-abd2-68d81b8eea99","email":"mia.perez@me.com","message":"failed to process due to network exception."},{"id":"ee5cbdba-3a5a-4aad-b9d0-91e622a25da1","email":"noah.sanchez@me.com","message":"successfully handled skipped operation."},{"id":"e1cbad44-e837-4b29-9b33-062fb7d01d9e","email":"emily.taylor@gmail.com","message":"successfully processed after 6207 milliseconds."},{"id":"370777ca-0bc4-4270-bfc9-882a12c5bc4c","email":"joshua.lee@gmail.com","message":"successfully handled skipped operation."},{"id":"df59e968-f743-4eb5-83ab-cd23df755f71","email":"hannah.martin@dropbox.net","message":"failed to process due to network exception."},{"id":"448149e8-81da-4225-aac2-4235ed5011a4","email":"dylan.wilson@gmail.com","message":"successfully handled skipped operation."},{"id":"3e39f73c-adaf-4c79-a64f-fdfa692869a6","email":"samantha.scott@me.com","message":"failed to process due to network exception."},{"id":"2b9ab9d1-3430-4ff3-965a-0ede3c519656","email":"ethan.hernandez@microsoft.com","message":"successfully processed after 2775 milliseconds."},{"id":"c8f9ac2e-b146-4577-922f-0c2c374e0a40","email":"olivia.wright@gmail.com","message":"failed to process due to datastore timeout of 30 seconds.  operation took 48 seconds."},{"id":"ff829344-a8e1-4df4-95f9-21919885f00c","email":"noah.sanchez@me.com","message":"successfully handled skipped operation."},{"id":"8b6381dc-ab09-48be-a6b4-bef499781a32","email":"jacob.lopez@dropbox.net","message":"failed to process due to network exception."},{"id":"a8a12caa-e35c-483e-95e0-025ca468a6de","email":"dylan.wilson@gmail.com","message":"successfully parsed message, but message temporarily enqueued while system restarts."},{"id":"e2534537-345a-462e-a087-80a426859158","email":"jack.thompson@me.com","message":"successfully parsed message, but message temporarily enqueued while system restarts."},{"id":"13a42423-1a6c-449f-8254-32779143ec7c","email":"sarah.green@amerisave.com","message":"failed to process due to datastore timeout of 30 seconds.  operation took 31 seconds."},{"id":"652557a8-f48c-4a8b-a1fa-f1ae043dc7e8","email":"jack.thompson@me.com","message":"successfully processed after 9694 milliseconds."},{"id":"0a331dde-5249-4841-82eb-2f051cc704af","email":"alexis.brown@microsoft.com","message":"successfully handled skipped operation."},{"id":"b32d4309-3b33-4863-8f72-015af3a9b14c","email":"elizabeth.martinez@dropbox.net","message":"successfully parsed message, but message temporarily enqueued while system restarts."},{"id":"b533987b-6736-4644-856b-b79f480b8cac","email":"lily.harris@gmail.com","message":"failed to process due to datastore timeout of 30 seconds.  operation took 97 seconds."},{"id":"73765d17-f2b0-4cb5-bfb6-c5bc7d85c404","email":"andrew.miller@gmail.com","message":"successfully processed after 7580 milliseconds."},{"id":"e5d707b4-b83d-4138-ab64-232ede05cccb","email":"aiden.johnson@microsoft.com","message":"successfully parsed message, but message temporarily enqueued while system restarts."},{"id":"1a6a82a7-ec5a-49a5-b455-f3b9a943fc45","email":"lily.harris@gmail.com","message":"failed to process due to datastore timeout of 30 seconds.  operation took 103 seconds."},{"id":"54e6cf98-fd9d-479b-ba48-74c27bba50fd","email":"jacob.lopez@dropbox.net","message":"failed to process due to network exception."},{"id":"74be599d-7f44-41e5-9e6f-3f79066f13b4","email":"lily.harris@gmail.com","message":"successfully processed after 7056 milliseconds."},{"id":"5ffbc2a1-5ef2-4efb-87de-b205d167f927","email":"logan.clark@dropbox.net","message":"successfully parsed message, but message temporarily enqueued while system restarts."},{"id":"beaf6ee2-9458-40a7-92b9-cfb618e8fe26","email":"jack.thompson@me.com","message":"failed to process due to datastore timeout of 30 seconds.  operation took 86 seconds."},{"id":"70f3f931-e513-46d8-8f31-0d65df593f08","email":"joshua.lee@gmail.com","message":"successfully processed after 2662 milliseconds."},{"id":"5f68649f-5712-4786-a9b9-e43e6dcd820a","email":"dylan.wilson@gmail.com","message":"failed to process due to network exception."},{"id":"326c4baf-9619-4820-b1ab-88056de919f8","email":"grace.moore@gmail.com","message":"failed to process due to datastore timeout of 30 seconds.  operation took 45 seconds."},{"id":"c3c80a37-90b5-420e-becc-250aedcfd170","email":"ryan.king@dropbox.net","message":"successfully processed after 4243 milliseconds."},{"id":"6530a788-a6a2-4715-9b90-845b05f61fcf","email":"alexander.williams@gmail.com","message":"successfully processed after 1397 milliseconds."},{"id":"1ae12514-d130-4eb1-9636-10d01fff9f85","email":"ella.anderson@dropbox.net","message":"failed to process due to datastore timeout of 30 seconds.  operation took 119 seconds."},{"id":"6e724f87-3f8c-4e29-89ac-a67ecd6d759d","email":"michael.hall@dropbox.net","message":"failed to process due to datastore timeout of 30 seconds.  operation took 129 seconds."},{"id":"70d7074e-7306-40a5-bd76-17c4ec61c2cd","email":"abigail.smith@amerisave.com","message":"failed to process due to network exception."},{"id":"7a2aac50-d939-40d7-a48d-22eec36c2d60","email":"nicholas.allen@microsoft.com","message":"successfully handled skipped operation."},{"id":"bb5e3e65-71e1-4064-b0c8-c9b4cb9528e0","email":"emily.taylor@gmail.com","message":"successfully handled skipped operation."},{"id":"b1e103c9-1dab-463c-8b24-feed8222c30b","email":"abigail.smith@amerisave.com","message":"failed to process due to datastore timeout of 30 seconds.  operation took 94 seconds."},{"id":"3500733f-cd7a-4b13-a625-29df31705e96","email":"dylan.wilson@gmail.com","message":"successfully processed after 5235 milliseconds."},{"id":"7a5947d3-66e7-40f7-8fb7-2d0e0ce60292","email":"chloe.garcia@dropbox.net","message":"successfully handled skipped operation."},{"id":"dc11eee9-89cf-443e-a1ac-368ff0b49d29","email":"daniel.rodriguez@amerisave.com","message":"successfully parsed message, but message temporarily enqueued while system restarts."},{"id":"2a7fc933-daf3-41fc-b7f2-d0ee0e48e52d","email":"jack.thompson@me.com","message":"successfully processed after 45 milliseconds."},{"id":"58396af0-b19c-419a-93f2-a34263521a74","email":"abigail.smith@amerisave.com","message":"failed to process due to datastore timeout of 30 seconds.  operation took 50 seconds."},{"id":"7788623a-5909-4a38-8c8a-34c8efef7a03","email":"daniel.rodriguez@amerisave.com","message":"successfully handled skipped operation."},{"id":"bbfef5a9-b376-41a7-a6e4-0d7b3243012c","email":"nicholas.allen@microsoft.com","message":"successfully handled skipped operation."},{"id":"334a76d3-dac8-43b8-8f65-66e435984327","email":"jackson.white@gmail.com","message":"failed to process due to datastore timeout of 30 seconds.  operation took 50 seconds."},{"id":"ada2194f-9e89-49b5-9c05-f95bbdcad445","email":"matthew.walker@amerisave.com","message":"failed to process due to datastore timeout of 30 seconds.  operation took 82 seconds."},{"id":"c31debad-9940-4c68-93e3-99392ffc0861","email":"taylor.adams@gmail.com","message":"successfully handled skipped operation."},{"id":"d4d03132-d64f-4250-ba7c-922971a40dc1","email":"liam.gonzalez@me.com","message":"successfully handled skipped operation."},{"id":"e2298035-3e9e-407e-9675-16cadec81ad4","email":"emily.taylor@gmail.com","message":"failed to process due to datastore timeout of 30 seconds.  operation took 69 seconds."},{"id":"679d1d7c-6876-4682-82fa-693a67679612","email":"nicholas.allen@microsoft.com","message":"successfully handled skipped operation."},{"id":"f34a22c5-d7dd-42e1-84d0-d5bf8250cda0","email":"alexander.williams@gmail.com","message":"successfully processed after 4183 milliseconds."},{"id":"5c9b4933-af16-4325-a8c0-8e15da1d4d9c","email":"sarah.green@amerisave.com","message":"successfully processed after 4673 milliseconds."},{"id":"5b17c6e8-8360-48cc-9daf-6c2afc1e0991","email":"olivia.wright@gmail.com","message":"successfully parsed message, but message temporarily enqueued while system restarts."},{"id":"6dce20c7-7bc1-46bb-9f8a-a91c4895fe71","email":"samantha.scott@me.com","message":"successfully processed after 7690 milliseconds."},{"id":"d31996d4-642b-40c7-bbc4-21787de223ef","email":"alexis.brown@microsoft.com","message":"failed to process due to datastore timeout of 30 seconds.  operation took 68 seconds."},{"id":"675609de-e347-42c2-a6ae-b9a471aac817","email":"sophia.baker@dropbox.net","message":"successfully parsed message, but message temporarily enqueued while system restarts."},{"id":"aa48c256-7729-493d-9dd9-3c7a27ca8b96","email":"nicholas.allen@microsoft.com","message":"successfully handled skipped operation."},{"id":"e5021db0-7d05-48fe-a881-45f91014abf9","email":"michael.hall@dropbox.net","message":"failed to process due to network exception."},{"id":"90b13d67-ab08-424b-8b1f-b8b0ef89b989","email":"logan.clark@dropbox.net","message":"failed to process due to network exception."},{"id":"f78f9a00-334e-430a-8e20-55fee1fd04a7","email":"nicholas.allen@microsoft.com","message":"successfully handled skipped operation."},{"id":"42d0ed82-dfae-42a4-b879-9b1f0ea26dd4","email":"nicholas.allen@microsoft.com","message":"successfully parsed message, but message temporarily enqueued while system restarts."},{"id":"8e372e78-4a42-48ac-bbfc-b40e564f598e","email":"noah.sanchez@me.com","message":"successfully parsed message, but message temporarily enqueued while system restarts."},{"id":"ab966a12-480d-44b2-a6cf-7dd46da28241","email":"sophia.baker@dropbox.net","message":"failed to process due to datastore timeout of 30 seconds.  operation took 128 seconds."},{"id":"7144b3d8-ec67-4846-884b-eb6fe46c6df7","email":"ryan.king@dropbox.net","message":"successfully parsed message, but message temporarily enqueued while system restarts."},{"id":"3b379e81-45d2-4698-8437-ae0f6164b899","email":"daniel.rodriguez@amerisave.com","message":"successfully handled skipped operation."},{"id":"a385dba5-bb51-4830-9a40-20a0493a5ba8","email":"olivia.wright@gmail.com","message":"successfully handled skipped operation."},{"id":"fd462612-3eca-438b-8397-f66b461c06ee","email":"aiden.johnson@microsoft.com","message":"successfully handled skipped operation."},{"id":"9e52784c-e04c-4db9-91af-07155adbe00c","email":"matthew.walker@amerisave.com","message":"failed to process due to network exception."},{"id":"37d348e8-1d49-446a-b610-51c908a7d1c0","email":"alyssa.jones@amerisave.com","message":"successfully processed after 5019 milliseconds."},{"id":"1cf1ead0-4780-4d12-8013-c85626ee8da4","email":"hannah.martin@dropbox.net","message":"failed to process due to network exception."},{"id":"1f710096-9f47-493c-8156-f89bd1b9e91f","email":"andrew.miller@gmail.com","message":"failed to process due to network exception."},{"id":"5aa42fa3-d156-4f90-a682-6acf300215bb","email":"hannah.martin@dropbox.net","message":"successfully processed after 1605 milliseconds."},{"id":"664265a1-24a2-4654-a473-87b5f7257e6b","email":"taylor.adams@gmail.com","message":"failed to process due to datastore timeout of 30 seconds.  operation took 96 seconds."},{"id":"f97841e4-06c5-403e-95b3-a6ad4ebfffaa","email":"dylan.wilson@gmail.com","message":"failed to process due to network exception."},{"id":"99a6ba9c-fb13-449c-9249-2a2140877eab","email":"logan.clark@dropbox.net","message":"failed to process due to network exception."},{"id":"52cbea58-a478-40a6-8a56-12a793e4a9f5","email":"jackson.white@gmail.com","message":"successfully handled skipped operation."},{"id":"3b58995d-de06-417e-bd9f-e967b1373610","email":"mason.robinson@amerisave.com","message":"successfully processed after 9896 milliseconds."},{"id":"9dc25674-7dc2-4f5f-a486-d32e16ba6fcb","email":"lily.harris@gmail.com","message":"successfully processed after 1884 milliseconds."},{"id":"1211606e-621c-4bc6-9099-92eab08b3fea","email":"michael.hall@dropbox.net","message":"failed to process due to network exception."},{"id":"0b11a46d-6a00-45bd-b1a6-d54e116c37b2","email":"taylor.adams@gmail.com","message":"successfully processed after 983 milliseconds."},{"id":"73a0fca4-2c1f-493d-9c1c-b5c86acbac18","email":"jack.thompson@me.com","message":"failed to process due to datastore timeout of 30 seconds.  operation took 112 seconds."},{"id":"3464eb66-24a3-450d-a4f0-bbfaf43004d1","email":"noah.sanchez@me.com","message":"successfully parsed message, but message temporarily enqueued while system restarts."},{"id":"0b4fd4e5-2c20-4f2f-b9a3-357d1e77c76e","email":"emily.taylor@gmail.com","message":"failed to process due to network exception."},{"id":"b29c80fa-582a-40b6-9d0d-5189b68deaef","email":"liam.gonzalez@me.com","message":"successfully parsed message, but message temporarily enqueued while system restarts."},{"id":"60113e2c-fb64-4082-8571-fa6c97233cb5","email":"alyssa.jones@amerisave.com","message":"failed to process due to datastore timeout of 30 seconds.  operation took 37 seconds."},{"id":"f9c56698-45ef-48bd-bbbe-e65c7a78337e","email":"liam.gonzalez@me.com","message":"failed to process due to datastore timeout of 30 seconds.  operation took 46 seconds."},{"id":"12594d1f-6249-4648-be3a-8a19b8e9eb81","email":"dylan.wilson@gmail.com","message":"successfully parsed message, but message temporarily enqueued while system restarts."},{"id":"a7c5d3a1-96c7-41cb-af0d-087417553eba","email":"madison.lewis@gmail.com","message":"successfully handled skipped operation."},{"id":"4d0f7115-5ec1-4edb-a36a-31a8e86dcaba","email":"alexis.brown@microsoft.com","message":"successfully parsed message, but message temporarily enqueued while system restarts."},{"id":"5ccec82a-606f-4d35-a7c7-e04449775974","email":"samantha.scott@me.com","message":"failed to process due to datastore timeout of 30 seconds.  operation took 87 seconds."},{"id":"cf454b22-2cfb-4956-9243-8427760883d2","email":"chloe.garcia@dropbox.net","message":"successfully processed after 8845 milliseconds."},{"id":"aa758842-6fe4-4dc5-b85d-e3bd0bdf2016","email":"matthew.walker@amerisave.com","message":"failed to process due to datastore timeout of 30 seconds.  operation took 76 seconds."},{"id":"9757673c-9e2c-4577-9fde-8504b8d221c8","email":"ava.davis@gmail.com","message":"successfully handled skipped operation."},{"id":"f1e50571-a3b3-4332-8213-e9dd31ba8533","email":"taylor.adams@gmail.com","message":"successfully parsed message, but message temporarily enqueued while system restarts."},{"id":"c2d841dd-9374-4c3a-bb5f-20b881214496","email":"nicholas.allen@microsoft.com","message":"successfully parsed message, but message temporarily enqueued while system restarts."},{"id":"a09ccdcc-38cf-4561-bda0-86b2da7d0392","email":"abigail.smith@amerisave.com","message":"failed to process due to datastore timeout of 30 seconds.  operation took 103 seconds."},{"id":"2d264228-2679-4e5a-b1b0-4331343e22b2","email":"sophia.baker@dropbox.net","message":"failed to process due to datastore timeout of 30 seconds.  operation took 127 seconds."},{"id":"fe51fc7e-e3bd-40f5-9e98-298df3c66ced","email":"sophia.baker@dropbox.net","message":"failed to process due to network exception."},{"id":"5a194b6d-a859-4340-9d8b-104be203c8d7","email":"abigail.smith@amerisave.com","message":"successfully handled skipped operation."},{"id":"0fb8ed9c-8fc9-41ed-b5b3-11f03d9e0c33","email":"emily.taylor@gmail.com","message":"successfully handled skipped operation."},{"id":"b02e9f13-dd76-4b65-a977-d6338eda8bb8","email":"jacob.lopez@dropbox.net","message":"successfully parsed message, but message temporarily enqueued while system restarts."},{"id":"4a5bcf82-08c2-4bdb-8778-d716e3344532","email":"alexander.williams@gmail.com","message":"successfully parsed message, but message temporarily enqueued while system restarts."},{"id":"22b5db98-e44d-4bd8-9ab8-d2cd9658c8bc","email":"daniel.rodriguez@amerisave.com","message":"successfully parsed message, but message temporarily enqueued while system restarts."},{"id":"aa1cc7bb-883d-4e84-bfde-a0669cee40ce","email":"nicholas.allen@microsoft.com","message":"failed to process due to network exception."},{"id":"9b041157-6254-497b-b0e1-e684125211e6","email":"taylor.adams@gmail.com","message":"successfully processed after 5258 milliseconds."},{"id":"68e8d88a-f336-48de-b94b-1500d1e3db8b","email":"grace.moore@gmail.com","message":"failed to process due to datastore timeout of 30 seconds.  operation took 71 seconds."},{"id":"ffd50e76-53a9-4877-b38e-a21ceef58ea2","email":"ethan.hernandez@microsoft.com","message":"failed to process due to datastore timeout of 30 seconds.  operation took 44 seconds."},{"id":"8072cac0-7ba7-45af-bc61-9d40c878d228","email":"alyssa.jones@amerisave.com","message":"successfully processed after 3163 milliseconds."},{"id":"2b91e631-1b0f-44df-8aeb-c25eb962cc22","email":"taylor.adams@gmail.com","message":"successfully processed after 9614 milliseconds."},{"id":"d3dffff0-f024-4be1-b029-ea2e344ec812","email":"andrew.miller@gmail.com","message":"successfully handled skipped operation."},{"id":"a6b88b46-4e95-4fd5-83a4-3dc932694324","email":"hannah.martin@dropbox.net","message":"successfully processed after 8716 milliseconds."},{"id":"646d86b4-706d-4e55-8308-308dbf1409bd","email":"daniel.rodriguez@amerisave.com","message":"successfully processed after 5885 milliseconds."},{"id":"01f969a5-9b73-46bd-aa0f-8e7fc2b15c58","email":"ava.davis@gmail.com","message":"successfully handled skipped operation."},{"id":"cf35f046-73a4-4672-8f4d-bf049e78737b","email":"chloe.garcia@dropbox.net","message":"failed to process due to datastore timeout of 30 seconds.  operation took 108 seconds."},{"id":"448e493a-87dd-437f-9cf4-a7693d1e5fd6","email":"alexander.williams@gmail.com","message":"successfully handled skipped operation."},{"id":"75319e52-000b-4214-b5c5-f117fe0b7054","email":"isabella.jackson@amerisave.com","message":"failed to process due to network exception."},{"id":"33c067e7-2907-4431-af8f-f726d2075b08","email":"dylan.wilson@gmail.com","message":"failed to process due to network exception."},{"id":"dfa66ccb-7ead-462b-9703-060fc0ead213","email":"alexander.williams@gmail.com","message":"successfully handled skipped operation."},{"id":"555f3d3d-56c2-49c8-9d33-27f045f2ab06","email":"alexis.brown@microsoft.com","message":"failed to process due to network exception."},{"id":"7bd6d7be-fa2e-4788-bff0-5f2418c14e6b","email":"nicholas.allen@microsoft.com","message":"failed to process due to network exception."},{"id":"343692a5-a977-401d-ad47-fb4dc6f399df","email":"isabella.jackson@amerisave.com","message":"failed to process due to network exception."},{"id":"875e9951-a732-4266-a0cd-13ac71eb49f1","email":"noah.sanchez@me.com","message":"successfully parsed message, but message temporarily enqueued while system restarts."},{"id":"058bfcbc-a8cd-4eb9-9132-df2f5055b2a8","email":"andrew.miller@gmail.com","message":"successfully parsed message, but message temporarily enqueued while system restarts."},{"id":"04e2f2ad-61f0-4de3-a595-02096dd3886c","email":"jacob.lopez@dropbox.net","message":"successfully parsed message, but message temporarily enqueued while system restarts."},{"id":"6fb3d653-545d-4555-845a-bc3aa9bdf8d6","email":"isabella.jackson@amerisave.com","message":"successfully handled skipped operation."},{"id":"a229d4b7-f361-400b-8b9a-551fc6c08bab","email":"dylan.wilson@gmail.com","message":"successfully handled skipped operation."},{"id":"206046df-96df-4a08-944b-0456c19db876","email":"isabella.jackson@amerisave.com","message":"failed to process due to network exception."},{"id":"cfafdc04-355f-41de-99e3-085ab5d27d36","email":"abigail.smith@amerisave.com","message":"failed to process due to datastore timeout of 30 seconds.  operation took 60 seconds."},{"id":"20a2f6f9-7778-483d-b115-479e8df9d52e","email":"jack.thompson@me.com","message":"failed to process due to network exception."},{"id":"928367d1-3960-4cb5-a04c-d2a41866b145","email":"noah.sanchez@me.com","message":"failed to process due to network exception."},{"id":"5617f660-d376-4e43-bbed-f3e6434e0472","email":"grace.moore@gmail.com","message":"successfully processed after 5898 milliseconds."},{"id":"38533b5b-9878-4bd7-a6a8-b965b401d661","email":"mason.robinson@amerisave.com","message":"failed to process due to network exception."},{"id":"31cfa977-730c-4aaf-bc22-1704afe4139d","email":"emily.taylor@gmail.com","message":"failed to process due to datastore timeout of 30 seconds.  operation took 46 seconds."},{"id":"06481d4a-09da-4d4b-9efd-d816cb46ae94","email":"alyssa.jones@amerisave.com","message":"failed to process due to datastore timeout of 30 seconds.  operation took 113 seconds."},{"id":"ec681b05-93fc-4e5e-a111-ab6ae2d3ec23","email":"olivia.wright@gmail.com","message":"successfully parsed message, but message temporarily enqueued while system restarts."},{"id":"90f58906-d242-4bc1-9ca0-4b6a3c8d8e2e","email":"matthew.walker@amerisave.com","message":"failed to process due to network exception."},{"id":"dd6bf33b-97e2-48bd-9dd4-e4ceb0ca26a5","email":"noah.sanchez@me.com","message":"successfully processed after 8978 milliseconds."},{"id":"feb21cc9-ff27-4ce9-95e2-42aed36c4939","email":"olivia.wright@gmail.com","message":"failed to process due to network exception."},{"id":"fb7a04f2-fc9d-489c-ab86-b8b8bdfe8905","email":"jackson.white@gmail.com","message":"failed to process due to datastore timeout of 30 seconds.  operation took 127 seconds."},{"id":"ecaf3dc5-6b7c-4294-8ac2-816e7ec32c90","email":"madison.lewis@gmail.com","message":"failed to process due to datastore timeout of 30 seconds.  operation took 53 seconds."},{"id":"f9552038-b652-4e6d-8fd9-2565e5347d3d","email":"alyssa.jones@amerisave.com","message":"successfully handled skipped operation."},{"id":"50df519a-39df-44f0-83ae-a4ca2426a2f8","email":"taylor.adams@gmail.com","message":"successfully parsed message, but message temporarily enqueued while system restarts."},{"id":"0afcf834-7882-4e4a-82ad-7ad6ef280770","email":"alexis.brown@microsoft.com","message":"failed to process due to network exception."},{"id":"c37ee6d6-c0bc-4a1b-b4e0-0a8b856fe101","email":"jacob.lopez@dropbox.net","message":"successfully handled skipped operation."},{"id":"d2925a15-f81e-4795-ac38-775d5af0ff97","email":"daniel.rodriguez@amerisave.com","message":"successfully handled skipped operation."},{"id":"94943b90-3529-4e77-8c25-40cb20889167","email":"lily.harris@gmail.com","message":"successfully parsed message, but message temporarily enqueued while system restarts."},{"id":"079fac16-63a7-450f-a268-03b74681c79f","email":"taylor.adams@gmail.com","message":"successfully handled skipped operation."},{"id":"dc2a43b5-1676-44e8-80d7-872212182a84","email":"samantha.scott@me.com","message":"successfully handled skipped operation."},{"id":"a5553fc4-5919-4351-9d84-a8f08871b374","email":"ella.anderson@dropbox.net","message":"successfully handled skipped operation."},{"id":"b50e195b-249d-49f9-aea9-d6496710a8d3","email":"mia.perez@me.com","message":"successfully handled skipped operation."},{"id":"2fd73a3b-ea05-4de8-8063-c45698229b30","email":"ryan.king@dropbox.net","message":"failed to process due to datastore timeout of 30 seconds.  operation took 74 seconds."},{"id":"113edc8f-2ba6-47a5-935a-7c84e01c9230","email":"daniel.rodriguez@amerisave.com","message":"failed to process due to network exception."},{"id":"90a7ba39-2d6c-4198-890d-23248f0442d6","email":"jacob.lopez@dropbox.net","message":"failed to process due to network exception."},{"id":"54811f1f-e713-4dfb-8415-37cf5c7e9011","email":"tyler.nelson@microsoft.com","message":"successfully processed after 2887 milliseconds."},{"id":"9e1e0faf-8a8c-471a-93f5-7f93c4001c91","email":"ella.anderson@dropbox.net","message":"failed to process due to network exception."},{"id":"656422a3-bf59-4931-93c7-f2efe91b6043","email":"olivia.wright@gmail.com","message":"successfully parsed message, but message temporarily enqueued while system restarts."},{"id":"930cad20-4cee-4b9d-8bdf-4b50308e4d38","email":"grace.moore@gmail.com","message":"failed to process due to datastore timeout of 30 seconds.  operation took 106 seconds."},{"id":"7b500e7b-aac8-4db6-a8ec-2d8f9a80e04a","email":"abigail.smith@amerisave.com","message":"successfully parsed message, but message temporarily enqueued while system restarts."},{"id":"2a90d9a8-fe4b-41de-a321-78d93fd74e49","email":"michael.hall@dropbox.net","message":"successfully processed after 8177 milliseconds."},{"id":"aca87a0a-5f7d-4181-ae53-9dfa61699287","email":"sophia.baker@dropbox.net","message":"successfully parsed message, but message temporarily enqueued while system restarts."},{"id":"2e6f1938-cf4f-4a46-a851-f795cee103be","email":"ryan.king@dropbox.net","message":"successfully parsed message, but message temporarily enqueued while system restarts."},{"id":"c22966f4-c5e4-44bd-96bd-a266ccf94b88","email":"hannah.martin@dropbox.net","message":"successfully processed after 6685 milliseconds."},{"id":"8b756fa8-b4e6-4cfb-adb7-a6b139ffab44","email":"jackson.white@gmail.com","message":"successfully parsed message, but message temporarily enqueued while system restarts."},{"id":"d092142a-c5df-4f72-b21b-9c777277ee78","email":"dylan.wilson@gmail.com","message":"failed to process due to network exception."},{"id":"78038f86-9981-4c0c-9330-f28aa6cb9e30","email":"joshua.lee@gmail.com","message":"successfully parsed message, but message temporarily enqueued while system restarts."},{"id":"2cde26a6-0a11-45f6-b66e-a6291cedeb76","email":"olivia.wright@gmail.com","message":"successfully handled skipped operation."},{"id":"d5c72f1d-ee81-4735-9464-4a3d9aaa6710","email":"taylor.adams@gmail.com","message":"successfully parsed message, but message temporarily enqueued while system restarts."},{"id":"cde87e36-a467-4eed-b86f-333445f04c24","email":"elizabeth.martinez@dropbox.net","message":"successfully handled skipped operation."},{"id":"81436a45-8318-439a-86bb-20c101680852","email":"olivia.wright@gmail.com","message":"successfully parsed message, but message temporarily enqueued while system restarts."},{"id":"3f3b3ed8-6d7d-4093-9bb7-933dee195521","email":"tyler.nelson@microsoft.com","message":"failed to process due to datastore timeout of 30 seconds.  operation took 76 seconds."},{"id":"336d9a92-a4ca-448b-8ae2-5023e95d9f28","email":"isabella.jackson@amerisave.com","message":"successfully parsed message, but message temporarily enqueued while system restarts."},{"id":"6472b1c3-578a-470b-aef7-033c6071a555","email":"olivia.wright@gmail.com","message":"successfully processed after 4164 milliseconds."},{"id":"ed3927a4-53ae-4904-a26e-eab46cf22534","email":"tyler.nelson@microsoft.com","message":"failed to process due to datastore timeout of 30 seconds.  operation took 62 seconds."},{"id":"f36a6c66-9f1c-4949-b649-f32b98bb30f9","email":"isabella.jackson@amerisave.com","message":"failed to process due to datastore timeout of 30 seconds.  operation took 55 seconds."},{"id":"e4b6fcf9-8919-4bba-a2c3-83d6ae82d1a2","email":"alexander.williams@gmail.com","message":"failed to process due to datastore timeout of 30 seconds.  operation took 117 seconds."},{"id":"060b4521-2aed-4296-bdab-63b5af5f8e1a","email":"ava.davis@gmail.com","message":"failed to process due to network exception."},{"id":"3eeee77f-cc69-4c0d-8453-bf9037db47de","email":"sarah.green@amerisave.com","message":"failed to process due to network exception."},{"id":"625b1bb8-ccd5-4564-b6b8-df79820f6b90","email":"dylan.wilson@gmail.com","message":"successfully processed after 4015 milliseconds."},{"id":"d066756b-5e5e-4a7b-a640-7bf2b43b5801","email":"emily.taylor@gmail.com","message":"failed to process due to datastore timeout of 30 seconds.  operation took 32 seconds."},{"id":"6df7654e-f458-424a-a657-da083fb11623","email":"alexander.williams@gmail.com","message":"failed to process due to network exception."},{"id":"d0609489-d36a-4b36-88dc-7f0a971606ad","email":"matthew.walker@amerisave.com","message":"successfully handled skipped operation."},{"id":"c8a7a822-1786-430a-ae54-9b5cd99b6bf6","email":"logan.clark@dropbox.net","message":"successfully processed after 6302 milliseconds."},{"id":"8d4ae46d-89b1-4b2a-9176-dce89c734b4a","email":"ryan.king@dropbox.net","message":"successfully processed after 7748 milliseconds."},{"id":"d2dfc32c-adec-42a1-af9e-2a62368cd719","email":"jackson.white@gmail.com","message":"successfully parsed message, but message temporarily enqueued while system restarts."},{"id":"eaf58e16-6885-4145-9686-0f7f57fac29b","email":"andrew.miller@gmail.com","message":"failed to process due to datastore timeout of 30 seconds.  operation took 72 seconds."},{"id":"53902c37-97ad-46e3-8aa4-013869582a1d","email":"alexander.williams@gmail.com","message":"successfully processed after 2399 milliseconds."},{"id":"77486b39-b1d3-4fd5-a5b5-d6a082a90e77","email":"matthew.walker@amerisave.com","message":"successfully handled skipped operation."},{"id":"eb5bb8e2-8f09-4ae0-b944-8319f0f2fc24","email":"sarah.green@amerisave.com","message":"successfully handled skipped operation."},{"id":"41a1f4ec-5ced-4513-b876-165c9e09ba04","email":"hannah.martin@dropbox.net","message":"failed to process due to network exception."},{"id":"e2b3d702-e160-4b63-b785-1d54e0e4d500","email":"daniel.rodriguez@amerisave.com","message":"failed to process due to network exception."},{"id":"54ddb14d-e1a8-4132-83aa-4fa94ddd7868","email":"lily.harris@gmail.com","message":"failed to process due to datastore timeout of 30 seconds.  operation took 59 seconds."},{"id":"35e8a5f1-9e53-4530-980c-a86f26fa7647","email":"emma.thomas@me.com","message":"successfully processed after 122 milliseconds."},{"id":"a85a5ace-8307-4f11-8dfa-fb15e2c11d8d","email":"alyssa.jones@amerisave.com","message":"failed to process due to network exception."},{"id":"c0e9e8fa-f1dd-410c-98db-b3357f1ca55f","email":"sarah.green@amerisave.com","message":"successfully processed after 9483 milliseconds."},{"id":"1f884074-169b-4bd8-9e1e-952499dd783c","email":"joshua.lee@gmail.com","message":"successfully parsed message, but message temporarily enqueued while system restarts."},{"id":"912e7a2e-c3f0-46cf-a9b6-52c901149c94","email":"emma.thomas@me.com","message":"successfully handled skipped operation."},{"id":"6f64fa8a-7640-41aa-b631-7d029983ce61","email":"sarah.green@amerisave.com","message":"successfully processed after 1880 milliseconds."},{"id":"e9e0188d-2030-45dd-83d7-a0a3f5c91b00","email":"lily.harris@gmail.com","message":"successfully handled skipped operation."},{"id":"ceb0a63b-1d97-45b4-89ca-c209fee300ad","email":"nathan.young@microsoft.com","message":"successfully processed after 63 milliseconds."},{"id":"84b5cbcc-f024-4831-b1df-02bdb57274ef","email":"tyler.nelson@microsoft.com","message":"successfully handled skipped operation."},{"id":"1e45349c-b1f6-4e42-81f5-c787b5b33614","email":"nicholas.allen@microsoft.com","message":"successfully handled skipped operation."},{"id":"75639e34-5082-4a63-9824-ab7ed6cf5f8d","email":"mia.perez@me.com","message":"successfully handled skipped operation."},{"id":"337de114-6325-4263-9dd9-4e247e7bf19b","email":"jackson.white@gmail.com","message":"failed to process due to datastore timeout of 30 seconds.  operation took 119 seconds."},{"id":"56fcf59f-30ca-49de-8470-9d895b7271b2","email":"alyssa.jones@amerisave.com","message":"successfully parsed message, but message temporarily enqueued while system restarts."},{"id":"0ee019bb-c567-4d67-9294-5bd73214f630","email":"alexander.williams@gmail.com","message":"successfully parsed message, but message temporarily enqueued while system restarts."},{"id":"e932416f-51f0-4585-b16e-92e03db78b81","email":"jackson.white@gmail.com","message":"successfully handled skipped operation."},{"id":"ff4ffb64-bb50-49c0-8728-7f4bed1b0888","email":"taylor.adams@gmail.com","message":"failed to process due to network exception."},{"id":"78c4e63e-516c-412a-8f4d-284d12d3b114","email":"jack.thompson@me.com","message":"failed to process due to datastore timeout of 30 seconds.  operation took 81 seconds."},{"id":"0e08e36f-8b36-4162-ad45-7bcb6c3c9aef","email":"ryan.king@dropbox.net","message":"failed to process due to datastore timeout of 30 seconds.  operation took 73 seconds."},{"id":"93746ec4-1ad1-4fad-a535-af45df4601be","email":"olivia.wright@gmail.com","message":"failed to process due to network exception."},{"id":"74878364-4165-4e8d-9194-6a2d0a020c9b","email":"ryan.king@dropbox.net","message":"failed to process due to network exception."},{"id":"0257693f-6eac-4482-afa3-2c319c598265","email":"hannah.martin@dropbox.net","message":"successfully handled skipped operation."},{"id":"378cd620-30ad-4715-a983-eaac1e2555db","email":"liam.gonzalez@me.com","message":"successfully parsed message, but message temporarily enqueued while system restarts."},{"id":"5447df3e-279a-4c33-92d4-134b1b1cf2bf","email":"lily.harris@gmail.com","message":"successfully processed after 6553 milliseconds."},{"id":"48a9d84e-9bdc-4ea6-85a9-4d6e54585cc1","email":"ryan.king@dropbox.net","message":"failed to process due to datastore timeout of 30 seconds.  operation took 87 seconds."},{"id":"184c8888-447d-4f73-8cd9-d2d1f095b0b4","email":"isabella.jackson@amerisave.com","message":"failed to process due to datastore timeout of 30 seconds.  operation took 83 seconds."},{"id":"cd7962ff-87c7-45ca-a6fd-5e8f185e3cb7","email":"hannah.martin@dropbox.net","message":"failed to process due to datastore timeout of 30 seconds.  operation took 41 seconds."},{"id":"005e903f-7b11-4daf-9f3a-5ef3502f6212","email":"nathan.young@microsoft.com","message":"successfully parsed message, but message temporarily enqueued while system restarts."},{"id":"741a1ab8-deaf-4446-918b-103b9ca3e197","email":"tyler.nelson@microsoft.com","message":"successfully handled skipped operation."},{"id":"a0fc7b65-c9fa-4e0a-8ba9-109967011bf3","email":"matthew.walker@amerisave.com","message":"successfully parsed message, but message temporarily enqueued while system restarts."},{"id":"565a5c2d-d8cd-4173-9de0-7ccfcac866d7","email":"daniel.rodriguez@amerisave.com","message":"successfully parsed message, but message temporarily enqueued while system restarts."},{"id":"84677c7e-cfd8-4ba3-9c56-d63e4fe675c6","email":"emily.taylor@gmail.com","message":"successfully parsed message, but message temporarily enqueued while system restarts."},{"id":"bb7987e7-6c0a-4866-b3fb-f31ced92757a","email":"abigail.smith@amerisave.com","message":"failed to process due to network exception."},{"id":"39ca3f87-e3dc-4dec-8829-5e4c3458cb89","email":"nathan.young@microsoft.com","message":"successfully handled skipped operation."},{"id":"30945161-1d2f-471c-96b5-03c98946b32f","email":"nicholas.allen@microsoft.com","message":"successfully handled skipped operation."},{"id":"0ea188ef-9274-4e9d-9355-c05d2e3d9e83","email":"alyssa.jones@amerisave.com","message":"failed to process due to network exception."},{"id":"dccee729-0c4b-4bfe-8ea2-82a67dd920c3","email":"dylan.wilson@gmail.com","message":"failed to process due to datastore timeout of 30 seconds.  operation took 56 seconds."},{"id":"2ff2f7ed-ebc2-4842-ab27-16afb35e2872","email":"ryan.king@dropbox.net","message":"successfully parsed message, but message temporarily enqueued while system restarts."},{"id":"bcdccb38-c8ca-488e-80fd-2d82d1631d81","email":"sophia.baker@dropbox.net","message":"successfully handled skipped operation."},{"id":"c854baa0-531b-487b-8ca0-c86d57cf59f1","email":"andrew.miller@gmail.com","message":"successfully handled skipped operation."},{"id":"37ab7687-d94b-47db-8ff9-842c1d2499cf","email":"alexis.brown@microsoft.com","message":"failed to process due to network exception."},{"id":"91cec19b-d265-417e-8f8c-f8bd5be42872","email":"ryan.king@dropbox.net","message":"successfully processed after 6388 milliseconds."},{"id":"391e0489-6a2e-4b8d-a905-38ce8a5d143b","email":"grace.moore@gmail.com","message":"successfully parsed message, but message temporarily enqueued while system restarts."},{"id":"dd4897e1-2235-4c9e-a114-d43e95551044","email":"lily.harris@gmail.com","message":"successfully handled skipped operation."},{"id":"6ad24123-334a-4d03-80ca-2244dfcd73b2","email":"daniel.rodriguez@amerisave.com","message":"successfully parsed message, but message temporarily enqueued while system restarts."},{"id":"7ee229df-a698-4b4d-806c-65a23ff254c8","email":"elizabeth.martinez@dropbox.net","message":"successfully processed after 5658 milliseconds."},{"id":"6f34790c-af32-4f75-bd77-80b05bf7ad37","email":"taylor.adams@gmail.com","message":"failed to process due to datastore timeout of 30 seconds.  operation took 123 seconds."},{"id":"8325d227-4a23-4649-8dda-362f3d1baac3","email":"ethan.hernandez@microsoft.com","message":"successfully handled skipped operation."},{"id":"8c207fb0-9a48-4774-8a32-8fd7c2ac13fe","email":"mia.perez@me.com","message":"failed to process due to datastore timeout of 30 seconds.  operation took 34 seconds."},{"id":"830da83b-35a3-4066-9d7b-fbd048bd6ab9","email":"alexis.brown@microsoft.com","message":"successfully processed after 9236 milliseconds."},{"id":"4cee5229-b393-44f3-a223-59c8a6f383e3","email":"joshua.lee@gmail.com","message":"failed to process due to network exception."},{"id":"56c16f78-2f2c-4e4b-85fc-e9e1ef790f79","email":"mia.perez@me.com","message":"failed to process due to datastore timeout of 30 seconds.  operation took 66 seconds."},{"id":"c901f8d1-6729-4452-8046-cb70202e400d","email":"emily.taylor@gmail.com","message":"successfully parsed message, but message temporarily enqueued while system restarts."},{"id":"d7827963-244b-4dd2-b0c9-6e6f62987f14","email":"joshua.lee@gmail.com","message":"successfully processed after 398 milliseconds."},{"id":"983edb56-4a09-480a-8c9e-f7e7b0dcc6a3","email":"joshua.lee@gmail.com","message":"successfully parsed message, but message temporarily enqueued while system restarts."},{"id":"c3ab7603-6eec-4561-806a-20f07eb5fec0","email":"dylan.wilson@gmail.com","message":"successfully processed after 8062 milliseconds."},{"id":"fb048b71-5658-4bca-9e4f-4b5504f73786","email":"alexander.williams@gmail.com","message":"failed to process due to datastore timeout of 30 seconds.  operation took 47 seconds."},{"id":"8a8dacec-ff8a-4842-8b31-5eee1419e2b7","email":"ella.anderson@dropbox.net","message":"successfully handled skipped operation."},{"id":"fe14cd75-6b00-4cb9-ae9e-b91ae0f417fe","email":"ella.anderson@dropbox.net","message":"successfully processed after 1345 milliseconds."},{"id":"b20f0d20-8697-4a45-960c-96244087708f","email":"hannah.martin@dropbox.net","message":"successfully parsed message, but message temporarily enqueued while system restarts."},{"id":"e9f24646-02e6-41d8-ac27-43384b20e8fe","email":"mia.perez@me.com","message":"successfully parsed message, but message temporarily enqueued while system restarts."},{"id":"3be72278-43bd-461b-a15d-76da47a718e7","email":"olivia.wright@gmail.com","message":"successfully processed after 2046 milliseconds."},{"id":"e42abce4-90bb-4dd2-b615-d6932386f467","email":"ryan.king@dropbox.net","message":"failed to process due to datastore timeout of 30 seconds.  operation took 38 seconds."},{"id":"eeac2f18-6f3f-4013-a445-001a2cc31df8","email":"tyler.nelson@microsoft.com","message":"failed to process due to datastore timeout of 30 seconds.  operation took 40 seconds."},{"id":"c54cffbb-7f22-4286-80c9-77ddda1666b8","email":"daniel.rodriguez@amerisave.com","message":"successfully processed after 8038 milliseconds."},{"id":"87b726dd-7201-4a5a-8df6-a4d0dc9fe50c","email":"jacob.lopez@dropbox.net","message":"successfully parsed message, but message temporarily enqueued while system restarts."},{"id":"7a8a4dc6-1e0c-4ae3-bda0-e037d39ac03f","email":"madison.lewis@gmail.com","message":"successfully processed after 808 milliseconds."},{"id":"0689bf93-ecda-4a44-abf7-042ff6d290f4","email":"madison.lewis@gmail.com","message":"failed to process due to network exception."},{"id":"6a08d5b1-49f0-4fe7-bd6a-41d570eaa14c","email":"aiden.johnson@microsoft.com","message":"successfully parsed message, but message temporarily enqueued while system restarts."},{"id":"edd775a5-1680-4e43-a9eb-5d6275f02110","email":"abigail.smith@amerisave.com","message":"successfully parsed message, but message temporarily enqueued while system restarts."},{"id":"1bf23594-ad6d-4f93-ae8a-1afb096ecbdf","email":"dylan.wilson@gmail.com","message":"failed to process due to datastore timeout of 30 seconds.  operation took 51 seconds."},{"id":"1a770983-6af0-4ddf-9582-ca182e8824b7","email":"liam.gonzalez@me.com","message":"successfully handled skipped operation."},{"id":"fc6cd543-f02d-45b5-9194-6dd109e4f5c5","email":"elizabeth.martinez@dropbox.net","message":"successfully processed after 4792 milliseconds."},{"id":"8ad014cf-c76b-4e4e-a164-36c24cca2792","email":"ella.anderson@dropbox.net","message":"successfully parsed message, but message temporarily enqueued while system restarts."},{"id":"2eb230ff-8bf5-4705-9665-dc6b02baf9ba","email":"alexander.williams@gmail.com","message":"successfully parsed message, but message temporarily enqueued while system restarts."},{"id":"4916869a-a634-49d8-b112-14870447f03a","email":"daniel.rodriguez@amerisave.com","message":"successfully parsed message, but message temporarily enqueued while system restarts."},{"id":"81a0733b-0f39-423f-9ec3-c4b63b3423c5","email":"mason.robinson@amerisave.com","message":"successfully processed after 241 milliseconds."},{"id":"97f3d67c-0522-47f1-b016-126fa4b72e7b","email":"jackson.white@gmail.com","message":"successfully parsed message, but message temporarily enqueued while system restarts."},{"id":"ea7ad984-9215-4f3b-821f-d508d7ecf2bb","email":"daniel.rodriguez@amerisave.com","message":"successfully processed after 7520 milliseconds."},{"id":"c43460e5-ead3-4a83-b8a1-0f5eaa1686bf","email":"sarah.green@amerisave.com","message":"failed to process due to datastore timeout of 30 seconds.  operation took 104 seconds."},{"id":"41afcbe8-f180-4e6f-ad95-9ce5670e9678","email":"ryan.king@dropbox.net","message":"successfully processed after 3344 milliseconds."},{"id":"8b42abf6-cc92-491c-bd02-d6618eef45b9","email":"madison.lewis@gmail.com","message":"successfully parsed message, but message temporarily enqueued while system restarts."},{"id":"bbe787f1-cb8a-491a-9807-b4933114d1b9","email":"jacob.lopez@dropbox.net","message":"successfully handled skipped operation."},{"id":"ab7fb99c-1b95-43cb-b7b3-b7cca0ade022","email":"liam.gonzalez@me.com","message":"successfully processed after 5048 milliseconds."},{"id":"297b4252-8873-47af-a2b3-423cbc8637ab","email":"nathan.young@microsoft.com","message":"failed to process due to network exception."},{"id":"15ce343c-125e-4003-a1c1-304e8959fa7b","email":"lily.harris@gmail.com","message":"failed to process due to network exception."},{"id":"6d8bc90c-883c-4492-9441-bb924ee8730e","email":"elizabeth.martinez@dropbox.net","message":"failed to process due to datastore timeout of 30 seconds.  operation took 88 seconds."},{"id":"483cd7e7-17b9-4e67-ad4d-c8deeed375f6","email":"matthew.walker@amerisave.com","message":"successfully processed after 1526 milliseconds."},{"id":"75c00a1c-04e0-4933-8322-73fd39744040","email":"liam.gonzalez@me.com","message":"failed to process due to network exception."},{"id":"c1276cf1-e3d3-45fb-a0e5-eb1e1ed322a9","email":"nathan.young@microsoft.com","message":"successfully handled skipped operation."},{"id":"00b9e724-3483-4a1f-8c84-c26907802506","email":"alyssa.jones@amerisave.com","message":"successfully processed after 4954 milliseconds."},{"id":"71e487d9-7861-4e9e-99c5-4886c96b319d","email":"ryan.king@dropbox.net","message":"successfully parsed message, but message temporarily enqueued while system restarts."},{"id":"ad8e77cf-17a0-4187-b1a5-6056b148932f","email":"chloe.garcia@dropbox.net","message":"successfully processed after 9080 milliseconds."},{"id":"0c6f30f0-806d-438f-b035-f9f89c51aed0","email":"jack.thompson@me.com","message":"successfully processed after 2875 milliseconds."},{"id":"57b9503d-7fd4-437a-b1cb-3380dcb2031a","email":"daniel.rodriguez@amerisave.com","message":"successfully handled skipped operation."},{"id":"9e8a5fac-913c-4d56-901d-4002ca887f63","email":"grace.moore@gmail.com","message":"successfully parsed message, but message temporarily enqueued while system restarts."},{"id":"5e1246ff-9b82-4bf4-9993-b43dec6aece5","email":"tyler.nelson@microsoft.com","message":"successfully handled skipped operation."},{"id":"db26b1c3-3f0b-46e7-8ab2-d2f36965dc0b","email":"mia.perez@me.com","message":"failed to process due to datastore timeout of 30 seconds.  operation took 54 seconds."},{"id":"00ab937e-be46-45bb-9460-a330ce13cfdd","email":"alexander.williams@gmail.com","message":"successfully processed after 4705 milliseconds."},{"id":"74befb96-8d63-45d4-ad5b-132947f77ddf","email":"michael.hall@dropbox.net","message":"failed to process due to network exception."},{"id":"d46adde4-772f-4cc8-9d7d-da864c4d5190","email":"samantha.scott@me.com","message":"successfully handled skipped operation."},{"id":"d88e504c-1a25-44cd-ba09-29e4d1a12917","email":"olivia.wright@gmail.com","message":"successfully handled skipped operation."},{"id":"0073a4b5-73d4-4d7f-8a39-990856365076","email":"liam.gonzalez@me.com","message":"failed to process due to datastore timeout of 30 seconds.  operation took 95 seconds."},{"id":"af8931ab-af38-4325-984a-20fee667bbcb","email":"madison.lewis@gmail.com","message":"failed to process due to network exception."},{"id":"dd6bd12a-1e72-48e7-b902-d7d2f23d0bd2","email":"abigail.smith@amerisave.com","message":"successfully parsed message, but message temporarily enqueued while system restarts."},{"id":"a2f62760-81f7-4c80-b5a8-b89ef34a4a51","email":"ryan.king@dropbox.net","message":"successfully handled skipped operation."},{"id":"2566d363-b582-4053-930c-9e9b6cb9065d","email":"alyssa.jones@amerisave.com","message":"failed to process due to network exception."},{"id":"381ac61a-ffb8-46b2-95dd-9d59caf2eb06","email":"grace.moore@gmail.com","message":"failed to process due to datastore timeout of 30 seconds.  operation took 123 seconds."},{"id":"513f0b25-0465-4855-9c43-666a11d061de","email":"lily.harris@gmail.com","message":"failed to process due to network exception."},{"id":"de358eaf-9878-4f6a-bf2a-6fce49f143fd","email":"liam.gonzalez@me.com","message":"successfully parsed message, but message temporarily enqueued while system restarts."},{"id":"fe57dc02-1e1b-4911-8b45-20f3e091393e","email":"aiden.johnson@microsoft.com","message":"failed to process due to network exception."},{"id":"5a950606-ea1f-4f81-9670-59a9a38dc9b0","email":"ella.anderson@dropbox.net","message":"failed to process due to datastore timeout of 30 seconds.  operation took 105 seconds."},{"id":"fdd24979-9da4-41fc-a24d-cc47292782a8","email":"tyler.nelson@microsoft.com","message":"successfully parsed message, but message temporarily enqueued while system restarts."},{"id":"8e22a6bf-c35b-47a3-ae6d-4aa0eea49c67","email":"emma.thomas@me.com","message":"successfully parsed message, but message temporarily enqueued while system restarts."},{"id":"0735c223-2519-451a-a40c-e08fb5fe72ae","email":"mia.perez@me.com","message":"failed to process due to network exception."},{"id":"4bfa82c3-e615-4065-a7de-d4406f136e01","email":"madison.lewis@gmail.com","message":"successfully handled skipped operation."},{"id":"5a0b637c-1de7-4274-9df4-29282b6bf19f","email":"alyssa.jones@amerisave.com","message":"successfully parsed message, but message temporarily enqueued while system restarts."},{"id":"2b288259-6c93-4779-a2a3-15e70b011983","email":"nicholas.allen@microsoft.com","message":"successfully handled skipped operation."},{"id":"3674a725-a50c-4d18-840e-c93e394fc9aa","email":"lily.harris@gmail.com","message":"successfully parsed message, but message temporarily enqueued while system restarts."},{"id":"38b1a098-d174-4148-83f1-32f82f4940f9","email":"matthew.walker@amerisave.com","message":"successfully handled skipped operation."},{"id":"6b2aa913-1811-4223-83e1-8c0901aa18f3","email":"ryan.king@dropbox.net","message":"failed to process due to network exception."},{"id":"3beb0b09-aba5-472c-a77c-31d9ec358e61","email":"samantha.scott@me.com","message":"failed to process due to datastore timeout of 30 seconds.  operation took 96 seconds."},{"id":"75ce5d57-9b2b-4010-90cb-8060428bc2c0","email":"olivia.wright@gmail.com","message":"successfully handled skipped operation."},{"id":"54c353c3-19c9-49af-9b00-2fe3a7f99a10","email":"emily.taylor@gmail.com","message":"failed to process due to datastore timeout of 30 seconds.  operation took 52 seconds."},{"id":"677310d5-ff4a-46df-8102-fe802eebdb03","email":"daniel.rodriguez@amerisave.com","message":"successfully processed after 6895 milliseconds."},{"id":"9200cf58-a46c-4cc6-a9b4-2fc438670691","email":"emily.taylor@gmail.com","message":"successfully handled skipped operation."},{"id":"7892cec3-885a-462b-ad4a-66745952fc5d","email":"mia.perez@me.com","message":"failed to process due to datastore timeout of 30 seconds.  operation took 116 seconds."},{"id":"a14fba36-b851-471c-8c51-c9851b3ec723","email":"ryan.king@dropbox.net","message":"failed to process due to network exception."},{"id":"a9c6f82c-f17e-4c1d-aa1c-1658e18459f0","email":"alexis.brown@microsoft.com","message":"successfully handled skipped operation."},{"id":"e46dc791-0a84-46e4-b1b0-096ebdfec8c0","email":"alexis.brown@microsoft.com","message":"successfully processed after 5693 milliseconds."},{"id":"c100d4ba-58f3-4ed6-a39c-a7d2990e6800","email":"dylan.wilson@gmail.com","message":"failed to process due to datastore timeout of 30 seconds.  operation took 122 seconds."},{"id":"890c551f-0462-4d9c-b3b0-07aa222c5f51","email":"chloe.garcia@dropbox.net","message":"successfully processed after 7137 milliseconds."},{"id":"8212cb85-c9a9-470a-8e6c-202b9969b049","email":"noah.sanchez@me.com","message":"successfully parsed message, but message temporarily enqueued while system restarts."},{"id":"dd34a87d-5de8-42d5-a9f5-10bc3802eae9","email":"ava.davis@gmail.com","message":"successfully parsed message, but message temporarily enqueued while system restarts."},{"id":"8584d81a-23ef-4340-85f5-fe4bc3b9fc5b","email":"mia.perez@me.com","message":"successfully processed after 6219 milliseconds."},{"id":"3ba20680-9b20-4a59-9827-e4d0761c7f24","email":"mia.perez@me.com","message":"successfully parsed message, but message temporarily enqueued while system restarts."},{"id":"1bc50d1e-313c-4b93-9a57-baf9d58ddee1","email":"alexis.brown@microsoft.com","message":"failed to process due to network exception."},{"id":"46408840-b3da-4098-bb1c-ab64a7410c4e","email":"madison.lewis@gmail.com","message":"failed to process due to datastore timeout of 30 seconds.  operation took 94 seconds."},{"id":"a9def5bc-7ca5-4741-bdb0-723fcc017e7f","email":"mia.perez@me.com","message":"successfully handled skipped operation."},{"id":"d87195e9-83f0-4bcd-95c7-934a27dffeb3","email":"sarah.green@amerisave.com","message":"successfully processed after 8307 milliseconds."},{"id":"952eb519-623e-46a2-af6b-d0aba8de8373","email":"tyler.nelson@microsoft.com","message":"failed to process due to network exception."},{"id":"6a4a2b96-2203-4ff9-b0ed-94aa70c00578","email":"ryan.king@dropbox.net","message":"successfully processed after 2354 milliseconds."},{"id":"662818be-9b9e-4613-918e-fd66cf9b48db","email":"chloe.garcia@dropbox.net","message":"successfully processed after 9813 milliseconds."},{"id":"9269933d-22f3-435e-adf8-df4eb8fd1b0a","email":"jackson.white@gmail.com","message":"successfully processed after 989 milliseconds."},{"id":"2c4932d3-bbf4-43df-8fe7-7bd49d46e354","email":"jack.thompson@me.com","message":"failed to process due to network exception."},{"id":"05e7b92c-ca0d-4e98-880f-d52b85189d0d","email":"ryan.king@dropbox.net","message":"successfully handled skipped operation."},{"id":"8c443650-de0e-4cdc-8a6f-d1ea73717619","email":"mia.perez@me.com","message":"successfully handled skipped operation."},{"id":"ba50987a-2eb0-40ed-8640-fc166e37bb75","email":"elizabeth.martinez@dropbox.net","message":"successfully processed after 3078 milliseconds."},{"id":"3c87e833-4964-4b5a-8359-d57bd2a0d6f3","email":"logan.clark@dropbox.net","message":"successfully processed after 5471 milliseconds."},{"id":"9f4edbbf-f64a-4dfa-9715-76245ed272c1","email":"isabella.jackson@amerisave.com","message":"successfully processed after 65 milliseconds."},{"id":"2b6ce046-0a4b-4b7d-a34d-3de8e1b19380","email":"michael.hall@dropbox.net","message":"successfully processed after 5667 milliseconds."},{"id":"bf7da702-1a05-46d0-8671-d404e2632fdf","email":"ava.davis@gmail.com","message":"successfully handled skipped operation."},{"id":"837757ff-8225-45d6-9860-f23e53318a0d","email":"alyssa.jones@amerisave.com","message":"failed to process due to network exception."},{"id":"c7edcd05-81b2-4743-893b-f175b5781aba","email":"alexis.brown@microsoft.com","message":"failed to process due to datastore timeout of 30 seconds.  operation took 100 seconds."},{"id":"33ab0640-b5e8-49d3-babb-eaa6429d696b","email":"samantha.scott@me.com","message":"failed to process due to datastore timeout of 30 seconds.  operation took 116 seconds."},{"id":"7f9c9cc1-27d8-4e9d-ae5c-c45b5b5dd4b4","email":"jack.thompson@me.com","message":"successfully processed after 5615 milliseconds."},{"id":"17895943-fd93-4872-a770-0298a0db90fe","email":"joshua.lee@gmail.com","message":"successfully parsed message, but message temporarily enqueued while system restarts."},{"id":"768f9793-882e-4f5d-93be-5a768a82ec3b","email":"alyssa.jones@amerisave.com","message":"successfully handled skipped operation."},{"id":"faf357b3-cba0-491b-992f-c50fea306d65","email":"ella.anderson@dropbox.net","message":"failed to process due to network exception."},{"id":"a83f9591-d85c-478e-b38c-668862e1e87b","email":"daniel.rodriguez@amerisave.com","message":"failed to process due to network exception."},{"id":"f7bd9894-d683-4e9a-8672-7ac87b1fa507","email":"matthew.walker@amerisave.com","message":"successfully processed after 8294 milliseconds."},{"id":"898354af-0c94-4bc4-bb2b-dae4f47832b0","email":"mia.perez@me.com","message":"failed to process due to datastore timeout of 30 seconds.  operation took 66 seconds."},{"id":"da6ac243-497b-4175-b8c9-936abd306f2a","email":"hannah.martin@dropbox.net","message":"successfully handled skipped operation."},{"id":"6715f803-798d-4c31-9058-2b84a430fe57","email":"hannah.martin@dropbox.net","message":"successfully parsed message, but message temporarily enqueued while system restarts."},{"id":"56c3053f-3219-4a24-9c6a-508fd9346cd2","email":"sarah.green@amerisave.com","message":"successfully parsed message, but message temporarily enqueued while system restarts."},{"id":"61f1a887-cf54-41d6-9357-adc3d262dc33","email":"samantha.scott@me.com","message":"successfully processed after 5747 milliseconds."},{"id":"aebf985f-30cb-477e-ac55-26a1a7201275","email":"michael.hall@dropbox.net","message":"successfully handled skipped operation."},{"id":"d1ed421b-8a31-436c-a4e3-c15590027add","email":"abigail.smith@amerisave.com","message":"failed to process due to datastore timeout of 30 seconds.  operation took 57 seconds."},{"id":"40b3d062-794d-46e6-a2fb-677021131734","email":"liam.gonzalez@me.com","message":"successfully handled skipped operation."},{"id":"93f6f417-ba14-4ffe-98e1-33b3d1750144","email":"abigail.smith@amerisave.com","message":"failed to process due to network exception."},{"id":"eff35476-0610-4293-8654-d79ba510f3b3","email":"dylan.wilson@gmail.com","message":"failed to process due to network exception."},{"id":"f9acccde-5b6b-4b77-8496-d1af21780c38","email":"mia.perez@me.com","message":"failed to process due to network exception."},{"id":"ad021c73-dc80-4af2-be21-5f7b64441323","email":"jacob.lopez@dropbox.net","message":"failed to process due to datastore timeout of 30 seconds.  operation took 120 seconds."},{"id":"2823a823-07e5-4c68-be7b-cd1688a577cc","email":"alexis.brown@microsoft.com","message":"successfully handled skipped operation."},{"id":"108c4723-19fa-4da8-a413-9f19faf54b4c","email":"emily.taylor@gmail.com","message":"successfully parsed message, but message temporarily enqueued while system restarts."},{"id":"b334e125-8ee5-4aab-b08c-aee8fbcf3c67","email":"ava.davis@gmail.com","message":"successfully processed after 9321 milliseconds."},{"id":"0fe1f5a4-f77a-45df-9244-c63f83908de6","email":"mia.perez@me.com","message":"successfully processed after 9163 milliseconds."},{"id":"2b07c42e-dc2a-4353-ba2f-c50250e47ca6","email":"chloe.garcia@dropbox.net","message":"failed to process due to network exception."},{"id":"ca7611cc-2146-486b-bdaa-5ee39bebf693","email":"alexander.williams@gmail.com","message":"successfully processed after 6396 milliseconds."},{"id":"f760d6ae-6fd3-4c5a-9ab5-460030486ec7","email":"aiden.johnson@microsoft.com","message":"failed to process due to datastore timeout of 30 seconds.  operation took 84 seconds."},{"id":"744ee428-8d2c-42b5-9075-b8348a129ed7","email":"lily.harris@gmail.com","message":"failed to process due to datastore timeout of 30 seconds.  operation took 130 seconds."},{"id":"2643af04-989b-4d22-b78f-c7ddf9727354","email":"tyler.nelson@microsoft.com","message":"failed to process due to network exception."},{"id":"d1c3ae76-40a5-4b09-bad3-d659560a61f9","email":"logan.clark@dropbox.net","message":"failed to process due to network exception."},{"id":"41659514-f613-45a7-a685-3328011ac7a2","email":"olivia.wright@gmail.com","message":"successfully processed after 885 milliseconds."},{"id":"7a8883e5-d841-4984-b839-f42605d2d1cf","email":"joshua.lee@gmail.com","message":"successfully parsed message, but message temporarily enqueued while system restarts."},{"id":"57a00b5e-8d59-42a5-9a40-e957d6c514e9","email":"jackson.white@gmail.com","message":"successfully parsed message, but message temporarily enqueued while system restarts."},{"id":"5823af1e-09fe-4878-b7b4-fc53aeb1ba7f","email":"taylor.adams@gmail.com","message":"successfully handled skipped operation."},{"id":"7a757b79-1171-4e02-9edd-d9349c5b1dd8","email":"taylor.adams@gmail.com","message":"failed to process due to network exception."},{"id":"c04f9703-bfbf-481d-ae1c-6768d1978a3b","email":"samantha.scott@me.com","message":"successfully parsed message, but message temporarily enqueued while system restarts."},{"id":"cc463a17-8b94-4452-940c-ec6f77bac5e0","email":"sophia.baker@dropbox.net","message":"failed to process due to datastore timeout of 30 seconds.  operation took 101 seconds."},{"id":"5d1775a5-7bee-4b1b-9943-2be9b58f1612","email":"dylan.wilson@gmail.com","message":"failed to process due to network exception."},{"id":"07fb00c5-7c50-4937-96cc-2af3895ecdf5","email":"lily.harris@gmail.com","message":"failed to process due to network exception."},{"id":"4952ac1d-0723-43db-b018-f0c18cb80bd1","email":"taylor.adams@gmail.com","message":"successfully handled skipped operation."},{"id":"6ba82d7a-7425-42e9-bb76-a6c21c805d7b","email":"mia.perez@me.com","message":"failed to process due to datastore timeout of 30 seconds.  operation took 46 seconds."},{"id":"af3e8cfe-8ead-4106-ac52-d4a829f8e90e","email":"madison.lewis@gmail.com","message":"successfully parsed message, but message temporarily enqueued while system restarts."},{"id":"3ada849f-141d-42e9-afb1-192675aa9adb","email":"samantha.scott@me.com","message":"failed to process due to datastore timeout of 30 seconds.  operation took 59 seconds."},{"id":"95a2d28d-7c0b-4cf1-9fcd-090a358d6f61","email":"logan.clark@dropbox.net","message":"failed to process due to datastore timeout of 30 seconds.  operation took 32 seconds."},{"id":"2bac6b0c-553a-4dbf-8bf1-ac635d0a1223","email":"alyssa.jones@amerisave.com","message":"successfully processed after 2350 milliseconds."},{"id":"f3e6d891-fc00-48fa-a70d-7d15d50ba793","email":"jackson.white@gmail.com","message":"successfully handled skipped operation."},{"id":"cfe8166e-b848-4ded-ba0b-f1bd50b9f0f6","email":"samantha.scott@me.com","message":"failed to process due to network exception."},{"id":"3c66d1ed-053f-4e71-99da-a2754c05d0a6","email":"nicholas.allen@microsoft.com","message":"failed to process due to network exception."},{"id":"6a3fbb07-3ae5-42cf-8a82-5d4f70feb328","email":"ryan.king@dropbox.net","message":"successfully parsed message, but message temporarily enqueued while system restarts."},{"id":"88301f47-0a08-4aec-9e51-d52682825157","email":"grace.moore@gmail.com","message":"failed to process due to network exception."},{"id":"95e6140f-6fcd-4d84-8cd5-c9f007d70f88","email":"taylor.adams@gmail.com","message":"failed to process due to datastore timeout of 30 seconds.  operation took 58 seconds."},{"id":"ef33b913-d674-4206-813c-9a9f75c44a63","email":"alexander.williams@gmail.com","message":"failed to process due to datastore timeout of 30 seconds.  operation took 90 seconds."},{"id":"e3f7aa51-163f-4af9-b143-be163f636e09","email":"sarah.green@amerisave.com","message":"successfully parsed message, but message temporarily enqueued while system restarts."},{"id":"ea572211-07a1-407e-a681-e691bf842cac","email":"ryan.king@dropbox.net","message":"successfully handled skipped operation."}],"id":"bc9ebddc-eeba-442c-83f3-547cf0aa7d8e"}