{"logs":[{"id":"6805b0dd-ba31-41c7-91a7-e7814463919d","email":"matthew.walker@amerisave.com","message":"failed to process due to datastore timeout of 30 seconds.  operation took 91 seconds."},{"id":"63443892-d72c-4831-8d36-ddac72958d7f","email":"jackson.white@gmail.com","message":"failed to process due to datastore timeout of 30 seconds.  operation took 104 seconds."},{"id":"9f35d010-6894-436e-9997-e3480b55df51","email":"alexis.brown@microsoft.com","message":"successfully parsed message, but message temporarily enqueued while system restarts."},{"id":"430c8673-d774-4b45-a583-ea5dacdd32e3","email":"emily.taylor@gmail.com","message":"successfully processed after 6393 milliseconds."},{"id":"a38afdef-ad78-4656-924a-9a622fd68dc1","email":"lily.harris@gmail.com","message":"successfully parsed message, but message temporarily enqueued while system restarts."},{"id":"672139aa-dd48-4a60-8ab4-2dad44ae9294","email":"michael.hall@dropbox.net","message":"successfully handled skipped operation."},{"id":"ef62986a-04d0-4622-81b6-2c616a0404eb","email":"andrew.miller@gmail.com","message":"successfully parsed message, but message temporarily enqueued while system restarts."},{"id":"740d90cd-baf0-4437-9b13-e710f90e6327","email":"jackson.white@gmail.com","message":"failed to process due to datastore timeout of 30 seconds.  operation took 85 seconds."},{"id":"9076c208-9ccf-4075-9559-64f56480335d","email":"ava.davis@gmail.com","message":"failed to process due to network exception."},{"id":"724669f3-1f9e-4698-9b7a-18041de6f14e","email":"andrew.miller@gmail.com","message":"successfully processed after 4680 milliseconds."},{"id":"a30264a9-e5d6-4e42-ba22-64b0fd1b2838","email":"sophia.baker@dropbox.net","message":"failed to process due to network exception."},{"id":"dc9376a8-2fde-4679-9a67-18bf2c48ee3e","email":"logan.clark@dropbox.net","message":"successfully parsed message, but message temporarily enqueued while system restarts."},{"id":"27145923-ded3-46f2-9ed0-5ffc5e10d270","email":"alexander.williams@gmail.com","message":"successfully handled skipped operation."},{"id":"29ef3aaa-e22f-404f-8e42-36f557178b89","email":"sarah.green@amerisave.com","message":"successfully processed after 7374 milliseconds."},{"id":"4e43e70c-e744-4b86-9f62-901d1676c52b","email":"noah.sanchez@me.com","message":"successfully processed after 7515 milliseconds."},{"id":"8c08b43d-b604-48e5-8b49-47072752347e","email":"emma.thomas@me.com","message":"successfully handled skipped operation."},{"id":"f4e2ae73-adb1-4939-a0ab-dcf0d70094a9","email":"tyler.nelson@microsoft.com","message":"successfully parsed message, but message temporarily enqueued while system restarts."},{"id":"eb330b29-f202-4d6f-8350-be848d9fcd82","email":"tyler.nelson@microsoft.com","message":"successfully handled skipped operation."},{"id":"ae973db6-7643-4ebb-87e6-523e1fe9210a","email":"logan.clark@dropbox.net","message":"successfully parsed message, but message temporarily enqueued while system restarts."},{"id":"1ba3750b-bd06-4a61-9884-2422754a07f4","email":"samantha.scott@me.com","message":"failed to process due to network exception."},{"id":"000ab5f5-6ae9-4047-b3a3-62555bae7211","email":"lily.harris@gmail.com","message":"failed to process due to network exception."},{"id":"5587d34e-7f1b-47c3-85f2-8d19de2d71f7","email":"olivia.wright@gmail.com","message":"failed to process due to network exception."},{"id":"66fe4df5-26e1-48cd-805f-8ce34289b2e1","email":"elizabeth.martinez@dropbox.net","message":"successfully processed after 9568 milliseconds."},{"id":"e43555e7-e27e-4407-a98b-1e0cab11f0a9","email":"olivia.wright@gmail.com","message":"successfully processed after 1352 milliseconds."},{"id":"503a6781-e6cf-40f6-8f55-5e54f9af2e31","email":"nathan.young@microsoft.com","message":"failed to process due to network exception."},{"id":"0ca00d4c-06f0-4411-9314-2f5d68ae8a9d","email":"daniel.rodriguez@amerisave.com","message":"failed to process due to datastore timeout of 30 seconds.  operation took 46 seconds."},{"id":"9545dfe1-114c-4737-b870-f67f4aadf30d","email":"lily.harris@gmail.com","message":"successfully processed after 5341 milliseconds."},{"id":"0bc13a1d-bb13-49c9-90e1-cb7a16a37866","email":"ella.anderson@dropbox.net","message":"successfully parsed message, but message temporarily enqueued while system restarts."},{"id":"64e4de57-63c8-447f-853e-c249afe62cdf","email":"hannah.martin@dropbox.net","message":"successfully parsed message, but message temporarily enqueued while system restarts."},{"id":"9ce91aaf-479c-44a0-8fa4-8c4060beeb32","email":"elizabeth.martinez@dropbox.net","message":"successfully handled skipped operation."},{"id":"90b252f4-797c-424b-9b96-4cef5068a70b","email":"isabella.jackson@amerisave.com","message":"successfully parsed message, but message temporarily enqueued while system restarts."},{"id":"dff75ba8-a3c0-420b-afb2-442ffdb6fe17","email":"mason.robinson@amerisave.com","message":"successfully parsed message, but message temporarily enqueued while system restarts."},{"id":"17eed59b-8f04-4a2f-87d8-162516d03ebd","email":"joshua.lee@gmail.com","message":"successfully parsed message, but message temporarily enqueued while system restarts."},{"id":"3234ddc7-f043-4b6c-8183-bc728879d1e1","email":"alyssa.jones@amerisave.com","message":"failed to process due to datastore timeout of 30 seconds.  operation took 82 seconds."},{"id":"0ad83284-aa51-4a09-b04c-d577294321f6","email":"jack.thompson@me.com","message":"successfully processed after 5815 milliseconds."},{"id":"506974e9-f4d1-4c76-8f49-1fabf9875ab2","email":"chloe.garcia@dropbox.net","message":"successfully processed after 47 milliseconds."},{"id":"e9a94204-153d-4201-be81-fbede54c6bbd","email":"logan.clark@dropbox.net","message":"failed to process due to network exception."},{"id":"cf2b6357-6cb0-4c44-abd4-815531a1e300","email":"olivia.wright@gmail.com","message":"successfully processed after 7474 milliseconds."},{"id":"51f51c48-9e64-4a4b-8d92-844c77ca1929","email":"lily.harris@gmail.com","message":"successfully parsed message, but message temporarily enqueued while system restarts."},{"id":"3ba1cefb-e597-4c60-8f6e-53355c122e4b","email":"hannah.martin@dropbox.net","message":"successfully parsed message, but message temporarily enqueued while system restarts."},{"id":"fbe396bf-b11a-47fe-ac70-182890da5c86","email":"isabella.jackson@amerisave.com","message":"failed to process due to network exception."},{"id":"c64ed6f0-abf7-4537-bfb2-435fefbbb050","email":"sarah.green@amerisave.com","message":"failed to process due to network exception."},{"id":"e4d2c099-9689-4ad2-9504-6badeb49188f","email":"madison.lewis@gmail.com","message":"successfully handled skipped operation."},{"id":"66ee2543-b8ac-4d4e-b7ad-b6d974aacf04","email":"madison.lewis@gmail.com","message":"successfully parsed message, but message temporarily enqueued while system restarts."},{"id":"8494bf19-ecaa-400b-9fd8-8ac59d17dfb6","email":"sarah.green@amerisave.com","message":"successfully handled skipped operation."},{"id":"863a763c-4dfe-4a3f-a11f-98689e362401","email":"noah.sanchez@me.com","message":"successfully handled skipped operation."},{"id":"eac8e6b8-0890-4076-87d3-16fa05674e28","email":"aiden.johnson@microsoft.com","message":"successfully parsed message, but message temporarily enqueued while system restarts."},{"id":"c116b462-45c0-4c45-9ab1-a905ea30263c","email":"jack.thompson@me.com","message":"successfully processed after 9035 milliseconds."},{"id":"68c25d99-bcc1-4319-aef9-eb29df7fc10a","email":"michael.hall@dropbox.net","message":"successfully parsed message, but message temporarily enqueued while system restarts."},{"id":"2cb0aacb-a106-4b2d-acc5-f56cc9647698","email":"michael.hall@dropbox.net","message":"successfully processed after 8074 milliseconds."},{"id":"882f1042-a7c9-430c-a137-78fdf359c203","email":"emily.taylor@gmail.com","message":"successfully processed after 1040 milliseconds."},{"id":"6d6cbdfa-9c18-45b5-a71a-0b029a2aa817","email":"jackson.white@gmail.com","message":"successfully handled skipped operation."},{"id":"3b28cc0f-e697-4db8-aa77-ca9ed3ecb567","email":"daniel.rodriguez@amerisave.com","message":"failed to process due to datastore timeout of 30 seconds.  operation took 106 seconds."},{"id":"d848cf1c-467e-4f66-9d2c-7baa0e201153","email":"aiden.johnson@microsoft.com","message":"failed to process due to datastore timeout of 30 seconds.  operation took 70 seconds."},{"id":"21f7810c-c271-40ce-8efe-b516d33d1c84","email":"taylor.adams@gmail.com","message":"failed to process due to datastore timeout of 30 seconds.  operation took 55 seconds."},{"id":"1939dff9-0b43-46a1-9fda-04876d658e10","email":"noah.sanchez@me.com","message":"successfully handled skipped operation."},{"id":"99cab562-ba3a-4222-b5bc-e0a525295867","email":"mia.perez@me.com","message":"successfully processed after 9073 milliseconds."},{"id":"51ebde4c-df4c-4854-9288-b0e48f1d5bae","email":"dylan.wilson@gmail.com","message":"failed to process due to network exception."},{"id":"d110f384-b73d-42f5-8651-a22974e21f28","email":"andrew.miller@gmail.com","message":"successfully handled skipped operation."},{"id":"5f155f0c-8b62-42be-bd36-a157b2e760fb","email":"joshua.lee@gmail.com","message":"successfully parsed message, but message temporarily enqueued while system restarts."},{"id":"8b0bbf6b-4bc0-4589-8abe-d261231307e6","email":"daniel.rodriguez@amerisave.com","message":"failed to process due to network exception."},{"id":"67290f70-d468-4682-af5a-b9656fb6e444","email":"taylor.adams@gmail.com","message":"failed to process due to datastore timeout of 30 seconds.  operation took 35 seconds."},{"id":"e133ca67-7494-44c1-a6d0-2703bde4d17e","email":"ella.anderson@dropbox.net","message":"failed to process due to network exception."},{"id":"ce129b5b-48d0-4a7b-adbb-8e32a8fb860d","email":"liam.gonzalez@me.com","message":"successfully processed after 9455 milliseconds."},{"id":"2e1bb4bb-ef67-4e50-be9f-b4efc9502a89","email":"emily.taylor@gmail.com","message":"successfully processed after 6548 milliseconds."},{"id":"f747f4dd-b571-4a97-a3c8-d8b7f6b8192c","email":"andrew.miller@gmail.com","message":"successfully handled skipped operation."},{"id":"48736113-452e-4413-bc30-23820147931d","email":"tyler.nelson@microsoft.com","message":"failed to process due to network exception."},{"id":"f59c6e26-9dad-4356-82e4-bff46172995d","email":"logan.clark@dropbox.net","message":"successfully handled skipped operation."},{"id":"6b7f2c9e-93c8-4a1d-95e5-813c2bf42692","email":"dylan.wilson@gmail.com","message":"successfully handled skipped operation."},{"id":"8dca5a62-5829-4b7a-a6f8-1176e85abbf5","email":"samantha.scott@me.com","message":"failed to process due to datastore timeout of 30 seconds.  operation took 84 seconds."},{"id":"b927607c-4d0b-4377-8c0b-1ee7ca121245","email":"joshua.lee@gmail.com","message":"failed to process due to network exception."},{"id":"7df59dc0-c058-46d2-b61e-8e1fed5c3aae","email":"grace.moore@gmail.com","message":"failed to process due to network exception."},{"id":"1fc086f9-5cd3-4941-ba46-065d9a72f4c4","email":"abigail.smith@amerisave.com","message":"failed to process due to network exception."},{"id":"ac85a0fc-59ef-41a6-9e5c-870bfe8d9652","email":"lily.harris@gmail.com","message":"successfully handled skipped operation."},{"id":"af413c31-f4a0-4edd-905e-f382c2e5a8c8","email":"taylor.adams@gmail.com","message":"failed to process due to datastore timeout of 30 seconds.  operation took 108 seconds."},{"id":"6533b75f-42f0-404b-b70d-7a31c5da5be9","email":"dylan.wilson@gmail.com","message":"failed to process due to datastore timeout of 30 seconds.  operation took 42 seconds."},{"id":"1da1e42a-c235-4876-bb0f-358a2ec4bf09","email":"liam.gonzalez@me.com","message":"failed to process due to network exception."},{"id":"facd3ee6-c22c-4c21-8066-05c5d854c7a4","email":"ethan.hernandez@microsoft.com","message":"successfully handled skipped operation."},{"id":"b2071f4f-d712-4319-a076-2a6f77e58695","email":"madison.lewis@gmail.com","message":"failed to process due to datastore timeout of 30 seconds.  operation took 85 seconds."},{"id":"7232005f-a27c-4fbb-b2ff-9d9062d84367","email":"emma.thomas@me.com","message":"successfully processed after 2489 milliseconds."},{"id":"ed2aac73-17eb-46b4-908b-e82eedb7c0ca","email":"nathan.young@microsoft.com","message":"successfully handled skipped operation."},{"id":"78b99f38-b5a4-4f43-97e4-9f7aef06291f","email":"taylor.adams@gmail.com","message":"failed to process due to network exception."},{"id":"53cc2664-82f7-48cf-b79c-1d9ae6be1c06","email":"emma.thomas@me.com","message":"failed to process due to network exception."},{"id":"fd463c99-9985-45d2-a0ef-b6ec5cd6a172","email":"elizabeth.martinez@dropbox.net","message":"successfully handled skipped operation."},{"id":"8214119e-6cfa-45f9-a55c-549f9ff5296a","email":"jack.thompson@me.com","message":"successfully parsed message, but message temporarily enqueued while system restarts."},{"id":"51c8c28b-a18d-4ce4-bb67-f207268a2fca","email":"jackson.white@gmail.com","message":"failed to process due to datastore timeout of 30 seconds.  operation took 56 seconds."},{"id":"a3098052-77ac-409e-b8e7-5bcac00e947b","email":"grace.moore@gmail.com","message":"failed to process due to network exception."},{"id":"6a1bba5a-385d-4b7b-8331-4ee5907e6740","email":"samantha.scott@me.com","message":"successfully handled skipped operation."},{"id":"37581612-b2df-4f86-a5cf-a813f0451e4c","email":"jacob.lopez@dropbox.net","message":"successfully parsed message, but message temporarily enqueued while system restarts."},{"id":"3923cf15-4e45-4610-8112-443690ba1699","email":"lily.harris@gmail.com","message":"successfully handled skipped operation."},{"id":"cf9bce84-cff3-476a-a97f-1b4debf4ff13","email":"ella.anderson@dropbox.net","message":"failed to process due to network exception."},{"id":"75d7cacd-4a22-4e94-a935-fafee72887db","email":"liam.gonzalez@me.com","message":"failed to process due to datastore timeout of 30 seconds.  operation took 33 seconds."},{"id":"cb28e664-4cde-470c-945e-bfa23889294f","email":"andrew.miller@gmail.com","message":"successfully parsed message, but message temporarily enqueued while system restarts."},{"id":"e662fcca-8b54-4173-a0dc-c3d84b744f20","email":"alexander.williams@gmail.com","message":"successfully handled skipped operation."},{"id":"825640a3-3c19-406d-ba63-036933a42410","email":"ethan.hernandez@microsoft.com","message":"failed to process due to datastore timeout of 30 seconds.  operation took 81 seconds."},{"id":"fea9f0ab-caa1-48b5-bc7f-602976107cea","email":"dylan.wilson@gmail.com","message":"failed to process due to network exception."},{"id":"c333d98b-122f-4581-bcf0-87fe8a667009","email":"aiden.johnson@microsoft.com","message":"failed to process due to network exception."},{"id":"13386c1f-94d2-49f0-8451-af831bcda22d","email":"dylan.wilson@gmail.com","message":"successfully handled skipped operation."},{"id":"1f432fe4-dc07-4eda-ae5f-115a61b96a36","email":"joshua.lee@gmail.com","message":"failed to process due to datastore timeout of 30 seconds.  operation took 46 seconds."},{"id":"aec75691-a89d-4847-a2f6-dc956d81bf13","email":"daniel.rodriguez@amerisave.com","message":"successfully parsed message, but message temporarily enqueued while system restarts."},{"id":"7cf96b74-abdc-482f-b166-318c83dbca52","email":"madison.lewis@gmail.com","message":"successfully handled skipped operation."},{"id":"7b744369-23c5-414f-87cb-76b00167257f","email":"jacob.lopez@dropbox.net","message":"failed to process due to network exception."},{"id":"a8e7e759-53ad-40ef-91ea-1cd74d47d30d","email":"lily.harris@gmail.com","message":"successfully parsed message, but message temporarily enqueued while system restarts."},{"id":"60891f0c-ffda-415f-ade0-20b4b4bd0ebc","email":"grace.moore@gmail.com","message":"failed to process due to datastore timeout of 30 seconds.  operation took 99 seconds."},{"id":"9a72cca2-ddfe-477f-806b-66fb4724a0fc","email":"olivia.wright@gmail.com","message":"successfully handled skipped operation."},{"id":"f877415e-512d-4c57-a924-4582f29d410a","email":"emma.thomas@me.com","message":"successfully handled skipped operation."},{"id":"c49a589a-5c05-409c-84ef-6324dee9ed33","email":"samantha.scott@me.com","message":"successfully handled skipped operation."},{"id":"9c717e08-a4ee-437c-a919-fddb4944665b","email":"noah.sanchez@me.com","message":"successfully handled skipped operation."},{"id":"e2c5229f-f4c0-4785-aa54-917d53ead28f","email":"matthew.walker@amerisave.com","message":"successfully processed after 773 milliseconds."},{"id":"ec5f9604-56a8-4768-80db-acac4fb764ae","email":"grace.moore@gmail.com","message":"failed to process due to datastore timeout of 30 seconds.  operation took 58 seconds."},{"id":"631c8995-2568-4f06-9fc0-b37510571b00","email":"nicholas.allen@microsoft.com","message":"failed to process due to datastore timeout of 30 seconds.  operation took 79 seconds."},{"id":"42643dbe-96fb-423b-9d15-e93af4ef36cd","email":"andrew.miller@gmail.com","message":"failed to process due to network exception."},{"id":"233c4406-fea9-460e-afce-62051f964067","email":"alexis.brown@microsoft.com","message":"failed to process due to network exception."},{"id":"71166ca6-1825-432e-a534-1c6e86663227","email":"mason.robinson@amerisave.com","message":"failed to process due to network exception."},{"id":"ded579ee-5cd1-4d6e-a353-5e5fb6f76163","email":"abigail.smith@amerisave.com","message":"successfully handled skipped operation."},{"id":"22f53b0e-b8f5-4a75-b549-762e3f1ab8ff","email":"chloe.garcia@dropbox.net","message":"successfully handled skipped operation."},{"id":"0d0bfa4b-1416-4d3c-a8ab-f67aa67bc153","email":"ryan.king@dropbox.net","message":"successfully handled skipped operation."},{"id":"eb48467b-e16f-428f-8e47-21485de725c2","email":"aiden.johnson@microsoft.com","message":"failed to process due to datastore timeout of 30 seconds.  operation took 124 seconds."},{"id":"4ea2509d-3bf5-4a52-a757-50959e45ec3d","email":"grace.moore@gmail.com","message":"successfully parsed message, but message temporarily enqueued while system restarts."},{"id":"609bf173-9e72-42ce-a262-6b68fa683ea8","email":"alexis.brown@microsoft.com","message":"successfully parsed message, but message temporarily enqueued while system restarts."},{"id":"d3cf9975-830c-4026-b57e-db1d7babebd3","email":"nicholas.allen@microsoft.com","message":"successfully processed after 6869 milliseconds."},{"id":"24aea771-2654-41d6-ac29-a4b12923fb3a","email":"logan.clark@dropbox.net","message":"successfully handled skipped operation."},{"id":"a1d1ffc9-e215-401a-8ad5-318dcdb454fb","email":"michael.hall@dropbox.net","message":"successfully processed after 1266 milliseconds."},{"id":"5d76c3d1-d1d4-4aa2-9ec2-98e83ac0491e","email":"samantha.scott@me.com","message":"failed to process due to datastore timeout of 30 seconds.  operation took 47 seconds."},{"id":"8eac4d3e-9763-4f2a-831b-59646209b50b","email":"alyssa.jones@amerisave.com","message":"successfully handled skipped operation."},{"id":"0685d2e0-eff2-47c2-9095-23b7c9214acc","email":"abigail.smith@amerisave.com","message":"successfully handled skipped operation."},{"id":"15799823-53f9-4458-a6a8-c5bd58d615a1","email":"ava.davis@gmail.com","message":"successfully parsed message, but message temporarily enqueued while system restarts."},{"id":"be2ec3d5-c51b-423c-b601-9ad07ca02aae","email":"andrew.miller@gmail.com","message":"failed to process due to datastore timeout of 30 seconds.  operation took 96 seconds."},{"id":"c0cf9e6a-6fc1-46f8-82c1-f865b1b32c44","email":"emily.taylor@gmail.com","message":"successfully parsed message, but message temporarily enqueued while system restarts."},{"id":"4818e23b-1a21-413b-9f58-5036f4a0bcb4","email":"mia.perez@me.com","message":"successfully parsed message, but message temporarily enqueued while system restarts."},{"id":"764f6dd0-da98-4376-a562-89e9bb9696a6","email":"sarah.green@amerisave.com","message":"failed to process due to datastore timeout of 30 seconds.  operation took 122 seconds."},{"id":"db93c220-57cf-4666-a5cc-086734b99b5d","email":"sophia.baker@dropbox.net","message":"successfully handled skipped operation."},{"id":"270c448c-ff39-40a5-8310-f81a2703b494","email":"madison.lewis@gmail.com","message":"successfully processed after 2042 milliseconds."},{"id":"25db47e9-d7d7-439c-aa04-c502b46322c6","email":"lily.harris@gmail.com","message":"failed to process due to network exception."},{"id":"4866ef0f-3f3f-4eb5-aa5e-d71476579524","email":"taylor.adams@gmail.com","message":"successfully parsed message, but message temporarily enqueued while system restarts."},{"id":"59b46296-a167-4b5c-9e35-865e7344cdee","email":"logan.clark@dropbox.net","message":"successfully handled skipped operation."},{"id":"2dc8e193-8a28-4ec3-a733-14e5a412010d","email":"emily.taylor@gmail.com","message":"successfully handled skipped operation."},{"id":"999faa08-11d6-413c-b85d-25ef91041a57","email":"samantha.scott@me.com","message":"failed to process due to network exception."},{"id":"3b12e71e-1808-4c56-9ed2-de6ac218fb58","email":"mia.perez@me.com","message":"failed to process due to network exception."},{"id":"4cbc366b-50b6-4bae-b196-b1472fe113bc","email":"hannah.martin@dropbox.net","message":"successfully processed after 8530 milliseconds."},{"id":"184f1deb-43c0-45b2-8e3e-831cc0fbc112","email":"samantha.scott@me.com","message":"failed to process due to network exception."},{"id":"10dc9cfa-b675-4464-8c02-dd5cfdb91c33","email":"liam.gonzalez@me.com","message":"failed to process due to datastore timeout of 30 seconds.  operation took 67 seconds."},{"id":"afacce21-9416-4cd2-a4cd-a4edfafca46e","email":"noah.sanchez@me.com","message":"failed to process due to network exception."},{"id":"e84898b4-1193-4897-ad75-bcd6a91709d4","email":"joshua.lee@gmail.com","message":"successfully handled skipped operation."},{"id":"ef74b1fd-f79e-44e2-b195-169143cd989d","email":"samantha.scott@me.com","message":"failed to process due to datastore timeout of 30 seconds.  operation took 114 seconds."},{"id":"1ac5f8a8-8cad-44da-8a5c-6b14e4a10c8a","email":"emma.thomas@me.com","message":"successfully handled skipped operation."},{"id":"d6f3075c-54be-4f15-86c7-9f8283ad6db4","email":"jackson.white@gmail.com","message":"successfully processed after 3593 milliseconds."},{"id":"c241e2bd-ba45-43ef-add7-34222fbd9238","email":"nathan.young@microsoft.com","message":"successfully parsed message, but message temporarily enqueued while system restarts."},{"id":"5f11f90d-59bd-4fe7-8cfb-3e0dcd37f2a2","email":"nathan.young@microsoft.com","message":"successfully processed after 5042 milliseconds."},{"id":"8bd89671-103c-4ea8-a9d0-a6ed877b8b23","email":"jackson.white@gmail.com","message":"successfully handled skipped operation."},{"id":"7390b051-0a4e-4fd7-a804-9aa2ef193ea2","email":"dylan.wilson@gmail.com","message":"failed to process due to datastore timeout of 30 seconds.  operation took 75 seconds."},{"id":"f4611fb3-21f2-482e-9ddc-7369e3034a0c","email":"ryan.king@dropbox.net","message":"successfully handled skipped operation."},{"id":"5ccc7c1b-e06e-4fbf-801c-712e23472898","email":"daniel.rodriguez@amerisave.com","message":"successfully processed after 5681 milliseconds."},{"id":"119921cf-9531-4d89-bda4-5c40041403b2","email":"nathan.young@microsoft.com","message":"failed to process due to network exception."},{"id":"0ed67434-2929-4492-84db-b3544dcae769","email":"logan.clark@dropbox.net","message":"successfully handled skipped operation."},{"id":"00cb83a9-4ada-4061-9be6-8d83dfcb45b4","email":"ryan.king@dropbox.net","message":"successfully handled skipped operation."},{"id":"6246bc06-0cda-4ebd-90f0-6cf47c90e4a9","email":"matthew.walker@amerisave.com","message":"failed to process due to datastore timeout of 30 seconds.  operation took 121 seconds."},{"id":"343af667-63bc-4278-8d36-5b79b9095623","email":"olivia.wright@gmail.com","message":"failed to process due to datastore timeout of 30 seconds.  operation took 123 seconds."},{"id":"4d046027-9814-4443-8d0f-0a8693af90b8","email":"emily.taylor@gmail.com","message":"successfully processed after 3072 milliseconds."},{"id":"5bb17daa-5d94-437b-b993-e7641caec5c6","email":"aiden.johnson@microsoft.com","message":"failed to process due to datastore timeout of 30 seconds.  operation took 88 seconds."},{"id":"56b23d37-094e-43aa-96fd-29cb2a7b43df","email":"dylan.wilson@gmail.com","message":"successfully handled skipped operation."},{"id":"e00816d9-5ee9-4486-92c3-d589a7ea39c3","email":"nicholas.allen@microsoft.com","message":"failed to process due to network exception."},{"id":"bc2cd8e4-ddb0-45fe-a58e-654988da54ce","email":"jacob.lopez@dropbox.net","message":"successfully processed after 7515 milliseconds."},{"id":"d7a53a0e-c74e-4b26-bb0d-39407ac38f5c","email":"mia.perez@me.com","message":"failed to process due to datastore timeout of 30 seconds.  operation took 41 seconds."},{"id":"dafe889f-f936-48c9-8c3a-631e4edde65c","email":"abigail.smith@amerisave.com","message":"failed to process due to datastore timeout of 30 seconds.  operation took 41 seconds."},{"id":"db4fee23-b71c-4fca-9ab6-b5f663b55c9c","email":"olivia.wright@gmail.com","message":"successfully processed after 7368 milliseconds."},{"id":"05cec504-0bcb-4085-aedf-017094cbef67","email":"chloe.garcia@dropbox.net","message":"failed to process due to network exception."},{"id":"14152177-06d4-45bf-8160-9b5a90877725","email":"elizabeth.martinez@dropbox.net","message":"successfully handled skipped operation."},{"id":"a36c2817-46c9-4534-bd91-fa55a8d09899","email":"liam.gonzalez@me.com","message":"successfully processed after 8722 milliseconds."},{"id":"cb4e0d4c-bc3b-414f-bf09-b4402f1c942b","email":"madison.lewis@gmail.com","message":"failed to process due to network exception."},{"id":"4821ef45-8e4c-4264-949d-29ead7356327","email":"mason.robinson@amerisave.com","message":"failed to process due to network exception."},{"id":"b0903df6-2ab2-4cda-878c-9a972170c12a","email":"madison.lewis@gmail.com","message":"successfully processed after 7169 milliseconds."},{"id":"5688cfe3-a8eb-48d9-ad26-88192ab4359b","email":"abigail.smith@amerisave.com","message":"failed to process due to datastore timeout of 30 seconds.  operation took 83 seconds."},{"id":"e954caa6-e299-46ad-9c5e-ca7b10cd56df","email":"aiden.johnson@microsoft.com","message":"successfully parsed message, but message temporarily enqueued while system restarts."},{"id":"54fb849d-70bf-43ad-94a4-faa031fc78a2","email":"jack.thompson@me.com","message":"successfully handled skipped operation."},{"id":"35b5c54f-5d68-4b5b-b165-c411f10b276d","email":"chloe.garcia@dropbox.net","message":"successfully handled skipped operation."},{"id":"0a6b67fa-925b-483d-a64b-87d260159081","email":"michael.hall@dropbox.net","message":"failed to process due to datastore timeout of 30 seconds.  operation took 73 seconds."},{"id":"7c9b09ff-675c-4722-af15-049ab1db4e2f","email":"alexander.williams@gmail.com","message":"failed to process due to datastore timeout of 30 seconds.  operation took 88 seconds."},{"id":"e8b3d55a-470a-4895-a25c-bec80194ebf3","email":"nicholas.allen@microsoft.com","message":"successfully processed after 8950 milliseconds."},{"id":"8baa3b42-7221-4460-a761-19a36689764c","email":"hannah.martin@dropbox.net","message":"failed to process due to datastore timeout of 30 seconds.  operation took 104 seconds."},{"id":"1e885b6c-d2ae-4651-8d35-1610054b570b","email":"alexis.brown@microsoft.com","message":"failed to process due to network exception."},{"id":"1a7ea8be-de3d-417f-8a1e-23d101569325","email":"hannah.martin@dropbox.net","message":"failed to process due to datastore timeout of 30 seconds.  operation took 51 seconds."},{"id":"b5dc4bcc-a94b-4eae-85fe-9a64caf882e2","email":"liam.gonzalez@me.com","message":"successfully parsed message, but message temporarily enqueued while system restarts."},{"id":"d54f88ff-0574-4a14-961f-98a10d45d48e","email":"isabella.jackson@amerisave.com","message":"successfully handled skipped operation."},{"id":"bbb6476d-6906-42e9-9e7d-c3600a7624fe","email":"dylan.wilson@gmail.com","message":"failed to process due to datastore timeout of 30 seconds.  operation took 74 seconds."},{"id":"3c81a09f-ab6f-4781-8f19-32fb259a1a44","email":"daniel.rodriguez@amerisave.com","message":"successfully parsed message, but message temporarily enqueued while system restarts."},{"id":"058969bb-2510-455b-9890-e66feb6a899f","email":"taylor.adams@gmail.com","message":"successfully parsed message, but message temporarily enqueued while system restarts."},{"id":"e58db09a-9ea9-4627-9155-1513f716f528","email":"madison.lewis@gmail.com","message":"failed to process due to datastore timeout of 30 seconds.  operation took 93 seconds."},{"id":"67a6b94b-0c32-4cc5-b26a-06a9f61a2928","email":"mia.perez@me.com","message":"successfully parsed message, but message temporarily enqueued while system restarts."},{"id":"bd5f721a-9b76-49cc-b983-34e443bedd22","email":"hannah.martin@dropbox.net","message":"successfully processed after 8275 milliseconds."},{"id":"4931a330-6be3-43f9-bc35-749b826698ab","email":"mason.robinson@amerisave.com","message":"successfully parsed message, but message temporarily enqueued while system restarts."},{"id":"44bfca94-6e5f-44a2-bef6-d9f7208f0f16","email":"alexander.williams@gmail.com","message":"successfully handled skipped operation."},{"id":"753c9034-87a0-4d3a-9ff7-6016a0e44f20","email":"jackson.white@gmail.com","message":"successfully processed after 3143 milliseconds."},{"id":"adf2061a-7339-49e2-8d8d-76f211b15588","email":"alexis.brown@microsoft.com","message":"successfully processed after 2804 milliseconds."},{"id":"c64fc61e-7bf7-4b11-9cd3-0d7d936465d0","email":"mason.robinson@amerisave.com","message":"successfully parsed message, but message temporarily enqueued while system restarts."},{"id":"f4e64892-6dcc-4b99-8599-503e47026d7b","email":"aiden.johnson@microsoft.com","message":"successfully parsed message, but message temporarily enqueued while system restarts."},{"id":"bfa92989-01d2-41a1-b02b-7027d1a927ab","email":"ella.anderson@dropbox.net","message":"failed to process due to datastore timeout of 30 seconds.  operation took 47 seconds."},{"id":"6ced9580-6772-460d-b431-e4a03c4fc843","email":"liam.gonzalez@me.com","message":"failed to process due to datastore timeout of 30 seconds.  operation took 98 seconds."},{"id":"58ee1ee9-15ea-4b37-8505-421449f7b7a3","email":"michael.hall@dropbox.net","message":"failed to process due to datastore timeout of 30 seconds.  operation took 83 seconds."},{"id":"bc5ed00c-0abe-4e15-bb66-4170bd71d21d","email":"liam.gonzalez@me.com","message":"successfully processed after 3962 milliseconds."},{"id":"9e9d9b00-e22d-4ff7-b6fb-085a91216f56","email":"aiden.johnson@microsoft.com","message":"successfully handled skipped operation."},{"id":"3478e88f-ced8-409d-8051-5efb269175f0","email":"alyssa.jones@amerisave.com","message":"failed to process due to network exception."},{"id":"f94a8ab1-614e-4b1e-b0e1-18ff56282c12","email":"emily.taylor@gmail.com","message":"failed to process due to network exception."},{"id":"d4b6dd71-530c-44a5-9b49-e2315d34074c","email":"sophia.baker@dropbox.net","message":"failed to process due to datastore timeout of 30 seconds.  operation took 85 seconds."},{"id":"91eb4cea-3acb-412f-bcbe-0e7ffdcd8bbb","email":"lily.harris@gmail.com","message":"successfully processed after 2634 milliseconds."},{"id":"09208818-048c-4fde-bb67-4e725d697066","email":"mia.perez@me.com","message":"successfully handled skipped operation."},{"id":"ea2d9ae3-ce28-4514-ad3d-fe8f07be5e7f","email":"alexander.williams@gmail.com","message":"failed to process due to datastore timeout of 30 seconds.  operation took 113 seconds."},{"id":"5ec5e96f-6dae-4484-873f-73f385ec7e3a","email":"andrew.miller@gmail.com","message":"failed to process due to network exception."},{"id":"83d1e28b-58ea-4eac-807c-cc52d06b8b7c","email":"daniel.rodriguez@amerisave.com","message":"failed to process due to datastore timeout of 30 seconds.  operation took 107 seconds."},{"id":"994371f1-7560-451a-ae78-03a4b2cd3d8e","email":"andrew.miller@gmail.com","message":"successfully processed after 4236 milliseconds."},{"id":"76d5ff48-dcf1-4492-b7ac-be7c6f36319c","email":"samantha.scott@me.com","message":"failed to process due to datastore timeout of 30 seconds.  operation took 37 seconds."},{"id":"701b5994-6132-47e6-bb6d-4e83019737b8","email":"noah.sanchez@me.com","message":"successfully processed after 26 milliseconds."},{"id":"23c19ba7-dcee-486e-be12-8fe918e003fc","email":"michael.hall@dropbox.net","message":"successfully handled skipped operation."},{"id":"b50b1fb7-9a98-4555-a54f-cf5b7d4c9c52","email":"joshua.lee@gmail.com","message":"successfully parsed message, but message temporarily enqueued while system restarts."},{"id":"8cdec596-8cde-4790-9b98-735269a14c60","email":"sophia.baker@dropbox.net","message":"successfully processed after 4247 milliseconds."},{"id":"a4d0bdb2-bcca-4412-8c88-3367f72cf0c3","email":"noah.sanchez@me.com","message":"failed to process due to network exception."},{"id":"a60812d3-605d-4992-b44f-d23ba9c03bd8","email":"tyler.nelson@microsoft.com","message":"failed to process due to network exception."},{"id":"169ffef8-3624-4176-9ecf-01dfa353cfb9","email":"daniel.rodriguez@amerisave.com","message":"successfully parsed message, but message temporarily enqueued while system restarts."},{"id":"44963540-d06f-4545-acfa-30c13273de3a","email":"nathan.young@microsoft.com","message":"successfully parsed message, but message temporarily enqueued while system restarts."},{"id":"a6e0ac50-3294-4e1e-bbd5-4faa6ff65014","email":"jack.thompson@me.com","message":"successfully parsed message, but message temporarily enqueued while system restarts."},{"id":"2c75c667-7e93-4090-b7c1-18cfa0af10fe","email":"emma.thomas@me.com","message":"successfully processed after 944 milliseconds."},{"id":"5d79f6a9-f8d3-4211-a0cf-df5649aefd82","email":"mia.perez@me.com","message":"failed to process due to datastore timeout of 30 seconds.  operation took 60 seconds."},{"id":"9bb990b5-5949-4ae6-8381-22ab59d62abe","email":"elizabeth.martinez@dropbox.net","message":"successfully handled skipped operation."},{"id":"5c1807bf-e9a1-4d65-910f-e2c68f3c4e4f","email":"liam.gonzalez@me.com","message":"successfully parsed message, but message temporarily enqueued while system restarts."},{"id":"afc241c1-c80f-4351-8d0f-ffc2cbdbd6c0","email":"mia.perez@me.com","message":"successfully handled skipped operation."},{"id":"66637bf7-ef28-4836-9ede-c0e07a74cda1","email":"andrew.miller@gmail.com","message":"failed to process due to datastore timeout of 30 seconds.  operation took 101 seconds."},{"id":"89608885-1936-492f-96aa-cfda5817aa3e","email":"aiden.johnson@microsoft.com","message":"successfully handled skipped operation."},{"id":"3dfb6aad-8eff-4c5d-9adc-bda64b3bd44b","email":"emily.taylor@gmail.com","message":"successfully processed after 6643 milliseconds."},{"id":"581dcd6d-b07e-48ce-80e2-c7279ee04251","email":"dylan.wilson@gmail.com","message":"successfully processed after 283 milliseconds."},{"id":"47ead738-5d55-472e-8629-0cb24e8e4afa","email":"andrew.miller@gmail.com","message":"failed to process due to datastore timeout of 30 seconds.  operation took 90 seconds."},{"id":"e7b07e8f-8d3f-4428-bfc9-b4bd7effd06c","email":"alexis.brown@microsoft.com","message":"failed to process due to datastore timeout of 30 seconds.  operation took 59 seconds."},{"id":"1c5cafd3-53ba-4863-803d-3977e5b2f3f6","email":"grace.moore@gmail.com","message":"successfully parsed message, but message temporarily enqueued while system restarts."},{"id":"cba5e239-7c2b-4a6a-b8f8-823eae86f140","email":"daniel.rodriguez@amerisave.com","message":"successfully processed after 6816 milliseconds."},{"id":"89e600ee-713c-4a3c-a729-4de0dce02e49","email":"ella.anderson@dropbox.net","message":"successfully handled skipped operation."},{"id":"ce9e1ae8-1ad5-481d-bc8d-c9312a7c6236","email":"lily.harris@gmail.com","message":"failed to process due to datastore timeout of 30 seconds.  operation took 72 seconds."},{"id":"73705ab4-c971-4698-b80c-8e85cdc3d703","email":"emma.thomas@me.com","message":"failed to process due to datastore timeout of 30 seconds.  operation took 46 seconds."},{"id":"51e10b92-cacb-4c4d-be68-e3b6dc6d3e7c","email":"grace.moore@gmail.com","message":"successfully handled skipped operation."},{"id":"46ad65a7-b09c-47f2-a89f-295aab1de10b","email":"noah.sanchez@me.com","message":"successfully processed after 6046 milliseconds."},{"id":"0e938006-7ce4-4ddb-9319-a4cfc6e85f22","email":"joshua.lee@gmail.com","message":"failed to process due to datastore timeout of 30 seconds.  operation took 90 seconds."},{"id":"9abf7be7-767c-4097-ba83-66bc132d656e","email":"abigail.smith@amerisave.com","message":"failed to process due to network exception."},{"id":"33fac022-b521-4bf5-a0f8-e319232db473","email":"taylor.adams@gmail.com","message":"successfully handled skipped operation."},{"id":"dd559074-b573-499e-85e4-d1c343f99570","email":"alexander.williams@gmail.com","message":"successfully parsed message, but message temporarily enqueued while system restarts."},{"id":"7eb3ab81-c74c-4539-89af-55e1b025ff33","email":"olivia.wright@gmail.com","message":"successfully handled skipped operation."},{"id":"16af8ff7-5189-4109-a2e0-b179d27a1f32","email":"ella.anderson@dropbox.net","message":"successfully handled skipped operation."},{"id":"396c46b9-1457-4fe8-b52b-c0051782d60c","email":"aiden.johnson@microsoft.com","message":"failed to process due to network exception."},{"id":"e48fdb21-0703-4489-ad3a-926844f3c842","email":"emma.thomas@me.com","message":"successfully processed after 3718 milliseconds."},{"id":"97a0ac3c-505e-42f4-bba5-868db2203acc","email":"aiden.johnson@microsoft.com","message":"failed to process due to network exception."},{"id":"ed41b670-249c-47a6-b7cb-2e1b35a0cac2","email":"logan.clark@dropbox.net","message":"successfully handled skipped operation."},{"id":"ce2528a6-fdc6-4b9c-b081-5f4755561c09","email":"dylan.wilson@gmail.com","message":"successfully parsed message, but message temporarily enqueued while system restarts."},{"id":"c5117557-55e9-4ac1-ad0d-004a2d399b9d","email":"emma.thomas@me.com","message":"failed to process due to network exception."},{"id":"e3d6736d-1f6a-47e2-8aca-d296187c2aa3","email":"elizabeth.martinez@dropbox.net","message":"successfully handled skipped operation."},{"id":"0b9c42ea-6ea3-4754-9063-01ff6e81d2d2","email":"elizabeth.martinez@dropbox.net","message":"successfully handled skipped operation."},{"id":"4e3e4174-d546-4747-9134-18526135d885","email":"sarah.green@amerisave.com","message":"successfully processed after 337 milliseconds."},{"id":"b1c83bbe-52a7-4aef-a604-cab04a19eea5","email":"chloe.garcia@dropbox.net","message":"failed to process due to datastore timeout of 30 seconds.  operation took 70 seconds."},{"id":"6234741e-2d5e-4a7c-a404-7f2b9244bb9d","email":"dylan.wilson@gmail.com","message":"successfully processed after 4784 milliseconds."},{"id":"cd15029f-edfe-43b3-b4ea-a1be12a115e6","email":"dylan.wilson@gmail.com","message":"failed to process due to network exception."},{"id":"5d944dd2-a5eb-4c82-b8e7-256755cd25b9","email":"mason.robinson@amerisave.com","message":"successfully parsed message, but message temporarily enqueued while system restarts."},{"id":"a7e763bb-fbbc-4859-89fe-fca80307002f","email":"sophia.baker@dropbox.net","message":"failed to process due to network exception."},{"id":"fc96d441-92b5-4e79-86c2-ef8101d0f13f","email":"jack.thompson@me.com","message":"successfully parsed message, but message temporarily enqueued while system restarts."},{"id":"810eb338-d67f-4263-ab48-13b3a4ec4faf","email":"logan.clark@dropbox.net","message":"successfully handled skipped operation."},{"id":"b5b07369-4a2f-43ca-832c-6a6fe8695eec","email":"mason.robinson@amerisave.com","message":"successfully handled skipped operation."},{"id":"17297e4a-dd54-4387-9362-e2bbdb2ebcd9","email":"grace.moore@gmail.com","message":"failed to process due to network exception."},{"id":"eacf2051-0ce9-4681-9a5f-af8c98cc659a","email":"ella.anderson@dropbox.net","message":"failed to process due to datastore timeout of 30 seconds.  operation took 35 seconds."},{"id":"9d19ee19-40c6-4275-955c-b6c52a066104","email":"jacob.lopez@dropbox.net","message":"failed to process due to datastore timeout of 30 seconds.  operation took 45 seconds."},{"id":"7ac92221-dc04-495c-a02b-547f7020f6a2","email":"logan.clark@dropbox.net","message":"successfully handled skipped operation."},{"id":"b4f7e9ae-8a7e-45bf-920e-48f805940aa3","email":"lily.harris@gmail.com","message":"successfully handled skipped operation."},{"id":"1ceb9ede-fc1c-4996-9ceb-d08108b10bec","email":"andrew.miller@gmail.com","message":"successfully handled skipped operation."},{"id":"1266333e-5ff9-4bea-86c0-700c38cec23e","email":"mason.robinson@amerisave.com","message":"successfully processed after 7740 milliseconds."},{"id":"849e32ee-885e-43a2-98a9-197b15053f83","email":"samantha.scott@me.com","message":"failed to process due to network exception."},{"id":"fdc4b8fe-09d3-4f4b-b31f-61f64bfe1fc8","email":"jackson.white@gmail.com","message":"failed to process due to datastore timeout of 30 seconds.  operation took 105 seconds."},{"id":"849acd62-a46a-44a2-8f30-c61961d5958d","email":"noah.sanchez@me.com","message":"successfully processed after 553 milliseconds."},{"id":"a00d2a85-616b-4b5b-a439-20507172ad95","email":"logan.clark@dropbox.net","message":"failed to process due to datastore timeout of 30 seconds.  operation took 124 seconds."},{"id":"db128808-3abf-4718-b03f-1e6e12cbb1cd","email":"lily.harris@gmail.com","message":"failed to process due to network exception."},{"id":"f2d79745-3f76-4959-be20-1511b6bc3f54","email":"nathan.young@microsoft.com","message":"failed to process due to network exception."},{"id":"a2f04eb8-f17d-415f-bb53-4d375dde54c7","email":"alexander.williams@gmail.com","message":"failed to process due to datastore timeout of 30 seconds.  operation took 32 seconds."},{"id":"aed186bf-4cad-4513-a68d-a1f288c0e296","email":"jackson.white@gmail.com","message":"failed to process due to datastore timeout of 30 seconds.  operation took 120 seconds."}],"id":"223265c1-6319-49cc-92db-b0efb6490885"}