{"logs":[{"id":"2354c952-70c8-4d5f-81f5-bb9d00a73b9e","email":"mason.robinson@amerisave.com","message":"successfully handled skipped operation."},{"id":"b0e4bc59-11df-47c0-a7db-17c203b0c59b","email":"sarah.green@amerisave.com","message":"successfully parsed message, but message temporarily enqueued while system restarts."},{"id":"24312903-b7ed-43fc-8d58-4395c4cdd648","email":"ethan.hernandez@microsoft.com","message":"successfully parsed message, but message temporarily enqueued while system restarts."},{"id":"c465790b-ae7f-44d6-b9df-f83b73437758","email":"sophia.baker@dropbox.net","message":"failed to process due to datastore timeout of 30 seconds.  operation took 56 seconds."},{"id":"8a2029d2-1068-49a6-af6f-78a1c73254ec","email":"andrew.miller@gmail.com","message":"successfully processed after 5463 milliseconds."},{"id":"faa9e401-cf7a-4823-983e-4dd70ea4e5d4","email":"samantha.scott@me.com","message":"successfully parsed message, but message temporarily enqueued while system restarts."},{"id":"931c958a-ef49-4664-b4fc-0587c57bbc0c","email":"noah.sanchez@me.com","message":"failed to process due to datastore timeout of 30 seconds.  operation took 78 seconds."},{"id":"b757f3d1-c393-48a2-bd78-be453928a7a7","email":"olivia.wright@gmail.com","message":"failed to process due to network exception."},{"id":"ef218858-6ac0-4a35-be19-e0d509c5ece0","email":"alexander.williams@gmail.com","message":"failed to process due to datastore timeout of 30 seconds.  operation took 114 seconds."},{"id":"5c275030-770b-4568-acb9-8ff6c7f588b2","email":"mia.perez@me.com","message":"failed to process due to datastore timeout of 30 seconds.  operation took 85 seconds."},{"id":"807bd0f2-df3a-48e7-936c-8ab237661cfe","email":"liam.gonzalez@me.com","message":"failed to process due to network exception."},{"id":"6ba5db1a-7431-4b9a-9f60-4b49774f4863","email":"dylan.wilson@gmail.com","message":"failed to process due to network exception."},{"id":"a13048b0-3144-4b2c-ad2b-a43b26a6a0e6","email":"nicholas.allen@microsoft.com","message":"successfully processed after 5418 milliseconds."},{"id":"daa90b7c-ba7b-4eed-956f-d7f4fa136ebc","email":"noah.sanchez@me.com","message":"successfully processed after 3957 milliseconds."},{"id":"6bf50374-1806-434a-8e88-97be54a8c015","email":"matthew.walker@amerisave.com","message":"successfully handled skipped operation."},{"id":"cfbdf68c-1133-4f1c-a3f3-910988ba7cb7","email":"jack.thompson@me.com","message":"failed to process due to network exception."},{"id":"e701695c-c8ef-48a9-a055-6df3d0837593","email":"sophia.baker@dropbox.net","message":"failed to process due to datastore timeout of 30 seconds.  operation took 45 seconds."},{"id":"1b29f2be-7a35-429a-aaf8-64678b2393b0","email":"alexis.brown@microsoft.com","message":"successfully processed after 7139 milliseconds."},{"id":"cce72d58-17e4-4b3a-8849-ef205130b3bd","email":"andrew.miller@gmail.com","message":"successfully handled skipped operation."},{"id":"8fc2502a-5219-40e9-a504-de07e6d02d17","email":"alexis.brown@microsoft.com","message":"successfully parsed message, but message temporarily enqueued while system restarts."},{"id":"3c9d8615-1d9b-4ab4-a3d8-55823e7462c3","email":"tyler.nelson@microsoft.com","message":"successfully parsed message, but message temporarily enqueued while system restarts."},{"id":"d0114c7c-24cd-4a1f-9c23-a99d39ce286f","email":"alexander.williams@gmail.com","message":"successfully processed after 2136 milliseconds."},{"id":"00e3c265-deb1-4e18-b4db-0b98e553d5b9","email":"hannah.martin@dropbox.net","message":"failed to process due to datastore timeout of 30 seconds.  operation took 125 seconds."},{"id":"c09d2e17-7d32-4d5a-bc01-73462669e258","email":"sophia.baker@dropbox.net","message":"failed to process due to datastore timeout of 30 seconds.  operation took 33 seconds."},{"id":"39110b8d-0218-4ad7-9c35-33645d446980","email":"taylor.adams@gmail.com","message":"successfully handled skipped operation."},{"id":"b34b7da9-1401-4af9-8967-418d2217649e","email":"alyssa.jones@amerisave.com","message":"failed to process due to network exception."},{"id":"039c716a-c18d-444c-87d5-e1f9bc31ac88","email":"andrew.miller@gmail.com","message":"failed to process due to network exception."},{"id":"07b76c70-5364-4615-b388-dd9f92bf542c","email":"jacob.lopez@dropbox.net","message":"successfully parsed message, but message temporarily enqueued while system restarts."},{"id":"bdc16c29-bbdc-4faf-947d-e329a02de75f","email":"matthew.walker@amerisave.com","message":"successfully handled skipped operation."},{"id":"94be8d49-7ea1-4212-ba19-ed17ce4adf39","email":"madison.lewis@gmail.com","message":"successfully processed after 1081 milliseconds."},{"id":"680f1240-7ba7-4ea5-a26f-2828b5e2c7e9","email":"samantha.scott@me.com","message":"successfully parsed message, but message temporarily enqueued while system restarts."},{"id":"ce136a9b-53f8-4151-94a7-77b156021409","email":"andrew.miller@gmail.com","message":"successfully processed after 5061 milliseconds."},{"id":"6cceb703-bc97-44b8-bbb8-f56a3d7b1b1b","email":"olivia.wright@gmail.com","message":"successfully handled skipped operation."},{"id":"54d367d3-0221-4fcf-975f-1fd22b719218","email":"elizabeth.martinez@dropbox.net","message":"failed to process due to datastore timeout of 30 seconds.  operation took 98 seconds."},{"id":"c207c1d2-66f7-4da8-89ad-6326678cef7d","email":"ella.anderson@dropbox.net","message":"failed to process due to datastore timeout of 30 seconds.  operation took 87 seconds."},{"id":"428fc7fa-1c13-4cc8-93b7-90fd27c5019b","email":"dylan.wilson@gmail.com","message":"successfully handled skipped operation."},{"id":"bd17ea3f-1546-424c-8325-9cd8a23370ba","email":"liam.gonzalez@me.com","message":"successfully handled skipped operation."},{"id":"80a95153-6092-4318-9778-62a1a13c2bce","email":"abigail.smith@amerisave.com","message":"failed to process due to network exception."},{"id":"06a8871f-d53a-4387-8a84-bb866bcb0ca2","email":"noah.sanchez@me.com","message":"failed to process due to network exception."},{"id":"75adbb81-62a3-4f88-8605-67c1ba5e7ac5","email":"alyssa.jones@amerisave.com","message":"successfully parsed message, but message temporarily enqueued while system restarts."},{"id":"9a0c0796-824e-47ec-89e8-0a56c7c542cc","email":"sarah.green@amerisave.com","message":"successfully handled skipped operation."},{"id":"4fabd0dd-bb8e-4d1c-8816-2f6731e4ebe9","email":"andrew.miller@gmail.com","message":"failed to process due to datastore timeout of 30 seconds.  operation took 71 seconds."},{"id":"c285dcaa-f47f-4035-995c-d41ae15917b6","email":"joshua.lee@gmail.com","message":"successfully processed after 3801 milliseconds."},{"id":"52f87ca2-b43d-49db-9ce3-8429b0142c99","email":"chloe.garcia@dropbox.net","message":"successfully parsed message, but message temporarily enqueued while system restarts."},{"id":"5e58ec26-3168-40f8-b74f-fa18a4e44469","email":"jack.thompson@me.com","message":"successfully handled skipped operation."},{"id":"96d3d4dc-dc02-4c81-898f-3bdd45823773","email":"ava.davis@gmail.com","message":"successfully processed after 2815 milliseconds."},{"id":"ba9e7ba4-6331-4f1b-863d-488b16f9a06e","email":"elizabeth.martinez@dropbox.net","message":"successfully parsed message, but message temporarily enqueued while system restarts."},{"id":"928f1f59-bae1-4b6f-b9b7-a4ed2bcc1adc","email":"matthew.walker@amerisave.com","message":"successfully handled skipped operation."},{"id":"163d1a86-d284-404a-a9d7-a7d9c3e8571c","email":"mason.robinson@amerisave.com","message":"successfully parsed message, but message temporarily enqueued while system restarts."},{"id":"cc3d2304-8f8c-4af8-88a2-2ff0ef2f054e","email":"ryan.king@dropbox.net","message":"failed to process due to datastore timeout of 30 seconds.  operation took 90 seconds."},{"id":"8e6b7f24-a1cf-4a8a-b162-dabd4d490208","email":"noah.sanchez@me.com","message":"successfully handled skipped operation."},{"id":"259922e4-4efc-4d77-ba27-5366af3e1c86","email":"logan.clark@dropbox.net","message":"successfully parsed message, but message temporarily enqueued while system restarts."},{"id":"5fec1232-bec0-40b9-95be-e63ff081bcb6","email":"madison.lewis@gmail.com","message":"successfully handled skipped operation."},{"id":"aef25737-cf8b-4db9-9e8c-391e1b6f9e15","email":"ella.anderson@dropbox.net","message":"successfully parsed message, but message temporarily enqueued while system restarts."},{"id":"94b4da94-2119-4ab7-9669-70b5fcb727ee","email":"madison.lewis@gmail.com","message":"successfully processed after 4171 milliseconds."},{"id":"0d71b570-6d07-4ace-919d-2c497c1a75b9","email":"jack.thompson@me.com","message":"failed to process due to datastore timeout of 30 seconds.  operation took 98 seconds."},{"id":"0d7bb16b-ab7d-455a-927b-d033422f318f","email":"jack.thompson@me.com","message":"successfully parsed message, but message temporarily enqueued while system restarts."},{"id":"4026ddf1-b503-4074-98e2-1a4677459f59","email":"andrew.miller@gmail.com","message":"failed to process due to datastore timeout of 30 seconds.  operation took 42 seconds."},{"id":"9fb81bfa-f40b-432d-9279-5862c94cdbcd","email":"elizabeth.martinez@dropbox.net","message":"successfully handled skipped operation."},{"id":"6e4a0810-b8f4-4a60-8bbb-85c868b63812","email":"jacob.lopez@dropbox.net","message":"successfully handled skipped operation."},{"id":"eca5d653-8e06-497b-b959-a041a0403205","email":"ryan.king@dropbox.net","message":"successfully handled skipped operation."},{"id":"6ddaee89-d036-4373-89ed-72d3081a878c","email":"alexander.williams@gmail.com","message":"failed to process due to network exception."},{"id":"45eb8d9d-cb4a-463a-9aac-42693722dc2f","email":"jackson.white@gmail.com","message":"successfully processed after 4017 milliseconds."},{"id":"8ac082fb-961a-4d8e-81f9-af8614f6d708","email":"elizabeth.martinez@dropbox.net","message":"successfully processed after 3197 milliseconds."},{"id":"dc22909b-b193-4725-b68d-a1a6b8cc77b8","email":"noah.sanchez@me.com","message":"failed to process due to datastore timeout of 30 seconds.  operation took 31 seconds."},{"id":"5652bc49-b232-43b2-a6d6-0ab2fb4b59dd","email":"chloe.garcia@dropbox.net","message":"successfully processed after 944 milliseconds."},{"id":"662df5a4-0efa-4ef9-8b67-7fb6a6335265","email":"logan.clark@dropbox.net","message":"failed to process due to network exception."},{"id":"b1c43003-ee93-4910-91c4-5eb703673cde","email":"jacob.lopez@dropbox.net","message":"successfully parsed message, but message temporarily enqueued while system restarts."},{"id":"f48ca6a9-b13d-4dce-b6c2-80753ad16545","email":"madison.lewis@gmail.com","message":"failed to process due to datastore timeout of 30 seconds.  operation took 34 seconds."},{"id":"a22cc113-6c46-4ff3-9cad-8e40f103c97c","email":"daniel.rodriguez@amerisave.com","message":"failed to process due to datastore timeout of 30 seconds.  operation took 114 seconds."},{"id":"52a3295d-208a-4bd3-80d1-e970a0122b94","email":"emma.thomas@me.com","message":"failed to process due to network exception."},{"id":"0cf00cef-b6b0-42e7-a8b0-609112cfa74c","email":"liam.gonzalez@me.com","message":"successfully handled skipped operation."},{"id":"42b42261-98f5-4ca1-ba42-9bc1d16e6bcc","email":"ava.davis@gmail.com","message":"successfully processed after 6691 milliseconds."},{"id":"2d13b96d-815d-40cb-b8b2-7eaaf0c80be4","email":"ryan.king@dropbox.net","message":"failed to process due to datastore timeout of 30 seconds.  operation took 129 seconds."},{"id":"c5f18bf7-4e91-4992-a2d9-75809f6a9add","email":"isabella.jackson@amerisave.com","message":"successfully processed after 6856 milliseconds."},{"id":"6f3176ea-f516-4a39-b01c-54c5243ddb2b","email":"ryan.king@dropbox.net","message":"failed to process due to network exception."},{"id":"49e6fc6e-09e0-42a6-8dac-751bdf3ef1ed","email":"noah.sanchez@me.com","message":"successfully parsed message, but message temporarily enqueued while system restarts."},{"id":"169cf6eb-5c1f-408b-bb1d-4d98e706a24f","email":"emily.taylor@gmail.com","message":"successfully handled skipped operation."},{"id":"f6865ab9-491a-4c8b-a3e9-4f312b474d1d","email":"alyssa.jones@amerisave.com","message":"successfully processed after 999 milliseconds."},{"id":"ccfe7c2c-c6dc-4702-891d-5e48cba60385","email":"dylan.wilson@gmail.com","message":"failed to process due to datastore timeout of 30 seconds.  operation took 128 seconds."},{"id":"fb5f94a5-e184-475e-8feb-23557cb0e617","email":"matthew.walker@amerisave.com","message":"failed to process due to datastore timeout of 30 seconds.  operation took 70 seconds."},{"id":"fc9896db-c53e-441f-b405-76c1aa933471","email":"nathan.young@microsoft.com","message":"successfully processed after 739 milliseconds."},{"id":"c79355cf-097f-442a-bcae-2bd6872aa2c5","email":"emily.taylor@gmail.com","message":"failed to process due to network exception."},{"id":"5f14d9ab-34c4-45d3-a7e8-db8304948636","email":"abigail.smith@amerisave.com","message":"successfully processed after 2560 milliseconds."},{"id":"2dba61c0-519e-447c-b43f-839ab16baa66","email":"grace.moore@gmail.com","message":"successfully processed after 7129 milliseconds."},{"id":"1ff9e1fe-356f-4aa2-a623-e797e963844f","email":"alexis.brown@microsoft.com","message":"successfully processed after 8878 milliseconds."},{"id":"e25f8993-7353-4c3e-91f9-fa2ba7fe7340","email":"olivia.wright@gmail.com","message":"failed to process due to datastore timeout of 30 seconds.  operation took 55 seconds."},{"id":"776df17a-77c1-463b-91d7-fb6b61bc07ad","email":"logan.clark@dropbox.net","message":"successfully parsed message, but message temporarily enqueued while system restarts."},{"id":"7fff3ad6-0187-4a31-9a9d-54b84228e072","email":"chloe.garcia@dropbox.net","message":"failed to process due to datastore timeout of 30 seconds.  operation took 31 seconds."},{"id":"6ad933ae-8d22-4477-b4cd-aaa268b07022","email":"andrew.miller@gmail.com","message":"failed to process due to network exception."},{"id":"55f779d5-6ba1-4ba9-9328-b71c2642dc12","email":"ethan.hernandez@microsoft.com","message":"successfully processed after 2449 milliseconds."},{"id":"f8d53e9d-1111-48cb-8a71-0ac4beeaca81","email":"logan.clark@dropbox.net","message":"successfully parsed message, but message temporarily enqueued while system restarts."},{"id":"047de6b0-93aa-4556-8033-631040a8c675","email":"nicholas.allen@microsoft.com","message":"successfully processed after 133 milliseconds."},{"id":"eef70ec8-bed3-4e22-b993-8f3e1a714a62","email":"jacob.lopez@dropbox.net","message":"failed to process due to datastore timeout of 30 seconds.  operation took 107 seconds."},{"id":"6cc0f0a0-0b06-4f6c-8fc2-8d2a63bc1eae","email":"mia.perez@me.com","message":"successfully processed after 1464 milliseconds."},{"id":"57ad4a8d-d079-46ca-b0b4-9e7d3b880425","email":"alexander.williams@gmail.com","message":"failed to process due to network exception."},{"id":"d15115d0-6902-4156-b924-5d436d07edf3","email":"emma.thomas@me.com","message":"successfully handled skipped operation."},{"id":"585abc48-0084-4941-861d-3d4b92e3a455","email":"liam.gonzalez@me.com","message":"failed to process due to network exception."},{"id":"7f91d409-a106-4c60-b878-40167ef7046d","email":"logan.clark@dropbox.net","message":"successfully handled skipped operation."},{"id":"7e7eaae2-d7d6-4d7e-b4fe-172e61e9fd7c","email":"ava.davis@gmail.com","message":"successfully parsed message, but message temporarily enqueued while system restarts."},{"id":"3d1ca2af-564d-4ad3-abe7-0f2b4cd2e4a5","email":"daniel.rodriguez@amerisave.com","message":"successfully processed after 6705 milliseconds."},{"id":"d12e2c1b-552c-4710-bc6c-34a2ee5ec97c","email":"ethan.hernandez@microsoft.com","message":"successfully parsed message, but message temporarily enqueued while system restarts."},{"id":"9208ba60-95ec-4020-b513-4f51de6d04e5","email":"tyler.nelson@microsoft.com","message":"failed to process due to datastore timeout of 30 seconds.  operation took 114 seconds."},{"id":"46741dcd-214f-402e-a847-b3ab4670de0e","email":"samantha.scott@me.com","message":"failed to process due to datastore timeout of 30 seconds.  operation took 66 seconds."},{"id":"d8d9b52d-ebd0-457d-9252-88c839473ade","email":"chloe.garcia@dropbox.net","message":"failed to process due to datastore timeout of 30 seconds.  operation took 102 seconds."},{"id":"6310465b-501e-49a8-abb7-5f066af7b40a","email":"matthew.walker@amerisave.com","message":"successfully processed after 5582 milliseconds."},{"id":"9262f79f-ff02-42ae-baa4-0a1c84a63eb3","email":"alexis.brown@microsoft.com","message":"failed to process due to network exception."},{"id":"f1b6945a-9d04-4458-b535-a09c70cf8e10","email":"abigail.smith@amerisave.com","message":"successfully handled skipped operation."},{"id":"a7791e25-cb01-478b-904e-524a57183d09","email":"alexis.brown@microsoft.com","message":"failed to process due to network exception."},{"id":"f66176dc-3da8-422a-a722-ef382de7242d","email":"jack.thompson@me.com","message":"successfully parsed message, but message temporarily enqueued while system restarts."},{"id":"1b0596f2-7dd8-4fd3-8abd-6ad2392f5e1b","email":"jack.thompson@me.com","message":"failed to process due to network exception."},{"id":"3682619c-e3c0-44fa-ad00-a271eda8db89","email":"taylor.adams@gmail.com","message":"failed to process due to datastore timeout of 30 seconds.  operation took 109 seconds."},{"id":"1df7bdff-9aa9-4747-bd02-9c5be12186a1","email":"michael.hall@dropbox.net","message":"successfully handled skipped operation."},{"id":"1d791c74-5c82-411c-a1e3-56bbf360357f","email":"nathan.young@microsoft.com","message":"failed to process due to network exception."},{"id":"5f5f5743-98cf-4870-973d-86a09845ab17","email":"daniel.rodriguez@amerisave.com","message":"successfully processed after 8172 milliseconds."},{"id":"e08dd896-a411-469e-95c2-5084f9eb9882","email":"michael.hall@dropbox.net","message":"failed to process due to datastore timeout of 30 seconds.  operation took 115 seconds."},{"id":"161f4dbf-6916-4987-a522-0b4fabc15fbb","email":"dylan.wilson@gmail.com","message":"successfully handled skipped operation."},{"id":"f58e30d9-7080-4e89-a8b6-9bcd3cc736c5","email":"emily.taylor@gmail.com","message":"successfully parsed message, but message temporarily enqueued while system restarts."},{"id":"1e988dba-a24c-43c8-bce1-b83d6fb29a57","email":"emma.thomas@me.com","message":"failed to process due to datastore timeout of 30 seconds.  operation took 55 seconds."},{"id":"ab107ec3-3f9a-46f3-a90f-79480b713d47","email":"ava.davis@gmail.com","message":"successfully processed after 7586 milliseconds."},{"id":"37c24c2c-a621-4c84-9c1f-e2796eeb99f5","email":"ella.anderson@dropbox.net","message":"failed to process due to network exception."},{"id":"ebfa851e-863d-4332-a009-c04586852f3f","email":"logan.clark@dropbox.net","message":"successfully processed after 2701 milliseconds."},{"id":"999876f1-267b-4ee8-8d48-5d5a1cc00142","email":"joshua.lee@gmail.com","message":"failed to process due to network exception."},{"id":"3f03faa6-6fe8-49bb-8b8b-6e2b4e0e61f0","email":"logan.clark@dropbox.net","message":"failed to process due to network exception."},{"id":"07883f93-3752-4a82-bb39-899677e23641","email":"olivia.wright@gmail.com","message":"successfully processed after 2566 milliseconds."},{"id":"fcc9fd37-fd84-4551-afa9-05365836c89d","email":"aiden.johnson@microsoft.com","message":"successfully parsed message, but message temporarily enqueued while system restarts."},{"id":"e9d57afb-0114-4b2f-b4a5-c54a632a923d","email":"madison.lewis@gmail.com","message":"failed to process due to datastore timeout of 30 seconds.  operation took 44 seconds."},{"id":"257cc1eb-2022-4661-9928-c26c82156c9d","email":"ryan.king@dropbox.net","message":"failed to process due to datastore timeout of 30 seconds.  operation took 99 seconds."},{"id":"a2f9a613-8669-4ea2-a89e-f0646238a010","email":"madison.lewis@gmail.com","message":"successfully handled skipped operation."},{"id":"a5698193-d9a9-4c6c-97e0-cc4bf3417385","email":"taylor.adams@gmail.com","message":"failed to process due to network exception."},{"id":"f0b264bf-7704-4871-bbf6-e83d84b1eb02","email":"dylan.wilson@gmail.com","message":"successfully handled skipped operation."},{"id":"e42b650c-3847-4a67-b17f-e9112b6347e1","email":"ella.anderson@dropbox.net","message":"failed to process due to datastore timeout of 30 seconds.  operation took 83 seconds."},{"id":"50859801-b020-41f7-8e63-4033e3a1e96e","email":"alexander.williams@gmail.com","message":"failed to process due to network exception."},{"id":"aa1655c7-eb0d-430c-bba1-5e7b3322701f","email":"jack.thompson@me.com","message":"failed to process due to network exception."},{"id":"16c09b14-8101-49d7-a655-86464f2b6bb9","email":"ryan.king@dropbox.net","message":"successfully processed after 7754 milliseconds."},{"id":"965acc94-49ed-4ead-949e-e64a45ffe068","email":"liam.gonzalez@me.com","message":"failed to process due to datastore timeout of 30 seconds.  operation took 106 seconds."},{"id":"d63c0fd7-0af5-4366-b2dc-67467892d984","email":"ethan.hernandez@microsoft.com","message":"successfully handled skipped operation."},{"id":"edf46f70-2860-4c11-9f9f-f3d805daeaa4","email":"ella.anderson@dropbox.net","message":"successfully handled skipped operation."},{"id":"da999f37-b737-4842-98bd-dd37114b8b48","email":"taylor.adams@gmail.com","message":"failed to process due to network exception."},{"id":"be18f1be-d081-465a-9b2f-f2160289da4f","email":"elizabeth.martinez@dropbox.net","message":"failed to process due to network exception."},{"id":"d6d4330d-66d0-4e35-ae49-bf582376486b","email":"mason.robinson@amerisave.com","message":"failed to process due to network exception."},{"id":"1b9d96d6-eaec-43f8-84a8-9aa7da0b62fe","email":"taylor.adams@gmail.com","message":"successfully parsed message, but message temporarily enqueued while system restarts."},{"id":"5fe7c892-5f96-42f1-902e-155d3c219b97","email":"jack.thompson@me.com","message":"failed to process due to network exception."},{"id":"8176e24a-50d9-4f92-9f01-6655a1649d8c","email":"mason.robinson@amerisave.com","message":"successfully processed after 2498 milliseconds."},{"id":"e2a21dbc-e734-45a2-a831-cf5f8ac49b42","email":"aiden.johnson@microsoft.com","message":"successfully handled skipped operation."},{"id":"0506ea57-acb5-4b1c-ada7-7e99296303c1","email":"tyler.nelson@microsoft.com","message":"successfully parsed message, but message temporarily enqueued while system restarts."},{"id":"c3cd05e6-7147-431c-bf8a-ccc20757acde","email":"emily.taylor@gmail.com","message":"failed to process due to network exception."},{"id":"f7d82d1f-10ac-4f79-9cdb-704d1ec5a11c","email":"abigail.smith@amerisave.com","message":"failed to process due to datastore timeout of 30 seconds.  operation took 70 seconds."},{"id":"1e861e3a-df1e-4261-86cf-18d444fe6643","email":"logan.clark@dropbox.net","message":"successfully handled skipped operation."},{"id":"6b111422-7bd0-4751-842d-a01b4eb53c8e","email":"ethan.hernandez@microsoft.com","message":"failed to process due to network exception."},{"id":"ebb13fed-7755-4330-bd4c-1d9b202b70c1","email":"sarah.green@amerisave.com","message":"successfully handled skipped operation."},{"id":"e27f34b0-5fcf-44c4-9ab2-13a59bb7f1ad","email":"noah.sanchez@me.com","message":"successfully handled skipped operation."},{"id":"02512479-4e10-4bbb-82d8-cbe42871b70e","email":"jack.thompson@me.com","message":"successfully parsed message, but message temporarily enqueued while system restarts."},{"id":"5741fa18-72b1-448e-8c4a-05aa6c0e6ce9","email":"mason.robinson@amerisave.com","message":"failed to process due to network exception."},{"id":"6d82fb48-8408-4ec9-9dab-87d0c345362d","email":"jackson.white@gmail.com","message":"successfully handled skipped operation."},{"id":"1490818d-2a88-43f0-84e2-8401185000dd","email":"joshua.lee@gmail.com","message":"successfully handled skipped operation."},{"id":"d7625c3b-cd7d-4bf5-9b83-0a2759683551","email":"samantha.scott@me.com","message":"successfully handled skipped operation."},{"id":"a89ab3f1-3943-4263-ba78-24fcb009d0a2","email":"abigail.smith@amerisave.com","message":"successfully handled skipped operation."},{"id":"cedddca9-b8cc-4905-8989-7a8955e6ecdc","email":"mason.robinson@amerisave.com","message":"failed to process due to network exception."},{"id":"1b9f0359-0262-4303-959b-c9b5d1f07bb8","email":"andrew.miller@gmail.com","message":"failed to process due to datastore timeout of 30 seconds.  operation took 39 seconds."},{"id":"b0499821-e231-47f0-b289-3831eaf2917b","email":"joshua.lee@gmail.com","message":"successfully processed after 833 milliseconds."},{"id":"2f82beb0-8628-499d-83c1-dfe8e449f869","email":"olivia.wright@gmail.com","message":"failed to process due to network exception."},{"id":"3af6bfaa-5519-4012-b0f2-66ba5ead53de","email":"taylor.adams@gmail.com","message":"failed to process due to network exception."},{"id":"4ccb3ba3-1d30-4ff6-9390-c1954b09f29d","email":"aiden.johnson@microsoft.com","message":"successfully handled skipped operation."},{"id":"a33f28ee-eb3a-4d09-84b5-c0feaadf5bd6","email":"sophia.baker@dropbox.net","message":"successfully processed after 7117 milliseconds."},{"id":"2685df91-466f-4703-95de-4bb77a1cd982","email":"emily.taylor@gmail.com","message":"failed to process due to network exception."},{"id":"a65a8f18-65e9-4d0a-b89d-2cabfcb3e87e","email":"ryan.king@dropbox.net","message":"successfully processed after 5399 milliseconds."},{"id":"faabc779-6f29-414e-afe8-f65d8103b391","email":"noah.sanchez@me.com","message":"successfully parsed message, but message temporarily enqueued while system restarts."},{"id":"ccef63b5-db92-4178-97a8-b5a82cb534e3","email":"matthew.walker@amerisave.com","message":"failed to process due to datastore timeout of 30 seconds.  operation took 121 seconds."},{"id":"ae72ea89-115b-4b1e-87cf-c2226c3dc5c7","email":"mason.robinson@amerisave.com","message":"successfully handled skipped operation."},{"id":"5e1012cc-4d2c-479a-991d-d3d0889ac897","email":"alexander.williams@gmail.com","message":"failed to process due to datastore timeout of 30 seconds.  operation took 123 seconds."},{"id":"ece665ca-8b03-4380-a5a2-db824526840a","email":"tyler.nelson@microsoft.com","message":"failed to process due to network exception."},{"id":"bae1c610-626d-4625-9854-cafc03c830fd","email":"grace.moore@gmail.com","message":"failed to process due to datastore timeout of 30 seconds.  operation took 70 seconds."},{"id":"52b3c4e2-282f-437b-8874-47b2d25eb9c8","email":"alexander.williams@gmail.com","message":"successfully processed after 4468 milliseconds."},{"id":"2b69ee8e-1ca7-41b6-a8dd-5256772f0f38","email":"mia.perez@me.com","message":"successfully processed after 4289 milliseconds."},{"id":"43a4728c-9ad2-4cee-b6bd-d24fe4a7af9d","email":"alexis.brown@microsoft.com","message":"failed to process due to network exception."},{"id":"96cb8398-9abe-4124-8704-26b7e5adf526","email":"grace.moore@gmail.com","message":"failed to process due to network exception."},{"id":"a28bb12b-6ccd-4f13-8a79-76c986debee6","email":"jacob.lopez@dropbox.net","message":"successfully processed after 8417 milliseconds."},{"id":"b8510d00-f479-486e-b0d0-a9d0c9557858","email":"isabella.jackson@amerisave.com","message":"successfully processed after 466 milliseconds."},{"id":"98a5c7fd-fec7-4867-9ee3-ca021714352c","email":"jacob.lopez@dropbox.net","message":"successfully processed after 5150 milliseconds."},{"id":"21cf0e95-bd7b-49b0-afb6-57ca14df1de8","email":"liam.gonzalez@me.com","message":"failed to process due to network exception."},{"id":"a3f58b19-1589-4d37-822f-b466ccb66745","email":"logan.clark@dropbox.net","message":"successfully processed after 6238 milliseconds."},{"id":"f991ef26-7e8a-4502-94b1-e18d453447d2","email":"daniel.rodriguez@amerisave.com","message":"successfully parsed message, but message temporarily enqueued while system restarts."},{"id":"55fd6ba8-f959-4df7-a288-ba40bf5daf17","email":"grace.moore@gmail.com","message":"failed to process due to datastore timeout of 30 seconds.  operation took 104 seconds."},{"id":"0611c488-7e9e-462a-9918-2b35149ec0b1","email":"tyler.nelson@microsoft.com","message":"successfully processed after 8101 milliseconds."},{"id":"eb2b3a5b-6f79-4c4d-8bbb-fe6d1d746ac7","email":"aiden.johnson@microsoft.com","message":"successfully parsed message, but message temporarily enqueued while system restarts."},{"id":"66c48c23-c3be-48ed-b69c-c6c273b1e082","email":"mason.robinson@amerisave.com","message":"successfully handled skipped operation."},{"id":"9b56d075-c0e2-4bf8-86a2-8a074ddcb42b","email":"emily.taylor@gmail.com","message":"successfully parsed message, but message temporarily enqueued while system restarts."},{"id":"9d15993a-f5d8-445b-b082-9ab2265d07e6","email":"ethan.hernandez@microsoft.com","message":"successfully handled skipped operation."},{"id":"4b210624-ba3a-4219-9ac1-0c27ad1fef2e","email":"emily.taylor@gmail.com","message":"failed to process due to network exception."},{"id":"5261323c-91e9-465e-b433-14591e371569","email":"sarah.green@amerisave.com","message":"successfully processed after 5537 milliseconds."},{"id":"ba6a9bd5-4b3e-43a4-a602-2fc191af25ff","email":"lily.harris@gmail.com","message":"successfully parsed message, but message temporarily enqueued while system restarts."},{"id":"99ddec61-a24c-4b57-b274-547889ec9927","email":"mason.robinson@amerisave.com","message":"successfully handled skipped operation."},{"id":"52be8c32-d688-4aa7-9d61-53ed63533518","email":"ethan.hernandez@microsoft.com","message":"failed to process due to datastore timeout of 30 seconds.  operation took 39 seconds."},{"id":"1d43b833-d75c-4a5f-8bb2-397f06f47a52","email":"madison.lewis@gmail.com","message":"successfully processed after 2532 milliseconds."},{"id":"fcd07c90-0b83-4849-8eb8-ee77fe80a41b","email":"samantha.scott@me.com","message":"failed to process due to datastore timeout of 30 seconds.  operation took 78 seconds."},{"id":"e098dabd-5bad-40dd-a50f-6c7f99a6de64","email":"andrew.miller@gmail.com","message":"failed to process due to network exception."},{"id":"f2b7d5b8-f7b2-4d25-bf37-eedf7e4f6bfb","email":"nathan.young@microsoft.com","message":"successfully handled skipped operation."},{"id":"5c7c4718-b13f-4eaa-818c-379a1cf6dbb8","email":"emma.thomas@me.com","message":"failed to process due to network exception."},{"id":"de60b849-2856-4b29-8438-389ac6f43bb8","email":"liam.gonzalez@me.com","message":"failed to process due to network exception."},{"id":"cd3bd3af-1917-4d40-a184-6c28bed48022","email":"logan.clark@dropbox.net","message":"failed to process due to network exception."},{"id":"ed6d7346-055e-4afb-a40d-27c12a9de1d5","email":"hannah.martin@dropbox.net","message":"failed to process due to datastore timeout of 30 seconds.  operation took 43 seconds."},{"id":"313997f0-515f-48a1-ab3e-ec742ce8625e","email":"jack.thompson@me.com","message":"successfully parsed message, but message temporarily enqueued while system restarts."},{"id":"da43d26b-a03f-42d8-8b17-b8fc8bd335b5","email":"jacob.lopez@dropbox.net","message":"successfully handled skipped operation."},{"id":"edd1af5b-735d-4485-8368-658fbb34136c","email":"abigail.smith@amerisave.com","message":"failed to process due to datastore timeout of 30 seconds.  operation took 77 seconds."},{"id":"fb8656ce-a30e-40b3-8a66-4db98a89238c","email":"daniel.rodriguez@amerisave.com","message":"failed to process due to datastore timeout of 30 seconds.  operation took 98 seconds."},{"id":"3697cb74-efda-4558-af34-bd7898c36630","email":"sarah.green@amerisave.com","message":"failed to process due to datastore timeout of 30 seconds.  operation took 59 seconds."},{"id":"cfce90c6-47ad-4b1f-8516-46f9e62eb2a7","email":"emily.taylor@gmail.com","message":"failed to process due to network exception."},{"id":"e8fd3c4a-ffc1-4982-8769-6b64bec934ee","email":"aiden.johnson@microsoft.com","message":"successfully parsed message, but message temporarily enqueued while system restarts."},{"id":"ce9ecedb-2d2d-4241-a50f-69b65f24f82f","email":"logan.clark@dropbox.net","message":"failed to process due to network exception."},{"id":"f51bd695-1e02-4735-95fb-51a2a764fbbd","email":"alexander.williams@gmail.com","message":"successfully parsed message, but message temporarily enqueued while system restarts."},{"id":"18adcf61-7d14-44cc-89c3-081ce2615b69","email":"madison.lewis@gmail.com","message":"successfully parsed message, but message temporarily enqueued while system restarts."},{"id":"58d5935a-4476-4cd0-8fcc-cc23296327d7","email":"logan.clark@dropbox.net","message":"failed to process due to datastore timeout of 30 seconds.  operation took 96 seconds."},{"id":"1aa394af-62cf-4df1-aba2-2b3efc187093","email":"samantha.scott@me.com","message":"successfully handled skipped operation."},{"id":"77f3ad5a-e1da-48e8-a1a0-5f9600a4d210","email":"jack.thompson@me.com","message":"successfully processed after 4256 milliseconds."},{"id":"6a1dc865-134c-450f-ae4d-18a06fa24ccd","email":"jack.thompson@me.com","message":"successfully handled skipped operation."},{"id":"a0ae7236-b0d9-42de-b8c5-9bd9efe593a9","email":"liam.gonzalez@me.com","message":"successfully handled skipped operation."},{"id":"0aef4c51-f496-4704-9033-9b8ac27a64d3","email":"ava.davis@gmail.com","message":"failed to process due to network exception."},{"id":"77104152-769e-4048-90bc-d0f643caea16","email":"ella.anderson@dropbox.net","message":"failed to process due to network exception."},{"id":"de7bacb6-f66f-4eb2-ae77-8d861cb1ea51","email":"samantha.scott@me.com","message":"successfully parsed message, but message temporarily enqueued while system restarts."},{"id":"1ee28776-9bc9-4cc6-83ce-4562c2db94ed","email":"madison.lewis@gmail.com","message":"failed to process due to datastore timeout of 30 seconds.  operation took 100 seconds."},{"id":"75fc0b3a-7db3-4221-95a0-ad9fb8a4e51f","email":"abigail.smith@amerisave.com","message":"failed to process due to datastore timeout of 30 seconds.  operation took 35 seconds."},{"id":"f79192d0-35fd-4641-8322-5858269848f7","email":"mia.perez@me.com","message":"successfully parsed message, but message temporarily enqueued while system restarts."},{"id":"5b57c7ff-6968-4717-8d95-d716ca0d0bd5","email":"isabella.jackson@amerisave.com","message":"failed to process due to datastore timeout of 30 seconds.  operation took 56 seconds."},{"id":"87ea50ae-7aca-49e3-a335-5b13d5d71d5b","email":"madison.lewis@gmail.com","message":"successfully processed after 6289 milliseconds."},{"id":"c6c0f1a8-192e-423f-ac8c-a6fd1c833be0","email":"ava.davis@gmail.com","message":"failed to process due to network exception."},{"id":"e6c29bca-b389-460f-83a4-10959c7e49ea","email":"matthew.walker@amerisave.com","message":"failed to process due to network exception."},{"id":"13ecc358-2912-48ce-a54b-8e9f801f9fe7","email":"grace.moore@gmail.com","message":"failed to process due to network exception."},{"id":"f73f9506-1324-434f-822d-f4bebee151bc","email":"madison.lewis@gmail.com","message":"successfully processed after 5097 milliseconds."},{"id":"5139d58a-e14c-43da-8c23-beba80bb2c3c","email":"chloe.garcia@dropbox.net","message":"successfully handled skipped operation."},{"id":"b273da54-1b08-4899-9611-91e56645bbf7","email":"madison.lewis@gmail.com","message":"failed to process due to datastore timeout of 30 seconds.  operation took 73 seconds."},{"id":"ea3868e7-9459-4166-a711-42b3fd8045ff","email":"alexander.williams@gmail.com","message":"failed to process due to datastore timeout of 30 seconds.  operation took 87 seconds."},{"id":"71e6fd1d-ed31-4f94-a595-0c6d3739db9a","email":"olivia.wright@gmail.com","message":"failed to process due to datastore timeout of 30 seconds.  operation took 40 seconds."},{"id":"187e9cca-7e52-4077-84a9-7ea161591ad4","email":"elizabeth.martinez@dropbox.net","message":"successfully parsed message, but message temporarily enqueued while system restarts."},{"id":"c3f361d0-250d-4c04-81ab-d6fe1ab50b20","email":"abigail.smith@amerisave.com","message":"successfully handled skipped operation."},{"id":"8190ad05-35f0-4533-8d2c-b214b9ed42ba","email":"liam.gonzalez@me.com","message":"failed to process due to network exception."},{"id":"112421d8-79a2-47cc-98a1-a73d27f643a9","email":"joshua.lee@gmail.com","message":"failed to process due to network exception."},{"id":"689ac129-b851-406e-ab92-5f3f53917ce3","email":"ethan.hernandez@microsoft.com","message":"successfully handled skipped operation."},{"id":"c14fe0ba-3b58-4922-923b-f067257ff106","email":"hannah.martin@dropbox.net","message":"failed to process due to network exception."},{"id":"d6ab0593-989c-48d6-869c-c19a2df0c683","email":"ella.anderson@dropbox.net","message":"successfully processed after 2576 milliseconds."}],"id":"fce47c6f-d0ea-4df5-9688-a3390777ee1a"}