{"logs":[{"id":"585899b3-0217-4770-910a-f4f8b3a779fe","email":"jack.thompson@me.com","message":"failed to process due to network exception."},{"id":"f56099e1-f460-42cb-b77d-6643f9a8ed54","email":"matthew.walker@amerisave.com","message":"successfully handled skipped operation."},{"id":"dc4ff952-4550-4c08-8436-0794e9ab8d57","email":"logan.clark@dropbox.net","message":"failed to process due to network exception."},{"id":"286b7e1e-3548-4ec1-9105-3e1939b1a5e4","email":"jackson.white@gmail.com","message":"failed to process due to network exception."},{"id":"e4360ece-4ca1-4967-ad93-b15e23dc98b5","email":"taylor.adams@gmail.com","message":"successfully parsed message, but message temporarily enqueued while system restarts."},{"id":"cdbf5d2e-2a16-487f-b43e-5e11fffb4ebe","email":"ethan.hernandez@microsoft.com","message":"successfully parsed message, but message temporarily enqueued while system restarts."},{"id":"16268fee-9e98-474c-b564-91e71ff53cde","email":"mason.robinson@amerisave.com","message":"successfully processed after 909 milliseconds."},{"id":"edcaeda8-fd32-4423-ac54-9d2190c9329c","email":"alexis.brown@microsoft.com","message":"successfully processed after 1840 milliseconds."},{"id":"b59c6b4b-d23c-42ec-bcb7-41b8d1991c55","email":"dylan.wilson@gmail.com","message":"failed to process due to network exception."},{"id":"671f8ecc-2db8-435a-9399-8ec5e9d4bc61","email":"mia.perez@me.com","message":"successfully processed after 6373 milliseconds."},{"id":"5b07c621-cbbf-4d7f-af7a-1b94d3a378b4","email":"mason.robinson@amerisave.com","message":"failed to process due to datastore timeout of 30 seconds.  operation took 36 seconds."},{"id":"6f18a8a5-ec96-487e-8e0c-05fa257f8ec1","email":"sarah.green@amerisave.com","message":"successfully parsed message, but message temporarily enqueued while system restarts."},{"id":"bdc54a76-d7c1-46b1-8483-a5f89412be1d","email":"abigail.smith@amerisave.com","message":"successfully parsed message, but message temporarily enqueued while system restarts."},{"id":"a2ab1484-39bf-4eae-a621-b4bee84525ab","email":"ethan.hernandez@microsoft.com","message":"successfully processed after 9291 milliseconds."},{"id":"c69e3aff-bc44-4cab-9003-437a86f64118","email":"nathan.young@microsoft.com","message":"successfully processed after 6995 milliseconds."},{"id":"74a55c90-43ec-4384-acbb-1405accf19f0","email":"joshua.lee@gmail.com","message":"failed to process due to datastore timeout of 30 seconds.  operation took 127 seconds."},{"id":"89b77f33-b2f8-4af2-9f8c-933a4d81609c","email":"lily.harris@gmail.com","message":"successfully parsed message, but message temporarily enqueued while system restarts."},{"id":"71ea2e6a-4cc2-4c96-b019-39d350b10939","email":"alexis.brown@microsoft.com","message":"failed to process due to datastore timeout of 30 seconds.  operation took 90 seconds."},{"id":"3c6471fd-f734-4f0d-9e56-b26cc98cbbf3","email":"aiden.johnson@microsoft.com","message":"successfully handled skipped operation."},{"id":"7f1bec72-7011-4b44-8aa1-44cf0ddad5a4","email":"nathan.young@microsoft.com","message":"successfully handled skipped operation."},{"id":"8606cf93-696b-4fcd-ae7b-d4de4f151640","email":"mason.robinson@amerisave.com","message":"successfully handled skipped operation."},{"id":"0fb2b5bb-00d2-4cf1-9116-7041d4569d9f","email":"lily.harris@gmail.com","message":"successfully processed after 9923 milliseconds."},{"id":"d8d79ead-f36c-448e-a734-12806ecf73fa","email":"sophia.baker@dropbox.net","message":"successfully handled skipped operation."},{"id":"1e8d4f4e-3e5c-435a-b243-3cbc099d1a54","email":"logan.clark@dropbox.net","message":"successfully handled skipped operation."},{"id":"070bb985-e053-4795-bdce-59790f5d3312","email":"nicholas.allen@microsoft.com","message":"failed to process due to datastore timeout of 30 seconds.  operation took 62 seconds."},{"id":"a5920891-23c5-4e54-afa7-9210a75dcca5","email":"nicholas.allen@microsoft.com","message":"failed to process due to datastore timeout of 30 seconds.  operation took 49 seconds."},{"id":"25c55374-82f9-4e19-b808-4e8b9d152928","email":"alexander.williams@gmail.com","message":"successfully handled skipped operation."},{"id":"686a2bdd-d33b-4aca-b4c6-0f7ca97f439a","email":"madison.lewis@gmail.com","message":"failed to process due to datastore timeout of 30 seconds.  operation took 76 seconds."},{"id":"4c9dade2-c970-4e79-91a2-ae1994061c8d","email":"jack.thompson@me.com","message":"successfully handled skipped operation."},{"id":"3c91116e-3055-423d-ab59-23c716a826d5","email":"jackson.white@gmail.com","message":"failed to process due to datastore timeout of 30 seconds.  operation took 98 seconds."},{"id":"915f5b45-eb68-4a17-a4eb-983d2c140112","email":"elizabeth.martinez@dropbox.net","message":"successfully processed after 3858 milliseconds."},{"id":"f1daae2a-c04e-4849-8f60-c8065deb6f14","email":"sophia.baker@dropbox.net","message":"failed to process due to datastore timeout of 30 seconds.  operation took 65 seconds."},{"id":"2f00bb17-39c4-44aa-8580-d8946d973c6e","email":"madison.lewis@gmail.com","message":"successfully handled skipped operation."},{"id":"6a7330b8-3e31-4dce-8d45-7245d100591a","email":"olivia.wright@gmail.com","message":"successfully handled skipped operation."},{"id":"18a8a590-8d14-434b-8744-ee1e1a0b1599","email":"aiden.johnson@microsoft.com","message":"successfully parsed message, but message temporarily enqueued while system restarts."},{"id":"939d8c6d-b7ba-44d1-89d8-57ad19ef22ff","email":"chloe.garcia@dropbox.net","message":"successfully parsed message, but message temporarily enqueued while system restarts."},{"id":"c471a722-175e-467d-b139-2367b5ff7c9d","email":"hannah.martin@dropbox.net","message":"failed to process due to datastore timeout of 30 seconds.  operation took 128 seconds."},{"id":"a79acf10-b5ac-4024-a446-74e993fe8665","email":"ryan.king@dropbox.net","message":"successfully processed after 2578 milliseconds."},{"id":"f57fd553-6411-46c4-be1f-5b7dee0997d4","email":"jacob.lopez@dropbox.net","message":"successfully parsed message, but message temporarily enqueued while system restarts."},{"id":"097bb828-32e4-4674-bb58-64a5d555a2f8","email":"alexis.brown@microsoft.com","message":"successfully parsed message, but message temporarily enqueued while system restarts."},{"id":"5c241f4b-bf3d-48c4-87c7-7e00866f1e7a","email":"hannah.martin@dropbox.net","message":"successfully handled skipped operation."},{"id":"290fcba2-15af-4964-a3b8-ac056aaa9b8c","email":"ava.davis@gmail.com","message":"failed to process due to datastore timeout of 30 seconds.  operation took 111 seconds."},{"id":"9642bd7e-6b84-47a7-8d0c-66428b519853","email":"logan.clark@dropbox.net","message":"successfully handled skipped operation."},{"id":"1008e0c7-a68a-4688-bfc8-aede0e0dec2f","email":"isabella.jackson@amerisave.com","message":"failed to process due to network exception."},{"id":"08ae17ed-e3e5-4de8-9c1f-ba56bb5de2f9","email":"aiden.johnson@microsoft.com","message":"successfully parsed message, but message temporarily enqueued while system restarts."},{"id":"1d290878-8ecb-44b7-934d-abc98e4acd87","email":"madison.lewis@gmail.com","message":"successfully handled skipped operation."},{"id":"8d032408-aa3e-481b-95f8-e03ff26027b4","email":"ethan.hernandez@microsoft.com","message":"successfully parsed message, but message temporarily enqueued while system restarts."},{"id":"a3257828-916d-46e2-9269-c5295d414186","email":"emma.thomas@me.com","message":"successfully processed after 9532 milliseconds."},{"id":"f720a7dc-2116-44c6-9887-9fa26bc182e1","email":"olivia.wright@gmail.com","message":"successfully handled skipped operation."},{"id":"ce708eec-9ba0-4f3f-9e7e-a36f9a39e8aa","email":"joshua.lee@gmail.com","message":"successfully processed after 6113 milliseconds."},{"id":"944e6fd4-2f95-4dab-8ee5-bf5203141f05","email":"jacob.lopez@dropbox.net","message":"successfully processed after 6119 milliseconds."},{"id":"1b7a3fb7-d871-49d2-9b07-46adc935c8b7","email":"tyler.nelson@microsoft.com","message":"failed to process due to network exception."},{"id":"c6bced11-b00c-43a7-9fdb-745c1c455f2f","email":"sophia.baker@dropbox.net","message":"failed to process due to datastore timeout of 30 seconds.  operation took 73 seconds."},{"id":"168f9e02-3532-4123-8774-a54ac8a410ac","email":"alyssa.jones@amerisave.com","message":"successfully parsed message, but message temporarily enqueued while system restarts."},{"id":"f5daaa53-e152-46a8-9c06-1db55a284d34","email":"alexander.williams@gmail.com","message":"failed to process due to datastore timeout of 30 seconds.  operation took 101 seconds."},{"id":"963492a9-8e01-48ce-9668-6f612b897078","email":"aiden.johnson@microsoft.com","message":"successfully processed after 9928 milliseconds."},{"id":"8232f2fc-5f67-4153-b193-172076e1ad12","email":"madison.lewis@gmail.com","message":"successfully handled skipped operation."},{"id":"635c4323-037e-4be5-ba88-a7fc6cd58066","email":"alexis.brown@microsoft.com","message":"failed to process due to datastore timeout of 30 seconds.  operation took 86 seconds."},{"id":"bcff8d1e-e798-46d5-943e-6c40ade002cf","email":"nathan.young@microsoft.com","message":"failed to process due to network exception."},{"id":"625354ba-038b-4174-8db9-8c2932918791","email":"noah.sanchez@me.com","message":"successfully processed after 3592 milliseconds."},{"id":"f70165a8-6749-475f-a0d5-54eb6d1601a8","email":"aiden.johnson@microsoft.com","message":"failed to process due to datastore timeout of 30 seconds.  operation took 67 seconds."},{"id":"09be718e-9c08-407c-9bbe-7201e298fb60","email":"elizabeth.martinez@dropbox.net","message":"failed to process due to datastore timeout of 30 seconds.  operation took 112 seconds."},{"id":"b4db1261-5252-4cd0-83aa-f52fc9da754f","email":"samantha.scott@me.com","message":"successfully processed after 9289 milliseconds."},{"id":"69fbf7b3-efde-4980-aba0-ea405dbb2be8","email":"madison.lewis@gmail.com","message":"successfully processed after 3645 milliseconds."},{"id":"37f64bee-f43e-4e85-a18c-7ab66480e0cf","email":"tyler.nelson@microsoft.com","message":"successfully parsed message, but message temporarily enqueued while system restarts."},{"id":"c23e08f2-6d57-420e-9c30-f145c090b014","email":"liam.gonzalez@me.com","message":"successfully processed after 2960 milliseconds."},{"id":"f7bdfaa8-3caf-46bb-aefd-4ca5183591b5","email":"noah.sanchez@me.com","message":"successfully parsed message, but message temporarily enqueued while system restarts."},{"id":"4c7dbe3f-b29d-4b80-971e-ded29848b4f2","email":"abigail.smith@amerisave.com","message":"failed to process due to network exception."},{"id":"939a2bce-feb9-4731-8ac7-d901f56e91c3","email":"ryan.king@dropbox.net","message":"failed to process due to datastore timeout of 30 seconds.  operation took 69 seconds."},{"id":"de00643c-f6c8-43d8-9e34-c113e0e3d506","email":"jack.thompson@me.com","message":"successfully parsed message, but message temporarily enqueued while system restarts."},{"id":"ec7f92f5-4282-47c9-b904-51d27f439926","email":"joshua.lee@gmail.com","message":"failed to process due to network exception."},{"id":"d29a268a-4e6c-4566-a071-500fc3601a25","email":"ella.anderson@dropbox.net","message":"failed to process due to network exception."},{"id":"24bde9c5-6afa-4ced-9b89-e554c0c8f5cc","email":"chloe.garcia@dropbox.net","message":"failed to process due to network exception."},{"id":"df2a6ec6-8aad-47a1-b286-94dac2f8a3f8","email":"liam.gonzalez@me.com","message":"successfully handled skipped operation."},{"id":"d1781286-7092-44ed-9cf9-e0d537d693b5","email":"madison.lewis@gmail.com","message":"failed to process due to datastore timeout of 30 seconds.  operation took 32 seconds."},{"id":"18c8d6f8-3133-4194-b3cb-4c6ddf705d6b","email":"ella.anderson@dropbox.net","message":"failed to process due to network exception."},{"id":"e2c4723f-467e-4ca2-89b1-1171b68d215e","email":"hannah.martin@dropbox.net","message":"successfully parsed message, but message temporarily enqueued while system restarts."},{"id":"10fb48e9-d354-4705-8af1-dcc3371a0336","email":"olivia.wright@gmail.com","message":"failed to process due to datastore timeout of 30 seconds.  operation took 102 seconds."},{"id":"2f3837dc-86e8-495a-8b9f-cc0f54de4716","email":"sarah.green@amerisave.com","message":"successfully handled skipped operation."},{"id":"997e728d-ee86-4224-a933-a724f594fb7a","email":"ryan.king@dropbox.net","message":"failed to process due to datastore timeout of 30 seconds.  operation took 95 seconds."},{"id":"948d90bf-9b71-46de-9320-c19fa51c47f4","email":"olivia.wright@gmail.com","message":"successfully handled skipped operation."},{"id":"b404958e-fd47-4686-8ede-576ef5b56b8a","email":"emma.thomas@me.com","message":"successfully processed after 165 milliseconds."},{"id":"109b7d74-5f44-4d0b-99a8-3a0c7e7eb39e","email":"andrew.miller@gmail.com","message":"failed to process due to network exception."},{"id":"01c18bfd-0cf0-4c7b-a035-5d759dbbb833","email":"alexander.williams@gmail.com","message":"failed to process due to datastore timeout of 30 seconds.  operation took 67 seconds."},{"id":"0d93cefc-fd19-41e7-a376-5a206180fe3e","email":"sophia.baker@dropbox.net","message":"successfully processed after 4789 milliseconds."},{"id":"a8f49275-5f66-4d10-b657-11a4c1c1eb01","email":"elizabeth.martinez@dropbox.net","message":"successfully handled skipped operation."},{"id":"33685b61-12ba-4baf-a56c-4b85bd83f3d2","email":"tyler.nelson@microsoft.com","message":"successfully processed after 8506 milliseconds."},{"id":"524ee637-b0be-4e17-be73-f4cfceb06b6c","email":"michael.hall@dropbox.net","message":"successfully parsed message, but message temporarily enqueued while system restarts."},{"id":"c7a278f6-f38b-494e-8231-414a5d6bf311","email":"nathan.young@microsoft.com","message":"failed to process due to datastore timeout of 30 seconds.  operation took 82 seconds."},{"id":"3f3a675c-c885-43a3-85e7-50ce0d276296","email":"logan.clark@dropbox.net","message":"failed to process due to network exception."},{"id":"14ced2a6-ef47-4375-898a-d0aaec373672","email":"abigail.smith@amerisave.com","message":"failed to process due to datastore timeout of 30 seconds.  operation took 82 seconds."},{"id":"1ec6502a-cc27-49e9-bd1f-9e0640a60c84","email":"alyssa.jones@amerisave.com","message":"successfully handled skipped operation."},{"id":"4b0b6ca0-374f-4adc-a138-0ee32271af40","email":"jacob.lopez@dropbox.net","message":"successfully parsed message, but message temporarily enqueued while system restarts."},{"id":"e50aa1e7-b16b-41b8-b6c2-d8d76f4093a2","email":"alyssa.jones@amerisave.com","message":"successfully parsed message, but message temporarily enqueued while system restarts."},{"id":"3f2bdc75-075c-406c-aaa9-74032317ee6e","email":"sarah.green@amerisave.com","message":"successfully handled skipped operation."},{"id":"3054c0ef-39dc-4b38-a278-09e8b5887080","email":"alexander.williams@gmail.com","message":"successfully handled skipped operation."},{"id":"bef16ab0-e11e-41c1-b991-59e3df6c9d19","email":"andrew.miller@gmail.com","message":"successfully processed after 9433 milliseconds."},{"id":"0c81c147-694f-4598-94fc-530ef7c17d83","email":"jacob.lopez@dropbox.net","message":"failed to process due to network exception."},{"id":"2883134a-398a-4368-8043-7d9a5cd9b61d","email":"joshua.lee@gmail.com","message":"failed to process due to datastore timeout of 30 seconds.  operation took 97 seconds."},{"id":"19173052-2a91-4bdd-bde6-64e9908cf505","email":"noah.sanchez@me.com","message":"failed to process due to datastore timeout of 30 seconds.  operation took 81 seconds."},{"id":"99dd6cc9-f404-4255-bf42-ba964574946b","email":"nathan.young@microsoft.com","message":"failed to process due to network exception."},{"id":"86319750-6142-413e-b67a-84c61468c315","email":"aiden.johnson@microsoft.com","message":"failed to process due to network exception."},{"id":"2960c08d-4657-41cf-9a7c-86bbc01eff2e","email":"alexander.williams@gmail.com","message":"failed to process due to datastore timeout of 30 seconds.  operation took 97 seconds."},{"id":"2739d2b3-40d4-407d-b8df-dbbd9cb26eb0","email":"aiden.johnson@microsoft.com","message":"successfully processed after 2672 milliseconds."},{"id":"273ecff3-126e-49f2-a400-7d220b6173bd","email":"alexander.williams@gmail.com","message":"successfully handled skipped operation."},{"id":"37f8e36e-eec2-4d42-9442-299c1738df57","email":"andrew.miller@gmail.com","message":"failed to process due to network exception."},{"id":"d18fadcb-c952-44ad-9fa4-c4d4ba629b8c","email":"alyssa.jones@amerisave.com","message":"successfully handled skipped operation."},{"id":"65ad9703-a80f-49ed-94e7-54989a9055cc","email":"alexis.brown@microsoft.com","message":"successfully parsed message, but message temporarily enqueued while system restarts."},{"id":"84f991f1-dbd0-4919-be8e-9af7fe227c5a","email":"ethan.hernandez@microsoft.com","message":"successfully parsed message, but message temporarily enqueued while system restarts."},{"id":"ba25b48f-66bb-4d6e-b4da-99ef7caa6ff7","email":"mason.robinson@amerisave.com","message":"failed to process due to network exception."},{"id":"ebba8f20-8e19-412e-ae37-fdff3eafbef6","email":"ella.anderson@dropbox.net","message":"failed to process due to datastore timeout of 30 seconds.  operation took 56 seconds."},{"id":"a9474db8-f6eb-40a8-a188-d3a4c08acd06","email":"noah.sanchez@me.com","message":"successfully processed after 6444 milliseconds."},{"id":"b89f5311-5127-46cd-b60f-909d5e35575f","email":"jacob.lopez@dropbox.net","message":"successfully parsed message, but message temporarily enqueued while system restarts."},{"id":"310fe7aa-117f-470f-ae7e-9ab880352d28","email":"mia.perez@me.com","message":"successfully parsed message, but message temporarily enqueued while system restarts."},{"id":"89b3dd9e-7d52-4169-b819-5d18c05f3412","email":"alexander.williams@gmail.com","message":"successfully parsed message, but message temporarily enqueued while system restarts."},{"id":"8940954a-8443-4caf-afc1-57ef4f35a3e9","email":"daniel.rodriguez@amerisave.com","message":"successfully handled skipped operation."},{"id":"bca1b7e8-5d8f-45e4-8475-13e3dd4da81c","email":"jack.thompson@me.com","message":"failed to process due to network exception."},{"id":"7abc9a09-aa6a-48d6-bafe-6eb12183c623","email":"chloe.garcia@dropbox.net","message":"successfully parsed message, but message temporarily enqueued while system restarts."},{"id":"dc88b476-65e3-4335-aa64-1bd73336b1ad","email":"grace.moore@gmail.com","message":"successfully handled skipped operation."},{"id":"daae558d-25ce-406e-b745-bd4ed327ef8c","email":"matthew.walker@amerisave.com","message":"failed to process due to datastore timeout of 30 seconds.  operation took 128 seconds."},{"id":"664b45b6-6028-49ca-9676-4f9758c164cb","email":"andrew.miller@gmail.com","message":"successfully handled skipped operation."},{"id":"7b55bfec-c226-41de-8378-2633a1f5bfaa","email":"jackson.white@gmail.com","message":"failed to process due to datastore timeout of 30 seconds.  operation took 122 seconds."},{"id":"ca86e73f-4fef-40d9-9fe4-e7defc96479d","email":"sarah.green@amerisave.com","message":"successfully processed after 1723 milliseconds."},{"id":"2367f743-5669-45af-89f4-0a8100848d54","email":"michael.hall@dropbox.net","message":"failed to process due to datastore timeout of 30 seconds.  operation took 89 seconds."},{"id":"83f3f2aa-faac-43f7-a047-6aba4fd806c2","email":"nicholas.allen@microsoft.com","message":"successfully handled skipped operation."},{"id":"9387cf74-9493-4fe8-8231-f58405f4fdb8","email":"ella.anderson@dropbox.net","message":"successfully parsed message, but message temporarily enqueued while system restarts."},{"id":"03b2ecda-cbb6-4ed7-87e5-a7f2cabb606b","email":"alexander.williams@gmail.com","message":"successfully parsed message, but message temporarily enqueued while system restarts."},{"id":"e32cfa2d-7738-4380-95b3-dfdf1bf035f4","email":"chloe.garcia@dropbox.net","message":"failed to process due to network exception."},{"id":"ff915ea1-94e8-4ce8-9a98-4924b66b4cf2","email":"alexis.brown@microsoft.com","message":"successfully parsed message, but message temporarily enqueued while system restarts."},{"id":"b487e184-4d8e-48f6-9260-53ed0f04c4ba","email":"alexander.williams@gmail.com","message":"successfully handled skipped operation."},{"id":"b8c80eec-6dde-453b-b806-2d4cd250d121","email":"chloe.garcia@dropbox.net","message":"successfully parsed message, but message temporarily enqueued while system restarts."},{"id":"33d7b399-5d3c-4302-9882-d2bb35b6faae","email":"mason.robinson@amerisave.com","message":"successfully parsed message, but message temporarily enqueued while system restarts."},{"id":"03260634-b3e1-45c9-ab0d-51408c341a29","email":"sophia.baker@dropbox.net","message":"successfully processed after 7962 milliseconds."},{"id":"6e8e0420-3af5-400d-9991-e970b1bd2a92","email":"ella.anderson@dropbox.net","message":"failed to process due to datastore timeout of 30 seconds.  operation took 109 seconds."},{"id":"b02e1eb8-6e00-4309-803f-32a8175c5ff7","email":"taylor.adams@gmail.com","message":"successfully parsed message, but message temporarily enqueued while system restarts."},{"id":"b9f868a3-8b98-446a-85b5-9e288151c965","email":"jack.thompson@me.com","message":"successfully processed after 1037 milliseconds."},{"id":"365d2014-eccb-44e7-9de4-80af99dc8b18","email":"tyler.nelson@microsoft.com","message":"successfully handled skipped operation."},{"id":"870a3806-409d-402e-98ab-87850bd4e427","email":"liam.gonzalez@me.com","message":"successfully processed after 8673 milliseconds."},{"id":"15848e4f-2c5d-432d-84c6-976dc44cbe6b","email":"elizabeth.martinez@dropbox.net","message":"failed to process due to datastore timeout of 30 seconds.  operation took 56 seconds."},{"id":"6a9f1813-be7b-428a-9057-8c4cd6ecfe2d","email":"ava.davis@gmail.com","message":"failed to process due to datastore timeout of 30 seconds.  operation took 34 seconds."},{"id":"f7c74ae9-4432-482c-abef-e5f8ed8b6e02","email":"lily.harris@gmail.com","message":"successfully handled skipped operation."},{"id":"5b4bc4ef-536d-4482-b035-126e200bdd20","email":"ava.davis@gmail.com","message":"successfully parsed message, but message temporarily enqueued while system restarts."},{"id":"0b377898-7d15-4cb7-8144-901e93368e2e","email":"sophia.baker@dropbox.net","message":"successfully handled skipped operation."},{"id":"3a240527-e1df-4c67-bee6-770f54d46513","email":"andrew.miller@gmail.com","message":"successfully handled skipped operation."},{"id":"4a8b6c84-80d5-48e4-94e1-9fed9389a257","email":"logan.clark@dropbox.net","message":"successfully parsed message, but message temporarily enqueued while system restarts."},{"id":"1b59b513-58b6-4152-898b-6a258bb8f828","email":"jack.thompson@me.com","message":"successfully parsed message, but message temporarily enqueued while system restarts."},{"id":"116cdb7a-0b26-498e-91b5-e234bcbdd4e1","email":"emily.taylor@gmail.com","message":"successfully parsed message, but message temporarily enqueued while system restarts."},{"id":"77d4fe0b-3d35-4253-8048-70a8ca9a92f4","email":"andrew.miller@gmail.com","message":"successfully parsed message, but message temporarily enqueued while system restarts."},{"id":"43c9da9d-2725-4f4f-bec2-b81ea7c067f6","email":"dylan.wilson@gmail.com","message":"failed to process due to datastore timeout of 30 seconds.  operation took 65 seconds."},{"id":"a08e77fb-6390-4f06-b960-113040a00b29","email":"madison.lewis@gmail.com","message":"successfully parsed message, but message temporarily enqueued while system restarts."},{"id":"bdcdd0ff-cb74-470f-b950-78292bc7ef3a","email":"joshua.lee@gmail.com","message":"successfully parsed message, but message temporarily enqueued while system restarts."},{"id":"de293d3b-a778-4053-a3f1-7165c59a0e47","email":"taylor.adams@gmail.com","message":"successfully parsed message, but message temporarily enqueued while system restarts."},{"id":"90569bd9-5817-4da0-9b20-ef1460210221","email":"ava.davis@gmail.com","message":"successfully processed after 1963 milliseconds."},{"id":"434697e0-8afe-4baa-9336-e87d901c1715","email":"ava.davis@gmail.com","message":"failed to process due to datastore timeout of 30 seconds.  operation took 75 seconds."},{"id":"eab4eba6-57a9-4fea-bc8f-e03ad071736b","email":"michael.hall@dropbox.net","message":"failed to process due to datastore timeout of 30 seconds.  operation took 75 seconds."},{"id":"da5158d6-93b2-4a67-8d53-a9cdbb65f9f1","email":"chloe.garcia@dropbox.net","message":"successfully parsed message, but message temporarily enqueued while system restarts."},{"id":"4f396659-4091-420f-acc2-7df3bb34bb77","email":"emily.taylor@gmail.com","message":"successfully handled skipped operation."},{"id":"ccf97fb5-021b-47e7-9434-9d5e9f32f515","email":"liam.gonzalez@me.com","message":"successfully handled skipped operation."},{"id":"697260da-499e-4a41-b626-4b0d0c7bb0f0","email":"joshua.lee@gmail.com","message":"successfully parsed message, but message temporarily enqueued while system restarts."},{"id":"f26b766c-096d-48bd-af60-67be220c70e2","email":"alexander.williams@gmail.com","message":"failed to process due to datastore timeout of 30 seconds.  operation took 39 seconds."},{"id":"8e8a2436-9708-414b-9a58-3d4b846e925c","email":"sarah.green@amerisave.com","message":"successfully handled skipped operation."},{"id":"68efd628-a40b-4030-9880-2f30e33eaa8c","email":"tyler.nelson@microsoft.com","message":"successfully handled skipped operation."},{"id":"0aedec8e-9121-4774-b9bd-e853fc3a438e","email":"lily.harris@gmail.com","message":"successfully processed after 8457 milliseconds."},{"id":"fec15080-997b-4be2-94a5-02825df8b3f9","email":"ella.anderson@dropbox.net","message":"successfully parsed message, but message temporarily enqueued while system restarts."},{"id":"35f2711c-f0d1-4fab-be96-c4ab5dc44311","email":"isabella.jackson@amerisave.com","message":"failed to process due to network exception."},{"id":"f20ca45f-7a08-4b15-a901-49a0b9247c1c","email":"andrew.miller@gmail.com","message":"successfully handled skipped operation."},{"id":"bc8caf70-21d1-4478-874f-be26b98840c5","email":"chloe.garcia@dropbox.net","message":"failed to process due to network exception."},{"id":"f32ca8e6-9b5a-477a-aa0d-2fe0e4f3dc32","email":"alexis.brown@microsoft.com","message":"failed to process due to network exception."},{"id":"ce5102a5-52c7-4ef4-bf86-b4f198ba2269","email":"daniel.rodriguez@amerisave.com","message":"successfully handled skipped operation."},{"id":"df7ecdd9-ac64-4f89-b02f-7d880119d8dd","email":"dylan.wilson@gmail.com","message":"successfully processed after 5664 milliseconds."},{"id":"00192170-3961-41f0-97d7-fef73c9517ba","email":"logan.clark@dropbox.net","message":"successfully processed after 6244 milliseconds."},{"id":"bbc31f0e-6c31-4dd4-b6af-f42d406dfda8","email":"dylan.wilson@gmail.com","message":"successfully processed after 1289 milliseconds."},{"id":"9a4a9ade-5a29-4f18-914a-8fdbb6a480b4","email":"alexis.brown@microsoft.com","message":"failed to process due to datastore timeout of 30 seconds.  operation took 109 seconds."},{"id":"9c590c8c-2363-4100-a65e-081f90d40b00","email":"madison.lewis@gmail.com","message":"failed to process due to datastore timeout of 30 seconds.  operation took 109 seconds."},{"id":"161af8dd-d3c6-462c-b20a-791a7f389b12","email":"lily.harris@gmail.com","message":"successfully handled skipped operation."},{"id":"e17cc093-3af6-4daf-a4f3-762655132910","email":"liam.gonzalez@me.com","message":"successfully handled skipped operation."},{"id":"728d7d4a-7bcd-4b53-be7d-a2400b7b1c79","email":"jack.thompson@me.com","message":"failed to process due to datastore timeout of 30 seconds.  operation took 124 seconds."},{"id":"2d8f6ec2-fb8a-4fb8-b53d-f367ac2262dd","email":"nicholas.allen@microsoft.com","message":"failed to process due to network exception."},{"id":"6f55eb3c-bf94-4ec9-8839-7e22329c9aa0","email":"isabella.jackson@amerisave.com","message":"successfully parsed message, but message temporarily enqueued while system restarts."},{"id":"f0746558-3761-4623-a8b1-5352abbd2f2a","email":"hannah.martin@dropbox.net","message":"successfully parsed message, but message temporarily enqueued while system restarts."},{"id":"ef4704e0-5de6-46e7-a0d4-1313ac51a946","email":"taylor.adams@gmail.com","message":"failed to process due to datastore timeout of 30 seconds.  operation took 35 seconds."},{"id":"0dd1ba82-69c8-45cb-b203-e505bfab0717","email":"nathan.young@microsoft.com","message":"successfully parsed message, but message temporarily enqueued while system restarts."},{"id":"ab430d77-7cdc-488c-adfc-a1af42469dcf","email":"mason.robinson@amerisave.com","message":"failed to process due to datastore timeout of 30 seconds.  operation took 79 seconds."},{"id":"d16e66de-1d19-4393-bfcd-3a6910ec9c67","email":"nathan.young@microsoft.com","message":"failed to process due to network exception."},{"id":"b941e835-b45c-4662-a9a3-527424d78ac3","email":"grace.moore@gmail.com","message":"failed to process due to network exception."},{"id":"1e6fba2c-551c-4425-86a1-640a217e9a99","email":"ryan.king@dropbox.net","message":"failed to process due to network exception."},{"id":"a9aa0d16-51a3-4b53-8197-8e8882c7a16f","email":"ryan.king@dropbox.net","message":"failed to process due to network exception."},{"id":"84132502-69fb-456e-9696-ed955963a89b","email":"daniel.rodriguez@amerisave.com","message":"failed to process due to datastore timeout of 30 seconds.  operation took 84 seconds."},{"id":"7f9b8390-72d7-417b-a6ca-5c899aabc5f4","email":"isabella.jackson@amerisave.com","message":"successfully handled skipped operation."},{"id":"09fce5ad-e3d8-49a4-904f-ab5c6d3ce568","email":"samantha.scott@me.com","message":"failed to process due to network exception."},{"id":"c9db8fef-aada-4b5e-9610-eda3e2810ffa","email":"emma.thomas@me.com","message":"failed to process due to datastore timeout of 30 seconds.  operation took 54 seconds."},{"id":"13511ea5-2324-4d1b-9028-86de9369dc94","email":"jackson.white@gmail.com","message":"successfully parsed message, but message temporarily enqueued while system restarts."},{"id":"dc60ad4a-5b2c-4552-9b79-cf1ca9817f2c","email":"nathan.young@microsoft.com","message":"successfully parsed message, but message temporarily enqueued while system restarts."},{"id":"3287ac34-f9bd-45bb-a753-ba204a7d0bdf","email":"nicholas.allen@microsoft.com","message":"successfully processed after 1577 milliseconds."},{"id":"bcdcd87a-a923-4cbf-8d77-6fe14552e2a5","email":"taylor.adams@gmail.com","message":"successfully parsed message, but message temporarily enqueued while system restarts."},{"id":"16339e48-f297-4c3e-8be8-b38b97d1ec23","email":"taylor.adams@gmail.com","message":"failed to process due to network exception."},{"id":"a19607d6-6dba-49e4-8707-0115133aa68a","email":"jacob.lopez@dropbox.net","message":"successfully parsed message, but message temporarily enqueued while system restarts."},{"id":"525490c8-1b08-477d-ad6c-1ad8304577e5","email":"abigail.smith@amerisave.com","message":"failed to process due to network exception."},{"id":"0b389f85-fefb-4d38-a64b-f4502c526595","email":"emma.thomas@me.com","message":"successfully parsed message, but message temporarily enqueued while system restarts."},{"id":"5880aac1-199f-44b1-a474-76fbd2bb11a8","email":"alexander.williams@gmail.com","message":"failed to process due to datastore timeout of 30 seconds.  operation took 80 seconds."},{"id":"81a12827-fa99-40b5-b5f9-f48066c18009","email":"alexander.williams@gmail.com","message":"successfully parsed message, but message temporarily enqueued while system restarts."},{"id":"62bbfa8d-fc32-4c73-ae72-9aadf643dd36","email":"jackson.white@gmail.com","message":"failed to process due to network exception."},{"id":"d008cad0-13f8-476b-ab65-adb26e1de79d","email":"andrew.miller@gmail.com","message":"failed to process due to network exception."},{"id":"fa9a0ed2-db81-4534-bfaf-a95e1b459d3a","email":"isabella.jackson@amerisave.com","message":"successfully processed after 9973 milliseconds."},{"id":"e4acd69e-8b3f-40c1-8c15-6d139e265e70","email":"mason.robinson@amerisave.com","message":"successfully processed after 8854 milliseconds."},{"id":"af302aec-7c9f-42bc-a569-609384fe20bd","email":"alexander.williams@gmail.com","message":"failed to process due to datastore timeout of 30 seconds.  operation took 82 seconds."},{"id":"89fa9e98-a868-433c-b6f9-8e4ba0627ec7","email":"daniel.rodriguez@amerisave.com","message":"failed to process due to network exception."},{"id":"9eaa852b-8f80-4c49-b645-c737f5913aff","email":"joshua.lee@gmail.com","message":"failed to process due to datastore timeout of 30 seconds.  operation took 64 seconds."},{"id":"2b04a281-525e-4a7b-9d9c-e0d6be5d66e7","email":"dylan.wilson@gmail.com","message":"successfully parsed message, but message temporarily enqueued while system restarts."},{"id":"5a857306-e34b-44e4-84db-d1dfd4a90a73","email":"jack.thompson@me.com","message":"failed to process due to network exception."},{"id":"b8038b69-01e2-4d8e-a437-23f5d905e842","email":"lily.harris@gmail.com","message":"successfully handled skipped operation."},{"id":"30be0c3a-bdea-426f-a5aa-c88f4901e38f","email":"madison.lewis@gmail.com","message":"successfully handled skipped operation."},{"id":"316757ed-1e11-496f-b820-8a72f5e8a83f","email":"mason.robinson@amerisave.com","message":"successfully handled skipped operation."},{"id":"35f28124-3369-4a2d-9c57-191cd3a05d0f","email":"ryan.king@dropbox.net","message":"successfully handled skipped operation."},{"id":"f2252902-89fe-4ee7-971a-95166f922f99","email":"joshua.lee@gmail.com","message":"successfully processed after 6213 milliseconds."},{"id":"3544709b-74be-4e7c-a573-7f17e9518551","email":"joshua.lee@gmail.com","message":"failed to process due to network exception."},{"id":"e01a7e3c-b814-42b3-9e1f-b5a31aadf981","email":"abigail.smith@amerisave.com","message":"successfully parsed message, but message temporarily enqueued while system restarts."},{"id":"a0c3d422-890c-4136-b866-6ae8a023bb38","email":"isabella.jackson@amerisave.com","message":"failed to process due to network exception."}],"id":"08c670fe-4f07-42fe-ae57-f56230504538"}