{"logs":[{"id":"da4c59e7-6669-4fc5-bf73-fee341e3a6f7","email":"mason.robinson@amerisave.com","message":"successfully processed after 4323 milliseconds."},{"id":"abba1261-2b3d-44f3-9c7f-290d674b69d4","email":"grace.moore@gmail.com","message":"failed to process due to network exception."},{"id":"cebe8616-b647-4d47-bb7c-465bfec6192a","email":"tyler.nelson@microsoft.com","message":"successfully handled skipped operation."},{"id":"14e2557c-adb7-4afd-a4e9-e36075e9c5ba","email":"taylor.adams@gmail.com","message":"successfully handled skipped operation."},{"id":"c8922640-cd44-4fcf-b4cc-d9647c44de09","email":"aiden.johnson@microsoft.com","message":"successfully parsed message, but message temporarily enqueued while system restarts."},{"id":"54531f1f-273a-4d4d-98bf-9618a8e84263","email":"noah.sanchez@me.com","message":"failed to process due to network exception."},{"id":"b8811b00-6db8-4b1c-823c-eecc999e0ee6","email":"dylan.wilson@gmail.com","message":"successfully handled skipped operation."},{"id":"7000e84a-2675-4012-9cb8-61826b88e34a","email":"mia.perez@me.com","message":"failed to process due to datastore timeout of 30 seconds.  operation took 36 seconds."},{"id":"adffffa5-b2a4-49ae-a02b-8596a828fc21","email":"abigail.smith@amerisave.com","message":"successfully processed after 7539 milliseconds."},{"id":"1c1d32d8-2f1d-4e20-8268-63793c568b2c","email":"daniel.rodriguez@amerisave.com","message":"successfully processed after 7787 milliseconds."},{"id":"a4151ab7-64a6-49cf-a7d3-1f23c3a2440d","email":"daniel.rodriguez@amerisave.com","message":"failed to process due to datastore timeout of 30 seconds.  operation took 31 seconds."},{"id":"dc5920a0-e05d-496d-8ee0-0308f70083d3","email":"sarah.green@amerisave.com","message":"successfully processed after 7516 milliseconds."},{"id":"0bfccbf6-b8a1-4762-a4e8-559ba8ea7600","email":"daniel.rodriguez@amerisave.com","message":"failed to process due to network exception."},{"id":"9fc46c3d-f715-4f81-b3c0-368079ece2dc","email":"emma.thomas@me.com","message":"successfully processed after 7826 milliseconds."},{"id":"9a2a1c1e-6a18-4009-86d1-96e93add6d97","email":"ryan.king@dropbox.net","message":"failed to process due to datastore timeout of 30 seconds.  operation took 123 seconds."},{"id":"d270920d-4225-48da-b42a-e25268bf05b4","email":"daniel.rodriguez@amerisave.com","message":"successfully parsed message, but message temporarily enqueued while system restarts."},{"id":"247a12b3-26fc-4602-8503-a663ef5aada2","email":"noah.sanchez@me.com","message":"successfully handled skipped operation."},{"id":"8ddb4f78-b4a6-46df-83ad-02e403d6258b","email":"abigail.smith@amerisave.com","message":"successfully parsed message, but message temporarily enqueued while system restarts."},{"id":"f5529d9f-ae41-42a0-af86-1db4769d6dff","email":"jacob.lopez@dropbox.net","message":"failed to process due to network exception."},{"id":"c088488b-139b-45ef-acb1-b73ab7430630","email":"jackson.white@gmail.com","message":"failed to process due to datastore timeout of 30 seconds.  operation took 119 seconds."},{"id":"3b4d8b9d-53db-48c1-aaf5-6469afc90526","email":"sophia.baker@dropbox.net","message":"successfully processed after 9785 milliseconds."},{"id":"7d8e1280-c089-4936-be89-27a065819db4","email":"alexander.williams@gmail.com","message":"successfully processed after 525 milliseconds."},{"id":"36d5f91e-e977-4bab-a111-bf5391f74424","email":"mason.robinson@amerisave.com","message":"successfully handled skipped operation."},{"id":"cbdbc7f5-573a-4d66-aef7-3bdcca8faef6","email":"logan.clark@dropbox.net","message":"successfully handled skipped operation."},{"id":"e78a447e-0af2-40c6-a041-b3be10e20766","email":"tyler.nelson@microsoft.com","message":"successfully handled skipped operation."},{"id":"41f34545-a8e1-4415-89b3-038ffe2a9a13","email":"logan.clark@dropbox.net","message":"successfully parsed message, but message temporarily enqueued while system restarts."},{"id":"b6aa3701-4bb6-41bf-877a-a23495d6c37c","email":"sophia.baker@dropbox.net","message":"failed to process due to network exception."},{"id":"ba07b6f5-2f30-4fda-8195-af95a1482f43","email":"alexis.brown@microsoft.com","message":"failed to process due to datastore timeout of 30 seconds.  operation took 107 seconds."},{"id":"3de42f30-9a01-427a-b10f-41475bbcaef9","email":"jackson.white@gmail.com","message":"successfully handled skipped operation."},{"id":"1ddda940-142b-4fc5-944e-a240dbfa554b","email":"emily.taylor@gmail.com","message":"failed to process due to network exception."},{"id":"0cf8029e-b488-4621-8326-f22b8854c89f","email":"logan.clark@dropbox.net","message":"failed to process due to datastore timeout of 30 seconds.  operation took 57 seconds."},{"id":"ab2ea791-6d5a-4766-b20f-b6d8b966f3bf","email":"emily.taylor@gmail.com","message":"successfully processed after 2222 milliseconds."},{"id":"a569745f-ccea-4762-a5a6-ed678b4cc213","email":"hannah.martin@dropbox.net","message":"successfully handled skipped operation."},{"id":"45eb9d8d-c7c0-4c3b-8caf-9332d3f9601d","email":"emily.taylor@gmail.com","message":"failed to process due to network exception."},{"id":"2fcd6960-91c2-429a-b753-c6d9cebb6018","email":"noah.sanchez@me.com","message":"failed to process due to datastore timeout of 30 seconds.  operation took 68 seconds."},{"id":"aa30af96-1ecb-44e1-9c43-1e50c7329fb4","email":"sophia.baker@dropbox.net","message":"successfully handled skipped operation."},{"id":"e1f227a9-47bd-4070-99eb-c0b909d1c5db","email":"elizabeth.martinez@dropbox.net","message":"successfully parsed message, but message temporarily enqueued while system restarts."},{"id":"e67a1386-1bdc-434a-9727-d933dc585371","email":"tyler.nelson@microsoft.com","message":"successfully parsed message, but message temporarily enqueued while system restarts."},{"id":"afb895d8-082c-4747-b389-4b16f70e88f9","email":"logan.clark@dropbox.net","message":"successfully processed after 2385 milliseconds."},{"id":"c30328e0-bc29-42be-9781-389905a6c100","email":"jack.thompson@me.com","message":"successfully processed after 8916 milliseconds."},{"id":"ae7a0648-1fcb-4d4a-81c5-b122d645d4e5","email":"ella.anderson@dropbox.net","message":"failed to process due to datastore timeout of 30 seconds.  operation took 88 seconds."},{"id":"ef8c447b-dbb8-4b27-960a-2fb609eada8e","email":"alyssa.jones@amerisave.com","message":"successfully handled skipped operation."},{"id":"9553b590-69d5-46f7-ae26-25aba2f3d2bb","email":"elizabeth.martinez@dropbox.net","message":"successfully processed after 3158 milliseconds."},{"id":"dcda1104-38b9-47ac-8c8e-f3e1f32d79cd","email":"alyssa.jones@amerisave.com","message":"successfully handled skipped operation."},{"id":"9608d7c2-0b63-418c-ab07-3a61528332a3","email":"matthew.walker@amerisave.com","message":"successfully parsed message, but message temporarily enqueued while system restarts."},{"id":"00ce3c37-c10e-430c-a804-62376f663a6b","email":"emily.taylor@gmail.com","message":"failed to process due to network exception."},{"id":"19c877e2-f110-460d-90fd-6b9ef707d29a","email":"emily.taylor@gmail.com","message":"successfully parsed message, but message temporarily enqueued while system restarts."},{"id":"3840658c-c533-46b7-aa9f-90bf6332a941","email":"samantha.scott@me.com","message":"failed to process due to datastore timeout of 30 seconds.  operation took 62 seconds."},{"id":"cb4203ee-1eaf-4f0d-8b50-54f13b812f4c","email":"emily.taylor@gmail.com","message":"successfully parsed message, but message temporarily enqueued while system restarts."},{"id":"db0b2d5e-6c87-4e23-ab34-23b37f3dae1f","email":"sarah.green@amerisave.com","message":"failed to process due to network exception."},{"id":"abf2a216-e245-4b38-9830-2e4e5cf35ded","email":"grace.moore@gmail.com","message":"successfully processed after 173 milliseconds."},{"id":"8dfeef98-46a9-433f-b59c-478ef6c5ff6c","email":"samantha.scott@me.com","message":"successfully processed after 5474 milliseconds."},{"id":"a0f6d6fd-04b5-497a-9bd5-565b26a1168f","email":"ella.anderson@dropbox.net","message":"failed to process due to datastore timeout of 30 seconds.  operation took 124 seconds."},{"id":"8f90d8c2-3bbe-4f4d-8a14-2262a876f14b","email":"logan.clark@dropbox.net","message":"failed to process due to network exception."},{"id":"52c42287-dd2c-4a3c-aece-902050a64f08","email":"emily.taylor@gmail.com","message":"failed to process due to datastore timeout of 30 seconds.  operation took 36 seconds."},{"id":"24cbee3f-b4cf-49dc-b9b7-ed89f64e26e6","email":"sarah.green@amerisave.com","message":"successfully processed after 1645 milliseconds."},{"id":"7969e8a2-dc2a-4a0f-b3b6-0cf659f92213","email":"sophia.baker@dropbox.net","message":"successfully processed after 9404 milliseconds."},{"id":"ad30e003-d49c-4578-873f-0f074a4a8239","email":"sophia.baker@dropbox.net","message":"failed to process due to network exception."},{"id":"43496b42-4dfa-40e6-9f33-a89b5126fe02","email":"elizabeth.martinez@dropbox.net","message":"successfully parsed message, but message temporarily enqueued while system restarts."},{"id":"da64f0d7-1734-4c6a-bed4-8ecef0cc505c","email":"ryan.king@dropbox.net","message":"failed to process due to datastore timeout of 30 seconds.  operation took 120 seconds."},{"id":"08eb8434-1fe4-497b-a240-e083e85bb740","email":"joshua.lee@gmail.com","message":"successfully parsed message, but message temporarily enqueued while system restarts."},{"id":"0d297348-937d-40ca-9a1f-8b47f079482b","email":"liam.gonzalez@me.com","message":"successfully parsed message, but message temporarily enqueued while system restarts."},{"id":"397b5cfc-af63-4563-b09b-8ac7ed038748","email":"matthew.walker@amerisave.com","message":"failed to process due to datastore timeout of 30 seconds.  operation took 53 seconds."},{"id":"44047c9f-a565-4b29-bdda-483028203bf9","email":"samantha.scott@me.com","message":"successfully handled skipped operation."},{"id":"5e5ba248-04d0-4957-b646-a4f291be5243","email":"alyssa.jones@amerisave.com","message":"successfully parsed message, but message temporarily enqueued while system restarts."},{"id":"61bb30c9-4d5e-439b-89a8-72cd2875a70a","email":"ella.anderson@dropbox.net","message":"failed to process due to network exception."},{"id":"d3755a1d-5ba0-4e75-9615-13a79728ccb2","email":"emily.taylor@gmail.com","message":"failed to process due to datastore timeout of 30 seconds.  operation took 63 seconds."},{"id":"07b6040c-6061-41c6-ae24-b8d8a4b28819","email":"jack.thompson@me.com","message":"successfully parsed message, but message temporarily enqueued while system restarts."},{"id":"6a624055-5e77-4f8b-9e5d-882445d161a6","email":"mason.robinson@amerisave.com","message":"successfully handled skipped operation."},{"id":"e57473ba-0bff-40fc-9b49-49a43d269810","email":"emma.thomas@me.com","message":"failed to process due to datastore timeout of 30 seconds.  operation took 67 seconds."},{"id":"cda94e4c-3c11-4b65-a95c-10ce70caac48","email":"abigail.smith@amerisave.com","message":"failed to process due to network exception."},{"id":"f5bfcc13-125b-43f2-908c-be9aa1843950","email":"jackson.white@gmail.com","message":"successfully processed after 9957 milliseconds."},{"id":"b9e2c2e7-d6df-4c68-a9e6-e82cb71da20f","email":"taylor.adams@gmail.com","message":"successfully parsed message, but message temporarily enqueued while system restarts."},{"id":"23cbc2a7-45b8-4f2a-bd19-62f2c721fa2c","email":"samantha.scott@me.com","message":"failed to process due to network exception."},{"id":"8d65fb79-54fd-4017-b6bb-463c3ac2db26","email":"sarah.green@amerisave.com","message":"successfully handled skipped operation."},{"id":"bc2eea35-31bd-434d-9fe1-aa224d77abcf","email":"mason.robinson@amerisave.com","message":"failed to process due to datastore timeout of 30 seconds.  operation took 95 seconds."},{"id":"3f82d474-b758-4b82-a443-a93a66a3b6e4","email":"ella.anderson@dropbox.net","message":"successfully processed after 9394 milliseconds."},{"id":"8397f0bb-ba33-4348-82ae-161beef33ed5","email":"nathan.young@microsoft.com","message":"successfully parsed message, but message temporarily enqueued while system restarts."},{"id":"45b80930-62fb-4efe-b1d7-e9ef2ace07d2","email":"olivia.wright@gmail.com","message":"failed to process due to datastore timeout of 30 seconds.  operation took 70 seconds."},{"id":"9302668d-7262-4021-9b7c-ee7b77d160f1","email":"aiden.johnson@microsoft.com","message":"failed to process due to network exception."},{"id":"c669ef1c-9c70-45c0-9534-b5fdf824c472","email":"andrew.miller@gmail.com","message":"successfully processed after 6235 milliseconds."},{"id":"48d5014b-82f0-4af1-ac91-562368117605","email":"olivia.wright@gmail.com","message":"successfully parsed message, but message temporarily enqueued while system restarts."},{"id":"ce5e6a6a-b806-48c4-af36-79f4ded1be1d","email":"joshua.lee@gmail.com","message":"failed to process due to network exception."},{"id":"569ebc6c-123b-43f2-845f-6c86b45f5a73","email":"emily.taylor@gmail.com","message":"successfully processed after 9053 milliseconds."},{"id":"0be8986c-1e55-4d36-aa2d-d3347e0096e0","email":"tyler.nelson@microsoft.com","message":"failed to process due to network exception."},{"id":"95b71dd5-d726-440d-ab58-9ab4ecd349b0","email":"samantha.scott@me.com","message":"successfully parsed message, but message temporarily enqueued while system restarts."},{"id":"ae9a0491-49f2-4533-a107-3c24b8b4a3af","email":"sarah.green@amerisave.com","message":"successfully parsed message, but message temporarily enqueued while system restarts."},{"id":"6c826a96-983f-45c3-8d52-d9941145e96a","email":"jackson.white@gmail.com","message":"failed to process due to network exception."},{"id":"94e6a193-7582-4505-846c-04d10d26a7b6","email":"andrew.miller@gmail.com","message":"failed to process due to datastore timeout of 30 seconds.  operation took 118 seconds."},{"id":"1f35edbf-5d93-4d89-9fc4-49c8929c5fc6","email":"abigail.smith@amerisave.com","message":"successfully parsed message, but message temporarily enqueued while system restarts."},{"id":"a77ad15a-47a1-4a6c-9d5f-4f664923fd63","email":"samantha.scott@me.com","message":"successfully handled skipped operation."},{"id":"497e0b6c-eb7c-465b-adfb-9ffdbf4684ae","email":"ava.davis@gmail.com","message":"failed to process due to network exception."},{"id":"764296e3-82a0-46a6-a533-71e04cefe6bc","email":"alyssa.jones@amerisave.com","message":"failed to process due to datastore timeout of 30 seconds.  operation took 86 seconds."},{"id":"b65a2dd8-c215-468b-9648-b4bf1f295c20","email":"ava.davis@gmail.com","message":"failed to process due to network exception."},{"id":"f419893d-8473-4cc7-b03b-b0e2d3c6682d","email":"elizabeth.martinez@dropbox.net","message":"successfully handled skipped operation."},{"id":"2fa461f9-e152-4112-bbe3-04b58a723fb1","email":"joshua.lee@gmail.com","message":"failed to process due to network exception."},{"id":"0b8294d3-7e6a-49e8-9e87-80ac057c62fa","email":"grace.moore@gmail.com","message":"successfully processed after 1999 milliseconds."},{"id":"f296e9a3-e7ae-43e7-8c81-66ff1983ce99","email":"madison.lewis@gmail.com","message":"successfully handled skipped operation."},{"id":"f2929ae6-9d1b-44f3-9c13-7a2c766fb550","email":"nathan.young@microsoft.com","message":"failed to process due to datastore timeout of 30 seconds.  operation took 114 seconds."},{"id":"d9836856-3afd-482e-8462-cc80616ba86a","email":"madison.lewis@gmail.com","message":"successfully parsed message, but message temporarily enqueued while system restarts."},{"id":"ec510b98-0747-4253-9cb0-bf2a35190cd2","email":"alexis.brown@microsoft.com","message":"failed to process due to datastore timeout of 30 seconds.  operation took 62 seconds."},{"id":"985020a6-d3b7-49a3-a997-56d1b783160b","email":"grace.moore@gmail.com","message":"successfully handled skipped operation."},{"id":"b677d6b2-4e5a-4187-9668-02f16ea5f748","email":"emily.taylor@gmail.com","message":"successfully parsed message, but message temporarily enqueued while system restarts."},{"id":"42392d7c-6f2f-4f83-be75-ed3b933e14f6","email":"samantha.scott@me.com","message":"successfully handled skipped operation."},{"id":"e3c20548-7335-4933-ba64-f9ab6609842e","email":"chloe.garcia@dropbox.net","message":"successfully parsed message, but message temporarily enqueued while system restarts."},{"id":"8f7b9d1e-5bd3-4c05-af1f-30f9feb2bf7c","email":"tyler.nelson@microsoft.com","message":"successfully processed after 1186 milliseconds."},{"id":"a9fdf995-7f2f-422c-aa30-fe98acfd6bfe","email":"samantha.scott@me.com","message":"successfully handled skipped operation."},{"id":"9f6af7aa-4b44-44f6-aade-d6381306242a","email":"logan.clark@dropbox.net","message":"successfully parsed message, but message temporarily enqueued while system restarts."},{"id":"d754ed00-977d-4939-b420-8799b6381959","email":"nicholas.allen@microsoft.com","message":"successfully parsed message, but message temporarily enqueued while system restarts."},{"id":"87cae73e-6f12-4606-99f5-dc7422b8d908","email":"aiden.johnson@microsoft.com","message":"successfully parsed message, but message temporarily enqueued while system restarts."},{"id":"133ca571-8875-4c7d-9b6e-9d01285d8f7f","email":"michael.hall@dropbox.net","message":"successfully processed after 8230 milliseconds."},{"id":"5e1cc795-556f-4186-bdc2-7820d3f630f7","email":"hannah.martin@dropbox.net","message":"failed to process due to network exception."},{"id":"4cb0404e-aa96-4f4b-a022-f4c0abef8afd","email":"hannah.martin@dropbox.net","message":"successfully handled skipped operation."},{"id":"1e35f2ff-18ae-4332-91d9-44853fc94740","email":"nathan.young@microsoft.com","message":"failed to process due to network exception."},{"id":"a19eff2f-47bb-47da-ac3b-f10615b666a7","email":"taylor.adams@gmail.com","message":"failed to process due to datastore timeout of 30 seconds.  operation took 115 seconds."},{"id":"68a4835c-2ec8-4db5-964f-ee9d1688bdb9","email":"ethan.hernandez@microsoft.com","message":"successfully parsed message, but message temporarily enqueued while system restarts."},{"id":"f332e53c-b5ac-4c0a-8a15-b1fb7fdb5f5e","email":"liam.gonzalez@me.com","message":"successfully handled skipped operation."},{"id":"7ff82174-eb5b-452c-b487-bf1d1c6c6162","email":"nathan.young@microsoft.com","message":"failed to process due to network exception."},{"id":"2127451b-fa9b-41fa-b236-75b7e94a3da6","email":"taylor.adams@gmail.com","message":"successfully handled skipped operation."},{"id":"400453c4-f865-4717-93eb-ec3e4ee8c408","email":"nicholas.allen@microsoft.com","message":"successfully parsed message, but message temporarily enqueued while system restarts."},{"id":"506f3882-a6ec-41ec-aab1-ed167bf2ddca","email":"noah.sanchez@me.com","message":"successfully handled skipped operation."},{"id":"e8955c6b-a888-45b5-a5b5-00ebc6c1692e","email":"matthew.walker@amerisave.com","message":"failed to process due to network exception."},{"id":"1fde30c9-b1c6-4bcc-ad43-fc606c346605","email":"jacob.lopez@dropbox.net","message":"failed to process due to datastore timeout of 30 seconds.  operation took 39 seconds."},{"id":"aa4b2a23-dc21-4720-9dc8-13e79ccdd9e3","email":"sophia.baker@dropbox.net","message":"successfully processed after 2287 milliseconds."},{"id":"a5f75089-f7b1-47fd-bfb4-98823ec837af","email":"matthew.walker@amerisave.com","message":"failed to process due to network exception."},{"id":"33b32729-89aa-4e74-8a6b-88d528cd5bd5","email":"mason.robinson@amerisave.com","message":"successfully processed after 1001 milliseconds."},{"id":"de9ac34c-4a71-4a76-b70a-474dc3456899","email":"olivia.wright@gmail.com","message":"successfully processed after 1747 milliseconds."},{"id":"19544649-aae4-4857-90fa-5a7beba3a6f7","email":"olivia.wright@gmail.com","message":"successfully parsed message, but message temporarily enqueued while system restarts."},{"id":"bf2f8464-7e37-4edc-ad3b-7eb242b2c967","email":"jackson.white@gmail.com","message":"successfully handled skipped operation."},{"id":"655f6d78-4b4f-4623-874d-885f89b70c76","email":"ethan.hernandez@microsoft.com","message":"successfully parsed message, but message temporarily enqueued while system restarts."},{"id":"60cb9348-f6ac-4579-bcfb-bb0651beb39e","email":"ethan.hernandez@microsoft.com","message":"failed to process due to network exception."},{"id":"5b9e7c07-d8af-445e-9041-28367f77b6f7","email":"mason.robinson@amerisave.com","message":"successfully parsed message, but message temporarily enqueued while system restarts."},{"id":"a6724518-5391-4dd0-b56f-a23fd313b1d4","email":"ryan.king@dropbox.net","message":"failed to process due to datastore timeout of 30 seconds.  operation took 53 seconds."},{"id":"166fd8fa-b38f-4046-b7f8-16c861008543","email":"tyler.nelson@microsoft.com","message":"successfully parsed message, but message temporarily enqueued while system restarts."},{"id":"0f767358-89ce-4389-bea5-4c2070060ca4","email":"madison.lewis@gmail.com","message":"failed to process due to datastore timeout of 30 seconds.  operation took 120 seconds."},{"id":"aa06874e-3aa3-4d59-a04a-bfcc348532fb","email":"emily.taylor@gmail.com","message":"successfully parsed message, but message temporarily enqueued while system restarts."},{"id":"a4c6d375-3e17-4459-ac16-81f85540d727","email":"elizabeth.martinez@dropbox.net","message":"successfully processed after 7431 milliseconds."},{"id":"74a147f2-ea14-4e47-8628-b2f8dad2bbdf","email":"joshua.lee@gmail.com","message":"successfully parsed message, but message temporarily enqueued while system restarts."},{"id":"183ba981-158d-4012-9eb4-16abd8e2a058","email":"aiden.johnson@microsoft.com","message":"failed to process due to network exception."},{"id":"26a468b2-9319-4513-a660-63aab736099a","email":"ryan.king@dropbox.net","message":"successfully handled skipped operation."},{"id":"bf9fa8da-430b-4c7f-b44f-8acb52315b23","email":"nathan.young@microsoft.com","message":"failed to process due to datastore timeout of 30 seconds.  operation took 80 seconds."},{"id":"aa384e8d-6d4c-4c3c-9700-9a87e69fb5a9","email":"sarah.green@amerisave.com","message":"failed to process due to datastore timeout of 30 seconds.  operation took 43 seconds."},{"id":"ee9b1a37-6458-4f7c-a558-79993feafa94","email":"emily.taylor@gmail.com","message":"failed to process due to network exception."},{"id":"3521b3b3-30a6-49fb-b8ef-5197c4b6cdc4","email":"lily.harris@gmail.com","message":"successfully processed after 8587 milliseconds."},{"id":"02d625b0-34f2-49fc-9c14-792eeca6c5e4","email":"andrew.miller@gmail.com","message":"failed to process due to datastore timeout of 30 seconds.  operation took 73 seconds."},{"id":"0fe1923f-2598-444e-9c41-ad3408cecb79","email":"nathan.young@microsoft.com","message":"successfully handled skipped operation."},{"id":"1deeaef7-11d5-4909-8208-d449f883aefd","email":"emma.thomas@me.com","message":"failed to process due to network exception."},{"id":"d30b92a3-e944-4ed0-a7f3-cdfa8514a802","email":"alyssa.jones@amerisave.com","message":"successfully processed after 7834 milliseconds."},{"id":"f19ce487-f542-4718-b148-8be04a04728d","email":"ethan.hernandez@microsoft.com","message":"successfully processed after 1708 milliseconds."},{"id":"5391d185-6579-45c9-956d-a0ed2c71dfa9","email":"ava.davis@gmail.com","message":"failed to process due to network exception."},{"id":"ed03827a-596c-4278-b130-6dd2dc6d02ac","email":"logan.clark@dropbox.net","message":"successfully handled skipped operation."},{"id":"10b2189e-76de-411d-a3a3-231a1247d4e7","email":"matthew.walker@amerisave.com","message":"failed to process due to network exception."},{"id":"34ef9cd0-b9a9-41f6-91bd-1b0ee795a333","email":"joshua.lee@gmail.com","message":"successfully parsed message, but message temporarily enqueued while system restarts."},{"id":"b90f5c20-7638-4328-8197-f279238ea7f9","email":"jackson.white@gmail.com","message":"successfully processed after 1373 milliseconds."},{"id":"b9281d1b-639f-487b-bb1f-4b332f2eb369","email":"logan.clark@dropbox.net","message":"failed to process due to datastore timeout of 30 seconds.  operation took 106 seconds."},{"id":"942c7ec6-9cc6-472f-92e8-76c9d33e19a2","email":"jacob.lopez@dropbox.net","message":"failed to process due to datastore timeout of 30 seconds.  operation took 117 seconds."},{"id":"adf2ec2d-da56-4598-b20e-8191b3428a1c","email":"dylan.wilson@gmail.com","message":"failed to process due to datastore timeout of 30 seconds.  operation took 90 seconds."},{"id":"07613130-8b4d-4c1f-bcff-554f56a4e23e","email":"hannah.martin@dropbox.net","message":"successfully handled skipped operation."},{"id":"bb1fdc49-e485-496f-9348-468992220180","email":"chloe.garcia@dropbox.net","message":"failed to process due to datastore timeout of 30 seconds.  operation took 44 seconds."},{"id":"13535494-7105-4a07-9d6d-32e88aeee91a","email":"isabella.jackson@amerisave.com","message":"failed to process due to network exception."},{"id":"dec7eae5-bcc6-4ea4-8266-380b8365f8d2","email":"abigail.smith@amerisave.com","message":"failed to process due to datastore timeout of 30 seconds.  operation took 88 seconds."},{"id":"9c997f10-930b-4a10-8cd2-5afb25f1f2ef","email":"grace.moore@gmail.com","message":"failed to process due to network exception."},{"id":"992bf84f-7c75-4d74-b4a3-f41cf9b47822","email":"lily.harris@gmail.com","message":"successfully handled skipped operation."},{"id":"7a81abc4-b7e6-4b51-b1b9-e4ce6fccf8dc","email":"joshua.lee@gmail.com","message":"failed to process due to datastore timeout of 30 seconds.  operation took 37 seconds."},{"id":"746fc4a3-d2dc-45dd-b5ea-85cd0bfaa36b","email":"jackson.white@gmail.com","message":"failed to process due to network exception."},{"id":"54b2e0b9-5844-4cdb-8b27-2f869d27a9b5","email":"olivia.wright@gmail.com","message":"successfully parsed message, but message temporarily enqueued while system restarts."},{"id":"87a1271e-ff99-412e-92d6-446b4d5bab34","email":"olivia.wright@gmail.com","message":"successfully handled skipped operation."},{"id":"720059e4-58e7-4019-9b35-c36e2c2545ab","email":"ryan.king@dropbox.net","message":"failed to process due to network exception."},{"id":"d214a237-2472-4945-844f-fa2ecae9ffbc","email":"mason.robinson@amerisave.com","message":"failed to process due to network exception."},{"id":"15bd708b-749d-4a53-9410-ddb359f0690c","email":"chloe.garcia@dropbox.net","message":"successfully parsed message, but message temporarily enqueued while system restarts."},{"id":"19aef1d2-d1c2-4187-8422-dd15ce67181f","email":"jackson.white@gmail.com","message":"failed to process due to network exception."},{"id":"2eee2a50-9c5a-49d8-996b-415e8d528c15","email":"lily.harris@gmail.com","message":"failed to process due to network exception."},{"id":"94046715-bb15-4d86-a0a1-c7329f86bcb1","email":"liam.gonzalez@me.com","message":"failed to process due to datastore timeout of 30 seconds.  operation took 130 seconds."},{"id":"621d093f-5ec3-4f1d-9561-5685a08987dd","email":"ella.anderson@dropbox.net","message":"successfully parsed message, but message temporarily enqueued while system restarts."},{"id":"fb279a92-1fd5-44fa-8215-a467aeb54dc5","email":"nicholas.allen@microsoft.com","message":"successfully processed after 626 milliseconds."},{"id":"826adde4-cdf0-4774-9e5b-71dc9bd704f8","email":"jacob.lopez@dropbox.net","message":"failed to process due to datastore timeout of 30 seconds.  operation took 127 seconds."},{"id":"bfe99fd0-170b-4902-9a3b-b2000ae48c5a","email":"ryan.king@dropbox.net","message":"successfully parsed message, but message temporarily enqueued while system restarts."},{"id":"a8b92efe-79ae-41eb-b0c3-7acf7ca98cad","email":"aiden.johnson@microsoft.com","message":"successfully parsed message, but message temporarily enqueued while system restarts."},{"id":"36e670e1-b5b1-4c6e-aefd-8cb8f01e0849","email":"tyler.nelson@microsoft.com","message":"successfully parsed message, but message temporarily enqueued while system restarts."},{"id":"2a13cbc6-16d0-4a59-b587-8eb7f14eaaee","email":"alexis.brown@microsoft.com","message":"successfully processed after 4968 milliseconds."},{"id":"efba18f5-308d-4a88-9888-1320278fc559","email":"ryan.king@dropbox.net","message":"failed to process due to datastore timeout of 30 seconds.  operation took 62 seconds."},{"id":"c11b75c6-5013-4fc0-8245-dfe9c526f137","email":"lily.harris@gmail.com","message":"successfully processed after 9879 milliseconds."},{"id":"68c79b84-385c-42ef-b2bf-b8360b2e9135","email":"aiden.johnson@microsoft.com","message":"failed to process due to network exception."},{"id":"9039a397-d437-4ecb-af90-2b0e0ad3a48e","email":"dylan.wilson@gmail.com","message":"successfully processed after 3595 milliseconds."},{"id":"623ca570-b002-4936-864b-04bf9b84061b","email":"nathan.young@microsoft.com","message":"successfully parsed message, but message temporarily enqueued while system restarts."},{"id":"b1544210-e24a-43ff-892a-10019aef1158","email":"daniel.rodriguez@amerisave.com","message":"successfully parsed message, but message temporarily enqueued while system restarts."},{"id":"44cd0780-2e02-4ea4-9259-43f95b0a81fa","email":"mason.robinson@amerisave.com","message":"successfully processed after 2676 milliseconds."},{"id":"09a77582-7760-46cb-b240-d2fbbe741e74","email":"isabella.jackson@amerisave.com","message":"failed to process due to datastore timeout of 30 seconds.  operation took 120 seconds."},{"id":"bccd5436-8ba7-4e27-aa2a-998abf16fe2a","email":"mia.perez@me.com","message":"successfully handled skipped operation."},{"id":"166f9594-d021-44f3-8226-9e4c6dd944ed","email":"sarah.green@amerisave.com","message":"successfully handled skipped operation."},{"id":"289d5566-d06b-40ca-ab48-0ce14c792604","email":"abigail.smith@amerisave.com","message":"successfully handled skipped operation."},{"id":"d827df83-51e0-4ba2-817d-79efecfd458b","email":"noah.sanchez@me.com","message":"failed to process due to network exception."},{"id":"d64c68da-3ccb-47bb-936c-188a31208623","email":"liam.gonzalez@me.com","message":"successfully parsed message, but message temporarily enqueued while system restarts."},{"id":"1680cb03-f5e2-402a-a715-f0054e5a625e","email":"lily.harris@gmail.com","message":"successfully parsed message, but message temporarily enqueued while system restarts."},{"id":"5d39d616-490a-4984-9ee6-2d4e13587e76","email":"dylan.wilson@gmail.com","message":"failed to process due to network exception."},{"id":"9f185299-0455-4d8b-87c6-2dbc691f38da","email":"joshua.lee@gmail.com","message":"failed to process due to network exception."},{"id":"46cbc578-5022-4e62-b94d-7d31567b8c3e","email":"isabella.jackson@amerisave.com","message":"failed to process due to network exception."},{"id":"e1437c05-bc9f-4542-8739-550db36b7a98","email":"ethan.hernandez@microsoft.com","message":"failed to process due to network exception."},{"id":"0afb05fc-8b0a-4a57-804f-52b3f7ad34d7","email":"aiden.johnson@microsoft.com","message":"failed to process due to datastore timeout of 30 seconds.  operation took 118 seconds."},{"id":"c1ce6a2e-2a5b-427b-93d7-1bcda8ea18ea","email":"nathan.young@microsoft.com","message":"successfully parsed message, but message temporarily enqueued while system restarts."},{"id":"8c845136-7e7d-49b1-9139-aa6f09999795","email":"samantha.scott@me.com","message":"successfully parsed message, but message temporarily enqueued while system restarts."},{"id":"36272fdb-8bc9-4e8b-8857-bfb563631712","email":"liam.gonzalez@me.com","message":"successfully handled skipped operation."},{"id":"698cdcb3-7774-4584-9777-c989764f1c5d","email":"mia.perez@me.com","message":"successfully handled skipped operation."},{"id":"f63e0336-a9c7-4c00-9121-1301192266ec","email":"taylor.adams@gmail.com","message":"successfully handled skipped operation."},{"id":"bb97f625-5292-48d5-b992-f072cdc6df22","email":"elizabeth.martinez@dropbox.net","message":"successfully parsed message, but message temporarily enqueued while system restarts."},{"id":"d13b0acc-5f4b-4267-99d6-f25609e5f508","email":"olivia.wright@gmail.com","message":"successfully handled skipped operation."},{"id":"f11da07f-71ed-4bf7-9df6-b68605764e7f","email":"abigail.smith@amerisave.com","message":"failed to process due to network exception."},{"id":"95e3f11e-b55e-403a-8d22-64bb0458aafe","email":"joshua.lee@gmail.com","message":"successfully parsed message, but message temporarily enqueued while system restarts."},{"id":"10c779d4-cdc7-4b63-af69-55eb1653e870","email":"michael.hall@dropbox.net","message":"successfully processed after 2330 milliseconds."},{"id":"05e1fbce-2117-4982-9e35-6c7f3c913fb6","email":"ella.anderson@dropbox.net","message":"successfully processed after 5986 milliseconds."},{"id":"987d4905-5041-4cd6-80ff-3a5b388ec954","email":"alyssa.jones@amerisave.com","message":"successfully handled skipped operation."},{"id":"feb0d229-8d42-46a1-aa6d-6f91ff170b1c","email":"logan.clark@dropbox.net","message":"successfully processed after 1261 milliseconds."},{"id":"6de61e0a-4b97-4e72-b69b-9b677d3e6e60","email":"ryan.king@dropbox.net","message":"successfully processed after 5317 milliseconds."},{"id":"804aa37b-003c-4cfe-9036-2dd0f1d648d3","email":"ethan.hernandez@microsoft.com","message":"successfully processed after 7438 milliseconds."},{"id":"2670f372-4ef4-4a46-bb04-46bfdac1d834","email":"taylor.adams@gmail.com","message":"successfully processed after 942 milliseconds."},{"id":"c6722264-09b4-4917-b7e0-f3e1e1591673","email":"ryan.king@dropbox.net","message":"successfully processed after 2174 milliseconds."},{"id":"457aa26c-1878-43dd-bc6f-82e049dd4f65","email":"jackson.white@gmail.com","message":"successfully processed after 2960 milliseconds."},{"id":"3542d130-3982-4a9b-bc57-baa87768c8b2","email":"isabella.jackson@amerisave.com","message":"failed to process due to datastore timeout of 30 seconds.  operation took 47 seconds."},{"id":"d158909a-c8a7-4d61-b315-70b58c0523e5","email":"liam.gonzalez@me.com","message":"failed to process due to datastore timeout of 30 seconds.  operation took 76 seconds."},{"id":"f32943e8-6080-4661-bdec-3ebad37884c3","email":"olivia.wright@gmail.com","message":"successfully processed after 5004 milliseconds."},{"id":"8fbb9254-fc1f-4e44-9201-c9b651995b9c","email":"taylor.adams@gmail.com","message":"successfully processed after 6608 milliseconds."},{"id":"44986fc2-bffd-47e4-a796-5e7f34b261fc","email":"matthew.walker@amerisave.com","message":"successfully handled skipped operation."},{"id":"627d6548-c8ca-40c1-85cd-d6b83e662e4f","email":"emma.thomas@me.com","message":"successfully handled skipped operation."},{"id":"acaf898f-5485-46a9-8cd6-46b6bec850cd","email":"abigail.smith@amerisave.com","message":"successfully parsed message, but message temporarily enqueued while system restarts."},{"id":"bda0bd7b-1399-417a-941c-084c01e14254","email":"alyssa.jones@amerisave.com","message":"successfully parsed message, but message temporarily enqueued while system restarts."},{"id":"f53788ee-8b23-4ed0-b1c8-ece0c89af8b4","email":"liam.gonzalez@me.com","message":"failed to process due to datastore timeout of 30 seconds.  operation took 55 seconds."},{"id":"2eb4bb16-b7c1-4524-a4dc-b6c854d24ed3","email":"elizabeth.martinez@dropbox.net","message":"successfully parsed message, but message temporarily enqueued while system restarts."},{"id":"59ce2d1e-ac77-4865-9217-6b2444447fbc","email":"emily.taylor@gmail.com","message":"successfully processed after 883 milliseconds."},{"id":"da276f03-8e42-4563-a9ab-5a88db2b3161","email":"joshua.lee@gmail.com","message":"successfully parsed message, but message temporarily enqueued while system restarts."},{"id":"7d3d42a0-ee2f-4e90-afb2-b0828bf4dde1","email":"michael.hall@dropbox.net","message":"successfully parsed message, but message temporarily enqueued while system restarts."},{"id":"4fd870e0-cedf-4fb3-bd92-99fe43bedff3","email":"ella.anderson@dropbox.net","message":"failed to process due to datastore timeout of 30 seconds.  operation took 63 seconds."},{"id":"c7ab99bf-02c6-4035-9e9f-dc69f9ef8403","email":"matthew.walker@amerisave.com","message":"successfully parsed message, but message temporarily enqueued while system restarts."},{"id":"1fa5422e-7358-49d4-baa0-79a76a670bb4","email":"hannah.martin@dropbox.net","message":"successfully processed after 3973 milliseconds."},{"id":"92a023b1-822d-4596-a65a-dd5f8bd2bdf7","email":"alexis.brown@microsoft.com","message":"successfully parsed message, but message temporarily enqueued while system restarts."},{"id":"32c27da1-5d5d-4d51-95b9-044b21cebc18","email":"olivia.wright@gmail.com","message":"failed to process due to datastore timeout of 30 seconds.  operation took 87 seconds."},{"id":"a7f9e71d-4a36-4300-a9e8-5562711aba7d","email":"ella.anderson@dropbox.net","message":"successfully parsed message, but message temporarily enqueued while system restarts."},{"id":"30f96f9c-4849-441e-b873-32eaaeb52fd3","email":"dylan.wilson@gmail.com","message":"successfully handled skipped operation."},{"id":"bdfd9e9b-8b73-4ad5-bc1e-5c4070dfb682","email":"ava.davis@gmail.com","message":"failed to process due to network exception."},{"id":"aaf3725a-69a6-40a2-b4af-febdb4550fd4","email":"nicholas.allen@microsoft.com","message":"failed to process due to datastore timeout of 30 seconds.  operation took 65 seconds."},{"id":"117bd804-d685-4cf8-bae2-1c6401c4624e","email":"emma.thomas@me.com","message":"successfully processed after 1658 milliseconds."},{"id":"83d13c1b-35b8-42de-91d1-9cd80e34685b","email":"alyssa.jones@amerisave.com","message":"failed to process due to network exception."},{"id":"eeebdf2a-23d0-40be-8c1e-5aeb1c2c7fc8","email":"grace.moore@gmail.com","message":"failed to process due to network exception."},{"id":"94803631-5ad1-43cc-a08d-c5df4e557e64","email":"emily.taylor@gmail.com","message":"successfully parsed message, but message temporarily enqueued while system restarts."},{"id":"7f7af33c-dbfd-40f0-94fc-81b73f6a0159","email":"ethan.hernandez@microsoft.com","message":"failed to process due to datastore timeout of 30 seconds.  operation took 116 seconds."},{"id":"a0db6d3e-4372-4c43-b4cd-673e8423038e","email":"dylan.wilson@gmail.com","message":"successfully processed after 8731 milliseconds."},{"id":"c77ae97a-92d9-40b0-9135-84ee57d3c477","email":"dylan.wilson@gmail.com","message":"successfully handled skipped operation."},{"id":"0c840e9d-4138-4f48-917c-cc889d575fad","email":"jack.thompson@me.com","message":"successfully handled skipped operation."},{"id":"d748cf08-8ffb-49c4-997e-ef71cb4e44bc","email":"jackson.white@gmail.com","message":"successfully parsed message, but message temporarily enqueued while system restarts."},{"id":"617e7dd4-631c-470a-9f60-102327fc40b0","email":"mason.robinson@amerisave.com","message":"successfully handled skipped operation."},{"id":"e0a254da-9876-4a0c-b632-2493acdd46ee","email":"jacob.lopez@dropbox.net","message":"successfully processed after 901 milliseconds."},{"id":"5adfea1d-26a0-4169-b99b-356cf0198d37","email":"hannah.martin@dropbox.net","message":"failed to process due to datastore timeout of 30 seconds.  operation took 99 seconds."},{"id":"2bde5f48-e6eb-44cd-8c1c-7bbfcc2d5c71","email":"madison.lewis@gmail.com","message":"successfully handled skipped operation."},{"id":"1bc97ca0-419e-4ccc-8ffb-36b44d412efb","email":"nicholas.allen@microsoft.com","message":"failed to process due to datastore timeout of 30 seconds.  operation took 83 seconds."},{"id":"15f0e5d3-7c88-46d7-8b0b-500311b56aaa","email":"noah.sanchez@me.com","message":"failed to process due to datastore timeout of 30 seconds.  operation took 69 seconds."},{"id":"d5eefabf-8322-424d-a10f-df28fde4dbd6","email":"hannah.martin@dropbox.net","message":"successfully processed after 5256 milliseconds."},{"id":"89db91d6-593e-4e95-98b0-5c84754efa67","email":"isabella.jackson@amerisave.com","message":"failed to process due to datastore timeout of 30 seconds.  operation took 118 seconds."},{"id":"18d09997-fdbb-4445-8fdc-6317a00a00ef","email":"mason.robinson@amerisave.com","message":"successfully handled skipped operation."},{"id":"b857bcbf-fe85-45f6-af13-7e9731cafa3c","email":"mia.perez@me.com","message":"failed to process due to datastore timeout of 30 seconds.  operation took 38 seconds."},{"id":"6c8e6ac0-8bd0-4f86-a0aa-d3e2d0c78bbb","email":"sarah.green@amerisave.com","message":"successfully parsed message, but message temporarily enqueued while system restarts."},{"id":"a280597d-0df1-46b0-984d-6c3a1deff188","email":"mason.robinson@amerisave.com","message":"failed to process due to datastore timeout of 30 seconds.  operation took 59 seconds."},{"id":"4d2b173b-b1bf-49de-b041-7e668ae28409","email":"elizabeth.martinez@dropbox.net","message":"successfully parsed message, but message temporarily enqueued while system restarts."},{"id":"66e58fc0-f373-4d55-ac8a-22ed5187ccb2","email":"ethan.hernandez@microsoft.com","message":"failed to process due to network exception."},{"id":"9f8f4b62-6ccc-441f-a93d-d5f87a519f69","email":"emily.taylor@gmail.com","message":"failed to process due to datastore timeout of 30 seconds.  operation took 45 seconds."},{"id":"34cf1c9e-bb38-49ac-b703-584c08b34a79","email":"mia.perez@me.com","message":"successfully handled skipped operation."},{"id":"e24c57c0-8d8a-4e16-8af8-d9517a286009","email":"tyler.nelson@microsoft.com","message":"successfully parsed message, but message temporarily enqueued while system restarts."},{"id":"b863834d-f036-4720-8f96-2f53660b8346","email":"nathan.young@microsoft.com","message":"successfully processed after 8589 milliseconds."},{"id":"6d9a8999-72df-4c01-a2ed-aabb95147149","email":"joshua.lee@gmail.com","message":"successfully parsed message, but message temporarily enqueued while system restarts."},{"id":"3510b901-f068-435d-b2e3-00c4091987c4","email":"michael.hall@dropbox.net","message":"successfully handled skipped operation."},{"id":"b449b00f-d53c-4797-a2db-9a8dc1c67377","email":"lily.harris@gmail.com","message":"successfully handled skipped operation."},{"id":"bdff4488-ed09-4022-b855-ad6c9f004aa6","email":"jackson.white@gmail.com","message":"successfully parsed message, but message temporarily enqueued while system restarts."},{"id":"712acc0f-b7b9-438d-9405-68b91a8eafda","email":"chloe.garcia@dropbox.net","message":"failed to process due to network exception."},{"id":"8a31078b-f69b-4a06-863a-9539acd9ce94","email":"daniel.rodriguez@amerisave.com","message":"failed to process due to datastore timeout of 30 seconds.  operation took 58 seconds."},{"id":"9d627744-8620-4ed3-a8d9-ea756772aec0","email":"nathan.young@microsoft.com","message":"failed to process due to network exception."},{"id":"845e2d5e-386d-4bc7-b1fb-07a7a710c3b2","email":"liam.gonzalez@me.com","message":"failed to process due to network exception."},{"id":"43945c87-f2ce-43b3-8f50-771357fcdf8b","email":"sophia.baker@dropbox.net","message":"successfully processed after 9097 milliseconds."},{"id":"f9fb77bf-500d-4617-bfb6-6ee8b0658287","email":"tyler.nelson@microsoft.com","message":"successfully handled skipped operation."},{"id":"fffd1368-7a35-4370-90a3-ac417b595245","email":"dylan.wilson@gmail.com","message":"successfully processed after 8172 milliseconds."},{"id":"71a78631-bc33-40c1-8de6-14927fb7b126","email":"taylor.adams@gmail.com","message":"successfully handled skipped operation."},{"id":"ce5b978e-7091-4145-b06c-3e5a1fa32b45","email":"lily.harris@gmail.com","message":"successfully parsed message, but message temporarily enqueued while system restarts."},{"id":"23c8f53b-4de9-4988-929f-771d2576d6f9","email":"joshua.lee@gmail.com","message":"successfully handled skipped operation."},{"id":"65d41ba4-f548-48b1-9fb2-cc5a0df87e65","email":"abigail.smith@amerisave.com","message":"successfully parsed message, but message temporarily enqueued while system restarts."},{"id":"1aa398b9-570c-4a81-a71a-867f57ead30c","email":"joshua.lee@gmail.com","message":"successfully parsed message, but message temporarily enqueued while system restarts."},{"id":"40ff4a9e-5aaf-4515-812a-a5dc299f3522","email":"ethan.hernandez@microsoft.com","message":"failed to process due to network exception."},{"id":"1e61551e-a658-429e-98a5-b280e7783b7b","email":"nathan.young@microsoft.com","message":"failed to process due to datastore timeout of 30 seconds.  operation took 53 seconds."},{"id":"3bae5c89-1bab-4f51-8f3d-63d4171f1ef1","email":"alexander.williams@gmail.com","message":"failed to process due to datastore timeout of 30 seconds.  operation took 65 seconds."},{"id":"570e8797-024c-43f5-a1fd-06074911aa71","email":"olivia.wright@gmail.com","message":"failed to process due to network exception."},{"id":"13963d1e-10da-4e94-8872-1809311b6acf","email":"alyssa.jones@amerisave.com","message":"successfully handled skipped operation."},{"id":"5476a4e3-6fe0-48d7-bd08-172addeab23c","email":"mia.perez@me.com","message":"failed to process due to network exception."},{"id":"c8d30dea-1353-4ba4-a193-281e604dd6c0","email":"lily.harris@gmail.com","message":"failed to process due to datastore timeout of 30 seconds.  operation took 73 seconds."},{"id":"b39a0988-ae0b-4e94-b9cd-f8b3e64a3ded","email":"samantha.scott@me.com","message":"successfully parsed message, but message temporarily enqueued while system restarts."},{"id":"0d1c3173-fa54-4f2f-b830-6d29e02905df","email":"elizabeth.martinez@dropbox.net","message":"successfully processed after 8175 milliseconds."},{"id":"e5432aa8-59aa-4bee-aba0-93caf15a7de9","email":"emily.taylor@gmail.com","message":"successfully parsed message, but message temporarily enqueued while system restarts."},{"id":"47ea2287-c984-4903-9188-a63f6e4009fe","email":"alexis.brown@microsoft.com","message":"successfully parsed message, but message temporarily enqueued while system restarts."},{"id":"dc5a7e16-981a-4934-93a5-edb0f262a602","email":"alexis.brown@microsoft.com","message":"successfully processed after 3506 milliseconds."},{"id":"482e8407-c0be-44a1-8f37-f665b12a86cb","email":"nicholas.allen@microsoft.com","message":"failed to process due to datastore timeout of 30 seconds.  operation took 111 seconds."},{"id":"3bcfdc20-cf11-4c54-bc7f-9af1b6289e98","email":"jackson.white@gmail.com","message":"successfully processed after 480 milliseconds."},{"id":"f3eed94e-49ba-40f3-9dbd-4cfb385e1d95","email":"ella.anderson@dropbox.net","message":"successfully parsed message, but message temporarily enqueued while system restarts."},{"id":"609faf69-74d1-49af-8721-84325692b693","email":"noah.sanchez@me.com","message":"failed to process due to datastore timeout of 30 seconds.  operation took 116 seconds."},{"id":"cd7ac8e5-24c8-4318-97e8-d97f4b3ede47","email":"dylan.wilson@gmail.com","message":"failed to process due to network exception."},{"id":"fda9e2cf-96f9-423d-96c6-b057fdfe71ad","email":"sarah.green@amerisave.com","message":"successfully processed after 8069 milliseconds."},{"id":"3521c590-ac51-44fd-a042-1a7f9c7dbbda","email":"jacob.lopez@dropbox.net","message":"failed to process due to network exception."},{"id":"78b23a60-8f00-4dcb-a062-8587f64eb6e4","email":"aiden.johnson@microsoft.com","message":"successfully processed after 2842 milliseconds."},{"id":"4d1b03f6-72ea-4952-aa55-3b294e682ea6","email":"ryan.king@dropbox.net","message":"successfully handled skipped operation."},{"id":"2b936f7e-9c56-46f9-9a00-76d5eca36aab","email":"ryan.king@dropbox.net","message":"successfully parsed message, but message temporarily enqueued while system restarts."},{"id":"b65957ad-32c8-46a4-b3c8-09cf0848fc02","email":"logan.clark@dropbox.net","message":"failed to process due to network exception."},{"id":"dbf11762-16db-48d5-9bee-312966832ac2","email":"lily.harris@gmail.com","message":"successfully handled skipped operation."},{"id":"098a7445-429b-4f45-8a90-7495aa1fd89c","email":"andrew.miller@gmail.com","message":"successfully parsed message, but message temporarily enqueued while system restarts."},{"id":"9f4490c3-5ffe-48b3-a2fb-476a8263ea58","email":"jack.thompson@me.com","message":"failed to process due to datastore timeout of 30 seconds.  operation took 81 seconds."},{"id":"0c244d64-f93b-4389-a21b-498df8bc9118","email":"liam.gonzalez@me.com","message":"failed to process due to datastore timeout of 30 seconds.  operation took 119 seconds."},{"id":"09a5ef53-0f6e-4fe6-a0cb-6d5302fa49bb","email":"jacob.lopez@dropbox.net","message":"successfully parsed message, but message temporarily enqueued while system restarts."},{"id":"b2b76c55-94cb-4b26-84a0-ce0103739a08","email":"liam.gonzalez@me.com","message":"successfully handled skipped operation."},{"id":"38fee6d2-82a2-4cff-8933-1d2b44cec5fc","email":"ella.anderson@dropbox.net","message":"successfully handled skipped operation."},{"id":"aac7e230-c274-406d-a63d-be66b05ce068","email":"jackson.white@gmail.com","message":"successfully parsed message, but message temporarily enqueued while system restarts."},{"id":"1e8a3629-357d-4d12-9424-3ac112465dd9","email":"logan.clark@dropbox.net","message":"failed to process due to datastore timeout of 30 seconds.  operation took 46 seconds."},{"id":"f737a21d-fe0b-4c6a-9094-59e4be56336e","email":"ava.davis@gmail.com","message":"failed to process due to network exception."},{"id":"a974d0dc-b77b-447c-a865-2c87a6900320","email":"elizabeth.martinez@dropbox.net","message":"successfully parsed message, but message temporarily enqueued while system restarts."},{"id":"43feacb4-ebcb-4ba9-b6ba-9a8d9e1cd8e3","email":"isabella.jackson@amerisave.com","message":"successfully processed after 8191 milliseconds."},{"id":"a65c35a4-e53f-42e5-a4c3-a15461c61048","email":"noah.sanchez@me.com","message":"successfully processed after 9508 milliseconds."},{"id":"502c49cb-d196-45dd-9196-a22fc6997c61","email":"ava.davis@gmail.com","message":"successfully handled skipped operation."},{"id":"077e1bfa-9d73-4535-a41a-a49cc5ebcc4a","email":"abigail.smith@amerisave.com","message":"failed to process due to network exception."},{"id":"383d2ca4-e353-48cc-9ba1-d9d8523fedaa","email":"lily.harris@gmail.com","message":"failed to process due to datastore timeout of 30 seconds.  operation took 91 seconds."},{"id":"1de429ed-a253-43d2-a8f4-f5ca21a6d463","email":"jack.thompson@me.com","message":"successfully parsed message, but message temporarily enqueued while system restarts."},{"id":"293d6cdf-6f00-40ca-a978-c8b26c7b6e5e","email":"sarah.green@amerisave.com","message":"successfully parsed message, but message temporarily enqueued while system restarts."},{"id":"2ffa1ee6-fafa-4c11-ab9f-8903b9088045","email":"michael.hall@dropbox.net","message":"successfully handled skipped operation."},{"id":"c5d77980-99d2-4b58-9424-2f784b3bb8d1","email":"samantha.scott@me.com","message":"successfully parsed message, but message temporarily enqueued while system restarts."}],"id":"89ba2b51-0098-4a50-b8da-856344ddc04f"}