{"logs":[{"id":"2ddddeb2-b3fa-4857-bfb4-0bbb73d79041","email":"mason.robinson@amerisave.com","message":"successfully parsed message, but message temporarily enqueued while system restarts."},{"id":"266ef5ba-9eb3-4d73-a0f7-06cf860ee01c","email":"jacob.lopez@dropbox.net","message":"successfully processed after 6181 milliseconds."},{"id":"f26f2aff-7a14-4a4b-8e40-d9337f2eee48","email":"tyler.nelson@microsoft.com","message":"failed to process due to network exception."},{"id":"e6deb957-fe9b-47b2-a043-a45cba6de47e","email":"chloe.garcia@dropbox.net","message":"failed to process due to datastore timeout of 30 seconds.  operation took 52 seconds."},{"id":"f08281eb-9ba9-4779-a149-f5a6a058502a","email":"nathan.young@microsoft.com","message":"successfully parsed message, but message temporarily enqueued while system restarts."},{"id":"a28dd9c6-2f20-4891-8550-f05650669954","email":"mia.perez@me.com","message":"failed to process due to network exception."},{"id":"2f934a4e-7558-4922-bea9-42d23e8105dd","email":"ella.anderson@dropbox.net","message":"successfully processed after 179 milliseconds."},{"id":"75c468f3-69a4-4a8d-8f4e-0d66157249e3","email":"alexander.williams@gmail.com","message":"successfully parsed message, but message temporarily enqueued while system restarts."},{"id":"d529a2c9-2aa8-4b03-95e1-1b8e4150acc6","email":"taylor.adams@gmail.com","message":"failed to process due to network exception."},{"id":"d6b8aacb-424c-462d-9d65-49fd7d6e68cb","email":"emma.thomas@me.com","message":"successfully parsed message, but message temporarily enqueued while system restarts."},{"id":"55ac6325-a658-4015-9b9a-c755063f9a37","email":"mason.robinson@amerisave.com","message":"failed to process due to datastore timeout of 30 seconds.  operation took 31 seconds."},{"id":"32874268-25c8-4183-ad0f-5088b420238d","email":"alexis.brown@microsoft.com","message":"successfully handled skipped operation."},{"id":"4bb98b92-6f38-4cad-ae53-2778f679b8f5","email":"isabella.jackson@amerisave.com","message":"failed to process due to network exception."},{"id":"06472a6d-cbae-4654-804d-3787861809b9","email":"daniel.rodriguez@amerisave.com","message":"successfully processed after 6952 milliseconds."},{"id":"e7d22a73-fcd5-4331-af53-c945616f103e","email":"mason.robinson@amerisave.com","message":"failed to process due to network exception."},{"id":"fc3cbad0-6ac8-4952-ae77-aaea233e9d09","email":"nicholas.allen@microsoft.com","message":"successfully processed after 9093 milliseconds."},{"id":"8d27adea-f8f5-4fd2-aad8-65c81274005b","email":"daniel.rodriguez@amerisave.com","message":"successfully parsed message, but message temporarily enqueued while system restarts."},{"id":"97de0b75-345a-4c2d-84df-75184feea0a5","email":"jacob.lopez@dropbox.net","message":"successfully parsed message, but message temporarily enqueued while system restarts."},{"id":"8239fa42-0ca7-4342-a30a-05d8134079b6","email":"chloe.garcia@dropbox.net","message":"successfully parsed message, but message temporarily enqueued while system restarts."},{"id":"d179f94f-dee9-4d15-acf7-e6734be09055","email":"isabella.jackson@amerisave.com","message":"successfully processed after 4761 milliseconds."},{"id":"7ed9745c-7d3b-4a00-8414-fc9264b2e090","email":"tyler.nelson@microsoft.com","message":"successfully parsed message, but message temporarily enqueued while system restarts."},{"id":"25e3b236-df93-4070-a654-7c66f170c272","email":"grace.moore@gmail.com","message":"failed to process due to network exception."},{"id":"1a46e049-2d1f-454e-b173-ef8dcd29256e","email":"grace.moore@gmail.com","message":"successfully parsed message, but message temporarily enqueued while system restarts."},{"id":"7542bb99-b78c-4be3-a3bd-5b2992a2dfac","email":"chloe.garcia@dropbox.net","message":"failed to process due to datastore timeout of 30 seconds.  operation took 69 seconds."},{"id":"75c4848b-dd30-4314-b61a-64eb9ef652d1","email":"emma.thomas@me.com","message":"successfully processed after 9431 milliseconds."},{"id":"37f060a8-5c3f-44a3-b063-f7d465e5c30d","email":"ethan.hernandez@microsoft.com","message":"failed to process due to datastore timeout of 30 seconds.  operation took 48 seconds."},{"id":"beb969db-a58a-4345-8367-e23e795be9d5","email":"alyssa.jones@amerisave.com","message":"failed to process due to network exception."},{"id":"50e468ee-c2d8-4a78-88ad-4fac52becc35","email":"aiden.johnson@microsoft.com","message":"successfully handled skipped operation."},{"id":"77b54e2d-09e1-4dea-99ef-d0779aa827bb","email":"nathan.young@microsoft.com","message":"successfully parsed message, but message temporarily enqueued while system restarts."},{"id":"33c51d02-8a89-4471-84e1-93580dfebe1d","email":"emily.taylor@gmail.com","message":"failed to process due to network exception."},{"id":"17357530-c3a4-4aae-b0fb-4906a7523993","email":"isabella.jackson@amerisave.com","message":"failed to process due to network exception."},{"id":"f4ea302a-3e20-403d-90c3-14500526f41d","email":"aiden.johnson@microsoft.com","message":"successfully processed after 6902 milliseconds."},{"id":"0d95290a-b631-421a-b8a8-f438f23b9e20","email":"isabella.jackson@amerisave.com","message":"successfully processed after 129 milliseconds."},{"id":"921c4bad-3181-47fd-b50f-f7fb8a9d4467","email":"abigail.smith@amerisave.com","message":"successfully processed after 6741 milliseconds."},{"id":"a381d4fd-5872-464e-897a-5d075c35b165","email":"sarah.green@amerisave.com","message":"successfully handled skipped operation."},{"id":"0eeb530b-0a80-49e0-8d26-932e0ab01708","email":"matthew.walker@amerisave.com","message":"failed to process due to network exception."},{"id":"27292cbd-bb25-4a68-9f0e-b126fbd1fc1d","email":"chloe.garcia@dropbox.net","message":"failed to process due to datastore timeout of 30 seconds.  operation took 84 seconds."},{"id":"096693e0-428c-4514-9bd6-46d5af208e6f","email":"mason.robinson@amerisave.com","message":"successfully handled skipped operation."},{"id":"8cbeabcc-c3c0-4ac9-8d3e-ed6e7dbbed71","email":"samantha.scott@me.com","message":"failed to process due to network exception."},{"id":"5630dac0-8f33-480e-a0f3-8681506c554c","email":"isabella.jackson@amerisave.com","message":"successfully processed after 8946 milliseconds."},{"id":"57ebf900-4909-4471-b3a9-52985e48e38a","email":"dylan.wilson@gmail.com","message":"failed to process due to datastore timeout of 30 seconds.  operation took 46 seconds."},{"id":"189b1510-10f0-4f23-839d-10396316d575","email":"logan.clark@dropbox.net","message":"failed to process due to datastore timeout of 30 seconds.  operation took 59 seconds."},{"id":"fe12f611-7c2c-46c2-9c39-a2b6781b9f14","email":"logan.clark@dropbox.net","message":"successfully parsed message, but message temporarily enqueued while system restarts."},{"id":"25d189a6-29f2-48db-b1cf-b4d6c0906646","email":"nathan.young@microsoft.com","message":"successfully handled skipped operation."},{"id":"bf4114fd-98ec-4f11-8fc1-2cc2d3c6e7a0","email":"joshua.lee@gmail.com","message":"successfully processed after 327 milliseconds."},{"id":"50cc3717-60ca-46b2-a01d-b7b1485fabba","email":"olivia.wright@gmail.com","message":"successfully parsed message, but message temporarily enqueued while system restarts."},{"id":"36e73d31-7919-4078-9ff3-7f87a66bcdfa","email":"jack.thompson@me.com","message":"failed to process due to datastore timeout of 30 seconds.  operation took 82 seconds."},{"id":"5b3857a9-fdbd-45a0-845d-250a79c0a77c","email":"tyler.nelson@microsoft.com","message":"successfully parsed message, but message temporarily enqueued while system restarts."},{"id":"3bd63850-47ad-469e-b32d-6df45f18c123","email":"alyssa.jones@amerisave.com","message":"successfully processed after 7709 milliseconds."},{"id":"fcbb38d2-a9a5-4d0f-b9ff-03bc8983ec9a","email":"sophia.baker@dropbox.net","message":"successfully handled skipped operation."},{"id":"433042e4-637b-480b-9313-ccd6d6a37b12","email":"nicholas.allen@microsoft.com","message":"successfully processed after 3728 milliseconds."},{"id":"29f73556-ae81-4519-8cd8-c765e2a128f2","email":"logan.clark@dropbox.net","message":"failed to process due to network exception."},{"id":"1ae1125d-f60d-43ff-ae4f-6672f42bd492","email":"tyler.nelson@microsoft.com","message":"failed to process due to datastore timeout of 30 seconds.  operation took 52 seconds."},{"id":"b86c5f70-0766-4247-be9a-c0b0b3a65155","email":"emma.thomas@me.com","message":"successfully parsed message, but message temporarily enqueued while system restarts."},{"id":"4cad9f4c-a997-4292-966d-15bc090e716d","email":"nathan.young@microsoft.com","message":"failed to process due to network exception."},{"id":"a0b2d5d5-29c7-4547-8321-fad96f0087a0","email":"ava.davis@gmail.com","message":"failed to process due to datastore timeout of 30 seconds.  operation took 61 seconds."},{"id":"acf8e4ff-fdd4-4051-93f8-4f2063070fde","email":"jacob.lopez@dropbox.net","message":"successfully parsed message, but message temporarily enqueued while system restarts."},{"id":"e1da5ec2-8deb-4442-b111-f78e7ec63d00","email":"michael.hall@dropbox.net","message":"failed to process due to network exception."},{"id":"987ea5e7-7729-4de0-a6f0-509d73259f8a","email":"samantha.scott@me.com","message":"failed to process due to datastore timeout of 30 seconds.  operation took 128 seconds."},{"id":"c3afeba6-8833-470f-b2f6-b0d1d3e04c70","email":"logan.clark@dropbox.net","message":"successfully handled skipped operation."},{"id":"44d0e77b-51e6-4558-ad39-ca0b6d12f1bd","email":"michael.hall@dropbox.net","message":"successfully processed after 6891 milliseconds."},{"id":"5aec6698-ac9b-4eff-b64d-17a2b6cf5b23","email":"noah.sanchez@me.com","message":"successfully processed after 5555 milliseconds."},{"id":"73046470-bd15-4b15-8a42-674d44a0db51","email":"chloe.garcia@dropbox.net","message":"failed to process due to network exception."},{"id":"37b27f88-d3d8-4e10-be27-4c47fbf3062a","email":"hannah.martin@dropbox.net","message":"successfully processed after 4066 milliseconds."},{"id":"badd4c92-bae2-40bf-97ee-c760aaca7821","email":"daniel.rodriguez@amerisave.com","message":"successfully processed after 9056 milliseconds."},{"id":"391484b0-ecb7-46e6-9095-27615f144663","email":"andrew.miller@gmail.com","message":"successfully handled skipped operation."},{"id":"b283fb21-1deb-44f3-b49d-292527713a41","email":"ryan.king@dropbox.net","message":"successfully parsed message, but message temporarily enqueued while system restarts."},{"id":"209943f9-77f8-4e81-a4bb-e5723a15861b","email":"jack.thompson@me.com","message":"failed to process due to datastore timeout of 30 seconds.  operation took 63 seconds."},{"id":"5f86765d-5a39-44f4-b11f-28c214bb5c20","email":"sophia.baker@dropbox.net","message":"failed to process due to datastore timeout of 30 seconds.  operation took 101 seconds."},{"id":"16a1b342-9f8b-440b-8738-702ab65494ed","email":"ryan.king@dropbox.net","message":"successfully parsed message, but message temporarily enqueued while system restarts."},{"id":"4d9f8e19-bd2e-47c4-8e29-2126db577534","email":"tyler.nelson@microsoft.com","message":"successfully processed after 3928 milliseconds."},{"id":"4401f039-8e1a-4f13-8bd3-f5f5df32e3af","email":"andrew.miller@gmail.com","message":"failed to process due to datastore timeout of 30 seconds.  operation took 82 seconds."},{"id":"b6654f89-6c42-4c11-9e5e-916588af4ef6","email":"liam.gonzalez@me.com","message":"successfully processed after 2894 milliseconds."},{"id":"bf1ba4cf-714b-4cc7-8eef-397201fd235e","email":"aiden.johnson@microsoft.com","message":"failed to process due to network exception."},{"id":"01e2ea30-50b4-4c9e-ad18-3ed86bab23c6","email":"michael.hall@dropbox.net","message":"failed to process due to datastore timeout of 30 seconds.  operation took 35 seconds."},{"id":"16acc05a-55c7-40c9-829f-7ac0d4bd702e","email":"madison.lewis@gmail.com","message":"successfully processed after 7377 milliseconds."},{"id":"5a531717-acb6-499d-953a-a62ef7f08450","email":"ava.davis@gmail.com","message":"successfully parsed message, but message temporarily enqueued while system restarts."},{"id":"a058c874-31aa-42bf-95a7-a828cb8b9cc1","email":"aiden.johnson@microsoft.com","message":"successfully parsed message, but message temporarily enqueued while system restarts."},{"id":"da370291-6c0e-449b-83b9-3420154c8728","email":"andrew.miller@gmail.com","message":"failed to process due to network exception."},{"id":"b2151abf-65cf-4116-b981-25929ac1a4e7","email":"nathan.young@microsoft.com","message":"successfully handled skipped operation."},{"id":"aa00e12e-fe05-421d-b4b4-81df3c0b3355","email":"andrew.miller@gmail.com","message":"successfully parsed message, but message temporarily enqueued while system restarts."},{"id":"5db9a928-7be9-4ce8-a05e-850ca18756bf","email":"grace.moore@gmail.com","message":"successfully processed after 1110 milliseconds."},{"id":"52e0ffc6-afa7-449a-b97d-1d72fcc3e968","email":"tyler.nelson@microsoft.com","message":"successfully parsed message, but message temporarily enqueued while system restarts."},{"id":"028c8c07-2324-40f5-b320-c9aaf1c94ec9","email":"mason.robinson@amerisave.com","message":"successfully handled skipped operation."},{"id":"41595987-cce3-4e14-bcd4-0b293db453c8","email":"alexander.williams@gmail.com","message":"successfully handled skipped operation."},{"id":"a22c9ae5-e1b8-41c5-8817-5ea5792c2d34","email":"mason.robinson@amerisave.com","message":"failed to process due to datastore timeout of 30 seconds.  operation took 49 seconds."},{"id":"b6a0b018-ce79-4c32-bf7f-1961b36814ea","email":"matthew.walker@amerisave.com","message":"successfully parsed message, but message temporarily enqueued while system restarts."},{"id":"41bb8944-dfc9-4e7e-bc6f-d879e284c0b1","email":"joshua.lee@gmail.com","message":"failed to process due to network exception."},{"id":"93f6e3ab-b46a-4ef9-be8d-bdeb0816a375","email":"jack.thompson@me.com","message":"successfully processed after 5910 milliseconds."},{"id":"81a7f5d0-fcb8-45b1-b389-f38dab67796a","email":"ethan.hernandez@microsoft.com","message":"successfully processed after 8643 milliseconds."},{"id":"c195f340-f2b4-47f5-85fc-8d8dfa6c867a","email":"hannah.martin@dropbox.net","message":"successfully processed after 3603 milliseconds."},{"id":"8211358c-e699-4b77-9365-9e601a988e68","email":"lily.harris@gmail.com","message":"failed to process due to datastore timeout of 30 seconds.  operation took 129 seconds."},{"id":"fddbeb7f-f44c-43f7-92ba-2afe1f4673eb","email":"dylan.wilson@gmail.com","message":"failed to process due to datastore timeout of 30 seconds.  operation took 50 seconds."},{"id":"8711d8be-a88f-4531-bda8-b4b88a35c44b","email":"grace.moore@gmail.com","message":"successfully processed after 3800 milliseconds."},{"id":"3d5d672d-8f18-4416-9276-eff15d4e322b","email":"aiden.johnson@microsoft.com","message":"successfully handled skipped operation."},{"id":"b161ee96-ce45-4e7d-a542-d02fc58e565e","email":"taylor.adams@gmail.com","message":"successfully handled skipped operation."},{"id":"a3a723d5-df4e-40e9-beeb-3a1943983acd","email":"ethan.hernandez@microsoft.com","message":"successfully handled skipped operation."},{"id":"22ee0d6e-14e7-4e54-b6c5-a08ba1bb2979","email":"logan.clark@dropbox.net","message":"successfully parsed message, but message temporarily enqueued while system restarts."},{"id":"c93d9575-d69e-428b-8b05-f37cccb1909d","email":"alexander.williams@gmail.com","message":"successfully parsed message, but message temporarily enqueued while system restarts."},{"id":"d14c7f88-08ad-4259-a42d-6c19e8adc82e","email":"logan.clark@dropbox.net","message":"failed to process due to network exception."},{"id":"3bd6c68b-4402-4fa6-a218-6c074bc5e2ad","email":"ava.davis@gmail.com","message":"successfully parsed message, but message temporarily enqueued while system restarts."},{"id":"0cb982db-298f-4e93-9d56-533027f83638","email":"logan.clark@dropbox.net","message":"successfully parsed message, but message temporarily enqueued while system restarts."},{"id":"a71c8971-e69f-4865-8427-2cc236f257ea","email":"emma.thomas@me.com","message":"successfully processed after 4424 milliseconds."},{"id":"57fb07eb-8936-44dc-b2d3-279d87329318","email":"liam.gonzalez@me.com","message":"failed to process due to network exception."},{"id":"88c5fcf6-089f-4bb9-8e5a-ac7032dbdc79","email":"aiden.johnson@microsoft.com","message":"successfully processed after 5216 milliseconds."},{"id":"0247b8ad-5a69-4c46-b870-75d724f0f6a8","email":"matthew.walker@amerisave.com","message":"successfully handled skipped operation."},{"id":"f7171141-e4aa-4086-af2a-b1aa387ca98a","email":"mason.robinson@amerisave.com","message":"failed to process due to network exception."},{"id":"06d7ecf0-40d1-4c64-89e5-4f5c18456c9d","email":"isabella.jackson@amerisave.com","message":"successfully handled skipped operation."},{"id":"22be0f3d-2c4c-4547-ad7a-81db38cb6fc6","email":"jacob.lopez@dropbox.net","message":"failed to process due to network exception."},{"id":"dc77989c-9d01-4853-a739-6b93a21cd9f2","email":"isabella.jackson@amerisave.com","message":"successfully parsed message, but message temporarily enqueued while system restarts."},{"id":"a814ce6d-9bbf-4745-a1a4-26f448374e06","email":"nathan.young@microsoft.com","message":"successfully parsed message, but message temporarily enqueued while system restarts."},{"id":"a9795e20-3076-4ac5-8ac0-b3406b5ff408","email":"jacob.lopez@dropbox.net","message":"successfully parsed message, but message temporarily enqueued while system restarts."},{"id":"a37514f6-4d1d-45de-b3fa-b2bff4467fe7","email":"michael.hall@dropbox.net","message":"successfully parsed message, but message temporarily enqueued while system restarts."},{"id":"6d153ca0-3b23-45f1-a839-bd342e70bb95","email":"nathan.young@microsoft.com","message":"successfully handled skipped operation."},{"id":"941fd32e-e928-4a5f-ae78-f3abf723c1be","email":"nicholas.allen@microsoft.com","message":"successfully handled skipped operation."},{"id":"3e3c2254-b925-4690-b3e6-63eea41a4aeb","email":"jack.thompson@me.com","message":"failed to process due to datastore timeout of 30 seconds.  operation took 74 seconds."},{"id":"9bb00529-fc36-4c7d-aee4-922103305f9f","email":"sarah.green@amerisave.com","message":"failed to process due to datastore timeout of 30 seconds.  operation took 102 seconds."},{"id":"abba5b7e-82f3-4ebf-b798-1c041cbffd40","email":"abigail.smith@amerisave.com","message":"failed to process due to datastore timeout of 30 seconds.  operation took 71 seconds."},{"id":"6ea4f8a4-7d2a-4bc5-a598-194f6a535d5a","email":"sophia.baker@dropbox.net","message":"failed to process due to datastore timeout of 30 seconds.  operation took 94 seconds."},{"id":"cfe6eb43-0f2c-4201-8729-118ac2925ab7","email":"dylan.wilson@gmail.com","message":"failed to process due to network exception."},{"id":"5254d786-e629-4fbe-a75c-e74b192562f8","email":"grace.moore@gmail.com","message":"successfully parsed message, but message temporarily enqueued while system restarts."},{"id":"a55f18ca-e044-41c0-8c21-c5118a75e847","email":"tyler.nelson@microsoft.com","message":"successfully parsed message, but message temporarily enqueued while system restarts."},{"id":"08c1344e-f4c6-4cc4-8c46-a189b246c314","email":"grace.moore@gmail.com","message":"failed to process due to network exception."},{"id":"a648b7de-1cda-4032-8c67-f27471ca4ad7","email":"liam.gonzalez@me.com","message":"failed to process due to network exception."},{"id":"7916b729-caf0-4226-b814-99176cd9f863","email":"alexander.williams@gmail.com","message":"successfully handled skipped operation."},{"id":"a44daca0-1bd2-406c-9c35-f4aed8db4e48","email":"chloe.garcia@dropbox.net","message":"failed to process due to network exception."},{"id":"b4b46cd6-87b9-4376-96b4-460e16ecff0a","email":"ella.anderson@dropbox.net","message":"successfully parsed message, but message temporarily enqueued while system restarts."},{"id":"44e70f82-3f03-47e0-a556-d5e0e93df065","email":"lily.harris@gmail.com","message":"successfully handled skipped operation."},{"id":"bf3e77d6-04d5-46c3-84b5-f0300002d9a2","email":"mason.robinson@amerisave.com","message":"successfully handled skipped operation."},{"id":"591fff0b-540d-496a-9af8-af1a81818edd","email":"jacob.lopez@dropbox.net","message":"successfully processed after 6405 milliseconds."},{"id":"d11601b7-7295-4f9b-9268-6313bb82bfb6","email":"abigail.smith@amerisave.com","message":"failed to process due to network exception."},{"id":"be831311-493e-445f-bb11-9d43aa3644eb","email":"samantha.scott@me.com","message":"failed to process due to datastore timeout of 30 seconds.  operation took 32 seconds."},{"id":"2264e2b3-ac5b-4d17-87e5-cf884068b5fd","email":"lily.harris@gmail.com","message":"successfully handled skipped operation."},{"id":"5a7ab5e3-e38d-4598-b1f6-61d91879c287","email":"isabella.jackson@amerisave.com","message":"successfully parsed message, but message temporarily enqueued while system restarts."},{"id":"601964d4-236e-4b2b-886e-17f04894072b","email":"tyler.nelson@microsoft.com","message":"successfully handled skipped operation."},{"id":"4395cdcb-4677-4f3f-aaa0-20c03324d0da","email":"ryan.king@dropbox.net","message":"failed to process due to datastore timeout of 30 seconds.  operation took 112 seconds."},{"id":"c45a45d0-2abd-4ce3-87ca-43e255558e91","email":"liam.gonzalez@me.com","message":"successfully parsed message, but message temporarily enqueued while system restarts."},{"id":"43b86a6b-7873-4a62-9bb9-7dab101e4df4","email":"nicholas.allen@microsoft.com","message":"failed to process due to network exception."},{"id":"757e77c5-ab37-4a04-ba5b-a6309f7d4c6e","email":"ella.anderson@dropbox.net","message":"failed to process due to network exception."},{"id":"3f5d9a2a-a5dd-4fe0-8b15-779c77b71960","email":"andrew.miller@gmail.com","message":"successfully processed after 3369 milliseconds."},{"id":"4c321bb2-7286-47c0-b0a3-fc030de83da8","email":"joshua.lee@gmail.com","message":"successfully handled skipped operation."},{"id":"2cb136dd-1618-4f39-80f0-c5ad874ad499","email":"mason.robinson@amerisave.com","message":"failed to process due to datastore timeout of 30 seconds.  operation took 105 seconds."},{"id":"dba047e3-9ad1-4d3d-bbe8-a1579510c8c9","email":"nicholas.allen@microsoft.com","message":"successfully parsed message, but message temporarily enqueued while system restarts."},{"id":"d12c82cf-58fb-4d66-a18d-572fb383249b","email":"alexis.brown@microsoft.com","message":"failed to process due to network exception."},{"id":"eca6f2ea-6295-44d5-864f-f4b4824a0786","email":"alyssa.jones@amerisave.com","message":"failed to process due to datastore timeout of 30 seconds.  operation took 71 seconds."},{"id":"a4bf6fc6-2c2e-4efb-8346-da4f5e7a3168","email":"noah.sanchez@me.com","message":"successfully processed after 4194 milliseconds."},{"id":"c2d6d6ce-9275-482d-8000-9a3feb9048d9","email":"sarah.green@amerisave.com","message":"failed to process due to network exception."},{"id":"3008c038-c88b-467a-ba55-f3d338aca9f6","email":"matthew.walker@amerisave.com","message":"successfully handled skipped operation."},{"id":"af42653a-ce7e-41ea-b991-f055d97e0706","email":"alexis.brown@microsoft.com","message":"successfully handled skipped operation."},{"id":"32e0c028-e8e2-4497-8f47-40639b63b9c4","email":"alexander.williams@gmail.com","message":"successfully processed after 2497 milliseconds."},{"id":"b96d81a1-1f3d-4ab2-83fb-1914b75fb640","email":"mia.perez@me.com","message":"failed to process due to datastore timeout of 30 seconds.  operation took 120 seconds."},{"id":"d6854a32-59af-467b-8097-1033f6f4d596","email":"michael.hall@dropbox.net","message":"successfully processed after 2617 milliseconds."},{"id":"becd7f6b-2780-4764-80f9-cfefcb1314a0","email":"samantha.scott@me.com","message":"successfully processed after 5197 milliseconds."},{"id":"6527a328-5104-4305-abaa-e49fcc4be13e","email":"nicholas.allen@microsoft.com","message":"successfully processed after 6566 milliseconds."},{"id":"73e493a8-e7e9-4897-9b43-373aa86a3eb2","email":"nicholas.allen@microsoft.com","message":"successfully handled skipped operation."},{"id":"d62272e7-dfbe-4a72-9d2d-1eaef480b560","email":"isabella.jackson@amerisave.com","message":"successfully parsed message, but message temporarily enqueued while system restarts."},{"id":"5ef313e9-2c87-46fa-8096-7524a9b8c6d9","email":"joshua.lee@gmail.com","message":"successfully processed after 56 milliseconds."},{"id":"23e8e819-6879-46e4-b89f-b7105264abcf","email":"mia.perez@me.com","message":"successfully handled skipped operation."},{"id":"9340c037-e161-470a-a6b6-1792fb33a3bb","email":"mia.perez@me.com","message":"failed to process due to datastore timeout of 30 seconds.  operation took 54 seconds."},{"id":"3bbf21e8-bd8c-43ba-8555-68f11c92362d","email":"lily.harris@gmail.com","message":"failed to process due to datastore timeout of 30 seconds.  operation took 87 seconds."},{"id":"bd99f3f4-8631-4762-b00d-4ab45f4c8356","email":"nathan.young@microsoft.com","message":"failed to process due to network exception."},{"id":"190c5beb-cc0e-416e-88d9-c6a0694654ee","email":"abigail.smith@amerisave.com","message":"failed to process due to network exception."},{"id":"a4cc0ef5-44c6-430f-80d0-2c5124b6db35","email":"liam.gonzalez@me.com","message":"failed to process due to network exception."},{"id":"1fee99cb-d7a3-40ea-a4e7-c18726338a4e","email":"ella.anderson@dropbox.net","message":"successfully processed after 6053 milliseconds."},{"id":"59d11140-56aa-4934-8651-115dcd0bd480","email":"ella.anderson@dropbox.net","message":"successfully parsed message, but message temporarily enqueued while system restarts."},{"id":"331b3e66-8007-4ce8-87a3-aa292a9eff45","email":"sophia.baker@dropbox.net","message":"failed to process due to network exception."},{"id":"b74539ec-9a51-4baa-b6de-af233d66aa4d","email":"ava.davis@gmail.com","message":"successfully processed after 1522 milliseconds."},{"id":"1b3497dc-a9cb-4af1-bbd0-c60969544185","email":"liam.gonzalez@me.com","message":"successfully parsed message, but message temporarily enqueued while system restarts."},{"id":"7909c5b5-8d3e-460c-a1b4-b2ddaa8ad812","email":"isabella.jackson@amerisave.com","message":"failed to process due to datastore timeout of 30 seconds.  operation took 62 seconds."},{"id":"2d9e2a85-f9ef-4f79-b667-b61021a5cfcc","email":"michael.hall@dropbox.net","message":"successfully handled skipped operation."},{"id":"d4faed54-1f0e-4d19-b2cf-c160765a1ba0","email":"matthew.walker@amerisave.com","message":"successfully parsed message, but message temporarily enqueued while system restarts."},{"id":"f509530b-248b-4a7e-b513-4124a944caa0","email":"tyler.nelson@microsoft.com","message":"successfully handled skipped operation."},{"id":"830aeb1c-2154-4279-956e-c61c992b5e20","email":"alexander.williams@gmail.com","message":"failed to process due to network exception."},{"id":"5e9d03e4-ac7e-4dc8-8ac5-23efe74cdcac","email":"andrew.miller@gmail.com","message":"successfully processed after 2250 milliseconds."},{"id":"bd996be2-eeaa-4a7e-a6a4-0173e9ea4de4","email":"ella.anderson@dropbox.net","message":"successfully processed after 4731 milliseconds."},{"id":"54364b38-9f31-48a6-885e-6ab09eca19b4","email":"daniel.rodriguez@amerisave.com","message":"successfully processed after 2362 milliseconds."},{"id":"7e04378d-2b29-447f-974e-6bdc24c9b06d","email":"elizabeth.martinez@dropbox.net","message":"successfully parsed message, but message temporarily enqueued while system restarts."},{"id":"90598ac4-f676-4c37-8529-d97edcba8fbd","email":"elizabeth.martinez@dropbox.net","message":"failed to process due to datastore timeout of 30 seconds.  operation took 74 seconds."},{"id":"90585907-7cf3-4a4a-a86e-0c931c4e62da","email":"alyssa.jones@amerisave.com","message":"failed to process due to datastore timeout of 30 seconds.  operation took 84 seconds."},{"id":"6c765e5a-a2c4-41cd-87e6-b1b2a393b5a6","email":"ryan.king@dropbox.net","message":"successfully parsed message, but message temporarily enqueued while system restarts."},{"id":"0483368d-b178-437c-942b-c65c61f6fa5f","email":"nathan.young@microsoft.com","message":"failed to process due to network exception."},{"id":"dbdc1b91-cffb-4c3e-9ff6-2ab3db5ab08b","email":"ethan.hernandez@microsoft.com","message":"successfully processed after 6217 milliseconds."},{"id":"bd78e591-4139-4724-a762-76cceaeab255","email":"tyler.nelson@microsoft.com","message":"failed to process due to network exception."},{"id":"cd285126-38cd-4e4f-9aa4-a12f80a87402","email":"ryan.king@dropbox.net","message":"failed to process due to datastore timeout of 30 seconds.  operation took 92 seconds."},{"id":"d698ab19-42d3-4a6c-93ea-d703acd32808","email":"hannah.martin@dropbox.net","message":"successfully parsed message, but message temporarily enqueued while system restarts."},{"id":"631f51f1-db39-4970-94c9-bbe6dc899133","email":"aiden.johnson@microsoft.com","message":"failed to process due to network exception."},{"id":"e826ee79-2ed3-4b72-9050-f8f33d06d1c6","email":"olivia.wright@gmail.com","message":"successfully handled skipped operation."},{"id":"5035a467-a2b2-4a97-8794-a9b95b423da0","email":"alyssa.jones@amerisave.com","message":"successfully handled skipped operation."},{"id":"2622cd73-37ca-4196-9e07-ca43af6e2ced","email":"lily.harris@gmail.com","message":"failed to process due to network exception."},{"id":"d92bc2ee-d418-4dc4-8ec7-89fecdbf103b","email":"sarah.green@amerisave.com","message":"successfully processed after 1075 milliseconds."},{"id":"dcf836c2-3c1a-44ac-8ca8-459c7c7e429d","email":"andrew.miller@gmail.com","message":"successfully parsed message, but message temporarily enqueued while system restarts."},{"id":"210c2050-2f1f-4d6b-9ff7-77cfbf9a186b","email":"abigail.smith@amerisave.com","message":"successfully parsed message, but message temporarily enqueued while system restarts."},{"id":"445b04a7-e5f5-47b9-b934-0ac6b560a367","email":"sarah.green@amerisave.com","message":"successfully parsed message, but message temporarily enqueued while system restarts."},{"id":"9caf2e6b-2983-42c0-a285-104c7719a8db","email":"logan.clark@dropbox.net","message":"failed to process due to network exception."},{"id":"759fdeac-714a-44c7-b08e-f2ccbf2f1418","email":"ava.davis@gmail.com","message":"successfully handled skipped operation."},{"id":"2505d406-c78a-4d30-b697-a382ef16b932","email":"andrew.miller@gmail.com","message":"successfully processed after 5487 milliseconds."},{"id":"3baa2a14-f835-4d18-8725-91c35c540f96","email":"jack.thompson@me.com","message":"failed to process due to network exception."},{"id":"36b4a9bd-c25a-4b71-80b9-c22e355819a9","email":"aiden.johnson@microsoft.com","message":"successfully handled skipped operation."},{"id":"466be511-009c-4218-aa9d-54c724dd274c","email":"noah.sanchez@me.com","message":"failed to process due to datastore timeout of 30 seconds.  operation took 127 seconds."},{"id":"103dda8c-43c8-44db-806b-b2a819dbab6d","email":"ella.anderson@dropbox.net","message":"successfully parsed message, but message temporarily enqueued while system restarts."},{"id":"35ac6fd0-9c38-4c5d-a376-1c7f2f3e7c32","email":"emma.thomas@me.com","message":"failed to process due to network exception."},{"id":"03323599-2ea4-4fda-a1a3-6d8a3b6b58ee","email":"daniel.rodriguez@amerisave.com","message":"successfully parsed message, but message temporarily enqueued while system restarts."},{"id":"96c8c30d-876a-4b39-b37d-a14aa035defa","email":"samantha.scott@me.com","message":"successfully parsed message, but message temporarily enqueued while system restarts."},{"id":"3e686f6c-cf6a-44d9-8a37-84b5bfe8ce29","email":"abigail.smith@amerisave.com","message":"successfully parsed message, but message temporarily enqueued while system restarts."},{"id":"a5d10cac-f469-475e-ac01-0503f1677603","email":"emily.taylor@gmail.com","message":"successfully parsed message, but message temporarily enqueued while system restarts."},{"id":"a8d031e2-ae1c-41cc-88e9-8841e311114e","email":"isabella.jackson@amerisave.com","message":"successfully processed after 3131 milliseconds."},{"id":"21436333-249f-4624-ab52-f25efca52187","email":"ryan.king@dropbox.net","message":"failed to process due to network exception."},{"id":"07c1d197-d771-4474-a44e-42ecb4a9fae4","email":"samantha.scott@me.com","message":"successfully handled skipped operation."},{"id":"5ae5d2be-bd76-4a18-a900-b167639ea71c","email":"aiden.johnson@microsoft.com","message":"failed to process due to network exception."},{"id":"f0fefabc-fd4d-4df7-881b-e2e869c0ec7d","email":"tyler.nelson@microsoft.com","message":"failed to process due to network exception."},{"id":"3e27684c-8f9f-4ad0-a134-fbd8f411688a","email":"mason.robinson@amerisave.com","message":"successfully processed after 1638 milliseconds."},{"id":"217c825e-b4b4-4103-a365-15252129a25b","email":"taylor.adams@gmail.com","message":"failed to process due to datastore timeout of 30 seconds.  operation took 58 seconds."},{"id":"feed4c26-feea-4ce5-bcd8-3abd88469c9c","email":"alyssa.jones@amerisave.com","message":"successfully parsed message, but message temporarily enqueued while system restarts."},{"id":"5b26dba7-21a5-48c5-8695-92e65126f785","email":"sophia.baker@dropbox.net","message":"successfully handled skipped operation."},{"id":"96d61491-b493-40a6-9545-751d55fd03c7","email":"alyssa.jones@amerisave.com","message":"successfully processed after 248 milliseconds."},{"id":"7ffa33f0-81b6-4058-bd17-fbbfa12fdfd5","email":"lily.harris@gmail.com","message":"successfully processed after 2959 milliseconds."},{"id":"ac194ec4-a24d-492f-ada1-f8f0a8db2491","email":"alexander.williams@gmail.com","message":"failed to process due to datastore timeout of 30 seconds.  operation took 75 seconds."},{"id":"d685a16e-66f4-4a91-bb28-c0af9dfd7cbe","email":"ella.anderson@dropbox.net","message":"successfully parsed message, but message temporarily enqueued while system restarts."},{"id":"408fa107-a371-44af-86fc-0a99935539c3","email":"joshua.lee@gmail.com","message":"successfully handled skipped operation."},{"id":"2a8e434d-1aec-47ef-a654-1f74a7a82a64","email":"jacob.lopez@dropbox.net","message":"failed to process due to datastore timeout of 30 seconds.  operation took 130 seconds."},{"id":"b96d9253-e24f-4ba8-85f1-ef6b34ee7a93","email":"matthew.walker@amerisave.com","message":"successfully processed after 5987 milliseconds."},{"id":"17825b00-2d91-474b-8d34-03f09d28f688","email":"sarah.green@amerisave.com","message":"successfully handled skipped operation."},{"id":"25c5fb56-414b-45fb-a95e-d4a56ee3eeeb","email":"taylor.adams@gmail.com","message":"successfully handled skipped operation."},{"id":"ee812bb1-b6d0-4012-b7c1-fc9c13647d29","email":"daniel.rodriguez@amerisave.com","message":"failed to process due to datastore timeout of 30 seconds.  operation took 62 seconds."},{"id":"278f1f86-aa15-4daa-a023-87ba4e11df2c","email":"sophia.baker@dropbox.net","message":"successfully handled skipped operation."},{"id":"0617ca71-df67-442f-9463-9040beb64548","email":"jacob.lopez@dropbox.net","message":"successfully handled skipped operation."},{"id":"c8ab8240-454c-40b8-bd2e-c35b4f0c044e","email":"noah.sanchez@me.com","message":"successfully processed after 7752 milliseconds."},{"id":"54c62ab7-6fa9-47dd-a154-d75259c653aa","email":"ethan.hernandez@microsoft.com","message":"successfully handled skipped operation."},{"id":"7da0c24e-6829-4d28-ba09-5ff56d297b81","email":"isabella.jackson@amerisave.com","message":"successfully handled skipped operation."},{"id":"24e4e9d8-3dc4-40ea-befa-1bb024f5d1ff","email":"joshua.lee@gmail.com","message":"successfully parsed message, but message temporarily enqueued while system restarts."},{"id":"8de750e8-9f42-4e14-a63b-95f9aa889cf1","email":"madison.lewis@gmail.com","message":"failed to process due to network exception."},{"id":"a8a117fa-037e-4dfe-9dc8-d64c97557361","email":"hannah.martin@dropbox.net","message":"failed to process due to datastore timeout of 30 seconds.  operation took 109 seconds."},{"id":"2408733d-c6a4-4300-aa8f-f985b6256e4a","email":"alyssa.jones@amerisave.com","message":"failed to process due to network exception."},{"id":"cd501bb4-5efd-4849-a9f4-dba02bb0f13c","email":"nathan.young@microsoft.com","message":"failed to process due to datastore timeout of 30 seconds.  operation took 42 seconds."},{"id":"60641de5-7e43-4cf5-93e1-dbf750884c96","email":"mia.perez@me.com","message":"successfully handled skipped operation."},{"id":"40fb169c-eb54-4ace-a61e-494d24f874d8","email":"mason.robinson@amerisave.com","message":"failed to process due to network exception."},{"id":"c001d2e5-c1ac-4ea8-9b53-5f0694caf0bd","email":"grace.moore@gmail.com","message":"successfully parsed message, but message temporarily enqueued while system restarts."},{"id":"67df5da2-f633-43a9-8371-2a35946eda5b","email":"elizabeth.martinez@dropbox.net","message":"successfully parsed message, but message temporarily enqueued while system restarts."},{"id":"5169f7d6-ab2a-469d-9398-9391cf5e25ae","email":"ryan.king@dropbox.net","message":"successfully handled skipped operation."},{"id":"d4bdd9d5-6699-4101-8399-41e5f207bf3f","email":"ava.davis@gmail.com","message":"successfully handled skipped operation."},{"id":"676d15f2-e494-41ad-a302-5afb11b1ae4e","email":"matthew.walker@amerisave.com","message":"successfully parsed message, but message temporarily enqueued while system restarts."},{"id":"77b47a7a-e6f0-4f14-9b08-eb6aa4c2feb2","email":"matthew.walker@amerisave.com","message":"successfully processed after 3108 milliseconds."},{"id":"972b0f0d-fc26-4734-98fd-c2b9eaeab8cb","email":"nicholas.allen@microsoft.com","message":"successfully handled skipped operation."},{"id":"d8e6454c-aca5-4c69-9d4b-c9f55910de71","email":"olivia.wright@gmail.com","message":"successfully parsed message, but message temporarily enqueued while system restarts."},{"id":"e8e47c67-68f3-464d-bd4d-2c64cc2d5178","email":"dylan.wilson@gmail.com","message":"successfully parsed message, but message temporarily enqueued while system restarts."},{"id":"d1bc224a-75b6-4bcd-9ddf-a3a728230603","email":"olivia.wright@gmail.com","message":"failed to process due to datastore timeout of 30 seconds.  operation took 75 seconds."},{"id":"fed5515a-2a9d-45d5-b4c6-5507b1719ba5","email":"daniel.rodriguez@amerisave.com","message":"failed to process due to network exception."},{"id":"70005eb3-9aeb-40e6-b122-1b13b8ec99f4","email":"logan.clark@dropbox.net","message":"failed to process due to network exception."},{"id":"6efb5719-d424-4d42-a5d8-6d6352119ecc","email":"ethan.hernandez@microsoft.com","message":"failed to process due to datastore timeout of 30 seconds.  operation took 119 seconds."},{"id":"4597eb67-88d5-45a4-935c-760b7da153b3","email":"abigail.smith@amerisave.com","message":"failed to process due to datastore timeout of 30 seconds.  operation took 78 seconds."},{"id":"542608a3-4b87-4355-8764-a923abc22883","email":"dylan.wilson@gmail.com","message":"failed to process due to network exception."},{"id":"daa987dd-e593-4b5d-93db-63c72e89dc24","email":"nathan.young@microsoft.com","message":"successfully processed after 8363 milliseconds."},{"id":"a367fdbf-2e45-4412-9eec-a82a8cd473f1","email":"daniel.rodriguez@amerisave.com","message":"successfully handled skipped operation."},{"id":"132f0137-2a14-4127-8a6a-a37893c57b5c","email":"tyler.nelson@microsoft.com","message":"successfully handled skipped operation."},{"id":"6bf75645-1835-4d5e-82a9-2b47a84f7358","email":"taylor.adams@gmail.com","message":"successfully processed after 6678 milliseconds."},{"id":"f01f231d-bbea-4871-841e-c12c35a52f90","email":"lily.harris@gmail.com","message":"successfully parsed message, but message temporarily enqueued while system restarts."},{"id":"8b0a88eb-7d39-49f8-a936-0f1ef425c5e6","email":"isabella.jackson@amerisave.com","message":"successfully parsed message, but message temporarily enqueued while system restarts."},{"id":"d403ed83-38b1-418c-ae4c-89f988e8ecf9","email":"mason.robinson@amerisave.com","message":"successfully parsed message, but message temporarily enqueued while system restarts."},{"id":"34384931-da38-4f3d-b8d8-0df2bae31982","email":"mason.robinson@amerisave.com","message":"failed to process due to datastore timeout of 30 seconds.  operation took 88 seconds."},{"id":"00bb045a-4014-4563-a884-9ffc79c791e1","email":"sarah.green@amerisave.com","message":"successfully handled skipped operation."},{"id":"6c97e8b0-4d6b-42dc-9a5d-14b45f9a654e","email":"abigail.smith@amerisave.com","message":"failed to process due to network exception."},{"id":"bb8bd6b1-416e-4c4b-b4cd-bc986ce1ed49","email":"ella.anderson@dropbox.net","message":"failed to process due to network exception."},{"id":"22d0d9a7-1e47-4a6c-b292-774e764615f5","email":"emily.taylor@gmail.com","message":"failed to process due to network exception."},{"id":"648e7d82-cb9f-49d3-a4fe-21d5c0503489","email":"emma.thomas@me.com","message":"successfully handled skipped operation."},{"id":"5b228c7a-662e-4504-ac8f-d7a5d45b1830","email":"joshua.lee@gmail.com","message":"successfully processed after 3239 milliseconds."},{"id":"ced56f55-4978-4771-8976-e7dc34918095","email":"abigail.smith@amerisave.com","message":"successfully processed after 105 milliseconds."},{"id":"917c0690-48f1-4c37-a65e-a79d04b078d2","email":"joshua.lee@gmail.com","message":"failed to process due to datastore timeout of 30 seconds.  operation took 102 seconds."},{"id":"21e751ce-7442-4a35-be22-b04e5cad1b1d","email":"lily.harris@gmail.com","message":"successfully parsed message, but message temporarily enqueued while system restarts."},{"id":"1ca77977-20cb-4735-9555-ca6264e5dc4a","email":"nathan.young@microsoft.com","message":"successfully processed after 2623 milliseconds."},{"id":"5af2c26d-f311-46f8-8ac2-fa822afdc153","email":"nathan.young@microsoft.com","message":"successfully parsed message, but message temporarily enqueued while system restarts."},{"id":"53eb5a15-24fd-435d-b22f-ad45e728cde8","email":"elizabeth.martinez@dropbox.net","message":"successfully handled skipped operation."},{"id":"8b367241-c010-472f-8bc7-8031860302db","email":"joshua.lee@gmail.com","message":"successfully processed after 1349 milliseconds."},{"id":"5d11393f-dfe3-4785-80ce-b9d1506d8b4b","email":"joshua.lee@gmail.com","message":"failed to process due to network exception."},{"id":"b719a88f-52d3-47d3-a01b-67f582118ed4","email":"sarah.green@amerisave.com","message":"failed to process due to network exception."},{"id":"5dfe4655-ceab-46c4-bca7-82a6101e1253","email":"jack.thompson@me.com","message":"failed to process due to datastore timeout of 30 seconds.  operation took 48 seconds."},{"id":"a3745b6f-a25d-4b8d-8861-87f35d1d34ec","email":"andrew.miller@gmail.com","message":"failed to process due to network exception."},{"id":"5a428d30-b149-42da-a3e7-67bb9b83d8e5","email":"emma.thomas@me.com","message":"successfully processed after 5790 milliseconds."},{"id":"a008c73b-d35a-4703-baf4-b502924d96f0","email":"abigail.smith@amerisave.com","message":"successfully parsed message, but message temporarily enqueued while system restarts."},{"id":"eec8af23-0c7f-4e89-b355-706a805792b8","email":"jacob.lopez@dropbox.net","message":"successfully handled skipped operation."},{"id":"2c32163f-84a8-487a-a5c5-fc2da70f3296","email":"liam.gonzalez@me.com","message":"successfully processed after 5804 milliseconds."},{"id":"0e40067f-9e14-40b5-9e9c-431cd539517c","email":"ryan.king@dropbox.net","message":"failed to process due to datastore timeout of 30 seconds.  operation took 119 seconds."},{"id":"0c69dc2d-b141-47c7-8e3d-e283578dab39","email":"ethan.hernandez@microsoft.com","message":"successfully processed after 4983 milliseconds."},{"id":"5dae22ea-3ab1-49ca-bb54-558ae08c9364","email":"grace.moore@gmail.com","message":"successfully handled skipped operation."},{"id":"64571060-490c-487f-ba06-28c1220603d3","email":"sophia.baker@dropbox.net","message":"successfully handled skipped operation."},{"id":"0fed9a7e-faf7-414c-8631-c47db33bbd30","email":"emily.taylor@gmail.com","message":"failed to process due to network exception."},{"id":"576339b0-075b-4992-8634-e323d5ad7b19","email":"emily.taylor@gmail.com","message":"successfully processed after 424 milliseconds."},{"id":"d1bd013d-b891-4117-a4d0-0d68509dc0d4","email":"grace.moore@gmail.com","message":"failed to process due to datastore timeout of 30 seconds.  operation took 106 seconds."},{"id":"d3f727a2-de00-4a33-9012-d4235d07dd94","email":"noah.sanchez@me.com","message":"successfully handled skipped operation."},{"id":"9ae69b9b-ba30-4474-b292-74383cb0a688","email":"elizabeth.martinez@dropbox.net","message":"successfully processed after 4392 milliseconds."},{"id":"a4a9bdfc-1fd6-4e36-9f22-032db8ebee26","email":"daniel.rodriguez@amerisave.com","message":"successfully parsed message, but message temporarily enqueued while system restarts."},{"id":"5ac48b29-1895-4e77-b889-adaf0fd7fdbe","email":"andrew.miller@gmail.com","message":"successfully processed after 3011 milliseconds."},{"id":"c3a76d9f-327f-49dd-9663-93c166797c1d","email":"samantha.scott@me.com","message":"failed to process due to network exception."},{"id":"e0fdc618-b518-4bf4-a76c-8a92ecf73333","email":"olivia.wright@gmail.com","message":"successfully handled skipped operation."},{"id":"99706b1e-111c-4277-8d50-edfa9c247df8","email":"elizabeth.martinez@dropbox.net","message":"successfully processed after 9635 milliseconds."},{"id":"79394c32-375a-44e4-9451-17d1afeeca12","email":"emma.thomas@me.com","message":"successfully processed after 9794 milliseconds."},{"id":"f3939dd6-32a8-48fc-8914-3fabb8defc39","email":"daniel.rodriguez@amerisave.com","message":"successfully handled skipped operation."},{"id":"2ee09e72-6d0f-4bd4-94e0-40a050f150bc","email":"taylor.adams@gmail.com","message":"successfully parsed message, but message temporarily enqueued while system restarts."},{"id":"2f4076d2-9e9f-47e4-8a6d-4d6138bca3f7","email":"ava.davis@gmail.com","message":"failed to process due to network exception."},{"id":"c2f4b058-eb7d-4e36-9b08-04ec546540df","email":"mia.perez@me.com","message":"successfully parsed message, but message temporarily enqueued while system restarts."},{"id":"46bbbc92-3925-4bcf-83d4-5c907cdda184","email":"sarah.green@amerisave.com","message":"failed to process due to network exception."},{"id":"a300f023-e8a8-467b-92d0-79e68618ed5b","email":"liam.gonzalez@me.com","message":"successfully processed after 1418 milliseconds."},{"id":"cae4d3b2-736a-4a8e-8092-3c469f0b1514","email":"logan.clark@dropbox.net","message":"successfully processed after 9345 milliseconds."},{"id":"fafa6519-94cf-433d-9ca7-b07d2af9d045","email":"alyssa.jones@amerisave.com","message":"failed to process due to datastore timeout of 30 seconds.  operation took 78 seconds."},{"id":"b9ba717d-3887-4255-912f-1d2f0692f771","email":"jack.thompson@me.com","message":"successfully parsed message, but message temporarily enqueued while system restarts."},{"id":"a0cb26c6-f95b-425d-8905-ba33985f7a14","email":"ryan.king@dropbox.net","message":"failed to process due to network exception."},{"id":"c4a86aa5-7644-4d67-9542-a51b5cdcba45","email":"samantha.scott@me.com","message":"successfully parsed message, but message temporarily enqueued while system restarts."},{"id":"21273e7a-3e0b-4fb0-b53f-f1d0772b26a7","email":"nicholas.allen@microsoft.com","message":"successfully handled skipped operation."},{"id":"879c5229-395f-4ad1-b45f-6d64af048cbe","email":"alyssa.jones@amerisave.com","message":"failed to process due to datastore timeout of 30 seconds.  operation took 42 seconds."},{"id":"877acfd0-19f6-48e9-ab9b-8ca0a7ba57b5","email":"aiden.johnson@microsoft.com","message":"failed to process due to datastore timeout of 30 seconds.  operation took 41 seconds."},{"id":"3b47360f-ea78-4e18-b8c4-8cfbf2f0004d","email":"mason.robinson@amerisave.com","message":"successfully parsed message, but message temporarily enqueued while system restarts."},{"id":"0a6f8901-4550-4a4f-8466-1c58406dd79d","email":"nathan.young@microsoft.com","message":"failed to process due to network exception."},{"id":"40795321-d64e-4638-be37-52f58de02593","email":"alyssa.jones@amerisave.com","message":"failed to process due to network exception."},{"id":"15a94159-bf74-496b-87fb-23aa72dd49ac","email":"matthew.walker@amerisave.com","message":"successfully parsed message, but message temporarily enqueued while system restarts."},{"id":"0b89618a-0d02-4253-9e49-966c08497f5d","email":"samantha.scott@me.com","message":"successfully parsed message, but message temporarily enqueued while system restarts."},{"id":"63d3db96-65f5-47ac-a205-fc744a5b2a48","email":"madison.lewis@gmail.com","message":"failed to process due to network exception."},{"id":"a829dc22-56da-4f05-b7fc-7356241a938e","email":"ava.davis@gmail.com","message":"failed to process due to network exception."},{"id":"73d6119a-ff3d-4d60-a60c-60225cec3996","email":"mason.robinson@amerisave.com","message":"failed to process due to network exception."},{"id":"68ec548b-95ac-4832-aa32-90c3786dd326","email":"hannah.martin@dropbox.net","message":"successfully parsed message, but message temporarily enqueued while system restarts."},{"id":"c448548e-7525-4411-a4bf-459cdc3d3bcf","email":"jacob.lopez@dropbox.net","message":"failed to process due to datastore timeout of 30 seconds.  operation took 107 seconds."},{"id":"e1105966-646e-4ec9-b97e-3db3da70189e","email":"ethan.hernandez@microsoft.com","message":"successfully handled skipped operation."},{"id":"fff32984-b072-40f8-b28c-f09d3c3b311c","email":"andrew.miller@gmail.com","message":"successfully parsed message, but message temporarily enqueued while system restarts."},{"id":"a889913f-3d47-4417-97bd-ab020878cd98","email":"hannah.martin@dropbox.net","message":"successfully parsed message, but message temporarily enqueued while system restarts."},{"id":"008f8e42-7ae5-403b-9a87-46a994f2c4e1","email":"emma.thomas@me.com","message":"successfully processed after 6590 milliseconds."},{"id":"73215364-cfab-425b-a806-d54bf35899db","email":"elizabeth.martinez@dropbox.net","message":"failed to process due to datastore timeout of 30 seconds.  operation took 108 seconds."},{"id":"d7f87b88-6fdf-4f4f-bbdd-ee9cc880954d","email":"joshua.lee@gmail.com","message":"successfully handled skipped operation."},{"id":"33c5a1ed-d0a4-4393-a123-19e547d63c61","email":"jackson.white@gmail.com","message":"failed to process due to network exception."},{"id":"2855c66b-a149-4f43-b19d-3149d7aa7ea7","email":"ethan.hernandez@microsoft.com","message":"failed to process due to network exception."},{"id":"37a5c7b8-ab56-4470-a5a5-0a167f5252b5","email":"hannah.martin@dropbox.net","message":"successfully handled skipped operation."},{"id":"2e9e2d49-05a1-4ab7-8438-7d6803c55b7a","email":"ryan.king@dropbox.net","message":"failed to process due to network exception."},{"id":"a8069dde-946b-4537-9948-f1ed52bda8b4","email":"lily.harris@gmail.com","message":"failed to process due to datastore timeout of 30 seconds.  operation took 60 seconds."},{"id":"355041fc-853a-4f4c-b7db-1eadab520905","email":"mia.perez@me.com","message":"successfully processed after 258 milliseconds."},{"id":"ca011935-0d03-4810-a8c1-f41f482afd46","email":"madison.lewis@gmail.com","message":"successfully parsed message, but message temporarily enqueued while system restarts."},{"id":"26fdd118-5b5b-4b85-8d93-f8a47e5cea65","email":"andrew.miller@gmail.com","message":"failed to process due to network exception."},{"id":"0d591e60-9fd2-47ea-a4da-f43f38743f2c","email":"ava.davis@gmail.com","message":"successfully parsed message, but message temporarily enqueued while system restarts."},{"id":"2a7859f7-a718-4db9-9d34-cf3bef5a863c","email":"noah.sanchez@me.com","message":"failed to process due to network exception."},{"id":"5190e10b-3207-49a6-9145-b916a5f9e6ac","email":"nicholas.allen@microsoft.com","message":"successfully processed after 39 milliseconds."},{"id":"6fd30a79-7711-42d6-9c66-90102f237301","email":"michael.hall@dropbox.net","message":"successfully parsed message, but message temporarily enqueued while system restarts."},{"id":"701fb81a-1505-44a3-a224-bf104e644e3d","email":"ella.anderson@dropbox.net","message":"failed to process due to datastore timeout of 30 seconds.  operation took 47 seconds."},{"id":"6dde8986-f135-43f2-98db-38c94f3b4c78","email":"alyssa.jones@amerisave.com","message":"failed to process due to network exception."},{"id":"da179a09-49bb-448b-a983-7c1929aa674c","email":"lily.harris@gmail.com","message":"successfully parsed message, but message temporarily enqueued while system restarts."},{"id":"027f1764-80c4-420b-a009-e93d40e2c043","email":"daniel.rodriguez@amerisave.com","message":"failed to process due to datastore timeout of 30 seconds.  operation took 54 seconds."},{"id":"d4b8a5ba-135d-401d-867a-a4bbc7d165d1","email":"madison.lewis@gmail.com","message":"successfully processed after 2298 milliseconds."},{"id":"2acb4c90-44f2-4226-83fb-eb119ecdd70b","email":"andrew.miller@gmail.com","message":"successfully processed after 9634 milliseconds."},{"id":"d0f9c663-63a2-447f-a054-b6726ff2f4d4","email":"grace.moore@gmail.com","message":"failed to process due to network exception."},{"id":"5ba98768-dbba-46c5-97b7-484a1c50c830","email":"grace.moore@gmail.com","message":"successfully processed after 924 milliseconds."},{"id":"ec010603-cc8b-439d-bb3e-80b478427096","email":"nicholas.allen@microsoft.com","message":"successfully handled skipped operation."},{"id":"50650f47-1405-4738-9d6d-5902f7203306","email":"abigail.smith@amerisave.com","message":"successfully parsed message, but message temporarily enqueued while system restarts."},{"id":"500f88a8-ab0d-4650-834c-1b30625917d2","email":"grace.moore@gmail.com","message":"successfully parsed message, but message temporarily enqueued while system restarts."},{"id":"a8f462a9-f049-4401-a5e3-afe0b5a6b730","email":"taylor.adams@gmail.com","message":"successfully handled skipped operation."},{"id":"22020ed9-8f44-4820-a359-2745278941cf","email":"michael.hall@dropbox.net","message":"failed to process due to datastore timeout of 30 seconds.  operation took 111 seconds."},{"id":"6f4d1e2a-c06e-41c0-8682-79f00cad7053","email":"nicholas.allen@microsoft.com","message":"failed to process due to datastore timeout of 30 seconds.  operation took 53 seconds."},{"id":"c2d74863-1b20-4335-a28e-25296a8d1af9","email":"madison.lewis@gmail.com","message":"successfully parsed message, but message temporarily enqueued while system restarts."},{"id":"7fd4c657-e552-4504-af4a-ea2c65c42daa","email":"michael.hall@dropbox.net","message":"successfully processed after 8787 milliseconds."},{"id":"d7d0422f-a676-4f6f-a548-375fb043cb7b","email":"tyler.nelson@microsoft.com","message":"successfully parsed message, but message temporarily enqueued while system restarts."},{"id":"d0a54793-efdd-4626-9797-3258998a5215","email":"taylor.adams@gmail.com","message":"successfully parsed message, but message temporarily enqueued while system restarts."},{"id":"e5b1fea1-afa1-4dd2-9ca8-d947097decbe","email":"emma.thomas@me.com","message":"successfully parsed message, but message temporarily enqueued while system restarts."},{"id":"79c0bea2-2192-4ef8-a7ed-1b05113e67fc","email":"jackson.white@gmail.com","message":"failed to process due to datastore timeout of 30 seconds.  operation took 36 seconds."},{"id":"fd2e7694-8eda-470b-bf4f-ff283a2cbfe7","email":"ella.anderson@dropbox.net","message":"successfully processed after 7667 milliseconds."},{"id":"eab08ff7-1be9-4f24-bd2c-b491a797ab95","email":"chloe.garcia@dropbox.net","message":"successfully handled skipped operation."},{"id":"dfef1f40-93af-4d1e-b544-65aac1842cbe","email":"nathan.young@microsoft.com","message":"successfully handled skipped operation."},{"id":"0982c6cf-97ab-4f34-a3b0-c42dbe24094e","email":"sophia.baker@dropbox.net","message":"failed to process due to network exception."},{"id":"518e8d7b-6130-4576-9e8d-3da8966d2ebe","email":"liam.gonzalez@me.com","message":"successfully parsed message, but message temporarily enqueued while system restarts."},{"id":"153fd838-4edb-490f-9db9-c2dcb65b16b0","email":"nathan.young@microsoft.com","message":"successfully handled skipped operation."},{"id":"e52637e5-0cb1-4717-b08c-05aa99a0dc35","email":"ethan.hernandez@microsoft.com","message":"failed to process due to datastore timeout of 30 seconds.  operation took 68 seconds."},{"id":"edb4d2ed-9ded-46e0-8dbb-c6d8efb0a32b","email":"alyssa.jones@amerisave.com","message":"successfully processed after 6786 milliseconds."},{"id":"916a00e9-4e03-4afe-976b-1621956b85c9","email":"chloe.garcia@dropbox.net","message":"successfully processed after 9676 milliseconds."},{"id":"4776bb99-56bb-4f77-a160-aa185b3d0b18","email":"alexis.brown@microsoft.com","message":"successfully handled skipped operation."},{"id":"de24d17f-2b16-4533-b6c6-c31a5504e802","email":"sarah.green@amerisave.com","message":"failed to process due to network exception."},{"id":"6bce8a0f-65ab-4b9c-9665-19bf7c9b9f67","email":"joshua.lee@gmail.com","message":"failed to process due to datastore timeout of 30 seconds.  operation took 63 seconds."},{"id":"4843737c-5992-4f28-b454-dce8c4ae35a7","email":"michael.hall@dropbox.net","message":"successfully processed after 9529 milliseconds."},{"id":"6e77f726-415c-44f0-9080-946f046a9297","email":"joshua.lee@gmail.com","message":"failed to process due to datastore timeout of 30 seconds.  operation took 90 seconds."},{"id":"217c0e41-4c4d-4d0d-8f83-906255ab4411","email":"sarah.green@amerisave.com","message":"successfully handled skipped operation."},{"id":"1ef10298-b6dc-41ff-8627-cd25eda9538e","email":"madison.lewis@gmail.com","message":"successfully handled skipped operation."},{"id":"3ddd2786-ea4d-4bd8-8f1c-f35a7337f6ae","email":"sarah.green@amerisave.com","message":"successfully handled skipped operation."},{"id":"b3aea535-5feb-4ec1-b71f-5f76312fdc1e","email":"mia.perez@me.com","message":"failed to process due to network exception."},{"id":"903359c1-b899-40bc-9e0b-ac86dcb878da","email":"emma.thomas@me.com","message":"failed to process due to network exception."},{"id":"f40f0ed5-831b-4192-b4bd-dfc7affe44dd","email":"jacob.lopez@dropbox.net","message":"successfully processed after 1635 milliseconds."},{"id":"93a4a060-ac1c-466c-a194-7b100d70300c","email":"michael.hall@dropbox.net","message":"successfully processed after 5620 milliseconds."},{"id":"243d3120-45ee-417f-a274-d5f1541f1f25","email":"abigail.smith@amerisave.com","message":"successfully handled skipped operation."},{"id":"c6b23520-b677-4425-a920-b6d442ee88ce","email":"isabella.jackson@amerisave.com","message":"failed to process due to network exception."},{"id":"b071e408-ee11-4c7e-8596-91ec4c3a8708","email":"nicholas.allen@microsoft.com","message":"successfully parsed message, but message temporarily enqueued while system restarts."},{"id":"a680fb73-3ce5-4cd2-a4c0-0b472bb38691","email":"samantha.scott@me.com","message":"failed to process due to network exception."},{"id":"bd28043d-58d8-4a1d-afda-12fc0382486f","email":"alyssa.jones@amerisave.com","message":"successfully handled skipped operation."},{"id":"cdc609b3-54db-4d37-b5d6-448c43628115","email":"lily.harris@gmail.com","message":"successfully parsed message, but message temporarily enqueued while system restarts."},{"id":"1e721b30-86ab-41ed-b9f7-106f91181651","email":"chloe.garcia@dropbox.net","message":"successfully handled skipped operation."},{"id":"a503e527-1e3c-4318-bf54-c7911b8a9f05","email":"emma.thomas@me.com","message":"successfully processed after 9775 milliseconds."},{"id":"6eabd672-7ccd-4b74-abc1-201f54f9998d","email":"ava.davis@gmail.com","message":"failed to process due to network exception."},{"id":"a088abe2-f2de-41a0-9154-b5d33426a740","email":"mia.perez@me.com","message":"successfully handled skipped operation."},{"id":"0210121a-c006-49b2-969d-c4a4c7b83e12","email":"olivia.wright@gmail.com","message":"successfully handled skipped operation."},{"id":"1a21288b-33ac-41ec-bdbd-16a13c926090","email":"elizabeth.martinez@dropbox.net","message":"successfully handled skipped operation."},{"id":"ee616376-3add-4088-84c4-192f5b5d0e9d","email":"jackson.white@gmail.com","message":"failed to process due to network exception."},{"id":"e4235a8c-5093-413d-bd86-659c6fa87a22","email":"joshua.lee@gmail.com","message":"successfully parsed message, but message temporarily enqueued while system restarts."},{"id":"339760e4-376e-4d8b-af88-f822fa64cd9e","email":"matthew.walker@amerisave.com","message":"failed to process due to datastore timeout of 30 seconds.  operation took 109 seconds."},{"id":"23e000b7-6fbc-437d-9522-8c50c80e487d","email":"jacob.lopez@dropbox.net","message":"successfully handled skipped operation."},{"id":"54e85b42-c242-4264-8110-2c8e4f5df446","email":"hannah.martin@dropbox.net","message":"successfully handled skipped operation."},{"id":"23c47c9e-eb3f-4951-bd5c-ff24215e1960","email":"emily.taylor@gmail.com","message":"failed to process due to network exception."},{"id":"35522a2f-cfe2-49f3-b3fc-0997440893f6","email":"matthew.walker@amerisave.com","message":"failed to process due to datastore timeout of 30 seconds.  operation took 110 seconds."},{"id":"ba979fcd-56d4-45ae-8ef8-af1ee53cc260","email":"emily.taylor@gmail.com","message":"failed to process due to datastore timeout of 30 seconds.  operation took 108 seconds."},{"id":"f91982e3-eda5-429b-8244-389cde1a2d33","email":"samantha.scott@me.com","message":"successfully processed after 7803 milliseconds."},{"id":"16f8e62c-52da-4c9e-954d-d87c88c9f002","email":"andrew.miller@gmail.com","message":"failed to process due to network exception."},{"id":"d6cb476b-7313-47ee-a360-25d6452bac8e","email":"emma.thomas@me.com","message":"successfully handled skipped operation."},{"id":"49a1af22-cbfa-41dd-81bf-cf7bb1093f8a","email":"samantha.scott@me.com","message":"successfully handled skipped operation."},{"id":"8af8aaaa-5214-4207-af73-0739ae3c62da","email":"ethan.hernandez@microsoft.com","message":"failed to process due to network exception."},{"id":"15f161bb-48a6-4277-89eb-2ae493aa5c2d","email":"dylan.wilson@gmail.com","message":"failed to process due to datastore timeout of 30 seconds.  operation took 33 seconds."},{"id":"74e69820-2c6d-4d52-8697-465e6910c9d2","email":"matthew.walker@amerisave.com","message":"successfully handled skipped operation."},{"id":"1cbf25af-4693-44b9-8dd0-3e36001e5c20","email":"liam.gonzalez@me.com","message":"failed to process due to network exception."},{"id":"e06777db-1295-46e8-8c39-0324891465a6","email":"taylor.adams@gmail.com","message":"successfully parsed message, but message temporarily enqueued while system restarts."},{"id":"f8376c7a-b798-4f90-9db3-f358e72d2ab9","email":"tyler.nelson@microsoft.com","message":"failed to process due to network exception."},{"id":"5ac98bd9-ed0c-4fea-9593-7cd9fb5a20ba","email":"grace.moore@gmail.com","message":"successfully handled skipped operation."},{"id":"ff829368-e641-4c79-a6cd-38f647df5490","email":"emily.taylor@gmail.com","message":"successfully parsed message, but message temporarily enqueued while system restarts."},{"id":"e6f60bec-1410-47f9-a1f1-d740aed320b8","email":"mason.robinson@amerisave.com","message":"failed to process due to datastore timeout of 30 seconds.  operation took 117 seconds."},{"id":"44a72f14-649a-404a-8b69-f14cdc988f2f","email":"elizabeth.martinez@dropbox.net","message":"successfully handled skipped operation."},{"id":"9fe5628c-4d9c-44f6-85f2-da1ddc144be5","email":"ava.davis@gmail.com","message":"successfully processed after 6185 milliseconds."},{"id":"9c9fe741-7db8-41d8-98e8-fa6e298bc7e6","email":"tyler.nelson@microsoft.com","message":"successfully processed after 6726 milliseconds."},{"id":"a62e75a5-7970-4db6-b796-b27a492f2ec5","email":"aiden.johnson@microsoft.com","message":"failed to process due to datastore timeout of 30 seconds.  operation took 95 seconds."},{"id":"14fea991-d01c-4d59-9bd9-b4ce47cee05e","email":"alexis.brown@microsoft.com","message":"failed to process due to network exception."},{"id":"1c0d0471-89d4-4ea5-9b6c-188dda2833fa","email":"sophia.baker@dropbox.net","message":"failed to process due to network exception."},{"id":"0e37fb3b-4378-4511-b1fc-d71c07e2d9c7","email":"sophia.baker@dropbox.net","message":"successfully processed after 9827 milliseconds."},{"id":"fc084037-3b88-40c4-ab03-9e04e9112b24","email":"emily.taylor@gmail.com","message":"successfully parsed message, but message temporarily enqueued while system restarts."},{"id":"eb8ba8ba-1246-4aa4-b604-e2fc20a1b430","email":"sophia.baker@dropbox.net","message":"failed to process due to network exception."},{"id":"a9598df0-a79c-4508-93d6-24a5b87f6aaa","email":"ryan.king@dropbox.net","message":"successfully parsed message, but message temporarily enqueued while system restarts."},{"id":"238f1f9e-8336-44a3-bc78-717446c08a39","email":"alexander.williams@gmail.com","message":"failed to process due to datastore timeout of 30 seconds.  operation took 96 seconds."},{"id":"7e1003fe-5928-4dd9-8659-030aafdc8a9b","email":"emily.taylor@gmail.com","message":"failed to process due to network exception."},{"id":"6127558e-4465-413d-8b65-e55b94e13f47","email":"chloe.garcia@dropbox.net","message":"failed to process due to network exception."},{"id":"b63ef03d-376e-4b67-9808-4acb9200eead","email":"emma.thomas@me.com","message":"successfully processed after 833 milliseconds."},{"id":"ab794642-13cf-4da8-b2bc-dce244cea494","email":"alyssa.jones@amerisave.com","message":"failed to process due to network exception."},{"id":"77bb967c-e17a-4509-a3f2-0251b1755b6a","email":"olivia.wright@gmail.com","message":"failed to process due to network exception."},{"id":"4f456d4b-b223-4d64-9c5d-35727c24b92a","email":"alexis.brown@microsoft.com","message":"failed to process due to network exception."},{"id":"dc21bf91-cb7f-4817-8a14-cc90561dfbe1","email":"nicholas.allen@microsoft.com","message":"failed to process due to datastore timeout of 30 seconds.  operation took 52 seconds."},{"id":"842103cb-efc0-4bbd-af05-ad841276ff7f","email":"daniel.rodriguez@amerisave.com","message":"failed to process due to network exception."},{"id":"e9d730a7-51f4-4b9e-97cb-d6b6eedd5e45","email":"andrew.miller@gmail.com","message":"failed to process due to network exception."},{"id":"e5bc2035-b775-4620-b303-ff91aa2c5cd3","email":"alexis.brown@microsoft.com","message":"failed to process due to network exception."},{"id":"72f21414-1e21-4190-938d-f9b30954ba38","email":"chloe.garcia@dropbox.net","message":"successfully handled skipped operation."},{"id":"bdc7291d-81b2-4a19-a87e-b2c50227bbff","email":"tyler.nelson@microsoft.com","message":"failed to process due to datastore timeout of 30 seconds.  operation took 108 seconds."},{"id":"64e4c915-6955-4a8a-89fc-461964a6d17f","email":"logan.clark@dropbox.net","message":"successfully handled skipped operation."},{"id":"46545fd4-7279-45fe-b11f-e5b0529c8059","email":"lily.harris@gmail.com","message":"successfully parsed message, but message temporarily enqueued while system restarts."},{"id":"baa475e2-9ad7-41e7-8116-3ebe316691a7","email":"chloe.garcia@dropbox.net","message":"successfully handled skipped operation."},{"id":"68e9ebcc-330e-4db3-86b8-a0ff0174e838","email":"elizabeth.martinez@dropbox.net","message":"successfully processed after 7888 milliseconds."},{"id":"334ec903-d495-4962-9dd7-dbdc3e6acbdc","email":"abigail.smith@amerisave.com","message":"successfully processed after 9752 milliseconds."},{"id":"7f266563-cef5-40bc-b45c-bf3402b7707b","email":"jack.thompson@me.com","message":"successfully parsed message, but message temporarily enqueued while system restarts."},{"id":"9581d998-5fe2-4c02-9253-ed6d6e22a1e3","email":"madison.lewis@gmail.com","message":"successfully parsed message, but message temporarily enqueued while system restarts."},{"id":"aa0dee84-2294-4e76-9546-2d6c29061049","email":"samantha.scott@me.com","message":"successfully handled skipped operation."},{"id":"e4396221-50f7-4c16-887c-885ea85f1c17","email":"dylan.wilson@gmail.com","message":"failed to process due to datastore timeout of 30 seconds.  operation took 128 seconds."},{"id":"e399ce4c-4dde-44eb-a11b-4df5329c705d","email":"mason.robinson@amerisave.com","message":"successfully processed after 9156 milliseconds."},{"id":"a0088d01-3837-4aa1-83cb-bf81fecdee89","email":"alyssa.jones@amerisave.com","message":"successfully processed after 3051 milliseconds."},{"id":"a2ac87fe-4e59-4082-81d1-9101b6234fb0","email":"emily.taylor@gmail.com","message":"failed to process due to datastore timeout of 30 seconds.  operation took 82 seconds."},{"id":"6c49d778-341b-4025-95fe-f8f0bed7fc97","email":"isabella.jackson@amerisave.com","message":"failed to process due to datastore timeout of 30 seconds.  operation took 33 seconds."},{"id":"ad8ca4c1-3d71-4391-b93d-44a7199f6c76","email":"tyler.nelson@microsoft.com","message":"successfully parsed message, but message temporarily enqueued while system restarts."},{"id":"cec006c7-2619-4b76-affc-862020752e5d","email":"matthew.walker@amerisave.com","message":"failed to process due to network exception."},{"id":"b631c7f6-49be-434e-b761-16c34398c1d2","email":"dylan.wilson@gmail.com","message":"successfully handled skipped operation."},{"id":"b427a300-5770-473d-aeb3-95f626668c7d","email":"sophia.baker@dropbox.net","message":"failed to process due to datastore timeout of 30 seconds.  operation took 53 seconds."},{"id":"0167b79c-bcee-40ec-a5b5-003aef162b47","email":"emma.thomas@me.com","message":"successfully processed after 9001 milliseconds."},{"id":"3e7c567d-1ea6-4613-bddf-fee24afe462d","email":"ella.anderson@dropbox.net","message":"failed to process due to network exception."},{"id":"71306bde-07cd-4db2-948d-944d981e1c25","email":"andrew.miller@gmail.com","message":"failed to process due to datastore timeout of 30 seconds.  operation took 119 seconds."},{"id":"52624f46-fc7a-47c0-9b36-ca0ea6dbbb8d","email":"sophia.baker@dropbox.net","message":"failed to process due to network exception."},{"id":"176d759a-841b-4c38-80bb-c0880e7b5683","email":"andrew.miller@gmail.com","message":"successfully handled skipped operation."},{"id":"1a03c338-8144-4611-8ec1-f513dae61980","email":"aiden.johnson@microsoft.com","message":"failed to process due to datastore timeout of 30 seconds.  operation took 93 seconds."},{"id":"912a2f31-0549-471e-af2a-1670a29804a2","email":"aiden.johnson@microsoft.com","message":"successfully processed after 7932 milliseconds."},{"id":"24cac7a2-e6d2-4de3-8169-6c4b8751e328","email":"dylan.wilson@gmail.com","message":"successfully processed after 3983 milliseconds."},{"id":"6aece45e-8bb6-4a80-b8af-b85a2da323d4","email":"elizabeth.martinez@dropbox.net","message":"successfully parsed message, but message temporarily enqueued while system restarts."},{"id":"3173cafc-ae34-4047-b9dd-3982ce6fc640","email":"sophia.baker@dropbox.net","message":"successfully handled skipped operation."},{"id":"dcf09d27-3e91-4843-aebf-4e9fa9e2e6e2","email":"mason.robinson@amerisave.com","message":"failed to process due to network exception."},{"id":"e3fc4cdf-62c4-489e-bac7-3f0cd3c3e0b0","email":"ethan.hernandez@microsoft.com","message":"failed to process due to datastore timeout of 30 seconds.  operation took 62 seconds."},{"id":"45b45e0b-ac8f-4685-a44a-8533fddadb2d","email":"sarah.green@amerisave.com","message":"failed to process due to network exception."},{"id":"b9c89309-aa48-4ef4-a074-7d086ca88273","email":"sarah.green@amerisave.com","message":"successfully handled skipped operation."},{"id":"6943ae5e-b0da-4bce-95af-c69ac3409208","email":"lily.harris@gmail.com","message":"successfully handled skipped operation."},{"id":"ec36f97d-6a82-41a2-8951-961d63741dc3","email":"abigail.smith@amerisave.com","message":"failed to process due to datastore timeout of 30 seconds.  operation took 73 seconds."},{"id":"bc57cd2d-e081-4037-8be4-d1fdf73d282e","email":"chloe.garcia@dropbox.net","message":"successfully handled skipped operation."},{"id":"8b4d926d-9d00-4b6b-b4e2-44e00df2976c","email":"isabella.jackson@amerisave.com","message":"successfully handled skipped operation."}],"id":"67bb8ca5-922a-4db5-9224-1a0fff806056"}