{"logs":[{"id":"3848ee1f-e668-4576-b5d9-ac677ffed498","email":"noah.sanchez@me.com","message":"failed to process due to datastore timeout of 30 seconds.  operation took 127 seconds."},{"id":"cb3b9f58-4912-4fa8-96c0-56cbadbde131","email":"sophia.baker@dropbox.net","message":"successfully handled skipped operation."},{"id":"92925c5b-a26d-471e-b321-7374722bbc3e","email":"olivia.wright@gmail.com","message":"successfully handled skipped operation."},{"id":"89c212ff-9f64-408f-bf80-02d60ce425c8","email":"jackson.white@gmail.com","message":"successfully handled skipped operation."},{"id":"7b0cf2d9-da54-4a3c-8538-f6929a9d0d2c","email":"mia.perez@me.com","message":"successfully parsed message, but message temporarily enqueued while system restarts."},{"id":"57327710-355d-4017-8fae-94baac9a401c","email":"ella.anderson@dropbox.net","message":"failed to process due to datastore timeout of 30 seconds.  operation took 72 seconds."},{"id":"9493693a-3cf4-480d-b162-b8254781d4a5","email":"emma.thomas@me.com","message":"successfully processed after 5317 milliseconds."},{"id":"d0830c95-d6e4-4d6c-9d1f-0b347a4b133a","email":"alexis.brown@microsoft.com","message":"failed to process due to datastore timeout of 30 seconds.  operation took 49 seconds."},{"id":"969eb429-9b8a-407d-b425-2eefab4ac917","email":"isabella.jackson@amerisave.com","message":"failed to process due to network exception."},{"id":"0fafd6c1-1b47-42ad-82a3-27016149649d","email":"ryan.king@dropbox.net","message":"successfully handled skipped operation."},{"id":"3350682c-ded1-47a8-b801-999e5640c926","email":"isabella.jackson@amerisave.com","message":"successfully processed after 5530 milliseconds."},{"id":"676c6810-18f3-45ad-91cd-07c1c5ad2679","email":"olivia.wright@gmail.com","message":"failed to process due to network exception."},{"id":"4af0f6e5-b88b-4d1d-8796-f492dee22aba","email":"jacob.lopez@dropbox.net","message":"failed to process due to network exception."},{"id":"9ec76854-70e8-499e-b3e8-890f8a316191","email":"lily.harris@gmail.com","message":"failed to process due to datastore timeout of 30 seconds.  operation took 93 seconds."},{"id":"266628c3-0566-4e08-814d-602d5ef8a968","email":"michael.hall@dropbox.net","message":"successfully parsed message, but message temporarily enqueued while system restarts."},{"id":"1d789e87-37b9-4817-9bc6-2eee3ac410d9","email":"mason.robinson@amerisave.com","message":"failed to process due to datastore timeout of 30 seconds.  operation took 110 seconds."},{"id":"daf6dae6-5056-4bf6-beb9-e32eb128a7d6","email":"madison.lewis@gmail.com","message":"failed to process due to network exception."},{"id":"f596d39e-dc8d-4c50-b04a-fbdeb451abdf","email":"jack.thompson@me.com","message":"successfully handled skipped operation."},{"id":"592bcd26-24eb-405b-905b-8e21c7dc932e","email":"jackson.white@gmail.com","message":"failed to process due to datastore timeout of 30 seconds.  operation took 68 seconds."},{"id":"f056da37-46b4-43dc-87f9-9644a83e1f67","email":"logan.clark@dropbox.net","message":"successfully parsed message, but message temporarily enqueued while system restarts."},{"id":"4e84f298-32b9-4153-89f6-5b183cf8c1ef","email":"lily.harris@gmail.com","message":"successfully handled skipped operation."},{"id":"f800c310-1706-4310-8a4a-ab0046bef84f","email":"jackson.white@gmail.com","message":"successfully handled skipped operation."},{"id":"96d34f51-4058-4fb6-b382-22769c7096c6","email":"andrew.miller@gmail.com","message":"successfully processed after 3399 milliseconds."},{"id":"ba8bb809-7499-4bc4-9379-e85895bf5499","email":"hannah.martin@dropbox.net","message":"successfully handled skipped operation."},{"id":"39e8f606-93fa-4f2f-9411-0938d35835ae","email":"alexander.williams@gmail.com","message":"successfully handled skipped operation."},{"id":"564928b4-ea26-4dd5-90a5-711267ebef4c","email":"sarah.green@amerisave.com","message":"failed to process due to network exception."},{"id":"4fbd843c-fc4f-4324-8a0a-02fde43f556a","email":"elizabeth.martinez@dropbox.net","message":"successfully handled skipped operation."},{"id":"a2d2837c-153b-47bd-8cb8-ec7c09a48b1b","email":"liam.gonzalez@me.com","message":"successfully processed after 3445 milliseconds."},{"id":"378b88c1-0afb-43d9-8aa5-a27023002ace","email":"ava.davis@gmail.com","message":"successfully parsed message, but message temporarily enqueued while system restarts."},{"id":"3ff0f9a4-e34d-4687-bb6b-1a0e58acd87e","email":"mason.robinson@amerisave.com","message":"failed to process due to network exception."},{"id":"56ca07b9-fd0f-491b-9f3c-4db82a09e8d8","email":"nicholas.allen@microsoft.com","message":"successfully parsed message, but message temporarily enqueued while system restarts."},{"id":"1f105be9-5adb-4796-9774-25b4ceff152d","email":"emily.taylor@gmail.com","message":"successfully processed after 2563 milliseconds."},{"id":"2b5ea24b-d561-479d-96f8-04f2ebf0216b","email":"nathan.young@microsoft.com","message":"failed to process due to network exception."},{"id":"45e409a0-c05b-46d9-a558-4f78ffcf0680","email":"alexander.williams@gmail.com","message":"successfully handled skipped operation."},{"id":"45c6c8b5-2c44-4eef-9a14-220db0b6cc02","email":"chloe.garcia@dropbox.net","message":"successfully parsed message, but message temporarily enqueued while system restarts."},{"id":"42dc9666-9f5d-48a4-b837-1feba2149712","email":"alyssa.jones@amerisave.com","message":"successfully parsed message, but message temporarily enqueued while system restarts."},{"id":"83f60f23-4337-4147-bdc0-545f253cb7b5","email":"taylor.adams@gmail.com","message":"successfully processed after 8009 milliseconds."},{"id":"637d73eb-2784-49aa-86c8-e4bb5a49918b","email":"matthew.walker@amerisave.com","message":"failed to process due to datastore timeout of 30 seconds.  operation took 101 seconds."},{"id":"dd002260-2968-4e6a-a7f7-5bd8b8726294","email":"logan.clark@dropbox.net","message":"failed to process due to datastore timeout of 30 seconds.  operation took 90 seconds."},{"id":"8be17859-4dd6-4157-aa26-ea8646d304d9","email":"daniel.rodriguez@amerisave.com","message":"successfully parsed message, but message temporarily enqueued while system restarts."},{"id":"aed9a475-8361-4949-a002-45c2bfee80a8","email":"lily.harris@gmail.com","message":"successfully parsed message, but message temporarily enqueued while system restarts."},{"id":"13769992-238f-4540-acdb-ab9844e0e5f1","email":"alexander.williams@gmail.com","message":"successfully handled skipped operation."},{"id":"cee5a7fe-4248-40ae-950d-636939a52f2b","email":"jack.thompson@me.com","message":"successfully processed after 4137 milliseconds."},{"id":"4b94a61c-fd05-4c60-b575-6fcb0a9570b6","email":"mia.perez@me.com","message":"successfully processed after 6066 milliseconds."},{"id":"a6edc464-3377-4405-9e11-f2ceb0c65b7a","email":"emma.thomas@me.com","message":"failed to process due to network exception."},{"id":"4ca60558-0413-4867-8901-ee0f2ecafebb","email":"dylan.wilson@gmail.com","message":"successfully handled skipped operation."},{"id":"8349aac9-ef40-4164-9dda-15fe5589b820","email":"sarah.green@amerisave.com","message":"failed to process due to network exception."},{"id":"b2360237-2dd6-4662-9b84-f86083895b02","email":"mia.perez@me.com","message":"failed to process due to datastore timeout of 30 seconds.  operation took 50 seconds."},{"id":"511a7ff0-4576-4950-a617-b3bef943039b","email":"hannah.martin@dropbox.net","message":"successfully processed after 3870 milliseconds."},{"id":"073d3842-5457-474c-9c61-9d09fb43363e","email":"mason.robinson@amerisave.com","message":"failed to process due to datastore timeout of 30 seconds.  operation took 102 seconds."},{"id":"1cfd0799-bf74-4442-98c1-f0ae17cbe48f","email":"noah.sanchez@me.com","message":"successfully parsed message, but message temporarily enqueued while system restarts."},{"id":"0035ee84-75a9-486f-9a85-2b23a45e7dd5","email":"samantha.scott@me.com","message":"failed to process due to datastore timeout of 30 seconds.  operation took 124 seconds."},{"id":"9274c6ac-c0a6-4523-a70e-58657cd2623e","email":"olivia.wright@gmail.com","message":"successfully handled skipped operation."},{"id":"ae0b40a2-3a2f-41fd-9e1e-4e0e0397323a","email":"noah.sanchez@me.com","message":"failed to process due to datastore timeout of 30 seconds.  operation took 55 seconds."},{"id":"5b8e217f-4162-4678-bfe5-95b2f65eb62d","email":"taylor.adams@gmail.com","message":"successfully processed after 4994 milliseconds."},{"id":"82b39899-92cf-49df-bde7-bc3b00e430b1","email":"joshua.lee@gmail.com","message":"failed to process due to network exception."},{"id":"9d0e80e2-4bca-4055-9614-8af55c6a3f07","email":"nicholas.allen@microsoft.com","message":"successfully parsed message, but message temporarily enqueued while system restarts."},{"id":"4321cda0-0044-4b84-b578-0797f109fe46","email":"jack.thompson@me.com","message":"failed to process due to datastore timeout of 30 seconds.  operation took 75 seconds."},{"id":"8d3a5164-1573-4ece-ada6-e99f5a148294","email":"grace.moore@gmail.com","message":"successfully handled skipped operation."},{"id":"ead29f61-b7c8-4a94-9940-91939ffdd020","email":"mia.perez@me.com","message":"successfully handled skipped operation."},{"id":"30c71d20-7462-43a6-bbad-0a01be679ab1","email":"emily.taylor@gmail.com","message":"failed to process due to network exception."},{"id":"b98dc7ab-3c51-483d-b068-785dace3d47f","email":"grace.moore@gmail.com","message":"successfully processed after 5463 milliseconds."},{"id":"d4ea705a-64d3-45af-86b3-3ca75518b64f","email":"sarah.green@amerisave.com","message":"successfully parsed message, but message temporarily enqueued while system restarts."},{"id":"34159805-bb89-4496-92b3-f55eb4749a59","email":"alyssa.jones@amerisave.com","message":"failed to process due to datastore timeout of 30 seconds.  operation took 120 seconds."},{"id":"cefd6bc0-9563-41b0-a492-5a580a296818","email":"michael.hall@dropbox.net","message":"successfully parsed message, but message temporarily enqueued while system restarts."},{"id":"43bc6147-fb07-4638-ab59-678b53147d24","email":"samantha.scott@me.com","message":"successfully handled skipped operation."},{"id":"aefdcdc0-db87-4f27-8c33-3f284cc09ce7","email":"mason.robinson@amerisave.com","message":"failed to process due to datastore timeout of 30 seconds.  operation took 98 seconds."},{"id":"005e9b80-337c-48a7-bf34-00ccb206fc5b","email":"emily.taylor@gmail.com","message":"successfully processed after 5850 milliseconds."},{"id":"27468010-e3f2-4807-8f44-f6e3eeb9fcf4","email":"ryan.king@dropbox.net","message":"failed to process due to datastore timeout of 30 seconds.  operation took 38 seconds."},{"id":"434d67d6-66a1-4983-921f-ce57a564117e","email":"lily.harris@gmail.com","message":"failed to process due to datastore timeout of 30 seconds.  operation took 97 seconds."},{"id":"38c1996a-094a-41ca-a5c9-40e35cc1c568","email":"ava.davis@gmail.com","message":"successfully handled skipped operation."},{"id":"c8426f65-ad39-41f1-8287-2e041577beb2","email":"chloe.garcia@dropbox.net","message":"failed to process due to network exception."},{"id":"d5c08ddc-fe46-46e2-bbe0-fdddd912e897","email":"olivia.wright@gmail.com","message":"successfully processed after 3853 milliseconds."},{"id":"8f0ebe57-dda0-465a-9007-a4fd31208696","email":"chloe.garcia@dropbox.net","message":"failed to process due to network exception."},{"id":"c929f1e9-0b0b-4682-9f1b-86e4ec95dba1","email":"samantha.scott@me.com","message":"successfully parsed message, but message temporarily enqueued while system restarts."},{"id":"04692aeb-05de-4755-833e-308e9e05f2c7","email":"samantha.scott@me.com","message":"failed to process due to datastore timeout of 30 seconds.  operation took 87 seconds."},{"id":"179b8d7d-949f-4659-bb88-c4c55bdfb48e","email":"liam.gonzalez@me.com","message":"successfully parsed message, but message temporarily enqueued while system restarts."},{"id":"391d81f0-2fb1-4b6c-9dac-2accb950192a","email":"ryan.king@dropbox.net","message":"successfully parsed message, but message temporarily enqueued while system restarts."},{"id":"c5ee3678-5938-4afd-848c-08b8956103a2","email":"ethan.hernandez@microsoft.com","message":"successfully handled skipped operation."},{"id":"1abc7d9a-e77c-479b-89e7-6c99ad32c320","email":"abigail.smith@amerisave.com","message":"failed to process due to datastore timeout of 30 seconds.  operation took 55 seconds."},{"id":"67615d1a-2207-43ba-ad74-c5bdde057c52","email":"jack.thompson@me.com","message":"successfully processed after 8225 milliseconds."},{"id":"d696716a-3d33-4b44-9b6a-73accffff0c0","email":"alexis.brown@microsoft.com","message":"failed to process due to network exception."},{"id":"ee0bbb46-28a9-4f5f-8e67-44269b97823a","email":"mia.perez@me.com","message":"successfully parsed message, but message temporarily enqueued while system restarts."},{"id":"798f7ad2-a91e-4011-9328-5bbce194f47f","email":"tyler.nelson@microsoft.com","message":"successfully processed after 8278 milliseconds."},{"id":"0b0619a7-c126-4c76-aae6-151082017bfc","email":"sarah.green@amerisave.com","message":"successfully parsed message, but message temporarily enqueued while system restarts."},{"id":"7a031952-cfbb-4181-aa0c-bb1f0fb79798","email":"noah.sanchez@me.com","message":"successfully parsed message, but message temporarily enqueued while system restarts."},{"id":"09383736-6af1-4a92-9c58-a88d7bf50339","email":"emma.thomas@me.com","message":"successfully handled skipped operation."},{"id":"75107ca4-b7c0-483c-9e78-331ebd96626f","email":"emily.taylor@gmail.com","message":"failed to process due to datastore timeout of 30 seconds.  operation took 34 seconds."},{"id":"13166e0d-5e7c-4ff7-8138-ef74fed9f548","email":"alexander.williams@gmail.com","message":"failed to process due to datastore timeout of 30 seconds.  operation took 106 seconds."},{"id":"2a8beb6c-ca37-4be8-9cfc-1a308909da51","email":"ethan.hernandez@microsoft.com","message":"successfully handled skipped operation."},{"id":"3819485e-f63f-42fb-9752-a27f9efb12e4","email":"daniel.rodriguez@amerisave.com","message":"successfully processed after 3016 milliseconds."},{"id":"ba2765ed-e287-4d79-91fd-01f882a8f7f1","email":"mia.perez@me.com","message":"successfully handled skipped operation."},{"id":"224550ba-39b0-47f5-8d77-6a962ffab7d3","email":"olivia.wright@gmail.com","message":"failed to process due to datastore timeout of 30 seconds.  operation took 127 seconds."},{"id":"1fd366ed-db25-41ce-8484-e493097305d4","email":"nathan.young@microsoft.com","message":"failed to process due to network exception."},{"id":"4b71cca3-3e8c-4007-9734-87462e3a34f9","email":"taylor.adams@gmail.com","message":"failed to process due to datastore timeout of 30 seconds.  operation took 96 seconds."},{"id":"d0922e01-31ec-4c21-a5e0-5b742a3a288c","email":"grace.moore@gmail.com","message":"failed to process due to network exception."},{"id":"48a9ec45-041c-4679-9519-9941a34cf6e4","email":"taylor.adams@gmail.com","message":"successfully parsed message, but message temporarily enqueued while system restarts."},{"id":"6a9a73ca-3ce0-4231-9b2a-129f8f754ddb","email":"joshua.lee@gmail.com","message":"failed to process due to network exception."},{"id":"22e6a97f-4d96-439f-8c47-12fe8cbbca68","email":"isabella.jackson@amerisave.com","message":"successfully processed after 6837 milliseconds."},{"id":"b7dcc063-5aaa-45e1-84b0-3d092fb1a26b","email":"mason.robinson@amerisave.com","message":"failed to process due to datastore timeout of 30 seconds.  operation took 80 seconds."},{"id":"373c3383-d8cf-4b60-974a-73503aca6ef1","email":"sophia.baker@dropbox.net","message":"successfully processed after 917 milliseconds."},{"id":"7aad9aaf-d869-4f38-bfaf-958f4dc0ab22","email":"tyler.nelson@microsoft.com","message":"failed to process due to network exception."},{"id":"0702a666-de14-4521-8027-678f4978d864","email":"taylor.adams@gmail.com","message":"successfully processed after 6285 milliseconds."},{"id":"293a5353-aead-4b3b-8d48-c93f13234784","email":"noah.sanchez@me.com","message":"failed to process due to network exception."},{"id":"50719326-ca32-4a1c-81bf-93292f8f44c2","email":"mason.robinson@amerisave.com","message":"failed to process due to datastore timeout of 30 seconds.  operation took 35 seconds."},{"id":"f4e454a8-702c-4b17-9cab-e636a39557eb","email":"aiden.johnson@microsoft.com","message":"failed to process due to network exception."},{"id":"56e50b68-1408-4df1-9b89-07f813ba6540","email":"joshua.lee@gmail.com","message":"successfully processed after 6197 milliseconds."},{"id":"6856a213-9698-4529-98d0-a9164082b54c","email":"emma.thomas@me.com","message":"failed to process due to network exception."},{"id":"8f31c59c-c7ae-471d-9085-8e79578faec9","email":"ava.davis@gmail.com","message":"successfully parsed message, but message temporarily enqueued while system restarts."},{"id":"e1c44bea-f557-46de-8b3f-4a2db0ae268c","email":"madison.lewis@gmail.com","message":"failed to process due to network exception."},{"id":"f5a95eb7-af0d-4013-909a-4b161c2c8b66","email":"chloe.garcia@dropbox.net","message":"successfully handled skipped operation."},{"id":"f056bc50-ff49-4adc-9ac3-22030a060fba","email":"mason.robinson@amerisave.com","message":"successfully handled skipped operation."},{"id":"3a962107-6745-4712-b9b2-602d00ee4268","email":"madison.lewis@gmail.com","message":"successfully handled skipped operation."}],"id":"e1d57818-6181-4a4a-8325-8293a281b5bc"}